program_id,school_id,discipline,reference_year,membership_status,activity_status,primary_source_id,verified_at,notes
PRG000001,SCH000001,hardball,2026,active,active,SRC000049,2026-10-02,2026年度硬式加盟校として登録。
PRG000002,SCH000002,hardball,2026,active,active,SRC000049,2026-10-02,2026年度硬式加盟校として登録。
PRG000003,SCH000003,hardball,2026,active,active,SRC000049,2026-10-02,2026年度硬式加盟校として登録。
PRG000004,SCH000004,hardball,2026,active,active,SRC000049,2026-10-02,2026年度硬式加盟校として登録。
PRG000005,SCH000005,hardball,2026,active,active,SRC000049,2026-10-02,2026年度硬式加盟校として登録。
PRG000006,SCH000006,hardball,2026,active,active,SRC000049,2026-10-02,2026年度硬式加盟校として登録。
PRG000007,SCH000007,hardball,2026,active,active,SRC000049,2026-10-02,2026年度硬式加盟校として登録。
PRG000008,SCH000008,hardball,2026,active,active,SRC000049,2026-10-02,2026年度硬式加盟校として登録。
PRG000009,SCH000009,hardball,2026,active,active,SRC000049,2026-10-02,2026年度硬式加盟校として登録。
PRG000010,SCH000010,hardball,2026,active,active,SRC000049,2026-10-02,2026年度硬式加盟校として登録。
PRG000011,SCH000011,hardball,2026,active,active,SRC000049,2026-10-02,2026年度硬式加盟校として登録。
PRG000012,SCH000012,hardball,2026,active,active,SRC000049,2026-10-02,2026年度硬式加盟校として登録。
PRG000013,SCH000013,hardball,2026,active,active,SRC000049,2026-10-02,2026年度硬式加盟校として登録。
PRG000014,SCH000014,hardball,2026,active,active,SRC000049,2026-10-02,2026年度硬式加盟校として登録。
PRG000015,SCH000015,hardball,2026,active,active,SRC000049,2026-10-02,2026年度硬式加盟校として登録。
PRG000016,SCH000016,hardball,2026,active,active,SRC000049,2026-10-02,2026年度硬式加盟校として登録。
PRG000017,SCH000017,hardball,2026,active,active,SRC000049,2026-10-02,2026年度硬式加盟校として登録。
PRG000018,SCH000018,hardball,2026,active,active,SRC000049,2026-10-02,2026年度硬式加盟校として登録。
PRG000019,SCH000019,hardball,2026,active,active,SRC000049,2026-10-02,2026年度硬式加盟校として登録。
PRG000020,SCH000020,hardball,2026,active,active,SRC000049,2026-10-02,2026年度硬式加盟校として登録。
PRG000021,SCH000021,hardball,2026,active,active,SRC000049,2026-10-02,2026年度硬式加盟校として登録。
PRG000022,SCH000022,hardball,2026,active,active,SRC000049,2026-10-02,2026年度硬式加盟校として登録。
PRG000023,SCH000023,hardball,2026,active,active,SRC000049,2026-10-02,2026年度硬式加盟校として登録。
PRG000024,SCH000024,hardball,2026,active,active,SRC000049,2026-10-02,2026年度硬式加盟校として登録。
PRG000025,SCH000025,hardball,2026,active,active,SRC000049,2026-10-02,2026年度硬式加盟校として登録。
PRG000026,SCH000026,hardball,2026,active,active,SRC000049,2026-10-02,2026年度硬式加盟校として登録。
PRG000027,SCH000027,hardball,2026,active,active,SRC000049,2026-10-02,2026年度硬式加盟校として登録。
PRG000028,SCH000028,hardball,2026,active,active,SRC000049,2026-10-02,2026年度硬式加盟校として登録。
PRG000029,SCH000029,hardball,2026,active,active,SRC000049,2026-10-02,2026年度硬式加盟校として登録。
PRG000030,SCH000030,hardball,2026,active,active,SRC000049,2026-10-02,2026年度硬式加盟校として登録。
PRG000031,SCH000031,hardball,2026,active,active,SRC000049,2026-10-02,2026年度硬式加盟校として登録。
PRG000032,SCH000032,hardball,2026,active,active,SRC000049,2026-10-02,2026年度硬式加盟校として登録。
PRG000033,SCH000033,hardball,2026,active,active,SRC000049,2026-10-02,2026年度硬式加盟校として登録。
PRG000034,SCH000034,hardball,2026,active,active,SRC000049,2026-10-02,2026年度硬式加盟校として登録。
PRG000035,SCH000035,hardball,2026,active,active,SRC000049,2026-10-02,2026年度硬式加盟校として登録。
PRG000036,SCH000036,hardball,2026,active,active,SRC000049,2026-10-02,2026年度硬式加盟校として登録。
PRG000037,SCH000037,hardball,2026,active,active,SRC000049,2026-10-02,2026年度硬式加盟校として登録。
PRG000038,SCH000038,hardball,2026,active,active,SRC000049,2026-10-02,2026年度硬式加盟校として登録。
PRG000039,SCH000039,hardball,2026,active,active,SRC000049,2026-10-02,2026年度硬式加盟校として登録。
PRG000040,SCH000040,hardball,2026,active,active,SRC000049,2026-10-02,2026年度硬式加盟校として登録。
PRG000041,SCH000041,hardball,2026,active,active,SRC000049,2026-10-02,2026年度硬式加盟校として登録。
PRG000042,SCH000042,hardball,2026,active,active,SRC000049,2026-10-02,2026年度硬式加盟校として登録。
PRG000043,SCH000043,hardball,2026,active,active,SRC000049,2026-10-02,2026年度硬式加盟校として登録。
PRG000044,SCH000044,hardball,2026,active,active,SRC000049,2026-10-02,2026年度硬式加盟校として登録。
PRG000045,SCH000045,hardball,2026,active,active,SRC000049,2026-10-02,2026年度硬式加盟校として登録。
PRG000046,SCH000046,hardball,2026,active,active,SRC000049,2026-10-02,2026年度硬式加盟校として登録。
PRG000047,SCH000047,hardball,2026,active,active,SRC000049,2026-10-02,2026年度硬式加盟校として登録。
PRG000048,SCH000048,hardball,2026,active,active,SRC000049,2026-10-02,2026年度硬式加盟校として登録。
PRG000049,SCH000049,hardball,2026,active,active,SRC000049,2026-10-02,2026年度硬式加盟校として登録。
PRG000050,SCH000050,hardball,2026,active,active,SRC000049,2026-10-02,2026年度硬式加盟校として登録。
PRG000051,SCH000051,hardball,2026,active,active,SRC000049,2026-10-02,2026年度硬式加盟校として登録。
PRG000052,SCH000052,hardball,2026,active,active,SRC000049,2026-10-02,2026年度硬式加盟校として登録。
PRG000053,SCH000053,hardball,2026,active,active,SRC000049,2026-10-02,2026年度硬式加盟校として登録。
PRG000054,SCH000054,hardball,2026,active,active,SRC000056,2026-10-02,2026年度硬式加盟校として登録。
PRG000055,SCH000055,hardball,2026,active,active,SRC000056,2026-10-02,2026年度硬式加盟校として登録。
PRG000056,SCH000056,hardball,2026,active,active,SRC000056,2026-10-02,2026年度硬式加盟校として登録。
PRG000057,SCH000057,hardball,2026,active,active,SRC000056,2026-10-02,2026年度硬式加盟校として登録。
PRG000058,SCH000058,hardball,2026,active,active,SRC000056,2026-10-02,2026年度硬式加盟校として登録。
PRG000059,SCH000059,hardball,2026,active,active,SRC000056,2026-10-02,2026年度硬式加盟校として登録。
PRG000060,SCH000060,hardball,2026,active,active,SRC000056,2026-10-02,2026年度硬式加盟校として登録。
PRG000061,SCH000061,hardball,2026,active,active,SRC000056,2026-10-02,2026年度硬式加盟校として登録。
PRG000062,SCH000062,hardball,2026,active,active,SRC000056,2026-10-02,2026年度硬式加盟校として登録。
PRG000063,SCH000063,hardball,2026,active,active,SRC000056,2026-10-02,2026年度硬式加盟校として登録。
PRG000064,SCH000064,hardball,2026,active,active,SRC000056,2026-10-02,2026年度硬式加盟校として登録。
PRG000065,SCH000065,hardball,2026,active,active,SRC000056,2026-10-02,2026年度硬式加盟校として登録。
PRG000066,SCH000066,hardball,2026,active,active,SRC000056,2026-10-02,2026年度硬式加盟校として登録。
PRG000067,SCH000067,hardball,2026,active,active,SRC000056,2026-10-02,2026年度硬式加盟校として登録。
PRG000068,SCH000068,hardball,2026,active,active,SRC000056,2026-10-02,2026年度硬式加盟校として登録。
PRG000069,SCH000069,hardball,2026,active,active,SRC000056,2026-10-02,2026年度硬式加盟校として登録。
PRG000070,SCH000070,hardball,2026,active,active,SRC000056,2026-10-02,2026年度硬式加盟校として登録。
PRG000071,SCH000071,hardball,2026,active,active,SRC000056,2026-10-02,2026年度硬式加盟校として登録。
PRG000073,SCH000073,hardball,2026,active,active,SRC000056,2026-10-02,2026年度硬式加盟校として登録。
PRG000074,SCH000074,hardball,2026,active,active,SRC000056,2026-10-02,2026年度硬式加盟校として登録。
PRG000075,SCH000075,hardball,2026,active,active,SRC000056,2026-10-02,2026年度硬式加盟校として登録。
PRG000076,SCH000076,hardball,2026,active,active,SRC000056,2026-10-02,2026年度硬式加盟校として登録。
PRG000077,SCH000077,hardball,2026,active,active,SRC000056,2026-10-02,2026年度硬式加盟校として登録。
PRG000078,SCH000078,hardball,2026,active,active,SRC000056,2026-10-02,2026年度硬式加盟校として登録。
PRG000079,SCH000079,hardball,2026,active,active,SRC000056,2026-10-02,2026年度硬式加盟校として登録。
PRG000080,SCH000080,hardball,2026,active,active,SRC000056,2026-10-02,2026年度硬式加盟校として登録。
PRG000081,SCH000081,hardball,2026,active,active,SRC000056,2026-10-02,2026年度硬式加盟校として登録。
PRG000082,SCH000082,hardball,2026,active,active,SRC000056,2026-10-02,2026年度硬式加盟校として登録。
PRG000083,SCH000083,hardball,2026,active,active,SRC000056,2026-10-02,2026年度硬式加盟校として登録。
PRG000084,SCH000084,hardball,2026,active,active,SRC000056,2026-10-02,2026年度硬式加盟校として登録。
PRG000085,SCH000085,hardball,2026,active,active,SRC000056,2026-10-02,2026年度硬式加盟校として登録。
PRG000086,SCH000086,hardball,2026,active,active,SRC000056,2026-10-02,2026年度硬式加盟校として登録。
PRG000087,SCH000087,hardball,2026,active,active,SRC000056,2026-10-02,2026年度硬式加盟校として登録。
PRG000088,SCH000088,hardball,2026,active,active,SRC000056,2026-10-02,2026年度硬式加盟校として登録。
PRG000089,SCH000089,hardball,2026,active,active,SRC000056,2026-10-02,2026年度硬式加盟校として登録。
PRG000090,SCH000090,hardball,2026,active,active,SRC000056,2026-10-02,2026年度硬式加盟校として登録。
PRG000091,SCH000091,hardball,2026,active,active,SRC000056,2026-10-02,2026年度硬式加盟校として登録。
PRG000092,SCH000092,hardball,2026,active,active,SRC000056,2026-10-02,2026年度硬式加盟校として登録。
PRG000093,SCH000093,hardball,2026,active,active,SRC000056,2026-10-02,2026年度硬式加盟校として登録。
PRG000094,SCH000094,hardball,2026,active,active,SRC000056,2026-10-02,2026年度硬式加盟校として登録。
PRG000095,SCH000095,hardball,2026,active,active,SRC000056,2026-10-02,2026年度硬式加盟校として登録。
PRG000096,SCH000096,hardball,2026,active,active,SRC000056,2026-10-02,2026年度硬式加盟校として登録。
PRG000097,SCH000097,hardball,2026,active,active,SRC000056,2026-10-02,2026年度硬式加盟校として登録。
PRG000098,SCH000098,hardball,2026,active,active,SRC000056,2026-10-02,2026年度硬式加盟校として登録。
PRG000099,SCH000099,hardball,2026,active,active,SRC000056,2026-10-02,2026年度硬式加盟校として登録。
PRG000100,SCH000100,hardball,2026,active,active,SRC000056,2026-10-02,2026年度硬式加盟校として登録。
PRG000101,SCH000101,hardball,2026,active,active,SRC000056,2026-10-02,2026年度硬式加盟校として登録。
PRG000102,SCH000102,hardball,2026,active,active,SRC000056,2026-10-02,2026年度硬式加盟校として登録。
PRG000103,SCH000103,hardball,2026,active,active,SRC000056,2026-10-02,2026年度硬式加盟校として登録。
PRG000104,SCH000104,hardball,2026,active,active,SRC000056,2026-10-02,2026年度硬式加盟校として登録。
PRG000106,SCH000106,hardball,2026,active,active,SRC000056,2026-10-02,2026年度硬式加盟校として登録。
PRG000107,SCH000107,hardball,2026,active,active,SRC000056,2026-10-02,2026年度硬式加盟校として登録。
PRG000108,SCH000108,hardball,2026,active,active,SRC000056,2026-10-02,2026年度硬式加盟校として登録。
PRG000109,SCH000109,hardball,2026,active,active,SRC000056,2026-10-02,2026年度硬式加盟校として登録。
PRG000110,SCH000110,hardball,2026,active,active,SRC000056,2026-10-02,2026年度硬式加盟校として登録。
PRG000111,SCH000111,hardball,2026,active,active,SRC000056,2026-10-02,2026年度硬式加盟校として登録。
PRG000112,SCH000112,hardball,2026,active,active,SRC000056,2026-10-02,2026年度硬式加盟校として登録。
PRG000113,SCH000113,hardball,2026,active,active,SRC000056,2026-10-02,2026年度硬式加盟校として登録。
PRG000114,SCH000114,hardball,2026,active,active,SRC000056,2026-10-02,2026年度硬式加盟校として登録。
PRG000115,SCH000115,hardball,2026,active,active,SRC000056,2026-10-02,2026年度硬式加盟校として登録。
PRG000116,SCH000116,hardball,2026,active,active,SRC000056,2026-10-02,2026年度硬式加盟校として登録。
PRG000117,SCH000117,hardball,2026,active,active,SRC000056,2026-10-02,2026年度硬式加盟校として登録。
PRG000118,SCH000118,hardball,2026,active,active,SRC000062,2026-10-02,2026年度硬式加盟校として登録。
PRG000119,SCH000119,hardball,2026,active,active,SRC000062,2026-10-02,2026年度硬式加盟校として登録。
PRG000120,SCH000120,hardball,2026,active,active,SRC000062,2026-10-02,2026年度硬式加盟校として登録。
PRG000121,SCH000121,hardball,2026,active,active,SRC000062,2026-10-02,2026年度硬式加盟校として登録。
PRG000122,SCH000122,hardball,2026,active,active,SRC000062,2026-10-02,2026年度硬式加盟校として登録。
PRG000123,SCH000123,hardball,2026,active,active,SRC000062,2026-10-02,2026年度硬式加盟校として登録。
PRG000124,SCH000124,hardball,2026,active,active,SRC000062,2026-10-02,2026年度硬式加盟校として登録。
PRG000125,SCH000125,hardball,2026,active,active,SRC000062,2026-10-02,2026年度硬式加盟校として登録。
PRG000126,SCH000126,hardball,2026,active,active,SRC000062,2026-10-02,2026年度硬式加盟校として登録。
PRG000127,SCH000127,hardball,2026,active,active,SRC000062,2026-10-02,2026年度硬式加盟校として登録。
PRG000128,SCH000128,hardball,2026,active,active,SRC000062,2026-10-02,2026年度硬式加盟校として登録。
PRG000129,SCH000129,hardball,2026,active,active,SRC000062,2026-10-02,2026年度硬式加盟校として登録。
PRG000130,SCH000130,hardball,2026,active,active,SRC000062,2026-10-02,2026年度硬式加盟校として登録。
PRG000131,SCH000131,hardball,2026,active,active,SRC000062,2026-10-02,2026年度硬式加盟校として登録。
PRG000132,SCH000132,hardball,2026,active,active,SRC000062,2026-10-02,2026年度硬式加盟校として登録。
PRG000133,SCH000133,hardball,2026,active,active,SRC000062,2026-10-02,2026年度硬式加盟校として登録。
PRG000134,SCH000134,hardball,2026,active,active,SRC000062,2026-10-02,2026年度硬式加盟校として登録。
PRG000135,SCH000135,hardball,2026,active,active,SRC000062,2026-10-02,2026年度硬式加盟校として登録。
PRG000136,SCH000136,hardball,2026,active,active,SRC000062,2026-10-02,2026年度硬式加盟校として登録。
PRG000137,SCH000137,hardball,2026,active,active,SRC000062,2026-10-02,2026年度硬式加盟校として登録。
PRG000138,SCH000138,hardball,2026,active,active,SRC000062,2026-10-02,2026年度硬式加盟校として登録。
PRG000139,SCH000139,hardball,2026,active,active,SRC000062,2026-10-02,2026年度硬式加盟校として登録。
PRG000140,SCH000140,hardball,2026,active,active,SRC000062,2026-10-02,2026年度硬式加盟校として登録。
PRG000141,SCH000141,hardball,2026,active,active,SRC000062,2026-10-02,2026年度硬式加盟校として登録。
PRG000142,SCH000142,hardball,2026,active,active,SRC000062,2026-10-02,2026年度硬式加盟校として登録。
PRG000143,SCH000143,hardball,2026,active,active,SRC000062,2026-10-02,2026年度硬式加盟校として登録。
PRG000144,SCH000144,hardball,2026,active,active,SRC000062,2026-10-02,2026年度硬式加盟校として登録。
PRG000145,SCH000145,hardball,2026,active,active,SRC000062,2026-10-02,2026年度硬式加盟校として登録。
PRG000146,SCH000146,hardball,2026,active,active,SRC000062,2026-10-02,2026年度硬式加盟校として登録。
PRG000147,SCH000147,hardball,2026,active,active,SRC000062,2026-10-02,2026年度硬式加盟校として登録。
PRG000148,SCH000148,hardball,2026,active,active,SRC000062,2026-10-02,2026年度硬式加盟校として登録。
PRG000149,SCH000149,hardball,2026,active,active,SRC000062,2026-10-02,2026年度硬式加盟校として登録。
PRG000150,SCH000150,hardball,2026,active,active,SRC000062,2026-10-02,2026年度硬式加盟校として登録。
PRG000151,SCH000151,hardball,2026,active,active,SRC000062,2026-10-02,2026年度硬式加盟校として登録。
PRG000152,SCH000152,hardball,2026,active,active,SRC000062,2026-10-02,2026年度硬式加盟校として登録。
PRG000153,SCH000153,hardball,2026,active,active,SRC000062,2026-10-02,2026年度硬式加盟校として登録。
PRG000154,SCH000154,hardball,2026,active,active,SRC000062,2026-10-02,2026年度硬式加盟校として登録。
PRG000155,SCH000155,hardball,2026,active,active,SRC000062,2026-10-02,2026年度硬式加盟校として登録。
PRG000156,SCH000156,hardball,2026,active,active,SRC000062,2026-10-02,2026年度硬式加盟校として登録。
PRG000157,SCH000157,hardball,2026,active,active,SRC000062,2026-10-02,2026年度硬式加盟校として登録。
PRG000158,SCH000158,hardball,2026,active,active,SRC000062,2026-10-02,2026年度硬式加盟校として登録。
PRG000159,SCH000159,hardball,2026,active,active,SRC000062,2026-10-02,2026年度硬式加盟校として登録。
PRG000160,SCH000160,hardball,2026,active,active,SRC000062,2026-10-02,2026年度硬式加盟校として登録。
PRG000161,SCH000161,hardball,2026,active,active,SRC000062,2026-10-02,2026年度硬式加盟校として登録。
PRG000162,SCH000162,hardball,2026,active,active,SRC000062,2026-10-02,2026年度硬式加盟校として登録。
PRG000163,SCH000163,hardball,2026,active,active,SRC000062,2026-10-02,2026年度硬式加盟校として登録。
PRG000164,SCH000164,hardball,2026,active,active,SRC000062,2026-10-02,2026年度硬式加盟校として登録。
PRG000165,SCH000165,hardball,2026,active,active,SRC000062,2026-10-02,2026年度硬式加盟校として登録。
PRG000166,SCH000166,hardball,2026,active,active,SRC000062,2026-10-02,2026年度硬式加盟校として登録。
PRG000167,SCH000167,hardball,2026,active,active,SRC000062,2026-10-02,2026年度硬式加盟校として登録。
PRG000168,SCH000168,hardball,2026,active,active,SRC000062,2026-10-02,2026年度硬式加盟校として登録。
PRG000169,SCH000169,hardball,2026,active,active,SRC000062,2026-10-02,2026年度硬式加盟校として登録。
PRG000170,SCH000170,hardball,2026,active,active,SRC000062,2026-10-02,2026年度硬式加盟校として登録。
PRG000171,SCH000171,hardball,2026,active,active,SRC000062,2026-10-02,2026年度硬式加盟校として登録。
PRG000172,SCH000172,hardball,2026,active,active,SRC000062,2026-10-02,2026年度硬式加盟校として登録。
PRG000173,SCH000173,hardball,2026,active,active,SRC000062,2026-10-02,2026年度硬式加盟校として登録。
PRG000174,SCH000174,hardball,2026,active,active,SRC000062,2026-10-02,2026年度硬式加盟校として登録。
PRG000175,SCH000175,hardball,2026,active,active,SRC000062,2026-10-02,2026年度硬式加盟校として登録。
PRG000176,SCH000176,hardball,2026,active,active,SRC000062,2026-10-02,2026年度硬式加盟校として登録。
PRG000177,SCH000177,hardball,2026,active,active,SRC000062,2026-10-02,2026年度硬式加盟校として登録。
PRG000178,SCH000178,hardball,2026,active,active,SRC000062,2026-10-02,2026年度硬式加盟校として登録。
PRG000179,SCH000179,hardball,2026,active,active,SRC000062,2026-10-02,2026年度硬式加盟校として登録。
PRG000180,SCH000180,hardball,2026,active,active,SRC000062,2026-10-02,2026年度硬式加盟校として登録。
PRG000181,SCH000181,hardball,2026,active,active,SRC000062,2026-10-02,2026年度硬式加盟校として登録。
PRG000182,SCH000182,hardball,2026,active,active,SRC000062,2026-10-02,2026年度硬式加盟校として登録。
PRG000183,SCH000183,hardball,2026,active,active,SRC000062,2026-10-02,2026年度硬式加盟校として登録。
PRG000184,SCH000184,hardball,2026,active,active,SRC000062,2026-10-02,2026年度硬式加盟校として登録。
PRG000185,SCH000185,hardball,2026,active,active,SRC000062,2026-10-02,2026年度硬式加盟校として登録。
PRG000186,SCH000186,hardball,2026,active,active,SRC000062,2026-10-02,2026年度硬式加盟校として登録。
PRG000187,SCH000187,hardball,2026,active,active,SRC000062,2026-10-02,2026年度硬式加盟校として登録。
PRG000188,SCH000188,hardball,2026,active,active,SRC000062,2026-10-02,2026年度硬式加盟校として登録。
PRG000189,SCH000189,hardball,2026,active,active,SRC000062,2026-10-02,2026年度硬式加盟校として登録。
PRG000190,SCH000190,hardball,2026,active,active,SRC000062,2026-10-02,2026年度硬式加盟校として登録。
PRG000191,SCH000191,hardball,2026,active,active,SRC000062,2026-10-02,2026年度硬式加盟校として登録。
PRG000192,SCH000192,hardball,2026,active,active,SRC000062,2026-10-02,2026年度硬式加盟校として登録。
PRG000193,SCH000193,hardball,2026,active,active,SRC000062,2026-10-02,2026年度硬式加盟校として登録。
PRG000194,SCH000194,hardball,2026,active,active,SRC000062,2026-10-02,2026年度硬式加盟校として登録。
PRG000195,SCH000195,hardball,2026,active,active,SRC000062,2026-10-02,2026年度硬式加盟校として登録。
PRG000196,SCH000196,hardball,2026,active,active,SRC000066,2026-10-02,2026年度硬式加盟校として登録。
PRG000197,SCH000197,hardball,2026,active,active,SRC000066,2026-10-02,2026年度硬式加盟校として登録。
PRG000198,SCH000198,hardball,2026,active,active,SRC000066,2026-10-02,2026年度硬式加盟校として登録。
PRG000199,SCH000199,hardball,2026,active,active,SRC000066,2026-10-02,2026年度硬式加盟校として登録。
PRG000200,SCH000200,hardball,2026,active,active,SRC000066,2026-10-02,2026年度硬式加盟校として登録。
PRG000201,SCH000201,hardball,2026,active,active,SRC000066,2026-10-02,2026年度硬式加盟校として登録。
PRG000202,SCH000202,hardball,2026,active,active,SRC000066,2026-10-02,2026年度硬式加盟校として登録。
PRG000203,SCH000203,hardball,2026,active,active,SRC000066,2026-10-02,2026年度硬式加盟校として登録。
PRG000204,SCH000204,hardball,2026,active,active,SRC000066,2026-10-02,2026年度硬式加盟校として登録。
PRG000205,SCH000205,hardball,2026,active,active,SRC000066,2026-10-02,2026年度硬式加盟校として登録。
PRG000206,SCH000206,hardball,2026,active,active,SRC000066,2026-10-02,2026年度硬式加盟校として登録。
PRG000207,SCH000207,hardball,2026,active,active,SRC000066,2026-10-02,2026年度硬式加盟校として登録。
PRG000208,SCH000208,hardball,2026,active,active,SRC000066,2026-10-02,2026年度硬式加盟校として登録。
PRG000209,SCH000209,hardball,2026,active,active,SRC000066,2026-10-02,2026年度硬式加盟校として登録。
PRG000210,SCH000210,hardball,2026,active,active,SRC000066,2026-10-02,2026年度硬式加盟校として登録。
PRG000211,SCH000211,hardball,2026,active,active,SRC000066,2026-10-02,2026年度硬式加盟校として登録。
PRG000212,SCH000212,hardball,2026,active,active,SRC000066,2026-10-02,2026年度硬式加盟校として登録。
PRG000213,SCH000213,hardball,2026,active,active,SRC000066,2026-10-02,2026年度硬式加盟校として登録。
PRG000214,SCH000214,hardball,2026,active,active,SRC000066,2026-10-02,2026年度硬式加盟校として登録。
PRG000215,SCH000215,hardball,2026,active,active,SRC000066,2026-10-02,2026年度硬式加盟校として登録。
PRG000216,SCH000216,hardball,2026,active,active,SRC000066,2026-10-02,2026年度硬式加盟校として登録。
PRG000217,SCH000217,hardball,2026,active,active,SRC000066,2026-10-02,2026年度硬式加盟校として登録。
PRG000218,SCH000218,hardball,2026,active,active,SRC000066,2026-10-02,2026年度硬式加盟校として登録。
PRG000219,SCH000219,hardball,2026,active,active,SRC000066,2026-10-02,2026年度硬式加盟校として登録。
PRG000220,SCH000220,hardball,2026,active,active,SRC000066,2026-10-02,2026年度硬式加盟校として登録。
PRG000221,SCH000221,hardball,2026,active,active,SRC000066,2026-10-02,2026年度硬式加盟校として登録。
PRG000222,SCH000222,hardball,2026,active,active,SRC000066,2026-10-02,2026年度硬式加盟校として登録。
PRG000223,SCH000223,hardball,2026,active,active,SRC000066,2026-10-02,2026年度硬式加盟校として登録。
PRG000224,SCH000224,hardball,2026,active,active,SRC000066,2026-10-02,2026年度硬式加盟校として登録。
PRG000225,SCH000225,hardball,2026,active,active,SRC000066,2026-10-02,2026年度硬式加盟校として登録。
PRG000226,SCH000226,hardball,2026,active,active,SRC000066,2026-10-02,2026年度硬式加盟校として登録。
PRG000227,SCH000227,hardball,2026,active,active,SRC000066,2026-10-02,2026年度硬式加盟校として登録。
PRG000228,SCH000228,hardball,2026,active,active,SRC000066,2026-10-02,2026年度硬式加盟校として登録。
PRG000229,SCH000229,hardball,2026,active,active,SRC000068,2026-10-02,2026年度硬式加盟校として登録。
PRG000230,SCH000230,hardball,2026,active,active,SRC000068,2026-10-02,2026年度硬式加盟校として登録。
PRG000231,SCH000231,hardball,2026,active,active,SRC000068,2026-10-02,2026年度硬式加盟校として登録。
PRG000232,SCH000232,hardball,2026,active,active,SRC000068,2026-10-02,2026年度硬式加盟校として登録。
PRG000233,SCH000233,hardball,2026,active,active,SRC000068,2026-10-02,2026年度硬式加盟校として登録。
PRG000234,SCH000234,hardball,2026,active,active,SRC000068,2026-10-02,2026年度硬式加盟校として登録。
PRG000235,SCH000235,hardball,2026,active,active,SRC000068,2026-10-02,2026年度硬式加盟校として登録。
PRG000236,SCH000236,hardball,2026,active,active,SRC000068,2026-10-02,2026年度硬式加盟校として登録。
PRG000237,SCH000237,hardball,2026,active,active,SRC000068,2026-10-02,2026年度硬式加盟校として登録。
PRG000238,SCH000238,hardball,2026,active,active,SRC000068,2026-10-02,2026年度硬式加盟校として登録。
PRG000239,SCH000239,hardball,2026,active,active,SRC000068,2026-10-02,2026年度硬式加盟校として登録。
PRG000240,SCH000240,hardball,2026,active,active,SRC000068,2026-10-02,2026年度硬式加盟校として登録。
PRG000241,SCH000241,hardball,2026,active,active,SRC000068,2026-10-02,2026年度硬式加盟校として登録。
PRG000242,SCH000242,hardball,2026,active,active,SRC000068,2026-10-02,2026年度硬式加盟校として登録。
PRG000243,SCH000243,hardball,2026,active,active,SRC000068,2026-10-02,2026年度硬式加盟校として登録。
PRG000244,SCH000244,hardball,2026,active,active,SRC000068,2026-10-02,2026年度硬式加盟校として登録。
PRG000245,SCH000245,hardball,2026,active,active,SRC000068,2026-10-02,2026年度硬式加盟校として登録。
PRG000246,SCH000246,hardball,2026,active,active,SRC000068,2026-10-02,2026年度硬式加盟校として登録。
PRG000247,SCH000247,hardball,2026,active,active,SRC000068,2026-10-02,2026年度硬式加盟校として登録。
PRG000248,SCH000248,hardball,2026,active,active,SRC000068,2026-10-02,2026年度硬式加盟校として登録。
PRG000249,SCH000249,hardball,2026,active,active,SRC000068,2026-10-02,2026年度硬式加盟校として登録。
PRG000250,SCH000250,hardball,2026,active,active,SRC000068,2026-10-02,2026年度硬式加盟校として登録。
PRG000251,SCH000251,hardball,2026,active,active,SRC000068,2026-10-02,2026年度硬式加盟校として登録。
PRG000252,SCH000252,hardball,2026,active,active,SRC000068,2026-10-02,2026年度硬式加盟校として登録。
PRG000253,SCH000253,hardball,2026,active,active,SRC000068,2026-10-02,2026年度硬式加盟校として登録。
PRG000254,SCH000254,hardball,2026,active,active,SRC000068,2026-10-02,2026年度硬式加盟校として登録。
PRG000255,SCH000255,hardball,2026,active,active,SRC000068,2026-10-02,2026年度硬式加盟校として登録。
PRG000256,SCH000256,hardball,2026,active,active,SRC000068,2026-10-02,2026年度硬式加盟校として登録。
PRG000257,SCH000257,hardball,2026,active,active,SRC000068,2026-10-02,2026年度硬式加盟校として登録。
PRG000258,SCH000258,hardball,2026,active,active,SRC000068,2026-10-02,2026年度硬式加盟校として登録。
PRG000259,SCH000259,hardball,2026,active,active,SRC000068,2026-10-02,2026年度硬式加盟校として登録。
PRG000260,SCH000260,hardball,2026,active,active,SRC000068,2026-10-02,2026年度硬式加盟校として登録。
PRG000261,SCH000261,hardball,2026,active,active,SRC000068,2026-10-02,2026年度硬式加盟校として登録。
PRG000262,SCH000262,hardball,2026,active,active,SRC000068,2026-10-02,2026年度硬式加盟校として登録。
PRG000263,SCH000263,hardball,2026,active,active,SRC000068,2026-10-02,2026年度硬式加盟校として登録。
PRG000264,SCH000264,hardball,2026,active,active,SRC000068,2026-10-02,2026年度硬式加盟校として登録。
PRG000265,SCH000265,hardball,2026,active,active,SRC000068,2026-10-02,2026年度硬式加盟校として登録。
PRG000266,SCH000266,hardball,2026,active,active,SRC000068,2026-10-02,2026年度硬式加盟校として登録。
PRG000267,SCH000267,hardball,2026,active,active,SRC000068,2026-10-02,2026年度硬式加盟校として登録。
PRG000268,SCH000268,hardball,2026,active,active,SRC000068,2026-10-02,2026年度硬式加盟校として登録。
PRG000269,SCH000269,hardball,2026,active,active,SRC000068,2026-10-02,2026年度硬式加盟校として登録。
PRG000270,SCH000270,hardball,2026,active,active,SRC000068,2026-10-02,2026年度硬式加盟校として登録。
PRG000271,SCH000271,hardball,2026,active,active,SRC000068,2026-10-02,2026年度硬式加盟校として登録。
PRG000272,SCH000272,hardball,2026,active,active,SRC000068,2026-10-02,2026年度硬式加盟校として登録。
PRG000273,SCH000273,hardball,2026,active,active,SRC000068,2026-10-02,2026年度硬式加盟校として登録。
PRG000274,SCH000274,hardball,2026,active,active,SRC000068,2026-10-02,2026年度硬式加盟校として登録。
PRG000275,SCH000275,hardball,2026,active,active,SRC000068,2026-10-02,2026年度硬式加盟校として登録。
PRG000276,SCH000276,hardball,2026,active,active,SRC000068,2026-10-02,2026年度硬式加盟校として登録。
PRG000277,SCH000277,hardball,2026,active,active,SRC000068,2026-10-02,2026年度硬式加盟校として登録。
PRG000278,SCH000278,hardball,2026,active,active,SRC000068,2026-10-02,2026年度硬式加盟校として登録。
PRG000279,SCH000279,hardball,2026,active,active,SRC000068,2026-10-02,2026年度硬式加盟校として登録。
PRG000280,SCH000280,hardball,2026,active,active,SRC000068,2026-10-02,2026年度硬式加盟校として登録。
PRG000281,SCH000281,hardball,2026,active,active,SRC000068,2026-10-02,2026年度硬式加盟校として登録。
PRG000282,SCH000282,hardball,2026,active,active,SRC000068,2026-10-02,2026年度硬式加盟校として登録。
PRG000283,SCH000283,hardball,2026,active,active,SRC000068,2026-10-02,2026年度硬式加盟校として登録。
PRG000284,SCH000284,hardball,2026,active,active,SRC000068,2026-10-02,2026年度硬式加盟校として登録。
PRG000285,SCH000285,hardball,2026,active,active,SRC000068,2026-10-02,2026年度硬式加盟校として登録。
PRG000286,SCH000286,hardball,2026,active,active,SRC000068,2026-10-02,2026年度硬式加盟校として登録。
PRG000287,SCH000287,hardball,2026,active,active,SRC000068,2026-10-02,2026年度硬式加盟校として登録。
PRG000288,SCH000288,hardball,2026,active,active,SRC000068,2026-10-02,2026年度硬式加盟校として登録。
PRG000289,SCH000289,hardball,2026,active,active,SRC000068,2026-10-02,2026年度硬式加盟校として登録。
PRG000290,SCH000290,hardball,2026,active,active,SRC000068,2026-10-02,2026年度硬式加盟校として登録。
PRG000291,SCH000291,hardball,2026,active,active,SRC000068,2026-10-02,2026年度硬式加盟校として登録。
PRG000292,SCH000292,hardball,2026,active,active,SRC000068,2026-10-02,2026年度硬式加盟校として登録。
PRG000293,SCH000293,hardball,2026,active,active,SRC000068,2026-10-02,2026年度硬式加盟校として登録。
PRG000294,SCH000294,hardball,2026,active,active,SRC000068,2026-10-02,2026年度硬式加盟校として登録。
PRG000295,SCH000295,hardball,2026,active,active,SRC000068,2026-10-02,2026年度硬式加盟校として登録。
PRG000296,SCH000296,hardball,2026,active,active,SRC000078,2026-10-02,2026年度硬式加盟校として登録。
PRG000297,SCH000297,hardball,2026,active,active,SRC000078,2026-10-02,2026年度硬式加盟校として登録。
PRG000298,SCH000298,hardball,2026,active,active,SRC000078,2026-10-02,2026年度硬式加盟校として登録。
PRG000299,SCH000299,hardball,2026,active,active,SRC000078,2026-10-02,2026年度硬式加盟校として登録。
PRG000300,SCH000300,hardball,2026,active,active,SRC000078,2026-10-02,2026年度硬式加盟校として登録。
PRG000301,SCH000301,hardball,2026,active,active,SRC000078,2026-10-02,2026年度硬式加盟校として登録。
PRG000302,SCH000302,hardball,2026,active,active,SRC000078,2026-10-02,2026年度硬式加盟校として登録。
PRG000303,SCH000303,hardball,2026,active,active,SRC000078,2026-10-02,2026年度硬式加盟校として登録。
PRG000304,SCH000304,hardball,2026,active,active,SRC000078,2026-10-02,2026年度硬式加盟校として登録。
PRG000305,SCH000305,hardball,2026,active,active,SRC000078,2026-10-02,2026年度硬式加盟校として登録。
PRG000306,SCH000306,hardball,2026,active,active,SRC000078,2026-10-02,2026年度硬式加盟校として登録。
PRG000307,SCH000307,hardball,2026,active,active,SRC000078,2026-10-02,2026年度硬式加盟校として登録。
PRG000308,SCH000308,hardball,2026,active,active,SRC000078,2026-10-02,2026年度硬式加盟校として登録。
PRG000309,SCH000309,hardball,2026,active,active,SRC000078,2026-10-02,2026年度硬式加盟校として登録。
PRG000310,SCH000310,hardball,2026,active,active,SRC000078,2026-10-02,2026年度硬式加盟校として登録。
PRG000311,SCH000311,hardball,2026,active,active,SRC000078,2026-10-02,2026年度硬式加盟校として登録。
PRG000312,SCH000312,hardball,2026,active,active,SRC000078,2026-10-02,2026年度硬式加盟校として登録。
PRG000313,SCH000313,hardball,2026,active,active,SRC000078,2026-10-02,2026年度硬式加盟校として登録。
PRG000314,SCH000314,hardball,2026,active,active,SRC000078,2026-10-02,2026年度硬式加盟校として登録。
PRG000315,SCH000315,hardball,2026,active,active,SRC000078,2026-10-02,2026年度硬式加盟校として登録。
PRG000316,SCH000316,hardball,2026,active,active,SRC000078,2026-10-02,2026年度硬式加盟校として登録。
PRG000317,SCH000317,hardball,2026,active,active,SRC000078,2026-10-02,2026年度硬式加盟校として登録。
PRG000318,SCH000318,hardball,2026,active,active,SRC000078,2026-10-02,2026年度硬式加盟校として登録。
PRG000319,SCH000319,hardball,2026,active,active,SRC000078,2026-10-02,2026年度硬式加盟校として登録。
PRG000320,SCH000320,hardball,2026,active,active,SRC000079,2026-10-02,2026年度硬式加盟校として登録。
PRG000321,SCH000321,hardball,2026,active,active,SRC000079,2026-10-02,2026年度硬式加盟校として登録。
PRG000322,SCH000322,hardball,2026,active,active,SRC000079,2026-10-02,2026年度硬式加盟校として登録。
PRG000323,SCH000323,hardball,2026,active,active,SRC000079,2026-10-02,2026年度硬式加盟校として登録。
PRG000324,SCH000324,hardball,2026,active,active,SRC000079,2026-10-02,2026年度硬式加盟校として登録。
PRG000325,SCH000325,hardball,2026,active,active,SRC000079,2026-10-02,2026年度硬式加盟校として登録。
PRG000326,SCH000326,hardball,2026,active,active,SRC000079,2026-10-02,2026年度硬式加盟校として登録。
PRG000327,SCH000327,hardball,2026,active,active,SRC000079,2026-10-02,2026年度硬式加盟校として登録。
PRG000328,SCH000328,hardball,2026,active,active,SRC000079,2026-10-02,2026年度硬式加盟校として登録。
PRG000329,SCH000329,hardball,2026,active,active,SRC000079,2026-10-02,2026年度硬式加盟校として登録。
PRG000330,SCH000330,hardball,2026,active,active,SRC000079,2026-10-02,2026年度硬式加盟校として登録。
PRG000331,SCH000331,hardball,2026,active,active,SRC000079,2026-10-02,2026年度硬式加盟校として登録。
PRG000332,SCH000332,hardball,2026,active,active,SRC000079,2026-10-02,2026年度硬式加盟校として登録。
PRG000333,SCH000333,hardball,2026,active,active,SRC000079,2026-10-02,2026年度硬式加盟校として登録。
PRG000334,SCH000334,hardball,2026,active,active,SRC000079,2026-10-02,2026年度硬式加盟校として登録。
PRG000335,SCH000335,hardball,2026,active,active,SRC000079,2026-10-02,2026年度硬式加盟校として登録。
PRG000336,SCH000336,hardball,2026,active,active,SRC000079,2026-10-02,2026年度硬式加盟校として登録。
PRG000337,SCH000337,hardball,2026,active,active,SRC000079,2026-10-02,2026年度硬式加盟校として登録。
PRG000338,SCH000338,hardball,2026,active,active,SRC000079,2026-10-02,2026年度硬式加盟校として登録。
PRG000339,SCH000339,hardball,2026,active,active,SRC000079,2026-10-02,2026年度硬式加盟校として登録。
PRG000340,SCH000340,hardball,2026,active,active,SRC000079,2026-10-02,2026年度硬式加盟校として登録。
PRG000341,SCH000341,hardball,2026,active,active,SRC000079,2026-10-02,2026年度硬式加盟校として登録。
PRG000342,SCH000342,hardball,2026,active,active,SRC000079,2026-10-02,2026年度硬式加盟校として登録。
PRG000343,SCH000343,hardball,2026,active,active,SRC000079,2026-10-02,2026年度硬式加盟校として登録。
PRG000344,SCH000344,hardball,2026,active,active,SRC000079,2026-10-02,2026年度硬式加盟校として登録。
PRG000345,SCH000345,hardball,2026,active,active,SRC000079,2026-10-02,2026年度硬式加盟校として登録。
PRG000346,SCH000346,hardball,2026,active,active,SRC000079,2026-10-02,2026年度硬式加盟校として登録。
PRG000347,SCH000347,hardball,2026,active,active,SRC000079,2026-10-02,2026年度硬式加盟校として登録。
PRG000348,SCH000348,hardball,2026,active,active,SRC000079,2026-10-02,2026年度硬式加盟校として登録。
PRG000349,SCH000349,hardball,2026,active,active,SRC000079,2026-10-02,2026年度硬式加盟校として登録。
PRG000350,SCH000350,hardball,2026,active,active,SRC000079,2026-10-02,2026年度硬式加盟校として登録。
PRG000351,SCH000351,hardball,2026,active,active,SRC000079,2026-10-02,2026年度硬式加盟校として登録。
PRG000352,SCH000352,hardball,2026,active,active,SRC000079,2026-10-02,2026年度硬式加盟校として登録。
PRG000353,SCH000353,hardball,2026,active,active,SRC000079,2026-10-02,2026年度硬式加盟校として登録。
PRG000354,SCH000354,hardball,2026,active,active,SRC000079,2026-10-02,2026年度硬式加盟校として登録。
PRG000355,SCH000355,hardball,2026,active,active,SRC000079,2026-10-02,2026年度硬式加盟校として登録。
PRG000356,SCH000356,hardball,2026,active,active,SRC000079,2026-10-02,2026年度硬式加盟校として登録。
PRG000357,SCH000357,hardball,2026,active,active,SRC000079,2026-10-02,2026年度硬式加盟校として登録。
PRG000358,SCH000358,hardball,2026,active,active,SRC000071,2026-10-02,2026年度硬式加盟校として三重県高野連公式加盟校一覧から登録。
PRG000359,SCH000359,hardball,2026,active,active,SRC000071,2026-10-02,2026年度硬式加盟校として三重県高野連公式加盟校一覧から登録。
PRG000360,SCH000360,hardball,2026,active,active,SRC000071,2026-10-02,2026年度硬式加盟校として三重県高野連公式加盟校一覧から登録。
PRG000361,SCH000361,hardball,2026,active,active,SRC000071,2026-10-02,2026年度硬式加盟校として三重県高野連公式加盟校一覧から登録。
PRG000362,SCH000362,hardball,2026,active,active,SRC000071,2026-10-02,2026年度硬式加盟校として三重県高野連公式加盟校一覧から登録。
PRG000363,SCH000363,hardball,2026,active,active,SRC000071,2026-10-02,2026年度硬式加盟校として三重県高野連公式加盟校一覧から登録。
PRG000364,SCH000364,hardball,2026,active,active,SRC000071,2026-10-02,2026年度硬式加盟校として三重県高野連公式加盟校一覧から登録。
PRG000365,SCH000365,hardball,2026,active,active,SRC000071,2026-10-02,2026年度硬式加盟校として三重県高野連公式加盟校一覧から登録。
PRG000366,SCH000366,hardball,2026,active,active,SRC000071,2026-10-02,2026年度硬式加盟校として三重県高野連公式加盟校一覧から登録。
PRG000367,SCH000367,hardball,2026,active,active,SRC000071,2026-10-02,2026年度硬式加盟校として三重県高野連公式加盟校一覧から登録。
PRG000368,SCH000368,hardball,2026,active,active,SRC000071,2026-10-02,2026年度硬式加盟校として三重県高野連公式加盟校一覧から登録。
PRG000369,SCH000369,hardball,2026,active,active,SRC000071,2026-10-02,2026年度硬式加盟校として三重県高野連公式加盟校一覧から登録。
PRG000370,SCH000370,hardball,2026,active,active,SRC000071,2026-10-02,2026年度硬式加盟校として三重県高野連公式加盟校一覧から登録。
PRG000371,SCH000371,hardball,2026,active,active,SRC000071,2026-10-02,2026年度硬式加盟校として三重県高野連公式加盟校一覧から登録。
PRG000372,SCH000372,hardball,2026,active,active,SRC000071,2026-10-02,2026年度硬式加盟校として三重県高野連公式加盟校一覧から登録。
PRG000373,SCH000373,hardball,2026,active,active,SRC000071,2026-10-02,2026年度硬式加盟校として三重県高野連公式加盟校一覧から登録。
PRG000374,SCH000374,hardball,2026,active,active,SRC000071,2026-10-02,2026年度硬式加盟校として三重県高野連公式加盟校一覧から登録。
PRG000375,SCH000375,hardball,2026,active,active,SRC000071,2026-10-02,2026年度硬式加盟校として三重県高野連公式加盟校一覧から登録。
PRG000376,SCH000376,hardball,2026,active,active,SRC000071,2026-10-02,2026年度硬式加盟校として三重県高野連公式加盟校一覧から登録。
PRG000377,SCH000377,hardball,2026,active,active,SRC000071,2026-10-02,2026年度硬式加盟校として三重県高野連公式加盟校一覧から登録。
PRG000378,SCH000378,hardball,2026,active,active,SRC000071,2026-10-02,2026年度硬式加盟校として三重県高野連公式加盟校一覧から登録。
PRG000379,SCH000379,hardball,2026,active,active,SRC000071,2026-10-02,2026年度硬式加盟校として三重県高野連公式加盟校一覧から登録。
PRG000380,SCH000380,hardball,2026,active,active,SRC000071,2026-10-02,2026年度硬式加盟校として三重県高野連公式加盟校一覧から登録。
PRG000381,SCH000381,hardball,2026,active,active,SRC000071,2026-10-02,2026年度硬式加盟校として三重県高野連公式加盟校一覧から登録。
PRG000382,SCH000382,hardball,2026,active,active,SRC000071,2026-10-02,2026年度硬式加盟校として三重県高野連公式加盟校一覧から登録。
PRG000383,SCH000383,hardball,2026,active,active,SRC000071,2026-10-02,2026年度硬式加盟校として三重県高野連公式加盟校一覧から登録。
PRG000384,SCH000384,hardball,2026,active,active,SRC000071,2026-10-02,2026年度硬式加盟校として三重県高野連公式加盟校一覧から登録。
PRG000385,SCH000385,hardball,2026,active,active,SRC000071,2026-10-02,2026年度硬式加盟校として三重県高野連公式加盟校一覧から登録。
PRG000386,SCH000386,hardball,2026,active,active,SRC000071,2026-10-02,2026年度硬式加盟校として三重県高野連公式加盟校一覧から登録。
PRG000387,SCH000387,hardball,2026,active,active,SRC000071,2026-10-02,2026年度硬式加盟校として三重県高野連公式加盟校一覧から登録。
PRG000388,SCH000388,hardball,2026,active,active,SRC000071,2026-10-02,2026年度硬式加盟校として三重県高野連公式加盟校一覧から登録。
PRG000389,SCH000389,hardball,2026,active,active,SRC000071,2026-10-02,2026年度硬式加盟校として三重県高野連公式加盟校一覧から登録。
PRG000390,SCH000390,hardball,2026,active,active,SRC000071,2026-10-02,2026年度硬式加盟校として三重県高野連公式加盟校一覧から登録。
PRG000391,SCH000391,hardball,2026,active,active,SRC000071,2026-10-02,2026年度硬式加盟校として三重県高野連公式加盟校一覧から登録。
PRG000392,SCH000392,hardball,2026,active,active,SRC000071,2026-10-02,2026年度硬式加盟校として三重県高野連公式加盟校一覧から登録。
PRG000393,SCH000393,hardball,2026,active,active,SRC000071,2026-10-02,2026年度硬式加盟校として三重県高野連公式加盟校一覧から登録。
PRG000394,SCH000394,hardball,2026,active,active,SRC000071,2026-10-02,2026年度硬式加盟校として三重県高野連公式加盟校一覧から登録。
PRG000395,SCH000395,hardball,2026,active,active,SRC000071,2026-10-02,2026年度硬式加盟校として三重県高野連公式加盟校一覧から登録。
PRG000396,SCH000396,hardball,2026,active,active,SRC000071,2026-10-02,2026年度硬式加盟校として三重県高野連公式加盟校一覧から登録。
PRG000397,SCH000397,hardball,2026,active,active,SRC000071,2026-10-02,2026年度硬式加盟校として三重県高野連公式加盟校一覧から登録。
PRG000398,SCH000398,hardball,2026,active,active,SRC000071,2026-10-02,2026年度硬式加盟校として三重県高野連公式加盟校一覧から登録。
PRG000399,SCH000399,hardball,2026,active,active,SRC000071,2026-10-02,2026年度硬式加盟校として三重県高野連公式加盟校一覧から登録。
PRG000400,SCH000400,hardball,2026,active,active,SRC000071,2026-10-02,2026年度硬式加盟校として三重県高野連公式加盟校一覧から登録。
PRG000401,SCH000401,hardball,2026,active,active,SRC000071,2026-10-02,2026年度硬式加盟校として三重県高野連公式加盟校一覧から登録。
PRG000402,SCH000402,hardball,2026,active,active,SRC000071,2026-10-02,2026年度硬式加盟校として三重県高野連公式加盟校一覧から登録。
PRG000403,SCH000403,hardball,2026,active,active,SRC000071,2026-10-02,2026年度硬式加盟校として三重県高野連公式加盟校一覧から登録。
PRG000404,SCH000404,hardball,2026,active,active,SRC000071,2026-10-02,2026年度硬式加盟校として三重県高野連公式加盟校一覧から登録。
PRG000405,SCH000405,hardball,2026,active,active,SRC000071,2026-10-02,2026年度硬式加盟校として三重県高野連公式加盟校一覧から登録。
PRG000406,SCH000406,hardball,2026,active,active,SRC000071,2026-10-02,2026年度硬式加盟校として三重県高野連公式加盟校一覧から登録。
PRG000408,SCH000408,hardball,2026,active,active,SRC000071,2026-10-02,2026年度硬式加盟校として三重県高野連公式加盟校一覧から登録。
PRG000409,SCH000409,hardball,2026,active,active,SRC000071,2026-10-02,2026年度硬式加盟校として三重県高野連公式加盟校一覧から登録。
PRG000410,SCH000410,hardball,2026,active,active,SRC000071,2026-10-02,2026年度硬式加盟校として三重県高野連公式加盟校一覧から登録。
PRG000411,SCH000411,hardball,2026,active,active,SRC000071,2026-10-02,2026年度硬式加盟校として三重県高野連公式加盟校一覧から登録。
PRG000412,SCH000412,hardball,2026,active,active,SRC000071,2026-10-02,2026年度硬式加盟校として三重県高野連公式加盟校一覧から登録。
PRG000413,SCH000413,hardball,2026,active,active,SRC000071,2026-10-02,2026年度硬式加盟校として三重県高野連公式加盟校一覧から登録。
PRG000415,SCH000415,hardball,2026,active,active,SRC000071,2026-10-02,2026年度硬式加盟校として三重県高野連公式加盟校一覧から登録。
PRG000416,SCH000416,hardball,2026,active,active,SRC000071,2026-10-02,2026年度硬式加盟校として三重県高野連公式加盟校一覧から登録。
PRG000418,SCH000418,hardball,2026,active,active,SRC000071,2026-10-02,2026年度硬式加盟校として三重県高野連公式加盟校一覧から登録。
PRG000419,SCH000419,hardball,2026,active,active,SRC000071,2026-10-02,2026年度硬式加盟校として三重県高野連公式加盟校一覧から登録。
PRG000420,SCH000420,hardball,2026,active,active,SRC000071,2026-10-02,2026年度硬式加盟校として三重県高野連公式加盟校一覧から登録。
PRG000421,SCH000421,hardball,2026,active,active,SRC000071,2026-10-02,2026年度硬式加盟校として三重県高野連公式加盟校一覧から登録。
PRG000422,SCH000422,hardball,2026,active,active,SRC000071,2026-10-02,2026年度硬式加盟校として三重県高野連公式加盟校一覧から登録。
PRG000423,SCH000423,hardball,2026,active,active,SRC000093,2026-10-02,2026年度硬式加盟校として鹿児島県高野連公式加盟校一覧から登録。
PRG000424,SCH000424,hardball,2026,active,active,SRC000093,2026-10-02,2026年度硬式加盟校として鹿児島県高野連公式加盟校一覧から登録。
PRG000425,SCH000425,hardball,2026,active,active,SRC000093,2026-10-02,2026年度硬式加盟校として鹿児島県高野連公式加盟校一覧から登録。
PRG000426,SCH000426,hardball,2026,active,active,SRC000093,2026-10-02,2026年度硬式加盟校として鹿児島県高野連公式加盟校一覧から登録。
PRG000427,SCH000427,hardball,2026,active,active,SRC000093,2026-10-02,2026年度硬式加盟校として鹿児島県高野連公式加盟校一覧から登録。
PRG000428,SCH000428,hardball,2026,active,active,SRC000093,2026-10-02,2026年度硬式加盟校として鹿児島県高野連公式加盟校一覧から登録。
PRG000429,SCH000429,hardball,2026,active,active,SRC000093,2026-10-02,2026年度硬式加盟校として鹿児島県高野連公式加盟校一覧から登録。
PRG000430,SCH000430,hardball,2026,active,active,SRC000093,2026-10-02,2026年度硬式加盟校として鹿児島県高野連公式加盟校一覧から登録。
PRG000431,SCH000431,hardball,2026,active,active,SRC000093,2026-10-02,2026年度硬式加盟校として鹿児島県高野連公式加盟校一覧から登録。
PRG000432,SCH000432,hardball,2026,active,active,SRC000093,2026-10-02,2026年度硬式加盟校として鹿児島県高野連公式加盟校一覧から登録。
PRG000433,SCH000433,hardball,2026,active,active,SRC000093,2026-10-02,2026年度硬式加盟校として鹿児島県高野連公式加盟校一覧から登録。
PRG000434,SCH000434,hardball,2026,active,active,SRC000093,2026-10-02,2026年度硬式加盟校として鹿児島県高野連公式加盟校一覧から登録。
PRG000435,SCH000435,hardball,2026,active,active,SRC000093,2026-10-02,2026年度硬式加盟校として鹿児島県高野連公式加盟校一覧から登録。
PRG000436,SCH000436,hardball,2026,active,active,SRC000093,2026-10-02,2026年度硬式加盟校として鹿児島県高野連公式加盟校一覧から登録。
PRG000437,SCH000437,hardball,2026,active,active,SRC000093,2026-10-02,2026年度硬式加盟校として鹿児島県高野連公式加盟校一覧から登録。
PRG000438,SCH000438,hardball,2026,active,active,SRC000093,2026-10-02,2026年度硬式加盟校として鹿児島県高野連公式加盟校一覧から登録。
PRG000439,SCH000439,hardball,2026,active,active,SRC000093,2026-10-02,2026年度硬式加盟校として鹿児島県高野連公式加盟校一覧から登録。
PRG000440,SCH000440,hardball,2026,active,active,SRC000093,2026-10-02,2026年度硬式加盟校として鹿児島県高野連公式加盟校一覧から登録。
PRG000441,SCH000441,hardball,2026,active,active,SRC000093,2026-10-02,2026年度硬式加盟校として鹿児島県高野連公式加盟校一覧から登録。
PRG000442,SCH000442,hardball,2026,active,active,SRC000093,2026-10-02,2026年度硬式加盟校として鹿児島県高野連公式加盟校一覧から登録。
PRG000443,SCH000443,hardball,2026,active,active,SRC000093,2026-10-02,2026年度硬式加盟校として鹿児島県高野連公式加盟校一覧から登録。
PRG000444,SCH000444,hardball,2026,active,active,SRC000093,2026-10-02,2026年度硬式加盟校として鹿児島県高野連公式加盟校一覧から登録。
PRG000445,SCH000445,hardball,2026,active,active,SRC000093,2026-10-02,2026年度硬式加盟校として鹿児島県高野連公式加盟校一覧から登録。
PRG000446,SCH000446,hardball,2026,active,active,SRC000093,2026-10-02,2026年度硬式加盟校として鹿児島県高野連公式加盟校一覧から登録。
PRG000447,SCH000447,hardball,2026,active,active,SRC000093,2026-10-02,2026年度硬式加盟校として鹿児島県高野連公式加盟校一覧から登録。
PRG000448,SCH000448,hardball,2026,active,active,SRC000093,2026-10-02,2026年度硬式加盟校として鹿児島県高野連公式加盟校一覧から登録。
PRG000449,SCH000449,hardball,2026,active,active,SRC000093,2026-10-02,2026年度硬式加盟校として鹿児島県高野連公式加盟校一覧から登録。
PRG000450,SCH000450,hardball,2026,active,active,SRC000093,2026-10-02,2026年度硬式加盟校として鹿児島県高野連公式加盟校一覧から登録。
PRG000452,SCH000452,hardball,2026,active,active,SRC000093,2026-10-02,2026年度硬式加盟校として鹿児島県高野連公式加盟校一覧から登録。
PRG000453,SCH000453,hardball,2026,active,active,SRC000093,2026-10-02,2026年度硬式加盟校として鹿児島県高野連公式加盟校一覧から登録。
PRG000454,SCH000454,hardball,2026,active,active,SRC000093,2026-10-02,2026年度硬式加盟校として鹿児島県高野連公式加盟校一覧から登録。
PRG000455,SCH000455,hardball,2026,active,active,SRC000093,2026-10-02,2026年度硬式加盟校として鹿児島県高野連公式加盟校一覧から登録。
PRG000456,SCH000456,hardball,2026,active,active,SRC000093,2026-10-02,2026年度硬式加盟校として鹿児島県高野連公式加盟校一覧から登録。
PRG000457,SCH000457,hardball,2026,active,active,SRC000093,2026-10-02,2026年度硬式加盟校として鹿児島県高野連公式加盟校一覧から登録。
PRG000459,SCH000459,hardball,2026,active,active,SRC000093,2026-10-02,2026年度硬式加盟校として鹿児島県高野連公式加盟校一覧から登録。
PRG000460,SCH000460,hardball,2026,active,active,SRC000093,2026-10-02,2026年度硬式加盟校として鹿児島県高野連公式加盟校一覧から登録。
PRG000461,SCH000461,hardball,2026,active,active,SRC000093,2026-10-02,2026年度硬式加盟校として鹿児島県高野連公式加盟校一覧から登録。
PRG000462,SCH000462,hardball,2026,active,active,SRC000093,2026-10-02,2026年度硬式加盟校として鹿児島県高野連公式加盟校一覧から登録。
PRG000463,SCH000463,hardball,2026,active,active,SRC000093,2026-10-02,2026年度硬式加盟校として鹿児島県高野連公式加盟校一覧から登録。
PRG000464,SCH000464,hardball,2026,active,active,SRC000093,2026-10-02,2026年度硬式加盟校として鹿児島県高野連公式加盟校一覧から登録。
PRG000465,SCH000465,hardball,2026,active,active,SRC000093,2026-10-02,2026年度硬式加盟校として鹿児島県高野連公式加盟校一覧から登録。
PRG000466,SCH000466,hardball,2026,active,active,SRC000093,2026-10-02,2026年度硬式加盟校として鹿児島県高野連公式加盟校一覧から登録。
PRG000467,SCH000467,hardball,2026,active,active,SRC000093,2026-10-02,2026年度硬式加盟校として鹿児島県高野連公式加盟校一覧から登録。
PRG000469,SCH000469,hardball,2026,active,active,SRC000093,2026-10-02,2026年度硬式加盟校として鹿児島県高野連公式加盟校一覧から登録。
PRG000470,SCH000470,hardball,2026,active,active,SRC000093,2026-10-02,2026年度硬式加盟校として鹿児島県高野連公式加盟校一覧から登録。
PRG000471,SCH000471,hardball,2026,active,active,SRC000093,2026-10-02,2026年度硬式加盟校として鹿児島県高野連公式加盟校一覧から登録。
PRG000472,SCH000472,hardball,2026,active,active,SRC000093,2026-10-02,2026年度硬式加盟校として鹿児島県高野連公式加盟校一覧から登録。
PRG000473,SCH000473,hardball,2026,active,active,SRC000093,2026-10-02,2026年度硬式加盟校として鹿児島県高野連公式加盟校一覧から登録。
PRG000474,SCH000474,hardball,2026,active,active,SRC000093,2026-10-02,2026年度硬式加盟校として鹿児島県高野連公式加盟校一覧から登録。
PRG000475,SCH000475,hardball,2026,active,active,SRC000093,2026-10-02,2026年度硬式加盟校として鹿児島県高野連公式加盟校一覧から登録。
PRG000476,SCH000476,hardball,2026,active,active,SRC000093,2026-10-02,2026年度硬式加盟校として鹿児島県高野連公式加盟校一覧から登録。
PRG000477,SCH000477,hardball,2026,active,active,SRC000093,2026-10-02,2026年度硬式加盟校として鹿児島県高野連公式加盟校一覧から登録。
PRG000478,SCH000478,hardball,2026,active,active,SRC000093,2026-10-02,2026年度硬式加盟校として鹿児島県高野連公式加盟校一覧から登録。
PRG000479,SCH000479,hardball,2026,active,active,SRC000093,2026-10-02,2026年度硬式加盟校として鹿児島県高野連公式加盟校一覧から登録。
PRG000480,SCH000480,hardball,2026,active,active,SRC000093,2026-10-02,2026年度硬式加盟校として鹿児島県高野連公式加盟校一覧から登録。
PRG000481,SCH000481,hardball,2026,active,active,SRC000093,2026-10-02,2026年度硬式加盟校として鹿児島県高野連公式加盟校一覧から登録。
PRG000482,SCH000482,hardball,2026,active,active,SRC000093,2026-10-02,2026年度硬式加盟校として鹿児島県高野連公式加盟校一覧から登録。
PRG000483,SCH000483,hardball,2026,active,active,SRC000093,2026-10-02,2026年度硬式加盟校として鹿児島県高野連公式加盟校一覧から登録。
PRG000484,SCH000484,hardball,2026,active,active,SRC000093,2026-10-02,2026年度硬式加盟校として鹿児島県高野連公式加盟校一覧から登録。
PRG000485,SCH000485,hardball,2026,active,active,SRC000093,2026-10-02,2026年度硬式加盟校として鹿児島県高野連公式加盟校一覧から登録。
PRG000486,SCH000486,hardball,2026,active,active,SRC000093,2026-10-02,2026年度硬式加盟校として鹿児島県高野連公式加盟校一覧から登録。
PRG000487,SCH000487,hardball,2026,active,active,SRC000093,2026-10-02,2026年度硬式加盟校として鹿児島県高野連公式加盟校一覧から登録。
PRG000488,SCH000488,hardball,2026,active,active,SRC000093,2026-10-02,2026年度硬式加盟校として鹿児島県高野連公式加盟校一覧から登録。
PRG000489,SCH000489,hardball,2026,active,active,SRC000093,2026-10-02,2026年度硬式加盟校として鹿児島県高野連公式加盟校一覧から登録。
PRG000490,SCH000490,hardball,2026,active,active,SRC000093,2026-10-02,2026年度硬式加盟校として鹿児島県高野連公式加盟校一覧から登録。
PRG000491,SCH000491,hardball,2026,active,active,SRC000093,2026-10-02,2026年度硬式加盟校として鹿児島県高野連公式加盟校一覧から登録。
PRG000492,SCH000492,hardball,2026,active,active,SRC000093,2026-10-02,2026年度硬式加盟校として鹿児島県高野連公式加盟校一覧から登録。
PRG000494,SCH000494,hardball,2026,active,active,SRC000093,2026-10-02,2026年度硬式加盟校として鹿児島県高野連公式加盟校一覧から登録。
PRG000495,SCH000495,hardball,2026,active,active,SRC000093,2026-10-02,2026年度硬式加盟校として鹿児島県高野連公式加盟校一覧から登録。
PRG000496,SCH000496,hardball,2026,active,active,SRC000093,2026-10-02,2026年度硬式加盟校として鹿児島県高野連公式加盟校一覧から登録。
PRG000497,SCH000497,hardball,2026,active,active,SRC000093,2026-10-02,2026年度硬式加盟校として鹿児島県高野連公式加盟校一覧から登録。
PRG000498,SCH000498,hardball,2026,active,active,SRC000087,2026-10-02,2026年度硬式加盟校として福岡県高野連公式加盟校ページから登録。
PRG000499,SCH000499,hardball,2026,active,active,SRC000087,2026-10-02,2026年度硬式加盟校として福岡県高野連公式加盟校ページから登録。
PRG000500,SCH000500,hardball,2026,active,active,SRC000087,2026-10-02,2026年度硬式加盟校として福岡県高野連公式加盟校ページから登録。
PRG000501,SCH000501,hardball,2026,active,active,SRC000087,2026-10-02,2026年度硬式加盟校として福岡県高野連公式加盟校ページから登録。
PRG000502,SCH000502,hardball,2026,active,active,SRC000087,2026-10-02,2026年度硬式加盟校として福岡県高野連公式加盟校ページから登録。
PRG000503,SCH000503,hardball,2026,active,active,SRC000087,2026-10-02,2026年度硬式加盟校として福岡県高野連公式加盟校ページから登録。
PRG000504,SCH000504,hardball,2026,active,active,SRC000087,2026-10-02,2026年度硬式加盟校として福岡県高野連公式加盟校ページから登録。
PRG000505,SCH000505,hardball,2026,active,active,SRC000087,2026-10-02,2026年度硬式加盟校として福岡県高野連公式加盟校ページから登録。
PRG000506,SCH000506,hardball,2026,active,active,SRC000087,2026-10-02,2026年度硬式加盟校として福岡県高野連公式加盟校ページから登録。
PRG000507,SCH000507,hardball,2026,active,active,SRC000087,2026-10-02,2026年度硬式加盟校として福岡県高野連公式加盟校ページから登録。
PRG000508,SCH000508,hardball,2026,active,active,SRC000087,2026-10-02,2026年度硬式加盟校として福岡県高野連公式加盟校ページから登録。
PRG000509,SCH000509,hardball,2026,active,active,SRC000087,2026-10-02,2026年度硬式加盟校として福岡県高野連公式加盟校ページから登録。
PRG000510,SCH000510,hardball,2026,active,active,SRC000087,2026-10-02,2026年度硬式加盟校として福岡県高野連公式加盟校ページから登録。
PRG000511,SCH000511,hardball,2026,active,active,SRC000087,2026-10-02,2026年度硬式加盟校として福岡県高野連公式加盟校ページから登録。
PRG000512,SCH000512,hardball,2026,active,active,SRC000087,2026-10-02,2026年度硬式加盟校として福岡県高野連公式加盟校ページから登録。
PRG000513,SCH000513,hardball,2026,active,active,SRC000087,2026-10-02,2026年度硬式加盟校として福岡県高野連公式加盟校ページから登録。
PRG000514,SCH000514,hardball,2026,active,active,SRC000087,2026-10-02,2026年度硬式加盟校として福岡県高野連公式加盟校ページから登録。
PRG000515,SCH000515,hardball,2026,active,active,SRC000087,2026-10-02,2026年度硬式加盟校として福岡県高野連公式加盟校ページから登録。
PRG000516,SCH000516,hardball,2026,active,active,SRC000087,2026-10-02,2026年度硬式加盟校として福岡県高野連公式加盟校ページから登録。
PRG000517,SCH000517,hardball,2026,active,active,SRC000087,2026-10-02,2026年度硬式加盟校として福岡県高野連公式加盟校ページから登録。
PRG000518,SCH000518,hardball,2026,active,active,SRC000087,2026-10-02,2026年度硬式加盟校として福岡県高野連公式加盟校ページから登録。
PRG000519,SCH000519,hardball,2026,active,active,SRC000087,2026-10-02,2026年度硬式加盟校として福岡県高野連公式加盟校ページから登録。
PRG000520,SCH000520,hardball,2026,active,active,SRC000087,2026-10-02,2026年度硬式加盟校として福岡県高野連公式加盟校ページから登録。
PRG000521,SCH000521,hardball,2026,active,active,SRC000087,2026-10-02,2026年度硬式加盟校として福岡県高野連公式加盟校ページから登録。
PRG000522,SCH000522,hardball,2026,active,active,SRC000087,2026-10-02,2026年度硬式加盟校として福岡県高野連公式加盟校ページから登録。
PRG000523,SCH000523,hardball,2026,active,active,SRC000087,2026-10-02,2026年度硬式加盟校として福岡県高野連公式加盟校ページから登録。
PRG000524,SCH000524,hardball,2026,active,active,SRC000087,2026-10-02,2026年度硬式加盟校として福岡県高野連公式加盟校ページから登録。
PRG000525,SCH000525,hardball,2026,active,active,SRC000087,2026-10-02,2026年度硬式加盟校として福岡県高野連公式加盟校ページから登録。
PRG000526,SCH000526,hardball,2026,active,active,SRC000087,2026-10-02,2026年度硬式加盟校として福岡県高野連公式加盟校ページから登録。
PRG000527,SCH000527,hardball,2026,active,active,SRC000087,2026-10-02,2026年度硬式加盟校として福岡県高野連公式加盟校ページから登録。
PRG000528,SCH000528,hardball,2026,active,active,SRC000087,2026-10-02,2026年度硬式加盟校として福岡県高野連公式加盟校ページから登録。
PRG000529,SCH000529,hardball,2026,active,active,SRC000087,2026-10-02,2026年度硬式加盟校として福岡県高野連公式加盟校ページから登録。
PRG000530,SCH000530,hardball,2026,active,active,SRC000087,2026-10-02,2026年度硬式加盟校として福岡県高野連公式加盟校ページから登録。
PRG000531,SCH000531,hardball,2026,active,active,SRC000087,2026-10-02,2026年度硬式加盟校として福岡県高野連公式加盟校ページから登録。
PRG000532,SCH000532,hardball,2026,active,active,SRC000087,2026-10-02,2026年度硬式加盟校として福岡県高野連公式加盟校ページから登録。
PRG000533,SCH000533,hardball,2026,active,active,SRC000087,2026-10-02,2026年度硬式加盟校として福岡県高野連公式加盟校ページから登録。
PRG000534,SCH000534,hardball,2026,active,active,SRC000087,2026-10-02,2026年度硬式加盟校として福岡県高野連公式加盟校ページから登録。
PRG000535,SCH000535,hardball,2026,active,active,SRC000087,2026-10-02,2026年度硬式加盟校として福岡県高野連公式加盟校ページから登録。
PRG000536,SCH000536,hardball,2026,active,active,SRC000087,2026-10-02,2026年度硬式加盟校として福岡県高野連公式加盟校ページから登録。
PRG000537,SCH000537,hardball,2026,active,active,SRC000087,2026-10-02,2026年度硬式加盟校として福岡県高野連公式加盟校ページから登録。
PRG000538,SCH000538,hardball,2026,active,active,SRC000087,2026-10-02,2026年度硬式加盟校として福岡県高野連公式加盟校ページから登録。
PRG000539,SCH000539,hardball,2026,active,active,SRC000087,2026-10-02,2026年度硬式加盟校として福岡県高野連公式加盟校ページから登録。
PRG000540,SCH000540,hardball,2026,active,active,SRC000087,2026-10-02,2026年度硬式加盟校として福岡県高野連公式加盟校ページから登録。
PRG000541,SCH000541,hardball,2026,active,active,SRC000087,2026-10-02,2026年度硬式加盟校として福岡県高野連公式加盟校ページから登録。
PRG000542,SCH000542,hardball,2026,active,active,SRC000087,2026-10-02,2026年度硬式加盟校として福岡県高野連公式加盟校ページから登録。
PRG000543,SCH000543,hardball,2026,active,active,SRC000087,2026-10-02,2026年度硬式加盟校として福岡県高野連公式加盟校ページから登録。
PRG000544,SCH000544,hardball,2026,active,active,SRC000087,2026-10-02,2026年度硬式加盟校として福岡県高野連公式加盟校ページから登録。
PRG000545,SCH000545,hardball,2026,active,active,SRC000087,2026-10-02,2026年度硬式加盟校として福岡県高野連公式加盟校ページから登録。
PRG000546,SCH000546,hardball,2026,active,active,SRC000087,2026-10-02,2026年度硬式加盟校として福岡県高野連公式加盟校ページから登録。
PRG000547,SCH000547,hardball,2026,active,active,SRC000087,2026-10-02,2026年度硬式加盟校として福岡県高野連公式加盟校ページから登録。
PRG000548,SCH000548,hardball,2026,active,active,SRC000087,2026-10-02,2026年度硬式加盟校として福岡県高野連公式加盟校ページから登録。
PRG000549,SCH000549,hardball,2026,active,active,SRC000087,2026-10-02,2026年度硬式加盟校として福岡県高野連公式加盟校ページから登録。
PRG000550,SCH000550,hardball,2026,active,active,SRC000087,2026-10-02,2026年度硬式加盟校として福岡県高野連公式加盟校ページから登録。
PRG000551,SCH000551,hardball,2026,active,active,SRC000087,2026-10-02,2026年度硬式加盟校として福岡県高野連公式加盟校ページから登録。
PRG000552,SCH000552,hardball,2026,active,active,SRC000087,2026-10-02,2026年度硬式加盟校として福岡県高野連公式加盟校ページから登録。
PRG000553,SCH000553,hardball,2026,active,active,SRC000087,2026-10-02,2026年度硬式加盟校として福岡県高野連公式加盟校ページから登録。
PRG000554,SCH000554,hardball,2026,active,active,SRC000087,2026-10-02,2026年度硬式加盟校として福岡県高野連公式加盟校ページから登録。
PRG000555,SCH000555,hardball,2026,active,active,SRC000087,2026-10-02,2026年度硬式加盟校として福岡県高野連公式加盟校ページから登録。
PRG000556,SCH000556,hardball,2026,active,active,SRC000087,2026-10-02,2026年度硬式加盟校として福岡県高野連公式加盟校ページから登録。
PRG000557,SCH000557,hardball,2026,active,active,SRC000087,2026-10-02,2026年度硬式加盟校として福岡県高野連公式加盟校ページから登録。
PRG000558,SCH000558,hardball,2026,active,active,SRC000087,2026-10-02,2026年度硬式加盟校として福岡県高野連公式加盟校ページから登録。
PRG000559,SCH000559,hardball,2026,active,active,SRC000087,2026-10-02,2026年度硬式加盟校として福岡県高野連公式加盟校ページから登録。
PRG000560,SCH000560,hardball,2026,active,active,SRC000087,2026-10-02,2026年度硬式加盟校として福岡県高野連公式加盟校ページから登録。
PRG000561,SCH000561,hardball,2026,active,active,SRC000087,2026-10-02,2026年度硬式加盟校として福岡県高野連公式加盟校ページから登録。
PRG000562,SCH000562,hardball,2026,active,active,SRC000087,2026-10-02,2026年度硬式加盟校として福岡県高野連公式加盟校ページから登録。
PRG000563,SCH000563,hardball,2026,active,active,SRC000087,2026-10-02,2026年度硬式加盟校として福岡県高野連公式加盟校ページから登録。
PRG000564,SCH000564,hardball,2026,active,active,SRC000087,2026-10-02,2026年度硬式加盟校として福岡県高野連公式加盟校ページから登録。
PRG000565,SCH000565,hardball,2026,active,active,SRC000087,2026-10-02,2026年度硬式加盟校として福岡県高野連公式加盟校ページから登録。
PRG000566,SCH000566,hardball,2026,active,active,SRC000087,2026-10-02,2026年度硬式加盟校として福岡県高野連公式加盟校ページから登録。
PRG000567,SCH000567,hardball,2026,active,active,SRC000087,2026-10-02,2026年度硬式加盟校として福岡県高野連公式加盟校ページから登録。
PRG000568,SCH000568,hardball,2026,active,active,SRC000087,2026-10-02,2026年度硬式加盟校として福岡県高野連公式加盟校ページから登録。
PRG000569,SCH000569,hardball,2026,active,active,SRC000087,2026-10-02,2026年度硬式加盟校として福岡県高野連公式加盟校ページから登録。
PRG000570,SCH000570,hardball,2026,active,active,SRC000087,2026-10-02,2026年度硬式加盟校として福岡県高野連公式加盟校ページから登録。
PRG000571,SCH000571,hardball,2026,active,active,SRC000087,2026-10-02,2026年度硬式加盟校として福岡県高野連公式加盟校ページから登録。
PRG000572,SCH000572,hardball,2026,active,active,SRC000087,2026-10-02,2026年度硬式加盟校として福岡県高野連公式加盟校ページから登録。
PRG000573,SCH000573,hardball,2026,active,active,SRC000087,2026-10-02,2026年度硬式加盟校として福岡県高野連公式加盟校ページから登録。
PRG000574,SCH000574,hardball,2026,active,active,SRC000087,2026-10-02,2026年度硬式加盟校として福岡県高野連公式加盟校ページから登録。
PRG000575,SCH000575,hardball,2026,active,active,SRC000087,2026-10-02,2026年度硬式加盟校として福岡県高野連公式加盟校ページから登録。
PRG000576,SCH000576,hardball,2026,active,active,SRC000087,2026-10-02,2026年度硬式加盟校として福岡県高野連公式加盟校ページから登録。
PRG000577,SCH000577,hardball,2026,active,active,SRC000087,2026-10-02,2026年度硬式加盟校として福岡県高野連公式加盟校ページから登録。
PRG000578,SCH000578,hardball,2026,active,active,SRC000087,2026-10-02,2026年度硬式加盟校として福岡県高野連公式加盟校ページから登録。
PRG000579,SCH000579,hardball,2026,active,active,SRC000087,2026-10-02,2026年度硬式加盟校として福岡県高野連公式加盟校ページから登録。
PRG000580,SCH000580,hardball,2026,active,active,SRC000087,2026-10-02,2026年度硬式加盟校として福岡県高野連公式加盟校ページから登録。
PRG000581,SCH000581,hardball,2026,active,active,SRC000087,2026-10-02,2026年度硬式加盟校として福岡県高野連公式加盟校ページから登録。
PRG000582,SCH000582,hardball,2026,active,active,SRC000087,2026-10-02,2026年度硬式加盟校として福岡県高野連公式加盟校ページから登録。
PRG000583,SCH000583,hardball,2026,active,active,SRC000087,2026-10-02,2026年度硬式加盟校として福岡県高野連公式加盟校ページから登録。
PRG000584,SCH000584,hardball,2026,active,active,SRC000087,2026-10-02,2026年度硬式加盟校として福岡県高野連公式加盟校ページから登録。
PRG000585,SCH000585,hardball,2026,active,active,SRC000087,2026-10-02,2026年度硬式加盟校として福岡県高野連公式加盟校ページから登録。
PRG000586,SCH000586,hardball,2026,active,active,SRC000087,2026-10-02,2026年度硬式加盟校として福岡県高野連公式加盟校ページから登録。
PRG000587,SCH000587,hardball,2026,active,active,SRC000087,2026-10-02,2026年度硬式加盟校として福岡県高野連公式加盟校ページから登録。
PRG000588,SCH000588,hardball,2026,active,active,SRC000087,2026-10-02,2026年度硬式加盟校として福岡県高野連公式加盟校ページから登録。
PRG000589,SCH000589,hardball,2026,active,active,SRC000087,2026-10-02,2026年度硬式加盟校として福岡県高野連公式加盟校ページから登録。
PRG000590,SCH000590,hardball,2026,active,active,SRC000087,2026-10-02,2026年度硬式加盟校として福岡県高野連公式加盟校ページから登録。
PRG000591,SCH000591,hardball,2026,active,active,SRC000087,2026-10-02,2026年度硬式加盟校として福岡県高野連公式加盟校ページから登録。
PRG000592,SCH000592,hardball,2026,active,active,SRC000087,2026-10-02,2026年度硬式加盟校として福岡県高野連公式加盟校ページから登録。
PRG000593,SCH000593,hardball,2026,active,active,SRC000087,2026-10-02,2026年度硬式加盟校として福岡県高野連公式加盟校ページから登録。
PRG000594,SCH000594,hardball,2026,active,active,SRC000087,2026-10-02,2026年度硬式加盟校として福岡県高野連公式加盟校ページから登録。
PRG000595,SCH000595,hardball,2026,active,active,SRC000087,2026-10-02,2026年度硬式加盟校として福岡県高野連公式加盟校ページから登録。
PRG000596,SCH000596,hardball,2026,active,active,SRC000087,2026-10-02,2026年度硬式加盟校として福岡県高野連公式加盟校ページから登録。
PRG000597,SCH000597,hardball,2026,active,active,SRC000087,2026-10-02,2026年度硬式加盟校として福岡県高野連公式加盟校ページから登録。
PRG000598,SCH000598,hardball,2026,active,active,SRC000087,2026-10-02,2026年度硬式加盟校として福岡県高野連公式加盟校ページから登録。
PRG000599,SCH000599,hardball,2026,active,active,SRC000087,2026-10-02,2026年度硬式加盟校として福岡県高野連公式加盟校ページから登録。
PRG000600,SCH000600,hardball,2026,active,active,SRC000087,2026-10-02,2026年度硬式加盟校として福岡県高野連公式加盟校ページから登録。
PRG000601,SCH000601,hardball,2026,active,active,SRC000087,2026-10-02,2026年度硬式加盟校として福岡県高野連公式加盟校ページから登録。
PRG000602,SCH000602,hardball,2026,active,active,SRC000087,2026-10-02,2026年度硬式加盟校として福岡県高野連公式加盟校ページから登録。
PRG000603,SCH000603,hardball,2026,active,active,SRC000087,2026-10-02,2026年度硬式加盟校として福岡県高野連公式加盟校ページから登録。
PRG000604,SCH000604,hardball,2026,active,active,SRC000087,2026-10-02,2026年度硬式加盟校として福岡県高野連公式加盟校ページから登録。
PRG000605,SCH000605,hardball,2026,active,active,SRC000087,2026-10-02,2026年度硬式加盟校として福岡県高野連公式加盟校ページから登録。
PRG000606,SCH000606,hardball,2026,active,active,SRC000087,2026-10-02,2026年度硬式加盟校として福岡県高野連公式加盟校ページから登録。
PRG000607,SCH000607,hardball,2026,active,active,SRC000087,2026-10-02,2026年度硬式加盟校として福岡県高野連公式加盟校ページから登録。
PRG000608,SCH000608,hardball,2026,active,active,SRC000087,2026-10-02,2026年度硬式加盟校として福岡県高野連公式加盟校ページから登録。
PRG000609,SCH000609,hardball,2026,active,active,SRC000087,2026-10-02,2026年度硬式加盟校として福岡県高野連公式加盟校ページから登録。
PRG000610,SCH000610,hardball,2026,active,active,SRC000087,2026-10-02,2026年度硬式加盟校として福岡県高野連公式加盟校ページから登録。
PRG000611,SCH000611,hardball,2026,active,active,SRC000087,2026-10-02,2026年度硬式加盟校として福岡県高野連公式加盟校ページから登録。
PRG000612,SCH000612,hardball,2026,active,active,SRC000087,2026-10-02,2026年度硬式加盟校として福岡県高野連公式加盟校ページから登録。
PRG000613,SCH000613,hardball,2026,active,active,SRC000087,2026-10-02,2026年度硬式加盟校として福岡県高野連公式加盟校ページから登録。
PRG000614,SCH000614,hardball,2026,active,active,SRC000087,2026-10-02,2026年度硬式加盟校として福岡県高野連公式加盟校ページから登録。
PRG000615,SCH000615,hardball,2026,active,active,SRC000087,2026-10-02,2026年度硬式加盟校として福岡県高野連公式加盟校ページから登録。
PRG000616,SCH000616,hardball,2026,active,active,SRC000087,2026-10-02,2026年度硬式加盟校として福岡県高野連公式加盟校ページから登録。
PRG000617,SCH000617,hardball,2026,active,active,SRC000087,2026-10-02,2026年度硬式加盟校として福岡県高野連公式加盟校ページから登録。
PRG000618,SCH000618,hardball,2026,active,active,SRC000087,2026-10-02,2026年度硬式加盟校として福岡県高野連公式加盟校ページから登録。
PRG000619,SCH000619,hardball,2026,active,active,SRC000087,2026-10-02,2026年度硬式加盟校として福岡県高野連公式加盟校ページから登録。
PRG000620,SCH000620,hardball,2026,active,active,SRC000087,2026-10-02,2026年度硬式加盟校として福岡県高野連公式加盟校ページから登録。
PRG000621,SCH000621,hardball,2026,active,active,SRC000087,2026-10-02,2026年度硬式加盟校として福岡県高野連公式加盟校ページから登録。
PRG000622,SCH000622,hardball,2026,active,active,SRC000087,2026-10-02,2026年度硬式加盟校として福岡県高野連公式加盟校ページから登録。
PRG000623,SCH000623,hardball,2026,active,active,SRC000087,2026-10-02,2026年度硬式加盟校として福岡県高野連公式加盟校ページから登録。
PRG000624,SCH000624,hardball,2026,active,active,SRC000087,2026-10-02,2026年度硬式加盟校として福岡県高野連公式加盟校ページから登録。
PRG000625,SCH000625,hardball,2026,active,active,SRC000087,2026-10-02,2026年度硬式加盟校として福岡県高野連公式加盟校ページから登録。
PRG000626,SCH000626,hardball,2026,active,active,SRC000087,2026-10-02,2026年度硬式加盟校として福岡県高野連公式加盟校ページから登録。
PRG000627,SCH000627,hardball,2026,active,active,SRC000087,2026-10-02,2026年度硬式加盟校として福岡県高野連公式加盟校ページから登録。
PRG000628,SCH000628,hardball,2026,active,active,SRC000087,2026-10-02,2026年度硬式加盟校として福岡県高野連公式加盟校ページから登録。
PRG000629,SCH000629,hardball,2026,active,active,SRC000087,2026-10-02,2026年度硬式加盟校として福岡県高野連公式加盟校ページから登録。
PRG000630,SCH000630,hardball,2026,active,active,SRC000087,2026-10-02,2026年度硬式加盟校として福岡県高野連公式加盟校ページから登録。
PRG000631,SCH000631,hardball,2026,active,active,SRC000087,2026-10-02,2026年度硬式加盟校として福岡県高野連公式加盟校ページから登録。
PRG000632,SCH000632,hardball,2026,active,active,SRC000087,2026-10-02,2026年度硬式加盟校として福岡県高野連公式加盟校ページから登録。
PRG000633,SCH000633,hardball,2026,active,active,SRC000087,2026-10-02,2026年度硬式加盟校として福岡県高野連公式加盟校ページから登録。
PRG000634,SCH000634,hardball,2026,active,active,SRC000087,2026-10-02,2026年度硬式加盟校として福岡県高野連公式加盟校ページから登録。
PRG000635,SCH000635,hardball,2026,active,active,SRC000060,2026-10-02,東京都高野連加盟校一覧（2026年5月現在）から2026年度硬式加盟校として登録。
PRG000636,SCH000636,hardball,2026,active,active,SRC000060,2026-10-02,東京都高野連加盟校一覧（2026年5月現在）から2026年度硬式加盟校として登録。
PRG000637,SCH000637,hardball,2026,active,active,SRC000060,2026-10-02,東京都高野連加盟校一覧（2026年5月現在）から2026年度硬式加盟校として登録。
PRG000638,SCH000638,hardball,2026,active,active,SRC000060,2026-10-02,東京都高野連加盟校一覧（2026年5月現在）から2026年度硬式加盟校として登録。
PRG000639,SCH000639,hardball,2026,active,active,SRC000060,2026-10-02,東京都高野連加盟校一覧（2026年5月現在）から2026年度硬式加盟校として登録。
PRG000640,SCH000640,hardball,2026,active,active,SRC000060,2026-10-02,東京都高野連加盟校一覧（2026年5月現在）から2026年度硬式加盟校として登録。
PRG000641,SCH000641,hardball,2026,active,active,SRC000060,2026-10-02,東京都高野連加盟校一覧（2026年5月現在）から2026年度硬式加盟校として登録。
PRG000642,SCH000642,hardball,2026,active,active,SRC000060,2026-10-02,東京都高野連加盟校一覧（2026年5月現在）から2026年度硬式加盟校として登録。
PRG000643,SCH000643,hardball,2026,active,active,SRC000060,2026-10-02,東京都高野連加盟校一覧（2026年5月現在）から2026年度硬式加盟校として登録。
PRG000644,SCH000644,hardball,2026,active,active,SRC000060,2026-10-02,東京都高野連加盟校一覧（2026年5月現在）から2026年度硬式加盟校として登録。
PRG000645,SCH000645,hardball,2026,active,active,SRC000060,2026-10-02,東京都高野連加盟校一覧（2026年5月現在）から2026年度硬式加盟校として登録。
PRG000646,SCH000646,hardball,2026,active,active,SRC000060,2026-10-02,東京都高野連加盟校一覧（2026年5月現在）から2026年度硬式加盟校として登録。
PRG000647,SCH000647,hardball,2026,active,active,SRC000060,2026-10-02,東京都高野連加盟校一覧（2026年5月現在）から2026年度硬式加盟校として登録。
PRG000648,SCH000648,hardball,2026,active,active,SRC000060,2026-10-02,東京都高野連加盟校一覧（2026年5月現在）から2026年度硬式加盟校として登録。
PRG000649,SCH000649,hardball,2026,active,active,SRC000060,2026-10-02,東京都高野連加盟校一覧（2026年5月現在）から2026年度硬式加盟校として登録。
PRG000650,SCH000650,hardball,2026,active,active,SRC000060,2026-10-02,東京都高野連加盟校一覧（2026年5月現在）から2026年度硬式加盟校として登録。
PRG000651,SCH000651,hardball,2026,active,active,SRC000060,2026-10-02,東京都高野連加盟校一覧（2026年5月現在）から2026年度硬式加盟校として登録。
PRG000652,SCH000652,hardball,2026,active,active,SRC000060,2026-10-02,東京都高野連加盟校一覧（2026年5月現在）から2026年度硬式加盟校として登録。
PRG000653,SCH000653,hardball,2026,active,active,SRC000060,2026-10-02,東京都高野連加盟校一覧（2026年5月現在）から2026年度硬式加盟校として登録。
PRG000654,SCH000654,hardball,2026,active,active,SRC000060,2026-10-02,東京都高野連加盟校一覧（2026年5月現在）から2026年度硬式加盟校として登録。
PRG000655,SCH000655,hardball,2026,active,active,SRC000060,2026-10-02,東京都高野連加盟校一覧（2026年5月現在）から2026年度硬式加盟校として登録。
PRG000656,SCH000656,hardball,2026,active,active,SRC000060,2026-10-02,東京都高野連加盟校一覧（2026年5月現在）から2026年度硬式加盟校として登録。
PRG000657,SCH000657,hardball,2026,active,active,SRC000060,2026-10-02,東京都高野連加盟校一覧（2026年5月現在）から2026年度硬式加盟校として登録。
PRG000658,SCH000658,hardball,2026,active,active,SRC000060,2026-10-02,東京都高野連加盟校一覧（2026年5月現在）から2026年度硬式加盟校として登録。
PRG000659,SCH000659,hardball,2026,active,active,SRC000060,2026-10-02,東京都高野連加盟校一覧（2026年5月現在）から2026年度硬式加盟校として登録。
PRG000660,SCH000660,hardball,2026,active,active,SRC000060,2026-10-02,東京都高野連加盟校一覧（2026年5月現在）から2026年度硬式加盟校として登録。
PRG000661,SCH000661,hardball,2026,active,active,SRC000060,2026-10-02,東京都高野連加盟校一覧（2026年5月現在）から2026年度硬式加盟校として登録。
PRG000662,SCH000662,hardball,2026,active,active,SRC000060,2026-10-02,東京都高野連加盟校一覧（2026年5月現在）から2026年度硬式加盟校として登録。
PRG000663,SCH000663,hardball,2026,active,active,SRC000060,2026-10-02,東京都高野連加盟校一覧（2026年5月現在）から2026年度硬式加盟校として登録。
PRG000664,SCH000664,hardball,2026,active,active,SRC000060,2026-10-02,東京都高野連加盟校一覧（2026年5月現在）から2026年度硬式加盟校として登録。
PRG000665,SCH000665,hardball,2026,active,active,SRC000060,2026-10-02,東京都高野連加盟校一覧（2026年5月現在）から2026年度硬式加盟校として登録。
PRG000666,SCH000666,hardball,2026,active,active,SRC000060,2026-10-02,東京都高野連加盟校一覧（2026年5月現在）から2026年度硬式加盟校として登録。
PRG000667,SCH000667,hardball,2026,active,active,SRC000060,2026-10-02,東京都高野連加盟校一覧（2026年5月現在）から2026年度硬式加盟校として登録。
PRG000668,SCH000668,hardball,2026,active,active,SRC000060,2026-10-02,東京都高野連加盟校一覧（2026年5月現在）から2026年度硬式加盟校として登録。
PRG000669,SCH000669,hardball,2026,active,active,SRC000060,2026-10-02,東京都高野連加盟校一覧（2026年5月現在）から2026年度硬式加盟校として登録。
PRG000670,SCH000670,hardball,2026,active,active,SRC000060,2026-10-02,東京都高野連加盟校一覧（2026年5月現在）から2026年度硬式加盟校として登録。
PRG000671,SCH000671,hardball,2026,active,active,SRC000060,2026-10-02,東京都高野連加盟校一覧（2026年5月現在）から2026年度硬式加盟校として登録。
PRG000672,SCH000672,hardball,2026,active,active,SRC000060,2026-10-02,東京都高野連加盟校一覧（2026年5月現在）から2026年度硬式加盟校として登録。
PRG000673,SCH000673,hardball,2026,active,active,SRC000060,2026-10-02,東京都高野連加盟校一覧（2026年5月現在）から2026年度硬式加盟校として登録。
PRG000674,SCH000674,hardball,2026,active,active,SRC000060,2026-10-02,東京都高野連加盟校一覧（2026年5月現在）から2026年度硬式加盟校として登録。
PRG000675,SCH000675,hardball,2026,active,active,SRC000060,2026-10-02,東京都高野連加盟校一覧（2026年5月現在）から2026年度硬式加盟校として登録。
PRG000676,SCH000676,hardball,2026,active,active,SRC000060,2026-10-02,東京都高野連加盟校一覧（2026年5月現在）から2026年度硬式加盟校として登録。
PRG000677,SCH000677,hardball,2026,active,active,SRC000060,2026-10-02,東京都高野連加盟校一覧（2026年5月現在）から2026年度硬式加盟校として登録。
PRG000678,SCH000678,hardball,2026,active,active,SRC000060,2026-10-02,東京都高野連加盟校一覧（2026年5月現在）から2026年度硬式加盟校として登録。
PRG000679,SCH000679,hardball,2026,active,active,SRC000060,2026-10-02,東京都高野連加盟校一覧（2026年5月現在）から2026年度硬式加盟校として登録。
PRG000680,SCH000680,hardball,2026,active,active,SRC000060,2026-10-02,東京都高野連加盟校一覧（2026年5月現在）から2026年度硬式加盟校として登録。
PRG000681,SCH000681,hardball,2026,active,active,SRC000060,2026-10-02,東京都高野連加盟校一覧（2026年5月現在）から2026年度硬式加盟校として登録。
PRG000682,SCH000682,hardball,2026,active,active,SRC000060,2026-10-02,東京都高野連加盟校一覧（2026年5月現在）から2026年度硬式加盟校として登録。
PRG000683,SCH000683,hardball,2026,active,active,SRC000060,2026-10-02,東京都高野連加盟校一覧（2026年5月現在）から2026年度硬式加盟校として登録。
PRG000684,SCH000684,hardball,2026,active,active,SRC000060,2026-10-02,東京都高野連加盟校一覧（2026年5月現在）から2026年度硬式加盟校として登録。
PRG000685,SCH000685,hardball,2026,active,active,SRC000060,2026-10-02,東京都高野連加盟校一覧（2026年5月現在）から2026年度硬式加盟校として登録。
PRG000686,SCH000686,hardball,2026,active,active,SRC000060,2026-10-02,東京都高野連加盟校一覧（2026年5月現在）から2026年度硬式加盟校として登録。
PRG000687,SCH000687,hardball,2026,active,active,SRC000060,2026-10-02,東京都高野連加盟校一覧（2026年5月現在）から2026年度硬式加盟校として登録。
PRG000688,SCH000688,hardball,2026,active,active,SRC000060,2026-10-02,東京都高野連加盟校一覧（2026年5月現在）から2026年度硬式加盟校として登録。
PRG000689,SCH000689,hardball,2026,active,active,SRC000060,2026-10-02,東京都高野連加盟校一覧（2026年5月現在）から2026年度硬式加盟校として登録。
PRG000690,SCH000690,hardball,2026,active,active,SRC000060,2026-10-02,東京都高野連加盟校一覧（2026年5月現在）から2026年度硬式加盟校として登録。
PRG000691,SCH000691,hardball,2026,active,active,SRC000060,2026-10-02,東京都高野連加盟校一覧（2026年5月現在）から2026年度硬式加盟校として登録。
PRG000692,SCH000692,hardball,2026,active,active,SRC000060,2026-10-02,東京都高野連加盟校一覧（2026年5月現在）から2026年度硬式加盟校として登録。
PRG000693,SCH000693,hardball,2026,active,active,SRC000060,2026-10-02,東京都高野連加盟校一覧（2026年5月現在）から2026年度硬式加盟校として登録。
PRG000694,SCH000694,hardball,2026,active,active,SRC000060,2026-10-02,東京都高野連加盟校一覧（2026年5月現在）から2026年度硬式加盟校として登録。
PRG000695,SCH000695,hardball,2026,active,active,SRC000060,2026-10-02,東京都高野連加盟校一覧（2026年5月現在）から2026年度硬式加盟校として登録。
PRG000696,SCH000696,hardball,2026,active,active,SRC000060,2026-10-02,東京都高野連加盟校一覧（2026年5月現在）から2026年度硬式加盟校として登録。
PRG000697,SCH000697,hardball,2026,active,active,SRC000060,2026-10-02,東京都高野連加盟校一覧（2026年5月現在）から2026年度硬式加盟校として登録。
PRG000698,SCH000698,hardball,2026,active,active,SRC000060,2026-10-02,東京都高野連加盟校一覧（2026年5月現在）から2026年度硬式加盟校として登録。
PRG000699,SCH000699,hardball,2026,active,active,SRC000060,2026-10-02,東京都高野連加盟校一覧（2026年5月現在）から2026年度硬式加盟校として登録。
PRG000700,SCH000700,hardball,2026,active,active,SRC000060,2026-10-02,東京都高野連加盟校一覧（2026年5月現在）から2026年度硬式加盟校として登録。
PRG000701,SCH000701,hardball,2026,active,active,SRC000060,2026-10-02,東京都高野連加盟校一覧（2026年5月現在）から2026年度硬式加盟校として登録。
PRG000702,SCH000702,hardball,2026,active,active,SRC000060,2026-10-02,東京都高野連加盟校一覧（2026年5月現在）から2026年度硬式加盟校として登録。
PRG000703,SCH000703,hardball,2026,active,active,SRC000060,2026-10-02,東京都高野連加盟校一覧（2026年5月現在）から2026年度硬式加盟校として登録。
PRG000704,SCH000704,hardball,2026,active,active,SRC000060,2026-10-02,東京都高野連加盟校一覧（2026年5月現在）から2026年度硬式加盟校として登録。
PRG000705,SCH000705,hardball,2026,active,active,SRC000060,2026-10-02,東京都高野連加盟校一覧（2026年5月現在）から2026年度硬式加盟校として登録。
PRG000706,SCH000706,hardball,2026,active,active,SRC000060,2026-10-02,東京都高野連加盟校一覧（2026年5月現在）から2026年度硬式加盟校として登録。
PRG000707,SCH000707,hardball,2026,active,active,SRC000060,2026-10-02,東京都高野連加盟校一覧（2026年5月現在）から2026年度硬式加盟校として登録。
PRG000708,SCH000708,hardball,2026,active,active,SRC000060,2026-10-02,東京都高野連加盟校一覧（2026年5月現在）から2026年度硬式加盟校として登録。
PRG000709,SCH000709,hardball,2026,active,active,SRC000060,2026-10-02,東京都高野連加盟校一覧（2026年5月現在）から2026年度硬式加盟校として登録。
PRG000710,SCH000710,hardball,2026,active,active,SRC000060,2026-10-02,東京都高野連加盟校一覧（2026年5月現在）から2026年度硬式加盟校として登録。
PRG000711,SCH000711,hardball,2026,active,active,SRC000060,2026-10-02,東京都高野連加盟校一覧（2026年5月現在）から2026年度硬式加盟校として登録。
PRG000712,SCH000712,hardball,2026,active,active,SRC000060,2026-10-02,東京都高野連加盟校一覧（2026年5月現在）から2026年度硬式加盟校として登録。
PRG000713,SCH000713,hardball,2026,active,active,SRC000060,2026-10-02,東京都高野連加盟校一覧（2026年5月現在）から2026年度硬式加盟校として登録。
PRG000714,SCH000714,hardball,2026,active,active,SRC000060,2026-10-02,東京都高野連加盟校一覧（2026年5月現在）から2026年度硬式加盟校として登録。
PRG000715,SCH000715,hardball,2026,active,active,SRC000060,2026-10-02,東京都高野連加盟校一覧（2026年5月現在）から2026年度硬式加盟校として登録。
PRG000716,SCH000716,hardball,2026,active,active,SRC000060,2026-10-02,東京都高野連加盟校一覧（2026年5月現在）から2026年度硬式加盟校として登録。
PRG000717,SCH000717,hardball,2026,active,active,SRC000060,2026-10-02,東京都高野連加盟校一覧（2026年5月現在）から2026年度硬式加盟校として登録。
PRG000718,SCH000718,hardball,2026,active,active,SRC000060,2026-10-02,東京都高野連加盟校一覧（2026年5月現在）から2026年度硬式加盟校として登録。
PRG000719,SCH000719,hardball,2026,active,active,SRC000060,2026-10-02,東京都高野連加盟校一覧（2026年5月現在）から2026年度硬式加盟校として登録。
PRG000720,SCH000720,hardball,2026,active,active,SRC000060,2026-10-02,東京都高野連加盟校一覧（2026年5月現在）から2026年度硬式加盟校として登録。
PRG000721,SCH000721,hardball,2026,active,active,SRC000060,2026-10-02,東京都高野連加盟校一覧（2026年5月現在）から2026年度硬式加盟校として登録。
PRG000722,SCH000722,hardball,2026,active,active,SRC000060,2026-10-02,東京都高野連加盟校一覧（2026年5月現在）から2026年度硬式加盟校として登録。
PRG000723,SCH000723,hardball,2026,active,active,SRC000060,2026-10-02,東京都高野連加盟校一覧（2026年5月現在）から2026年度硬式加盟校として登録。
PRG000724,SCH000724,hardball,2026,active,active,SRC000060,2026-10-02,東京都高野連加盟校一覧（2026年5月現在）から2026年度硬式加盟校として登録。
PRG000725,SCH000725,hardball,2026,active,active,SRC000060,2026-10-02,東京都高野連加盟校一覧（2026年5月現在）から2026年度硬式加盟校として登録。
PRG000726,SCH000726,hardball,2026,active,active,SRC000060,2026-10-02,東京都高野連加盟校一覧（2026年5月現在）から2026年度硬式加盟校として登録。
PRG000727,SCH000727,hardball,2026,active,active,SRC000060,2026-10-02,東京都高野連加盟校一覧（2026年5月現在）から2026年度硬式加盟校として登録。
PRG000728,SCH000728,hardball,2026,active,active,SRC000060,2026-10-02,東京都高野連加盟校一覧（2026年5月現在）から2026年度硬式加盟校として登録。
PRG000729,SCH000729,hardball,2026,active,active,SRC000060,2026-10-02,東京都高野連加盟校一覧（2026年5月現在）から2026年度硬式加盟校として登録。
PRG000730,SCH000730,hardball,2026,active,active,SRC000060,2026-10-02,東京都高野連加盟校一覧（2026年5月現在）から2026年度硬式加盟校として登録。
PRG000731,SCH000731,hardball,2026,active,active,SRC000060,2026-10-02,東京都高野連加盟校一覧（2026年5月現在）から2026年度硬式加盟校として登録。
PRG000732,SCH000732,hardball,2026,active,active,SRC000060,2026-10-02,東京都高野連加盟校一覧（2026年5月現在）から2026年度硬式加盟校として登録。
PRG000733,SCH000733,hardball,2026,active,active,SRC000060,2026-10-02,東京都高野連加盟校一覧（2026年5月現在）から2026年度硬式加盟校として登録。
PRG000734,SCH000734,hardball,2026,active,active,SRC000060,2026-10-02,東京都高野連加盟校一覧（2026年5月現在）から2026年度硬式加盟校として登録。
PRG000735,SCH000735,hardball,2026,active,active,SRC000060,2026-10-02,東京都高野連加盟校一覧（2026年5月現在）から2026年度硬式加盟校として登録。
PRG000736,SCH000736,hardball,2026,active,active,SRC000060,2026-10-02,東京都高野連加盟校一覧（2026年5月現在）から2026年度硬式加盟校として登録。
PRG000737,SCH000737,hardball,2026,active,active,SRC000060,2026-10-02,東京都高野連加盟校一覧（2026年5月現在）から2026年度硬式加盟校として登録。
PRG000738,SCH000738,hardball,2026,active,active,SRC000060,2026-10-02,東京都高野連加盟校一覧（2026年5月現在）から2026年度硬式加盟校として登録。
PRG000739,SCH000739,hardball,2026,active,active,SRC000060,2026-10-02,東京都高野連加盟校一覧（2026年5月現在）から2026年度硬式加盟校として登録。
PRG000740,SCH000740,hardball,2026,active,active,SRC000060,2026-10-02,東京都高野連加盟校一覧（2026年5月現在）から2026年度硬式加盟校として登録。
PRG000741,SCH000741,hardball,2026,active,active,SRC000060,2026-10-02,東京都高野連加盟校一覧（2026年5月現在）から2026年度硬式加盟校として登録。
PRG000742,SCH000742,hardball,2026,active,active,SRC000060,2026-10-02,東京都高野連加盟校一覧（2026年5月現在）から2026年度硬式加盟校として登録。
PRG000743,SCH000743,hardball,2026,active,active,SRC000060,2026-10-02,東京都高野連加盟校一覧（2026年5月現在）から2026年度硬式加盟校として登録。
PRG000744,SCH000744,hardball,2026,active,active,SRC000060,2026-10-02,東京都高野連加盟校一覧（2026年5月現在）から2026年度硬式加盟校として登録。
PRG000745,SCH000745,hardball,2026,active,active,SRC000060,2026-10-02,東京都高野連加盟校一覧（2026年5月現在）から2026年度硬式加盟校として登録。
PRG000746,SCH000746,hardball,2026,active,active,SRC000060,2026-10-02,東京都高野連加盟校一覧（2026年5月現在）から2026年度硬式加盟校として登録。
PRG000747,SCH000747,hardball,2026,active,active,SRC000060,2026-10-02,東京都高野連加盟校一覧（2026年5月現在）から2026年度硬式加盟校として登録。
PRG000748,SCH000748,hardball,2026,active,active,SRC000060,2026-10-02,東京都高野連加盟校一覧（2026年5月現在）から2026年度硬式加盟校として登録。
PRG000749,SCH000749,hardball,2026,active,active,SRC000060,2026-10-02,東京都高野連加盟校一覧（2026年5月現在）から2026年度硬式加盟校として登録。
PRG000750,SCH000750,hardball,2026,active,active,SRC000060,2026-10-02,東京都高野連加盟校一覧（2026年5月現在）から2026年度硬式加盟校として登録。
PRG000751,SCH000751,hardball,2026,active,active,SRC000060,2026-10-02,東京都高野連加盟校一覧（2026年5月現在）から2026年度硬式加盟校として登録。
PRG000752,SCH000752,hardball,2026,active,active,SRC000060,2026-10-02,東京都高野連加盟校一覧（2026年5月現在）から2026年度硬式加盟校として登録。
PRG000753,SCH000753,hardball,2026,active,active,SRC000060,2026-10-02,東京都高野連加盟校一覧（2026年5月現在）から2026年度硬式加盟校として登録。
PRG000754,SCH000754,hardball,2026,active,active,SRC000060,2026-10-02,東京都高野連加盟校一覧（2026年5月現在）から2026年度硬式加盟校として登録。
PRG000755,SCH000755,hardball,2026,active,active,SRC000060,2026-10-02,東京都高野連加盟校一覧（2026年5月現在）から2026年度硬式加盟校として登録。
PRG000756,SCH000756,hardball,2026,active,active,SRC000060,2026-10-02,東京都高野連加盟校一覧（2026年5月現在）から2026年度硬式加盟校として登録。
PRG000757,SCH000757,hardball,2026,active,active,SRC000060,2026-10-02,東京都高野連加盟校一覧（2026年5月現在）から2026年度硬式加盟校として登録。
PRG000758,SCH000758,hardball,2026,active,active,SRC000060,2026-10-02,東京都高野連加盟校一覧（2026年5月現在）から2026年度硬式加盟校として登録。
PRG000759,SCH000759,hardball,2026,active,active,SRC000060,2026-10-02,東京都高野連加盟校一覧（2026年5月現在）から2026年度硬式加盟校として登録。
PRG000760,SCH000760,hardball,2026,active,active,SRC000060,2026-10-02,東京都高野連加盟校一覧（2026年5月現在）から2026年度硬式加盟校として登録。
PRG000761,SCH000761,hardball,2026,active,active,SRC000060,2026-10-02,東京都高野連加盟校一覧（2026年5月現在）から2026年度硬式加盟校として登録。
PRG000762,SCH000762,hardball,2026,active,active,SRC000060,2026-10-02,東京都高野連加盟校一覧（2026年5月現在）から2026年度硬式加盟校として登録。
PRG000763,SCH000763,hardball,2026,active,active,SRC000060,2026-10-02,東京都高野連加盟校一覧（2026年5月現在）から2026年度硬式加盟校として登録。
PRG000764,SCH000764,hardball,2026,active,active,SRC000060,2026-10-02,東京都高野連加盟校一覧（2026年5月現在）から2026年度硬式加盟校として登録。
PRG000765,SCH000765,hardball,2026,active,active,SRC000060,2026-10-02,東京都高野連加盟校一覧（2026年5月現在）から2026年度硬式加盟校として登録。
PRG000766,SCH000766,hardball,2026,active,active,SRC000060,2026-10-02,東京都高野連加盟校一覧（2026年5月現在）から2026年度硬式加盟校として登録。
PRG000767,SCH000767,hardball,2026,active,active,SRC000060,2026-10-02,東京都高野連加盟校一覧（2026年5月現在）から2026年度硬式加盟校として登録。
PRG000768,SCH000768,hardball,2026,active,active,SRC000060,2026-10-02,東京都高野連加盟校一覧（2026年5月現在）から2026年度硬式加盟校として登録。
PRG000769,SCH000769,hardball,2026,active,active,SRC000060,2026-10-02,東京都高野連加盟校一覧（2026年5月現在）から2026年度硬式加盟校として登録。
PRG000770,SCH000770,hardball,2026,active,active,SRC000060,2026-10-02,東京都高野連加盟校一覧（2026年5月現在）から2026年度硬式加盟校として登録。
PRG000771,SCH000771,hardball,2026,active,active,SRC000060,2026-10-02,東京都高野連加盟校一覧（2026年5月現在）から2026年度硬式加盟校として登録。
PRG000772,SCH000772,hardball,2026,active,active,SRC000060,2026-10-02,東京都高野連加盟校一覧（2026年5月現在）から2026年度硬式加盟校として登録。
PRG000773,SCH000773,hardball,2026,active,active,SRC000060,2026-10-02,東京都高野連加盟校一覧（2026年5月現在）から2026年度硬式加盟校として登録。
PRG000774,SCH000774,hardball,2026,active,active,SRC000060,2026-10-02,東京都高野連加盟校一覧（2026年5月現在）から2026年度硬式加盟校として登録。
PRG000775,SCH000775,hardball,2026,active,active,SRC000060,2026-10-02,東京都高野連加盟校一覧（2026年5月現在）から2026年度硬式加盟校として登録。
PRG000776,SCH000776,hardball,2026,active,active,SRC000060,2026-10-02,東京都高野連加盟校一覧（2026年5月現在）から2026年度硬式加盟校として登録。
PRG000777,SCH000777,hardball,2026,active,active,SRC000060,2026-10-02,東京都高野連加盟校一覧（2026年5月現在）から2026年度硬式加盟校として登録。
PRG000778,SCH000778,hardball,2026,active,active,SRC000060,2026-10-02,東京都高野連加盟校一覧（2026年5月現在）から2026年度硬式加盟校として登録。
PRG000779,SCH000779,hardball,2026,active,active,SRC000060,2026-10-02,東京都高野連加盟校一覧（2026年5月現在）から2026年度硬式加盟校として登録。
PRG000780,SCH000780,hardball,2026,active,active,SRC000060,2026-10-02,東京都高野連加盟校一覧（2026年5月現在）から2026年度硬式加盟校として登録。
PRG000781,SCH000781,hardball,2026,active,active,SRC000060,2026-10-02,東京都高野連加盟校一覧（2026年5月現在）から2026年度硬式加盟校として登録。
PRG000782,SCH000782,hardball,2026,active,active,SRC000060,2026-10-02,東京都高野連加盟校一覧（2026年5月現在）から2026年度硬式加盟校として登録。
PRG000783,SCH000783,hardball,2026,active,active,SRC000060,2026-10-02,東京都高野連加盟校一覧（2026年5月現在）から2026年度硬式加盟校として登録。
PRG000784,SCH000784,hardball,2026,active,active,SRC000060,2026-10-02,東京都高野連加盟校一覧（2026年5月現在）から2026年度硬式加盟校として登録。
PRG000785,SCH000785,hardball,2026,active,active,SRC000060,2026-10-02,東京都高野連加盟校一覧（2026年5月現在）から2026年度硬式加盟校として登録。
PRG000786,SCH000786,hardball,2026,active,active,SRC000060,2026-10-02,東京都高野連加盟校一覧（2026年5月現在）から2026年度硬式加盟校として登録。
PRG000787,SCH000787,hardball,2026,active,active,SRC000060,2026-10-02,東京都高野連加盟校一覧（2026年5月現在）から2026年度硬式加盟校として登録。
PRG000788,SCH000788,hardball,2026,active,active,SRC000060,2026-10-02,東京都高野連加盟校一覧（2026年5月現在）から2026年度硬式加盟校として登録。
PRG000789,SCH000789,hardball,2026,active,active,SRC000060,2026-10-02,東京都高野連加盟校一覧（2026年5月現在）から2026年度硬式加盟校として登録。
PRG000790,SCH000790,hardball,2026,active,active,SRC000060,2026-10-02,東京都高野連加盟校一覧（2026年5月現在）から2026年度硬式加盟校として登録。
PRG000791,SCH000791,hardball,2026,active,active,SRC000060,2026-10-02,東京都高野連加盟校一覧（2026年5月現在）から2026年度硬式加盟校として登録。
PRG000792,SCH000792,hardball,2026,active,active,SRC000060,2026-10-02,東京都高野連加盟校一覧（2026年5月現在）から2026年度硬式加盟校として登録。
PRG000793,SCH000793,hardball,2026,active,active,SRC000060,2026-10-02,東京都高野連加盟校一覧（2026年5月現在）から2026年度硬式加盟校として登録。
PRG000794,SCH000794,hardball,2026,active,active,SRC000060,2026-10-02,東京都高野連加盟校一覧（2026年5月現在）から2026年度硬式加盟校として登録。
PRG000795,SCH000795,hardball,2026,active,active,SRC000060,2026-10-02,東京都高野連加盟校一覧（2026年5月現在）から2026年度硬式加盟校として登録。
PRG000796,SCH000796,hardball,2026,active,active,SRC000060,2026-10-02,東京都高野連加盟校一覧（2026年5月現在）から2026年度硬式加盟校として登録。
PRG000797,SCH000797,hardball,2026,active,active,SRC000060,2026-10-02,東京都高野連加盟校一覧（2026年5月現在）から2026年度硬式加盟校として登録。
PRG000798,SCH000798,hardball,2026,active,active,SRC000060,2026-10-02,東京都高野連加盟校一覧（2026年5月現在）から2026年度硬式加盟校として登録。
PRG000799,SCH000799,hardball,2026,active,active,SRC000060,2026-10-02,東京都高野連加盟校一覧（2026年5月現在）から2026年度硬式加盟校として登録。
PRG000800,SCH000800,hardball,2026,active,active,SRC000060,2026-10-02,東京都高野連加盟校一覧（2026年5月現在）から2026年度硬式加盟校として登録。
PRG000801,SCH000801,hardball,2026,active,active,SRC000060,2026-10-02,東京都高野連加盟校一覧（2026年5月現在）から2026年度硬式加盟校として登録。
PRG000802,SCH000802,hardball,2026,active,active,SRC000060,2026-10-02,東京都高野連加盟校一覧（2026年5月現在）から2026年度硬式加盟校として登録。
PRG000803,SCH000803,hardball,2026,active,active,SRC000060,2026-10-02,東京都高野連加盟校一覧（2026年5月現在）から2026年度硬式加盟校として登録。
PRG000804,SCH000804,hardball,2026,active,active,SRC000060,2026-10-02,東京都高野連加盟校一覧（2026年5月現在）から2026年度硬式加盟校として登録。
PRG000805,SCH000805,hardball,2026,active,active,SRC000060,2026-10-02,東京都高野連加盟校一覧（2026年5月現在）から2026年度硬式加盟校として登録。
PRG000806,SCH000806,hardball,2026,active,active,SRC000060,2026-10-02,東京都高野連加盟校一覧（2026年5月現在）から2026年度硬式加盟校として登録。
PRG000807,SCH000807,hardball,2026,active,active,SRC000060,2026-10-02,東京都高野連加盟校一覧（2026年5月現在）から2026年度硬式加盟校として登録。
PRG000808,SCH000808,hardball,2026,active,active,SRC000060,2026-10-02,東京都高野連加盟校一覧（2026年5月現在）から2026年度硬式加盟校として登録。
PRG000809,SCH000809,hardball,2026,active,active,SRC000060,2026-10-02,東京都高野連加盟校一覧（2026年5月現在）から2026年度硬式加盟校として登録。
PRG000810,SCH000810,hardball,2026,active,active,SRC000060,2026-10-02,東京都高野連加盟校一覧（2026年5月現在）から2026年度硬式加盟校として登録。
PRG000811,SCH000811,hardball,2026,active,active,SRC000060,2026-10-02,東京都高野連加盟校一覧（2026年5月現在）から2026年度硬式加盟校として登録。
PRG000812,SCH000812,hardball,2026,active,active,SRC000060,2026-10-02,東京都高野連加盟校一覧（2026年5月現在）から2026年度硬式加盟校として登録。
PRG000813,SCH000813,hardball,2026,active,active,SRC000060,2026-10-02,東京都高野連加盟校一覧（2026年5月現在）から2026年度硬式加盟校として登録。
PRG000814,SCH000814,hardball,2026,active,active,SRC000060,2026-10-02,東京都高野連加盟校一覧（2026年5月現在）から2026年度硬式加盟校として登録。
PRG000815,SCH000815,hardball,2026,active,active,SRC000060,2026-10-02,東京都高野連加盟校一覧（2026年5月現在）から2026年度硬式加盟校として登録。
PRG000816,SCH000816,hardball,2026,active,active,SRC000060,2026-10-02,東京都高野連加盟校一覧（2026年5月現在）から2026年度硬式加盟校として登録。
PRG000817,SCH000817,hardball,2026,active,active,SRC000060,2026-10-02,東京都高野連加盟校一覧（2026年5月現在）から2026年度硬式加盟校として登録。
PRG000818,SCH000818,hardball,2026,active,active,SRC000060,2026-10-02,東京都高野連加盟校一覧（2026年5月現在）から2026年度硬式加盟校として登録。
PRG000819,SCH000819,hardball,2026,active,active,SRC000060,2026-10-02,東京都高野連加盟校一覧（2026年5月現在）から2026年度硬式加盟校として登録。
PRG000820,SCH000820,hardball,2026,active,active,SRC000060,2026-10-02,東京都高野連加盟校一覧（2026年5月現在）から2026年度硬式加盟校として登録。
PRG000821,SCH000821,hardball,2026,active,active,SRC000060,2026-10-02,東京都高野連加盟校一覧（2026年5月現在）から2026年度硬式加盟校として登録。
PRG000822,SCH000822,hardball,2026,active,active,SRC000060,2026-10-02,東京都高野連加盟校一覧（2026年5月現在）から2026年度硬式加盟校として登録。
PRG000823,SCH000823,hardball,2026,active,active,SRC000060,2026-10-02,東京都高野連加盟校一覧（2026年5月現在）から2026年度硬式加盟校として登録。
PRG000824,SCH000824,hardball,2026,active,active,SRC000060,2026-10-02,東京都高野連加盟校一覧（2026年5月現在）から2026年度硬式加盟校として登録。
PRG000825,SCH000825,hardball,2026,active,active,SRC000060,2026-10-02,東京都高野連加盟校一覧（2026年5月現在）から2026年度硬式加盟校として登録。
PRG000826,SCH000826,hardball,2026,active,active,SRC000060,2026-10-02,東京都高野連加盟校一覧（2026年5月現在）から2026年度硬式加盟校として登録。
PRG000827,SCH000827,hardball,2026,active,active,SRC000060,2026-10-02,東京都高野連加盟校一覧（2026年5月現在）から2026年度硬式加盟校として登録。
PRG000828,SCH000828,hardball,2026,active,active,SRC000060,2026-10-02,東京都高野連加盟校一覧（2026年5月現在）から2026年度硬式加盟校として登録。
PRG000829,SCH000829,hardball,2026,active,active,SRC000060,2026-10-02,東京都高野連加盟校一覧（2026年5月現在）から2026年度硬式加盟校として登録。
PRG000830,SCH000830,hardball,2026,active,active,SRC000060,2026-10-02,東京都高野連加盟校一覧（2026年5月現在）から2026年度硬式加盟校として登録。
PRG000831,SCH000831,hardball,2026,active,active,SRC000060,2026-10-02,東京都高野連加盟校一覧（2026年5月現在）から2026年度硬式加盟校として登録。
PRG000832,SCH000832,hardball,2026,active,active,SRC000060,2026-10-02,東京都高野連加盟校一覧（2026年5月現在）から2026年度硬式加盟校として登録。
PRG000833,SCH000833,hardball,2026,active,active,SRC000060,2026-10-02,東京都高野連加盟校一覧（2026年5月現在）から2026年度硬式加盟校として登録。
PRG000834,SCH000834,hardball,2026,active,active,SRC000060,2026-10-02,東京都高野連加盟校一覧（2026年5月現在）から2026年度硬式加盟校として登録。
PRG000835,SCH000835,hardball,2026,active,active,SRC000060,2026-10-02,東京都高野連加盟校一覧（2026年5月現在）から2026年度硬式加盟校として登録。
PRG000836,SCH000836,hardball,2026,active,active,SRC000060,2026-10-02,東京都高野連加盟校一覧（2026年5月現在）から2026年度硬式加盟校として登録。
PRG000837,SCH000837,hardball,2026,active,active,SRC000060,2026-10-02,東京都高野連加盟校一覧（2026年5月現在）から2026年度硬式加盟校として登録。
PRG000838,SCH000838,hardball,2026,active,active,SRC000060,2026-10-02,東京都高野連加盟校一覧（2026年5月現在）から2026年度硬式加盟校として登録。
PRG000839,SCH000839,hardball,2026,active,active,SRC000060,2026-10-02,東京都高野連加盟校一覧（2026年5月現在）から2026年度硬式加盟校として登録。
PRG000840,SCH000840,hardball,2026,active,active,SRC000060,2026-10-02,東京都高野連加盟校一覧（2026年5月現在）から2026年度硬式加盟校として登録。
PRG000841,SCH000841,hardball,2026,active,active,SRC000060,2026-10-02,東京都高野連加盟校一覧（2026年5月現在）から2026年度硬式加盟校として登録。
PRG000842,SCH000842,hardball,2026,active,active,SRC000060,2026-10-02,東京都高野連加盟校一覧（2026年5月現在）から2026年度硬式加盟校として登録。
PRG000843,SCH000843,hardball,2026,active,active,SRC000060,2026-10-02,東京都高野連加盟校一覧（2026年5月現在）から2026年度硬式加盟校として登録。
PRG000844,SCH000844,hardball,2026,active,active,SRC000060,2026-10-02,東京都高野連加盟校一覧（2026年5月現在）から2026年度硬式加盟校として登録。
PRG000845,SCH000845,hardball,2026,active,active,SRC000060,2026-10-02,東京都高野連加盟校一覧（2026年5月現在）から2026年度硬式加盟校として登録。
PRG000846,SCH000846,hardball,2026,active,active,SRC000060,2026-10-02,東京都高野連加盟校一覧（2026年5月現在）から2026年度硬式加盟校として登録。
PRG000847,SCH000847,hardball,2026,active,active,SRC000060,2026-10-02,東京都高野連加盟校一覧（2026年5月現在）から2026年度硬式加盟校として登録。
PRG000848,SCH000848,hardball,2026,active,active,SRC000060,2026-10-02,東京都高野連加盟校一覧（2026年5月現在）から2026年度硬式加盟校として登録。
PRG000849,SCH000849,hardball,2026,active,active,SRC000060,2026-10-02,東京都高野連加盟校一覧（2026年5月現在）から2026年度硬式加盟校として登録。
PRG000850,SCH000850,hardball,2026,active,active,SRC000060,2026-10-02,東京都高野連加盟校一覧（2026年5月現在）から2026年度硬式加盟校として登録。
PRG000851,SCH000851,hardball,2026,active,active,SRC000060,2026-10-02,東京都高野連加盟校一覧（2026年5月現在）から2026年度硬式加盟校として登録。
PRG000852,SCH000852,hardball,2026,active,active,SRC000060,2026-10-02,東京都高野連加盟校一覧（2026年5月現在）から2026年度硬式加盟校として登録。
PRG000853,SCH000853,hardball,2026,active,active,SRC000060,2026-10-02,東京都高野連加盟校一覧（2026年5月現在）から2026年度硬式加盟校として登録。
PRG000854,SCH000854,hardball,2026,active,active,SRC000060,2026-10-02,東京都高野連加盟校一覧（2026年5月現在）から2026年度硬式加盟校として登録。
PRG000855,SCH000855,hardball,2026,active,active,SRC000060,2026-10-02,東京都高野連加盟校一覧（2026年5月現在）から2026年度硬式加盟校として登録。
PRG000856,SCH000856,hardball,2026,active,active,SRC000060,2026-10-02,東京都高野連加盟校一覧（2026年5月現在）から2026年度硬式加盟校として登録。
PRG000857,SCH000857,hardball,2026,active,active,SRC000060,2026-10-02,東京都高野連加盟校一覧（2026年5月現在）から2026年度硬式加盟校として登録。
PRG000858,SCH000858,hardball,2026,active,active,SRC000060,2026-10-02,東京都高野連加盟校一覧（2026年5月現在）から2026年度硬式加盟校として登録。
PRG000859,SCH000859,hardball,2026,active,active,SRC000060,2026-10-02,東京都高野連加盟校一覧（2026年5月現在）から2026年度硬式加盟校として登録。
PRG000860,SCH000860,hardball,2026,active,active,SRC000060,2026-10-02,東京都高野連加盟校一覧（2026年5月現在）から2026年度硬式加盟校として登録。
PRG000861,SCH000861,hardball,2026,active,active,SRC000060,2026-10-02,東京都高野連加盟校一覧（2026年5月現在）から2026年度硬式加盟校として登録。
PRG000862,SCH000862,hardball,2026,active,active,SRC000060,2026-10-02,東京都高野連加盟校一覧（2026年5月現在）から2026年度硬式加盟校として登録。
PRG000863,SCH000863,hardball,2026,active,active,SRC000060,2026-10-02,東京都高野連加盟校一覧（2026年5月現在）から2026年度硬式加盟校として登録。
PRG000864,SCH000864,hardball,2026,active,active,SRC000060,2026-10-02,東京都高野連加盟校一覧（2026年5月現在）から2026年度硬式加盟校として登録。
PRG000865,SCH000865,hardball,2026,active,active,SRC000060,2026-10-02,東京都高野連加盟校一覧（2026年5月現在）から2026年度硬式加盟校として登録。
PRG000866,SCH000866,hardball,2026,active,active,SRC000060,2026-10-02,東京都高野連加盟校一覧（2026年5月現在）から2026年度硬式加盟校として登録。
PRG000867,SCH000867,hardball,2026,active,active,SRC000060,2026-10-02,東京都高野連加盟校一覧（2026年5月現在）から2026年度硬式加盟校として登録。
PRG000868,SCH000868,hardball,2026,active,active,SRC000060,2026-10-02,東京都高野連加盟校一覧（2026年5月現在）から2026年度硬式加盟校として登録。
PRG000869,SCH000869,hardball,2026,active,active,SRC000060,2026-10-02,東京都高野連加盟校一覧（2026年5月現在）から2026年度硬式加盟校として登録。
PRG000870,SCH000870,hardball,2026,active,active,SRC000060,2026-10-02,東京都高野連加盟校一覧（2026年5月現在）から2026年度硬式加盟校として登録。
PRG000871,SCH000871,hardball,2026,active,active,SRC000060,2026-10-02,東京都高野連加盟校一覧（2026年5月現在）から2026年度硬式加盟校として登録。
PRG000872,SCH000872,hardball,2026,active,active,SRC000060,2026-10-02,東京都高野連加盟校一覧（2026年5月現在）から2026年度硬式加盟校として登録。
PRG000873,SCH000873,hardball,2026,active,active,SRC000060,2026-10-02,東京都高野連加盟校一覧（2026年5月現在）から2026年度硬式加盟校として登録。
PRG000874,SCH000874,hardball,2026,active,active,SRC000060,2026-10-02,東京都高野連加盟校一覧（2026年5月現在）から2026年度硬式加盟校として登録。
PRG000875,SCH000875,hardball,2026,active,active,SRC000060,2026-10-02,東京都高野連加盟校一覧（2026年5月現在）から2026年度硬式加盟校として登録。
PRG000876,SCH000876,hardball,2026,active,active,SRC000060,2026-10-02,東京都高野連加盟校一覧（2026年5月現在）から2026年度硬式加盟校として登録。
PRG000877,SCH000877,hardball,2026,active,active,SRC000060,2026-10-02,東京都高野連加盟校一覧（2026年5月現在）から2026年度硬式加盟校として登録。
PRG000878,SCH000878,hardball,2026,active,active,SRC000060,2026-10-02,東京都高野連加盟校一覧（2026年5月現在）から2026年度硬式加盟校として登録。
PRG000879,SCH000879,hardball,2026,active,active,SRC000060,2026-10-02,東京都高野連加盟校一覧（2026年5月現在）から2026年度硬式加盟校として登録。
PRG000880,SCH000880,hardball,2026,active,active,SRC000060,2026-10-02,東京都高野連加盟校一覧（2026年5月現在）から2026年度硬式加盟校として登録。
PRG000881,SCH000881,hardball,2026,active,active,SRC000060,2026-10-02,東京都高野連加盟校一覧（2026年5月現在）から2026年度硬式加盟校として登録。
PRG000882,SCH000882,hardball,2026,active,active,SRC000060,2026-10-02,東京都高野連加盟校一覧（2026年5月現在）から2026年度硬式加盟校として登録。
PRG000883,SCH000883,hardball,2026,active,active,SRC000060,2026-10-02,東京都高野連加盟校一覧（2026年5月現在）から2026年度硬式加盟校として登録。
PRG000884,SCH000884,hardball,2026,active,active,SRC000060,2026-10-02,東京都高野連加盟校一覧（2026年5月現在）から2026年度硬式加盟校として登録。
PRG000885,SCH000885,hardball,2026,active,active,SRC000060,2026-10-02,東京都高野連加盟校一覧（2026年5月現在）から2026年度硬式加盟校として登録。
PRG000886,SCH000886,hardball,2026,active,active,SRC000060,2026-10-02,東京都高野連加盟校一覧（2026年5月現在）から2026年度硬式加盟校として登録。
PRG000887,SCH000887,hardball,2026,active,active,SRC000060,2026-10-02,東京都高野連加盟校一覧（2026年5月現在）から2026年度硬式加盟校として登録。
PRG000888,SCH000888,hardball,2026,active,active,SRC000060,2026-10-02,東京都高野連加盟校一覧（2026年5月現在）から2026年度硬式加盟校として登録。
PRG000889,SCH000889,hardball,2026,active,active,SRC000060,2026-10-02,東京都高野連加盟校一覧（2026年5月現在）から2026年度硬式加盟校として登録。
PRG000890,SCH000890,hardball,2026,active,active,SRC000060,2026-10-02,東京都高野連加盟校一覧（2026年5月現在）から2026年度硬式加盟校として登録。
PRG000891,SCH000891,hardball,2026,active,active,SRC000060,2026-10-02,東京都高野連加盟校一覧（2026年5月現在）から2026年度硬式加盟校として登録。
PRG000892,SCH000892,hardball,2026,active,active,SRC000060,2026-10-02,東京都高野連加盟校一覧（2026年5月現在）から2026年度硬式加盟校として登録。
PRG000893,SCH000893,hardball,2026,active,active,SRC000060,2026-10-02,東京都高野連加盟校一覧（2026年5月現在）から2026年度硬式加盟校として登録。
PRG000894,SCH000894,hardball,2026,active,active,SRC000060,2026-10-02,東京都高野連加盟校一覧（2026年5月現在）から2026年度硬式加盟校として登録。
PRG000895,SCH000895,hardball,2026,active,active,SRC000060,2026-10-02,東京都高野連加盟校一覧（2026年5月現在）から2026年度硬式加盟校として登録。
PRG000896,SCH000896,hardball,2026,active,active,SRC000060,2026-10-02,東京都高野連加盟校一覧（2026年5月現在）から2026年度硬式加盟校として登録。
PRG000897,SCH000897,hardball,2026,active,active,SRC000060,2026-10-02,東京都高野連加盟校一覧（2026年5月現在）から2026年度硬式加盟校として登録。
PRG000898,SCH000898,hardball,2026,active,active,SRC000060,2026-10-02,東京都高野連加盟校一覧（2026年5月現在）から2026年度硬式加盟校として登録。
PRG000899,SCH000899,hardball,2026,active,active,SRC000060,2026-10-02,東京都高野連加盟校一覧（2026年5月現在）から2026年度硬式加盟校として登録。
PRG000900,SCH000900,hardball,2026,active,active,SRC000060,2026-10-02,東京都高野連加盟校一覧（2026年5月現在）から2026年度硬式加盟校として登録。
PRG000901,SCH000901,hardball,2026,active,active,SRC000060,2026-10-02,東京都高野連加盟校一覧（2026年5月現在）から2026年度硬式加盟校として登録。
PRG000902,SCH000902,hardball,2026,active,active,SRC000060,2026-10-02,東京都高野連加盟校一覧（2026年5月現在）から2026年度硬式加盟校として登録。
PRG000903,SCH000903,hardball,2026,active,active,SRC000060,2026-10-02,東京都高野連加盟校一覧（2026年5月現在）から2026年度硬式加盟校として登録。
PRG000904,SCH000904,hardball,2026,active,active,SRC000059,2026-10-02,2026年度硬式加盟校として千葉県高野連公式加盟校一覧（8ブロック）から登録。
PRG000905,SCH000905,hardball,2026,active,active,SRC000059,2026-10-02,2026年度硬式加盟校として千葉県高野連公式加盟校一覧（8ブロック）から登録。
PRG000906,SCH000906,hardball,2026,active,active,SRC000059,2026-10-02,2026年度硬式加盟校として千葉県高野連公式加盟校一覧（8ブロック）から登録。
PRG000907,SCH000907,hardball,2026,active,active,SRC000059,2026-10-02,2026年度硬式加盟校として千葉県高野連公式加盟校一覧（8ブロック）から登録。
PRG000908,SCH000908,hardball,2026,active,active,SRC000059,2026-10-02,2026年度硬式加盟校として千葉県高野連公式加盟校一覧（8ブロック）から登録。
PRG000909,SCH000909,hardball,2026,active,active,SRC000059,2026-10-02,2026年度硬式加盟校として千葉県高野連公式加盟校一覧（8ブロック）から登録。
PRG000910,SCH000910,hardball,2026,active,active,SRC000059,2026-10-02,2026年度硬式加盟校として千葉県高野連公式加盟校一覧（8ブロック）から登録。
PRG000911,SCH000911,hardball,2026,active,active,SRC000059,2026-10-02,2026年度硬式加盟校として千葉県高野連公式加盟校一覧（8ブロック）から登録。
PRG000912,SCH000912,hardball,2026,active,active,SRC000059,2026-10-02,2026年度硬式加盟校として千葉県高野連公式加盟校一覧（8ブロック）から登録。
PRG000913,SCH000913,hardball,2026,active,active,SRC000059,2026-10-02,2026年度硬式加盟校として千葉県高野連公式加盟校一覧（8ブロック）から登録。
PRG000914,SCH000914,hardball,2026,active,active,SRC000059,2026-10-02,2026年度硬式加盟校として千葉県高野連公式加盟校一覧（8ブロック）から登録。
PRG000915,SCH000915,hardball,2026,active,active,SRC000059,2026-10-02,2026年度硬式加盟校として千葉県高野連公式加盟校一覧（8ブロック）から登録。
PRG000916,SCH000916,hardball,2026,active,active,SRC000059,2026-10-02,2026年度硬式加盟校として千葉県高野連公式加盟校一覧（8ブロック）から登録。
PRG000917,SCH000917,hardball,2026,active,active,SRC000059,2026-10-02,2026年度硬式加盟校として千葉県高野連公式加盟校一覧（8ブロック）から登録。
PRG000918,SCH000918,hardball,2026,active,active,SRC000059,2026-10-02,2026年度硬式加盟校として千葉県高野連公式加盟校一覧（8ブロック）から登録。
PRG000919,SCH000919,hardball,2026,active,active,SRC000059,2026-10-02,2026年度硬式加盟校として千葉県高野連公式加盟校一覧（8ブロック）から登録。
PRG000920,SCH000920,hardball,2026,active,active,SRC000059,2026-10-02,2026年度硬式加盟校として千葉県高野連公式加盟校一覧（8ブロック）から登録。
PRG000921,SCH000921,hardball,2026,active,active,SRC000059,2026-10-02,2026年度硬式加盟校として千葉県高野連公式加盟校一覧（8ブロック）から登録。
PRG000922,SCH000922,hardball,2026,active,active,SRC000059,2026-10-02,2026年度硬式加盟校として千葉県高野連公式加盟校一覧（8ブロック）から登録。
PRG000923,SCH000923,hardball,2026,active,active,SRC000059,2026-10-02,2026年度硬式加盟校として千葉県高野連公式加盟校一覧（8ブロック）から登録。
PRG000924,SCH000924,hardball,2026,active,active,SRC000059,2026-10-02,2026年度硬式加盟校として千葉県高野連公式加盟校一覧（8ブロック）から登録。
PRG000925,SCH000925,hardball,2026,active,active,SRC000059,2026-10-02,2026年度硬式加盟校として千葉県高野連公式加盟校一覧（8ブロック）から登録。
PRG000926,SCH000926,hardball,2026,active,active,SRC000059,2026-10-02,2026年度硬式加盟校として千葉県高野連公式加盟校一覧（8ブロック）から登録。
PRG000927,SCH000927,hardball,2026,active,active,SRC000059,2026-10-02,2026年度硬式加盟校として千葉県高野連公式加盟校一覧（8ブロック）から登録。
PRG000928,SCH000928,hardball,2026,active,active,SRC000059,2026-10-02,2026年度硬式加盟校として千葉県高野連公式加盟校一覧（8ブロック）から登録。
PRG000929,SCH000929,hardball,2026,active,active,SRC000059,2026-10-02,2026年度硬式加盟校として千葉県高野連公式加盟校一覧（8ブロック）から登録。
PRG000930,SCH000930,hardball,2026,active,active,SRC000059,2026-10-02,2026年度硬式加盟校として千葉県高野連公式加盟校一覧（8ブロック）から登録。
PRG000931,SCH000931,hardball,2026,active,active,SRC000059,2026-10-02,2026年度硬式加盟校として千葉県高野連公式加盟校一覧（8ブロック）から登録。
PRG000932,SCH000932,hardball,2026,active,active,SRC000059,2026-10-02,2026年度硬式加盟校として千葉県高野連公式加盟校一覧（8ブロック）から登録。
PRG000933,SCH000933,hardball,2026,active,active,SRC000059,2026-10-02,2026年度硬式加盟校として千葉県高野連公式加盟校一覧（8ブロック）から登録。
PRG000934,SCH000934,hardball,2026,active,active,SRC000059,2026-10-02,2026年度硬式加盟校として千葉県高野連公式加盟校一覧（8ブロック）から登録。
PRG000935,SCH000935,hardball,2026,active,active,SRC000059,2026-10-02,2026年度硬式加盟校として千葉県高野連公式加盟校一覧（8ブロック）から登録。
PRG000936,SCH000936,hardball,2026,active,active,SRC000059,2026-10-02,2026年度硬式加盟校として千葉県高野連公式加盟校一覧（8ブロック）から登録。
PRG000937,SCH000937,hardball,2026,active,active,SRC000059,2026-10-02,2026年度硬式加盟校として千葉県高野連公式加盟校一覧（8ブロック）から登録。
PRG000938,SCH000938,hardball,2026,active,active,SRC000059,2026-10-02,2026年度硬式加盟校として千葉県高野連公式加盟校一覧（8ブロック）から登録。
PRG000939,SCH000939,hardball,2026,active,active,SRC000059,2026-10-02,2026年度硬式加盟校として千葉県高野連公式加盟校一覧（8ブロック）から登録。
PRG000940,SCH000940,hardball,2026,active,active,SRC000059,2026-10-02,2026年度硬式加盟校として千葉県高野連公式加盟校一覧（8ブロック）から登録。
PRG000941,SCH000941,hardball,2026,active,active,SRC000059,2026-10-02,2026年度硬式加盟校として千葉県高野連公式加盟校一覧（8ブロック）から登録。
PRG000942,SCH000942,hardball,2026,active,active,SRC000059,2026-10-02,2026年度硬式加盟校として千葉県高野連公式加盟校一覧（8ブロック）から登録。
PRG000943,SCH000943,hardball,2026,active,active,SRC000059,2026-10-02,2026年度硬式加盟校として千葉県高野連公式加盟校一覧（8ブロック）から登録。
PRG000944,SCH000944,hardball,2026,active,active,SRC000059,2026-10-02,2026年度硬式加盟校として千葉県高野連公式加盟校一覧（8ブロック）から登録。
PRG000945,SCH000945,hardball,2026,active,active,SRC000059,2026-10-02,2026年度硬式加盟校として千葉県高野連公式加盟校一覧（8ブロック）から登録。
PRG000946,SCH000946,hardball,2026,active,active,SRC000059,2026-10-02,2026年度硬式加盟校として千葉県高野連公式加盟校一覧（8ブロック）から登録。
PRG000947,SCH000947,hardball,2026,active,active,SRC000059,2026-10-02,2026年度硬式加盟校として千葉県高野連公式加盟校一覧（8ブロック）から登録。
PRG000948,SCH000948,hardball,2026,active,active,SRC000059,2026-10-02,2026年度硬式加盟校として千葉県高野連公式加盟校一覧（8ブロック）から登録。
PRG000949,SCH000949,hardball,2026,active,active,SRC000059,2026-10-02,2026年度硬式加盟校として千葉県高野連公式加盟校一覧（8ブロック）から登録。
PRG000950,SCH000950,hardball,2026,active,active,SRC000059,2026-10-02,2026年度硬式加盟校として千葉県高野連公式加盟校一覧（8ブロック）から登録。
PRG000951,SCH000951,hardball,2026,active,active,SRC000059,2026-10-02,2026年度硬式加盟校として千葉県高野連公式加盟校一覧（8ブロック）から登録。
PRG000952,SCH000952,hardball,2026,active,active,SRC000059,2026-10-02,2026年度硬式加盟校として千葉県高野連公式加盟校一覧（8ブロック）から登録。
PRG000953,SCH000953,hardball,2026,active,active,SRC000059,2026-10-02,2026年度硬式加盟校として千葉県高野連公式加盟校一覧（8ブロック）から登録。
PRG000954,SCH000954,hardball,2026,active,active,SRC000059,2026-10-02,2026年度硬式加盟校として千葉県高野連公式加盟校一覧（8ブロック）から登録。
PRG000955,SCH000955,hardball,2026,active,active,SRC000059,2026-10-02,2026年度硬式加盟校として千葉県高野連公式加盟校一覧（8ブロック）から登録。
PRG000956,SCH000956,hardball,2026,active,active,SRC000059,2026-10-02,2026年度硬式加盟校として千葉県高野連公式加盟校一覧（8ブロック）から登録。
PRG000957,SCH000957,hardball,2026,active,active,SRC000059,2026-10-02,2026年度硬式加盟校として千葉県高野連公式加盟校一覧（8ブロック）から登録。
PRG000958,SCH000958,hardball,2026,active,active,SRC000059,2026-10-02,2026年度硬式加盟校として千葉県高野連公式加盟校一覧（8ブロック）から登録。
PRG000959,SCH000959,hardball,2026,active,active,SRC000059,2026-10-02,2026年度硬式加盟校として千葉県高野連公式加盟校一覧（8ブロック）から登録。
PRG000960,SCH000960,hardball,2026,active,active,SRC000059,2026-10-02,2026年度硬式加盟校として千葉県高野連公式加盟校一覧（8ブロック）から登録。
PRG000961,SCH000961,hardball,2026,active,active,SRC000059,2026-10-02,2026年度硬式加盟校として千葉県高野連公式加盟校一覧（8ブロック）から登録。
PRG000962,SCH000962,hardball,2026,active,active,SRC000059,2026-10-02,2026年度硬式加盟校として千葉県高野連公式加盟校一覧（8ブロック）から登録。
PRG000963,SCH000963,hardball,2026,active,active,SRC000059,2026-10-02,2026年度硬式加盟校として千葉県高野連公式加盟校一覧（8ブロック）から登録。
PRG000964,SCH000964,hardball,2026,active,active,SRC000059,2026-10-02,2026年度硬式加盟校として千葉県高野連公式加盟校一覧（8ブロック）から登録。
PRG000965,SCH000965,hardball,2026,active,active,SRC000059,2026-10-02,2026年度硬式加盟校として千葉県高野連公式加盟校一覧（8ブロック）から登録。
PRG000966,SCH000966,hardball,2026,active,active,SRC000059,2026-10-02,2026年度硬式加盟校として千葉県高野連公式加盟校一覧（8ブロック）から登録。
PRG000967,SCH000967,hardball,2026,active,active,SRC000059,2026-10-02,2026年度硬式加盟校として千葉県高野連公式加盟校一覧（8ブロック）から登録。
PRG000968,SCH000968,hardball,2026,active,active,SRC000059,2026-10-02,2026年度硬式加盟校として千葉県高野連公式加盟校一覧（8ブロック）から登録。
PRG000969,SCH000969,hardball,2026,active,active,SRC000059,2026-10-02,2026年度硬式加盟校として千葉県高野連公式加盟校一覧（8ブロック）から登録。
PRG000970,SCH000970,hardball,2026,active,active,SRC000059,2026-10-02,2026年度硬式加盟校として千葉県高野連公式加盟校一覧（8ブロック）から登録。
PRG000971,SCH000971,hardball,2026,active,active,SRC000059,2026-10-02,2026年度硬式加盟校として千葉県高野連公式加盟校一覧（8ブロック）から登録。
PRG000972,SCH000972,hardball,2026,active,active,SRC000059,2026-10-02,2026年度硬式加盟校として千葉県高野連公式加盟校一覧（8ブロック）から登録。
PRG000973,SCH000973,hardball,2026,active,active,SRC000059,2026-10-02,2026年度硬式加盟校として千葉県高野連公式加盟校一覧（8ブロック）から登録。
PRG000974,SCH000974,hardball,2026,active,active,SRC000059,2026-10-02,2026年度硬式加盟校として千葉県高野連公式加盟校一覧（8ブロック）から登録。
PRG000975,SCH000975,hardball,2026,active,active,SRC000059,2026-10-02,2026年度硬式加盟校として千葉県高野連公式加盟校一覧（8ブロック）から登録。
PRG000976,SCH000976,hardball,2026,active,active,SRC000059,2026-10-02,2026年度硬式加盟校として千葉県高野連公式加盟校一覧（8ブロック）から登録。
PRG000977,SCH000977,hardball,2026,active,active,SRC000059,2026-10-02,2026年度硬式加盟校として千葉県高野連公式加盟校一覧（8ブロック）から登録。
PRG000978,SCH000978,hardball,2026,active,active,SRC000059,2026-10-02,2026年度硬式加盟校として千葉県高野連公式加盟校一覧（8ブロック）から登録。
PRG000979,SCH000979,hardball,2026,active,active,SRC000059,2026-10-02,2026年度硬式加盟校として千葉県高野連公式加盟校一覧（8ブロック）から登録。
PRG000980,SCH000980,hardball,2026,active,active,SRC000059,2026-10-02,2026年度硬式加盟校として千葉県高野連公式加盟校一覧（8ブロック）から登録。
PRG000981,SCH000981,hardball,2026,active,active,SRC000059,2026-10-02,2026年度硬式加盟校として千葉県高野連公式加盟校一覧（8ブロック）から登録。
PRG000982,SCH000982,hardball,2026,active,active,SRC000059,2026-10-02,2026年度硬式加盟校として千葉県高野連公式加盟校一覧（8ブロック）から登録。
PRG000983,SCH000983,hardball,2026,active,active,SRC000059,2026-10-02,2026年度硬式加盟校として千葉県高野連公式加盟校一覧（8ブロック）から登録。
PRG000984,SCH000984,hardball,2026,active,active,SRC000059,2026-10-02,2026年度硬式加盟校として千葉県高野連公式加盟校一覧（8ブロック）から登録。
PRG000985,SCH000985,hardball,2026,active,active,SRC000059,2026-10-02,2026年度硬式加盟校として千葉県高野連公式加盟校一覧（8ブロック）から登録。
PRG000986,SCH000986,hardball,2026,active,active,SRC000059,2026-10-02,2026年度硬式加盟校として千葉県高野連公式加盟校一覧（8ブロック）から登録。
PRG000987,SCH000987,hardball,2026,active,active,SRC000059,2026-10-02,2026年度硬式加盟校として千葉県高野連公式加盟校一覧（8ブロック）から登録。
PRG000988,SCH000988,hardball,2026,active,active,SRC000059,2026-10-02,2026年度硬式加盟校として千葉県高野連公式加盟校一覧（8ブロック）から登録。
PRG000989,SCH000989,hardball,2026,active,active,SRC000059,2026-10-02,2026年度硬式加盟校として千葉県高野連公式加盟校一覧（8ブロック）から登録。
PRG000990,SCH000990,hardball,2026,active,active,SRC000059,2026-10-02,2026年度硬式加盟校として千葉県高野連公式加盟校一覧（8ブロック）から登録。
PRG000991,SCH000991,hardball,2026,active,active,SRC000059,2026-10-02,2026年度硬式加盟校として千葉県高野連公式加盟校一覧（8ブロック）から登録。
PRG000992,SCH000992,hardball,2026,active,active,SRC000059,2026-10-02,2026年度硬式加盟校として千葉県高野連公式加盟校一覧（8ブロック）から登録。
PRG000993,SCH000993,hardball,2026,active,active,SRC000059,2026-10-02,2026年度硬式加盟校として千葉県高野連公式加盟校一覧（8ブロック）から登録。
PRG000994,SCH000994,hardball,2026,active,active,SRC000059,2026-10-02,2026年度硬式加盟校として千葉県高野連公式加盟校一覧（8ブロック）から登録。
PRG000995,SCH000995,hardball,2026,active,active,SRC000059,2026-10-02,2026年度硬式加盟校として千葉県高野連公式加盟校一覧（8ブロック）から登録。
PRG000996,SCH000996,hardball,2026,active,active,SRC000059,2026-10-02,2026年度硬式加盟校として千葉県高野連公式加盟校一覧（8ブロック）から登録。
PRG000997,SCH000997,hardball,2026,active,active,SRC000059,2026-10-02,2026年度硬式加盟校として千葉県高野連公式加盟校一覧（8ブロック）から登録。
PRG000998,SCH000998,hardball,2026,active,active,SRC000059,2026-10-02,2026年度硬式加盟校として千葉県高野連公式加盟校一覧（8ブロック）から登録。
PRG000999,SCH000999,hardball,2026,active,active,SRC000059,2026-10-02,2026年度硬式加盟校として千葉県高野連公式加盟校一覧（8ブロック）から登録。
PRG001000,SCH001000,hardball,2026,active,active,SRC000059,2026-10-02,2026年度硬式加盟校として千葉県高野連公式加盟校一覧（8ブロック）から登録。
PRG001001,SCH001001,hardball,2026,active,active,SRC000059,2026-10-02,2026年度硬式加盟校として千葉県高野連公式加盟校一覧（8ブロック）から登録。
PRG001002,SCH001002,hardball,2026,active,active,SRC000059,2026-10-02,2026年度硬式加盟校として千葉県高野連公式加盟校一覧（8ブロック）から登録。
PRG001003,SCH001003,hardball,2026,active,active,SRC000059,2026-10-02,2026年度硬式加盟校として千葉県高野連公式加盟校一覧（8ブロック）から登録。
PRG001004,SCH001004,hardball,2026,active,active,SRC000059,2026-10-02,2026年度硬式加盟校として千葉県高野連公式加盟校一覧（8ブロック）から登録。
PRG001005,SCH001005,hardball,2026,active,active,SRC000059,2026-10-02,2026年度硬式加盟校として千葉県高野連公式加盟校一覧（8ブロック）から登録。
PRG001006,SCH001006,hardball,2026,active,active,SRC000059,2026-10-02,2026年度硬式加盟校として千葉県高野連公式加盟校一覧（8ブロック）から登録。
PRG001007,SCH001007,hardball,2026,active,active,SRC000059,2026-10-02,2026年度硬式加盟校として千葉県高野連公式加盟校一覧（8ブロック）から登録。
PRG001008,SCH001008,hardball,2026,active,active,SRC000059,2026-10-02,2026年度硬式加盟校として千葉県高野連公式加盟校一覧（8ブロック）から登録。
PRG001009,SCH001009,hardball,2026,active,active,SRC000059,2026-10-02,2026年度硬式加盟校として千葉県高野連公式加盟校一覧（8ブロック）から登録。
PRG001010,SCH001010,hardball,2026,active,active,SRC000059,2026-10-02,2026年度硬式加盟校として千葉県高野連公式加盟校一覧（8ブロック）から登録。
PRG001011,SCH001011,hardball,2026,active,active,SRC000059,2026-10-02,2026年度硬式加盟校として千葉県高野連公式加盟校一覧（8ブロック）から登録。
PRG001012,SCH001012,hardball,2026,active,active,SRC000059,2026-10-02,2026年度硬式加盟校として千葉県高野連公式加盟校一覧（8ブロック）から登録。
PRG001013,SCH001013,hardball,2026,active,active,SRC000059,2026-10-02,2026年度硬式加盟校として千葉県高野連公式加盟校一覧（8ブロック）から登録。
PRG001014,SCH001014,hardball,2026,active,active,SRC000059,2026-10-02,2026年度硬式加盟校として千葉県高野連公式加盟校一覧（8ブロック）から登録。
PRG001015,SCH001015,hardball,2026,active,active,SRC000059,2026-10-02,2026年度硬式加盟校として千葉県高野連公式加盟校一覧（8ブロック）から登録。
PRG001016,SCH001016,hardball,2026,active,active,SRC000059,2026-10-02,2026年度硬式加盟校として千葉県高野連公式加盟校一覧（8ブロック）から登録。
PRG001017,SCH001017,hardball,2026,active,active,SRC000059,2026-10-02,2026年度硬式加盟校として千葉県高野連公式加盟校一覧（8ブロック）から登録。
PRG001018,SCH001018,hardball,2026,active,active,SRC000059,2026-10-02,2026年度硬式加盟校として千葉県高野連公式加盟校一覧（8ブロック）から登録。
PRG001019,SCH001019,hardball,2026,active,active,SRC000059,2026-10-02,2026年度硬式加盟校として千葉県高野連公式加盟校一覧（8ブロック）から登録。
PRG001020,SCH001020,hardball,2026,active,active,SRC000059,2026-10-02,2026年度硬式加盟校として千葉県高野連公式加盟校一覧（8ブロック）から登録。
PRG001021,SCH001021,hardball,2026,active,active,SRC000059,2026-10-02,2026年度硬式加盟校として千葉県高野連公式加盟校一覧（8ブロック）から登録。
PRG001022,SCH001022,hardball,2026,active,active,SRC000059,2026-10-02,2026年度硬式加盟校として千葉県高野連公式加盟校一覧（8ブロック）から登録。
PRG001023,SCH001023,hardball,2026,active,active,SRC000059,2026-10-02,2026年度硬式加盟校として千葉県高野連公式加盟校一覧（8ブロック）から登録。
PRG001024,SCH001024,hardball,2026,active,active,SRC000059,2026-10-02,2026年度硬式加盟校として千葉県高野連公式加盟校一覧（8ブロック）から登録。
PRG001025,SCH001025,hardball,2026,active,active,SRC000059,2026-10-02,2026年度硬式加盟校として千葉県高野連公式加盟校一覧（8ブロック）から登録。
PRG001026,SCH001026,hardball,2026,active,active,SRC000059,2026-10-02,2026年度硬式加盟校として千葉県高野連公式加盟校一覧（8ブロック）から登録。
PRG001027,SCH001027,hardball,2026,active,active,SRC000059,2026-10-02,2026年度硬式加盟校として千葉県高野連公式加盟校一覧（8ブロック）から登録。
PRG001028,SCH001028,hardball,2026,active,active,SRC000059,2026-10-02,2026年度硬式加盟校として千葉県高野連公式加盟校一覧（8ブロック）から登録。
PRG001029,SCH001029,hardball,2026,active,active,SRC000059,2026-10-02,2026年度硬式加盟校として千葉県高野連公式加盟校一覧（8ブロック）から登録。
PRG001030,SCH001030,hardball,2026,active,active,SRC000059,2026-10-02,2026年度硬式加盟校として千葉県高野連公式加盟校一覧（8ブロック）から登録。
PRG001031,SCH001031,hardball,2026,active,active,SRC000059,2026-10-02,2026年度硬式加盟校として千葉県高野連公式加盟校一覧（8ブロック）から登録。
PRG001032,SCH001032,hardball,2026,active,active,SRC000059,2026-10-02,2026年度硬式加盟校として千葉県高野連公式加盟校一覧（8ブロック）から登録。
PRG001033,SCH001033,hardball,2026,active,active,SRC000059,2026-10-02,2026年度硬式加盟校として千葉県高野連公式加盟校一覧（8ブロック）から登録。
PRG001034,SCH001034,hardball,2026,active,active,SRC000059,2026-10-02,2026年度硬式加盟校として千葉県高野連公式加盟校一覧（8ブロック）から登録。
PRG001035,SCH001035,hardball,2026,active,active,SRC000059,2026-10-02,2026年度硬式加盟校として千葉県高野連公式加盟校一覧（8ブロック）から登録。
PRG001036,SCH001036,hardball,2026,active,active,SRC000059,2026-10-02,2026年度硬式加盟校として千葉県高野連公式加盟校一覧（8ブロック）から登録。
PRG001037,SCH001037,hardball,2026,active,active,SRC000059,2026-10-02,2026年度硬式加盟校として千葉県高野連公式加盟校一覧（8ブロック）から登録。
PRG001038,SCH001038,hardball,2026,active,active,SRC000059,2026-10-02,2026年度硬式加盟校として千葉県高野連公式加盟校一覧（8ブロック）から登録。
PRG001039,SCH001039,hardball,2026,active,active,SRC000059,2026-10-02,2026年度硬式加盟校として千葉県高野連公式加盟校一覧（8ブロック）から登録。
PRG001040,SCH001040,hardball,2026,active,active,SRC000059,2026-10-02,2026年度硬式加盟校として千葉県高野連公式加盟校一覧（8ブロック）から登録。
PRG001041,SCH001041,hardball,2026,active,active,SRC000059,2026-10-02,2026年度硬式加盟校として千葉県高野連公式加盟校一覧（8ブロック）から登録。
PRG001042,SCH001042,hardball,2026,active,active,SRC000059,2026-10-02,2026年度硬式加盟校として千葉県高野連公式加盟校一覧（8ブロック）から登録。
PRG001043,SCH001043,hardball,2026,active,active,SRC000059,2026-10-02,2026年度硬式加盟校として千葉県高野連公式加盟校一覧（8ブロック）から登録。
PRG001044,SCH001044,hardball,2026,active,active,SRC000059,2026-10-02,2026年度硬式加盟校として千葉県高野連公式加盟校一覧（8ブロック）から登録。
PRG001045,SCH001045,hardball,2026,active,active,SRC000059,2026-10-02,2026年度硬式加盟校として千葉県高野連公式加盟校一覧（8ブロック）から登録。
PRG001046,SCH001046,hardball,2026,active,active,SRC000059,2026-10-02,2026年度硬式加盟校として千葉県高野連公式加盟校一覧（8ブロック）から登録。
PRG001047,SCH001047,hardball,2026,active,active,SRC000059,2026-10-02,2026年度硬式加盟校として千葉県高野連公式加盟校一覧（8ブロック）から登録。
PRG001048,SCH001048,hardball,2026,active,active,SRC000059,2026-10-02,2026年度硬式加盟校として千葉県高野連公式加盟校一覧（8ブロック）から登録。
PRG001049,SCH001049,hardball,2026,active,active,SRC000059,2026-10-02,2026年度硬式加盟校として千葉県高野連公式加盟校一覧（8ブロック）から登録。
PRG001050,SCH001050,hardball,2026,active,active,SRC000059,2026-10-02,2026年度硬式加盟校として千葉県高野連公式加盟校一覧（8ブロック）から登録。
PRG001051,SCH001051,hardball,2026,active,active,SRC000059,2026-10-02,2026年度硬式加盟校として千葉県高野連公式加盟校一覧（8ブロック）から登録。
PRG001052,SCH001052,hardball,2026,active,active,SRC000059,2026-10-02,2026年度硬式加盟校として千葉県高野連公式加盟校一覧（8ブロック）から登録。
PRG001053,SCH001053,hardball,2026,active,active,SRC000059,2026-10-02,2026年度硬式加盟校として千葉県高野連公式加盟校一覧（8ブロック）から登録。
PRG001054,SCH001054,hardball,2026,active,active,SRC000059,2026-10-02,2026年度硬式加盟校として千葉県高野連公式加盟校一覧（8ブロック）から登録。
PRG001055,SCH001055,hardball,2026,active,active,SRC000059,2026-10-02,2026年度硬式加盟校として千葉県高野連公式加盟校一覧（8ブロック）から登録。
PRG001056,SCH001056,hardball,2026,active,active,SRC000059,2026-10-02,2026年度硬式加盟校として千葉県高野連公式加盟校一覧（8ブロック）から登録。
PRG001057,SCH001057,hardball,2026,active,active,SRC000059,2026-10-02,2026年度硬式加盟校として千葉県高野連公式加盟校一覧（8ブロック）から登録。
PRG001058,SCH001058,hardball,2026,active,active,SRC000059,2026-10-02,2026年度硬式加盟校として千葉県高野連公式加盟校一覧（8ブロック）から登録。
PRG001059,SCH001059,hardball,2026,active,active,SRC000059,2026-10-02,2026年度硬式加盟校として千葉県高野連公式加盟校一覧（8ブロック）から登録。
PRG001060,SCH001060,hardball,2026,active,active,SRC000059,2026-10-02,2026年度硬式加盟校として千葉県高野連公式加盟校一覧（8ブロック）から登録。
PRG001061,SCH001061,hardball,2026,active,active,SRC000059,2026-10-02,2026年度硬式加盟校として千葉県高野連公式加盟校一覧（8ブロック）から登録。
PRG001062,SCH001062,hardball,2026,active,active,SRC000059,2026-10-02,2026年度硬式加盟校として千葉県高野連公式加盟校一覧（8ブロック）から登録。
PRG001063,SCH001063,hardball,2026,active,active,SRC000059,2026-10-02,2026年度硬式加盟校として千葉県高野連公式加盟校一覧（8ブロック）から登録。
PRG001064,SCH001064,hardball,2026,active,active,SRC000059,2026-10-02,2026年度硬式加盟校として千葉県高野連公式加盟校一覧（8ブロック）から登録。
PRG001065,SCH001065,hardball,2026,active,active,SRC000059,2026-10-02,2026年度硬式加盟校として千葉県高野連公式加盟校一覧（8ブロック）から登録。
PRG001066,SCH001066,hardball,2026,active,active,SRC000059,2026-10-02,2026年度硬式加盟校として千葉県高野連公式加盟校一覧（8ブロック）から登録。
PRG001067,SCH001067,hardball,2026,active,active,SRC000059,2026-10-02,2026年度硬式加盟校として千葉県高野連公式加盟校一覧（8ブロック）から登録。
PRG001068,SCH001068,hardball,2026,active,active,SRC000059,2026-10-02,2026年度硬式加盟校として千葉県高野連公式加盟校一覧（8ブロック）から登録。
PRG001069,SCH001069,hardball,2026,active,active,SRC000059,2026-10-02,2026年度硬式加盟校として千葉県高野連公式加盟校一覧（8ブロック）から登録。
PRG001070,SCH001070,hardball,2026,active,active,SRC000059,2026-10-02,2026年度硬式加盟校として千葉県高野連公式加盟校一覧（8ブロック）から登録。
PRG001071,SCH001071,hardball,2026,active,active,SRC000059,2026-10-02,2026年度硬式加盟校として千葉県高野連公式加盟校一覧（8ブロック）から登録。
PRG001072,SCH001072,hardball,2026,active,active,SRC000059,2026-10-02,2026年度硬式加盟校として千葉県高野連公式加盟校一覧（8ブロック）から登録。
PRG001073,SCH001073,hardball,2026,active,active,SRC000059,2026-10-02,2026年度硬式加盟校として千葉県高野連公式加盟校一覧（8ブロック）から登録。
PRG001074,SCH001074,hardball,2026,active,active,SRC000059,2026-10-02,2026年度硬式加盟校として千葉県高野連公式加盟校一覧（8ブロック）から登録。
PRG001075,SCH001075,hardball,2026,active,active,SRC000059,2026-10-02,2026年度硬式加盟校として千葉県高野連公式加盟校一覧（8ブロック）から登録。
PRG001076,SCH001076,hardball,2026,active,active,SRC000059,2026-10-02,2026年度硬式加盟校として千葉県高野連公式加盟校一覧（8ブロック）から登録。
PRG001077,SCH001077,hardball,2026,active,active,SRC000059,2026-10-02,2026年度硬式加盟校として千葉県高野連公式加盟校一覧（8ブロック）から登録。
PRG001078,SCH001078,hardball,2026,active,active,SRC000080,2026-10-02,2026年度硬式加盟校として岡山県高野連公式加盟校一覧から登録。
PRG001079,SCH001079,hardball,2026,active,active,SRC000080,2026-10-02,2026年度硬式加盟校として岡山県高野連公式加盟校一覧から登録。
PRG001080,SCH001080,hardball,2026,active,active,SRC000080,2026-10-02,2026年度硬式加盟校として岡山県高野連公式加盟校一覧から登録。
PRG001081,SCH001081,hardball,2026,active,active,SRC000080,2026-10-02,2026年度硬式加盟校として岡山県高野連公式加盟校一覧から登録。
PRG001082,SCH001082,hardball,2026,active,active,SRC000080,2026-10-02,2026年度硬式加盟校として岡山県高野連公式加盟校一覧から登録。
PRG001083,SCH001083,hardball,2026,active,active,SRC000080,2026-10-02,2026年度硬式加盟校として岡山県高野連公式加盟校一覧から登録。
PRG001084,SCH001084,hardball,2026,active,active,SRC000080,2026-10-02,2026年度硬式加盟校として岡山県高野連公式加盟校一覧から登録。
PRG001085,SCH001085,hardball,2026,active,active,SRC000080,2026-10-02,2026年度硬式加盟校として岡山県高野連公式加盟校一覧から登録。
PRG001086,SCH001086,hardball,2026,active,active,SRC000080,2026-10-02,2026年度硬式加盟校として岡山県高野連公式加盟校一覧から登録。
PRG001087,SCH001087,hardball,2026,active,active,SRC000080,2026-10-02,2026年度硬式加盟校として岡山県高野連公式加盟校一覧から登録。
PRG001088,SCH001088,hardball,2026,active,active,SRC000080,2026-10-02,2026年度硬式加盟校として岡山県高野連公式加盟校一覧から登録。
PRG001089,SCH001089,hardball,2026,active,active,SRC000080,2026-10-02,2026年度硬式加盟校として岡山県高野連公式加盟校一覧から登録。
PRG001090,SCH001090,hardball,2026,active,active,SRC000080,2026-10-02,2026年度硬式加盟校として岡山県高野連公式加盟校一覧から登録。
PRG001091,SCH001091,hardball,2026,active,active,SRC000080,2026-10-02,2026年度硬式加盟校として岡山県高野連公式加盟校一覧から登録。
PRG001092,SCH001092,hardball,2026,active,active,SRC000080,2026-10-02,2026年度硬式加盟校として岡山県高野連公式加盟校一覧から登録。
PRG001093,SCH001093,hardball,2026,active,active,SRC000080,2026-10-02,2026年度硬式加盟校として岡山県高野連公式加盟校一覧から登録。
PRG001094,SCH001094,hardball,2026,active,active,SRC000080,2026-10-02,2026年度硬式加盟校として岡山県高野連公式加盟校一覧から登録。
PRG001095,SCH001095,hardball,2026,active,active,SRC000080,2026-10-02,2026年度硬式加盟校として岡山県高野連公式加盟校一覧から登録。
PRG001096,SCH001096,hardball,2026,active,active,SRC000080,2026-10-02,2026年度硬式加盟校として岡山県高野連公式加盟校一覧から登録。
PRG001097,SCH001097,hardball,2026,active,active,SRC000080,2026-10-02,2026年度硬式加盟校として岡山県高野連公式加盟校一覧から登録。
PRG001098,SCH001098,hardball,2026,active,active,SRC000080,2026-10-02,2026年度硬式加盟校として岡山県高野連公式加盟校一覧から登録。
PRG001099,SCH001099,hardball,2026,active,active,SRC000080,2026-10-02,2026年度硬式加盟校として岡山県高野連公式加盟校一覧から登録。
PRG001100,SCH001100,hardball,2026,active,active,SRC000080,2026-10-02,2026年度硬式加盟校として岡山県高野連公式加盟校一覧から登録。
PRG001101,SCH001101,hardball,2026,active,active,SRC000080,2026-10-02,2026年度硬式加盟校として岡山県高野連公式加盟校一覧から登録。
PRG001102,SCH001102,hardball,2026,active,active,SRC000080,2026-10-02,2026年度硬式加盟校として岡山県高野連公式加盟校一覧から登録。
PRG001103,SCH001103,hardball,2026,active,active,SRC000080,2026-10-02,2026年度硬式加盟校として岡山県高野連公式加盟校一覧から登録。
PRG001104,SCH001104,hardball,2026,active,active,SRC000080,2026-10-02,2026年度硬式加盟校として岡山県高野連公式加盟校一覧から登録。
PRG001105,SCH001105,hardball,2026,active,active,SRC000080,2026-10-02,2026年度硬式加盟校として岡山県高野連公式加盟校一覧から登録。
PRG001106,SCH001106,hardball,2026,active,active,SRC000080,2026-10-02,2026年度硬式加盟校として岡山県高野連公式加盟校一覧から登録。
PRG001107,SCH001107,hardball,2026,active,active,SRC000080,2026-10-02,2026年度硬式加盟校として岡山県高野連公式加盟校一覧から登録。
PRG001108,SCH001108,hardball,2026,active,active,SRC000080,2026-10-02,2026年度硬式加盟校として岡山県高野連公式加盟校一覧から登録。
PRG001109,SCH001109,hardball,2026,active,active,SRC000080,2026-10-02,2026年度硬式加盟校として岡山県高野連公式加盟校一覧から登録。
PRG001110,SCH001110,hardball,2026,active,active,SRC000080,2026-10-02,2026年度硬式加盟校として岡山県高野連公式加盟校一覧から登録。
PRG001111,SCH001111,hardball,2026,active,active,SRC000080,2026-10-02,2026年度硬式加盟校として岡山県高野連公式加盟校一覧から登録。
PRG001112,SCH001112,hardball,2026,active,active,SRC000080,2026-10-02,2026年度硬式加盟校として岡山県高野連公式加盟校一覧から登録。
PRG001113,SCH001113,hardball,2026,active,active,SRC000080,2026-10-02,2026年度硬式加盟校として岡山県高野連公式加盟校一覧から登録。
PRG001114,SCH001114,hardball,2026,active,active,SRC000080,2026-10-02,2026年度硬式加盟校として岡山県高野連公式加盟校一覧から登録。
PRG001115,SCH001115,hardball,2026,active,active,SRC000080,2026-10-02,2026年度硬式加盟校として岡山県高野連公式加盟校一覧から登録。
PRG001116,SCH001116,hardball,2026,active,active,SRC000080,2026-10-02,2026年度硬式加盟校として岡山県高野連公式加盟校一覧から登録。
PRG001117,SCH001117,hardball,2026,active,active,SRC000080,2026-10-02,2026年度硬式加盟校として岡山県高野連公式加盟校一覧から登録。
PRG001118,SCH001118,hardball,2026,active,active,SRC000080,2026-10-02,2026年度硬式加盟校として岡山県高野連公式加盟校一覧から登録。
PRG001119,SCH001119,hardball,2026,active,active,SRC000080,2026-10-02,2026年度硬式加盟校として岡山県高野連公式加盟校一覧から登録。
PRG001120,SCH001120,hardball,2026,active,active,SRC000080,2026-10-02,2026年度硬式加盟校として岡山県高野連公式加盟校一覧から登録。
PRG001121,SCH001121,hardball,2026,active,active,SRC000080,2026-10-02,2026年度硬式加盟校として岡山県高野連公式加盟校一覧から登録。
PRG001122,SCH001122,hardball,2026,active,active,SRC000080,2026-10-02,2026年度硬式加盟校として岡山県高野連公式加盟校一覧から登録。
PRG001123,SCH001123,hardball,2026,active,active,SRC000080,2026-10-02,2026年度硬式加盟校として岡山県高野連公式加盟校一覧から登録。
PRG001124,SCH001124,hardball,2026,active,active,SRC000080,2026-10-02,2026年度硬式加盟校として岡山県高野連公式加盟校一覧から登録。
PRG001125,SCH001125,hardball,2026,active,active,SRC000080,2026-10-02,2026年度硬式加盟校として岡山県高野連公式加盟校一覧から登録。
PRG001126,SCH001126,hardball,2026,active,active,SRC000080,2026-10-02,2026年度硬式加盟校として岡山県高野連公式加盟校一覧から登録。
PRG001127,SCH001127,hardball,2026,active,active,SRC000080,2026-10-02,2026年度硬式加盟校として岡山県高野連公式加盟校一覧から登録。
PRG001128,SCH001128,hardball,2026,active,active,SRC000080,2026-10-02,2026年度硬式加盟校として岡山県高野連公式加盟校一覧から登録。
PRG001129,SCH001129,hardball,2026,active,active,SRC000080,2026-10-02,2026年度硬式加盟校として岡山県高野連公式加盟校一覧から登録。
PRG001130,SCH001130,hardball,2026,active,active,SRC000080,2026-10-02,2026年度硬式加盟校として岡山県高野連公式加盟校一覧から登録。
PRG001131,SCH001131,hardball,2026,active,active,SRC000080,2026-10-02,2026年度硬式加盟校として岡山県高野連公式加盟校一覧から登録。
PRG001132,SCH001132,hardball,2026,active,active,SRC000080,2026-10-02,2026年度硬式加盟校として岡山県高野連公式加盟校一覧から登録。
PRG001133,SCH001133,hardball,2026,active,active,SRC000080,2026-10-02,2026年度硬式加盟校として岡山県高野連公式加盟校一覧から登録。
PRG001134,SCH001134,hardball,2026,active,active,SRC000080,2026-10-02,2026年度硬式加盟校として岡山県高野連公式加盟校一覧から登録。
PRG001135,SCH001135,hardball,2026,active,active,SRC000080,2026-10-02,2026年度硬式加盟校として岡山県高野連公式加盟校一覧から登録。
PRG001136,SCH001136,hardball,2026,active,active,SRC000080,2026-10-02,2026年度硬式加盟校として岡山県高野連公式加盟校一覧から登録。
PRG001137,SCH001137,hardball,2026,active,active,SRC000083,2026-10-02,2026年度硬式加盟校として登録。
PRG001138,SCH001138,hardball,2026,active,active,SRC000083,2026-10-02,2026年度硬式加盟校として登録。
PRG001139,SCH001139,hardball,2026,active,active,SRC000083,2026-10-02,2026年度硬式加盟校として登録。
PRG001140,SCH001140,hardball,2026,active,active,SRC000083,2026-10-02,2026年度硬式加盟校として登録。
PRG001141,SCH001141,hardball,2026,active,active,SRC000083,2026-10-02,2026年度硬式加盟校として登録。
PRG001142,SCH001142,hardball,2026,active,active,SRC000083,2026-10-02,2026年度硬式加盟校として登録。
PRG001143,SCH001143,hardball,2026,active,active,SRC000083,2026-10-02,2026年度硬式加盟校として登録。
PRG001144,SCH001144,hardball,2026,active,active,SRC000083,2026-10-02,2026年度硬式加盟校として登録。
PRG001145,SCH001145,hardball,2026,active,active,SRC000083,2026-10-02,2026年度硬式加盟校として登録。
PRG001146,SCH001146,hardball,2026,active,active,SRC000083,2026-10-02,2026年度硬式加盟校として登録。
PRG001147,SCH001147,hardball,2026,active,active,SRC000083,2026-10-02,2026年度硬式加盟校として登録。
PRG001148,SCH001148,hardball,2026,active,active,SRC000083,2026-10-02,2026年度硬式加盟校として登録。
PRG001149,SCH001149,hardball,2026,active,active,SRC000083,2026-10-02,2026年度硬式加盟校として登録。
PRG001150,SCH001150,hardball,2026,active,active,SRC000083,2026-10-02,2026年度硬式加盟校として登録。
PRG001151,SCH001151,hardball,2026,active,active,SRC000083,2026-10-02,2026年度硬式加盟校として登録。
PRG001152,SCH001152,hardball,2026,active,active,SRC000083,2026-10-02,2026年度硬式加盟校として登録。
PRG001153,SCH001153,hardball,2026,active,active,SRC000083,2026-10-02,2026年度硬式加盟校として登録。
PRG001154,SCH001154,hardball,2026,active,active,SRC000083,2026-10-02,2026年度硬式加盟校として登録。
PRG001155,SCH001155,hardball,2026,active,active,SRC000083,2026-10-02,2026年度硬式加盟校として登録。
PRG001156,SCH001156,hardball,2026,active,active,SRC000083,2026-10-02,2026年度硬式加盟校として登録。
PRG001157,SCH001157,hardball,2026,active,active,SRC000083,2026-10-02,2026年度硬式加盟校として登録。
PRG001158,SCH001158,hardball,2026,active,active,SRC000083,2026-10-02,2026年度硬式加盟校として登録。
PRG001159,SCH001159,hardball,2026,active,active,SRC000083,2026-10-02,2026年度硬式加盟校として登録。
PRG001160,SCH001160,hardball,2026,active,active,SRC000083,2026-10-02,2026年度硬式加盟校として登録。
PRG001161,SCH001161,hardball,2026,active,active,SRC000083,2026-10-02,2026年度硬式加盟校として登録。
PRG001162,SCH001162,hardball,2026,active,active,SRC000083,2026-10-02,2026年度硬式加盟校として登録。
PRG001163,SCH001163,hardball,2026,active,active,SRC000083,2026-10-02,2026年度硬式加盟校として登録。
PRG001164,SCH001164,hardball,2026,active,active,SRC000083,2026-10-02,2026年度硬式加盟校として登録。
PRG001165,SCH001165,hardball,2026,active,active,SRC000083,2026-10-02,2026年度硬式加盟校として登録。
PRG001166,SCH001166,hardball,2026,active,active,SRC000083,2026-10-02,2026年度硬式加盟校として登録。
PRG001167,SCH001167,hardball,2026,active,active,SRC000077,2026-10-02,2026年度硬式加盟校として和歌山県高野連公式加盟校紹介から登録。
PRG001168,SCH001168,hardball,2026,active,active,SRC000077,2026-10-02,2026年度硬式加盟校として和歌山県高野連公式加盟校紹介から登録。
PRG001169,SCH001169,hardball,2026,active,active,SRC000077,2026-10-02,2026年度硬式加盟校として和歌山県高野連公式加盟校紹介から登録。
PRG001170,SCH001170,hardball,2026,active,active,SRC000077,2026-10-02,2026年度硬式加盟校として和歌山県高野連公式加盟校紹介から登録。
PRG001171,SCH001171,hardball,2026,active,active,SRC000077,2026-10-02,2026年度硬式加盟校として和歌山県高野連公式加盟校紹介から登録。
PRG001172,SCH001172,hardball,2026,active,active,SRC000077,2026-10-02,2026年度硬式加盟校として和歌山県高野連公式加盟校紹介から登録。
PRG001173,SCH001173,hardball,2026,active,active,SRC000077,2026-10-02,2026年度硬式加盟校として和歌山県高野連公式加盟校紹介から登録。
PRG001174,SCH001174,hardball,2026,active,active,SRC000077,2026-10-02,2026年度硬式加盟校として和歌山県高野連公式加盟校紹介から登録。
PRG001175,SCH001175,hardball,2026,active,active,SRC000077,2026-10-02,2026年度硬式加盟校として和歌山県高野連公式加盟校紹介から登録。
PRG001176,SCH001176,hardball,2026,active,active,SRC000077,2026-10-02,2026年度硬式加盟校として和歌山県高野連公式加盟校紹介から登録。
PRG001177,SCH001177,hardball,2026,active,active,SRC000077,2026-10-02,2026年度硬式加盟校として和歌山県高野連公式加盟校紹介から登録。
PRG001178,SCH001178,hardball,2026,active,active,SRC000077,2026-10-02,2026年度硬式加盟校として和歌山県高野連公式加盟校紹介から登録。
PRG001179,SCH001179,hardball,2026,active,active,SRC000077,2026-10-02,2026年度硬式加盟校として和歌山県高野連公式加盟校紹介から登録。
PRG001180,SCH001180,hardball,2026,active,active,SRC000077,2026-10-02,2026年度硬式加盟校として和歌山県高野連公式加盟校紹介から登録。
PRG001181,SCH001181,hardball,2026,active,active,SRC000077,2026-10-02,2026年度硬式加盟校として和歌山県高野連公式加盟校紹介から登録。
PRG001182,SCH001182,hardball,2026,active,active,SRC000077,2026-10-02,2026年度硬式加盟校として和歌山県高野連公式加盟校紹介から登録。
PRG001183,SCH001183,hardball,2026,active,active,SRC000077,2026-10-02,2026年度硬式加盟校として和歌山県高野連公式加盟校紹介から登録。
PRG001184,SCH001184,hardball,2026,active,active,SRC000077,2026-10-02,2026年度硬式加盟校として和歌山県高野連公式加盟校紹介から登録。
PRG001185,SCH001185,hardball,2026,active,active,SRC000077,2026-10-02,2026年度硬式加盟校として和歌山県高野連公式加盟校紹介から登録。
PRG001186,SCH001186,hardball,2026,active,active,SRC000077,2026-10-02,2026年度硬式加盟校として和歌山県高野連公式加盟校紹介から登録。
PRG001187,SCH001187,hardball,2026,active,active,SRC000077,2026-10-02,2026年度硬式加盟校として和歌山県高野連公式加盟校紹介から登録。
PRG001188,SCH001188,hardball,2026,active,active,SRC000077,2026-10-02,2026年度硬式加盟校として和歌山県高野連公式加盟校紹介から登録。
PRG001189,SCH001189,hardball,2026,active,active,SRC000077,2026-10-02,2026年度硬式加盟校として和歌山県高野連公式加盟校紹介から登録。
PRG001190,SCH001190,hardball,2026,active,active,SRC000077,2026-10-02,2026年度硬式加盟校として和歌山県高野連公式加盟校紹介から登録。
PRG001191,SCH001191,hardball,2026,active,active,SRC000077,2026-10-02,2026年度硬式加盟校として和歌山県高野連公式加盟校紹介から登録。
PRG001192,SCH001192,hardball,2026,active,active,SRC000077,2026-10-02,2026年度硬式加盟校として和歌山県高野連公式加盟校紹介から登録。
PRG001193,SCH001193,hardball,2026,active,active,SRC000077,2026-10-02,2026年度硬式加盟校として和歌山県高野連公式加盟校紹介から登録。
PRG001194,SCH001194,hardball,2026,active,active,SRC000077,2026-10-02,2026年度硬式加盟校として和歌山県高野連公式加盟校紹介から登録。
PRG001195,SCH001195,hardball,2026,active,active,SRC000077,2026-10-02,2026年度硬式加盟校として和歌山県高野連公式加盟校紹介から登録。
PRG001196,SCH001196,hardball,2026,active,active,SRC000077,2026-10-02,2026年度硬式加盟校として和歌山県高野連公式加盟校紹介から登録。
PRG001197,SCH001197,hardball,2026,active,active,SRC000077,2026-10-02,2026年度硬式加盟校として和歌山県高野連公式加盟校紹介から登録。
PRG001198,SCH001198,hardball,2026,active,active,SRC000077,2026-10-02,2026年度硬式加盟校として和歌山県高野連公式加盟校紹介から登録。
PRG001199,SCH001199,hardball,2026,active,active,SRC000077,2026-10-02,2026年度硬式加盟校として和歌山県高野連公式加盟校紹介から登録。
PRG001200,SCH001200,hardball,2026,active,active,SRC000077,2026-10-02,2026年度硬式加盟校として和歌山県高野連公式加盟校紹介から登録。
PRG001201,SCH001201,hardball,2026,active,active,SRC000077,2026-10-02,2026年度硬式加盟校として和歌山県高野連公式加盟校紹介から登録。
PRG001202,SCH001202,hardball,2026,active,active,SRC000077,2026-10-02,2026年度硬式加盟校として和歌山県高野連公式加盟校紹介から登録。
PRG001203,SCH001203,hardball,2026,active,active,SRC000077,2026-10-02,2026年度硬式加盟校として和歌山県高野連公式加盟校紹介から登録。
PRG001204,SCH001204,hardball,2026,active,active,SRC000077,2026-10-02,2026年度硬式加盟校として和歌山県高野連公式加盟校紹介から登録。
PRG001205,SCH001205,hardball,2026,active,active,SRC000077,2026-10-02,2026年度硬式加盟校として和歌山県高野連公式加盟校紹介から登録。
PRG001206,SCH001206,hardball,2026,active,active,SRC000085,2026-10-02,愛媛県高野連の令和8年度硬式加盟校一覧に掲載。
PRG001207,SCH001207,hardball,2026,active,active,SRC000085,2026-10-02,愛媛県高野連の令和8年度硬式加盟校一覧に掲載。
PRG001208,SCH001208,hardball,2026,active,active,SRC000085,2026-10-02,愛媛県高野連の令和8年度硬式加盟校一覧に掲載。
PRG001209,SCH001209,hardball,2026,active,active,SRC000085,2026-10-02,愛媛県高野連の令和8年度硬式加盟校一覧に掲載。
PRG001210,SCH001210,hardball,2026,active,active,SRC000085,2026-10-02,愛媛県高野連の令和8年度硬式加盟校一覧に掲載。
PRG001211,SCH001211,hardball,2026,active,active,SRC000085,2026-10-02,愛媛県高野連の令和8年度硬式加盟校一覧に掲載。
PRG001212,SCH001212,hardball,2026,active,active,SRC000085,2026-10-02,愛媛県高野連の令和8年度硬式加盟校一覧に掲載。
PRG001213,SCH001213,hardball,2026,active,active,SRC000085,2026-10-02,愛媛県高野連の令和8年度硬式加盟校一覧に掲載。
PRG001214,SCH001214,hardball,2026,active,active,SRC000085,2026-10-02,愛媛県高野連の令和8年度硬式加盟校一覧に掲載。
PRG001215,SCH001215,hardball,2026,active,active,SRC000085,2026-10-02,愛媛県高野連の令和8年度硬式加盟校一覧に掲載。
PRG001216,SCH001216,hardball,2026,active,active,SRC000085,2026-10-02,愛媛県高野連の令和8年度硬式加盟校一覧に掲載。
PRG001217,SCH001217,hardball,2026,active,active,SRC000085,2026-10-02,愛媛県高野連の令和8年度硬式加盟校一覧に掲載。
PRG001218,SCH001218,hardball,2026,active,active,SRC000085,2026-10-02,愛媛県高野連の令和8年度硬式加盟校一覧に掲載。
PRG001219,SCH001219,hardball,2026,active,active,SRC000085,2026-10-02,愛媛県高野連の令和8年度硬式加盟校一覧に掲載。
PRG001220,SCH001220,hardball,2026,active,active,SRC000085,2026-10-02,愛媛県高野連の令和8年度硬式加盟校一覧に掲載。
PRG001221,SCH001221,hardball,2026,active,active,SRC000085,2026-10-02,愛媛県高野連の令和8年度硬式加盟校一覧に掲載。
PRG001222,SCH001222,hardball,2026,active,active,SRC000085,2026-10-02,愛媛県高野連の令和8年度硬式加盟校一覧に掲載。
PRG001223,SCH001223,hardball,2026,active,active,SRC000085,2026-10-02,愛媛県高野連の令和8年度硬式加盟校一覧に掲載。
PRG001224,SCH001224,hardball,2026,active,active,SRC000085,2026-10-02,愛媛県高野連の令和8年度硬式加盟校一覧に掲載。
PRG001225,SCH001225,hardball,2026,active,active,SRC000085,2026-10-02,愛媛県高野連の令和8年度硬式加盟校一覧に掲載。
PRG001226,SCH001226,hardball,2026,active,active,SRC000085,2026-10-02,愛媛県高野連の令和8年度硬式加盟校一覧に掲載。
PRG001227,SCH001227,hardball,2026,active,active,SRC000085,2026-10-02,愛媛県高野連の令和8年度硬式加盟校一覧に掲載。
PRG001228,SCH001228,hardball,2026,active,active,SRC000085,2026-10-02,愛媛県高野連の令和8年度硬式加盟校一覧に掲載。
PRG001229,SCH001229,hardball,2026,active,active,SRC000085,2026-10-02,愛媛県高野連の令和8年度硬式加盟校一覧に掲載。
PRG001230,SCH001230,hardball,2026,active,active,SRC000085,2026-10-02,愛媛県高野連の令和8年度硬式加盟校一覧に掲載。
PRG001231,SCH001231,hardball,2026,active,active,SRC000085,2026-10-02,愛媛県高野連の令和8年度硬式加盟校一覧に掲載。
PRG001232,SCH001232,hardball,2026,active,active,SRC000085,2026-10-02,愛媛県高野連の令和8年度硬式加盟校一覧に掲載。
PRG001233,SCH001233,hardball,2026,active,active,SRC000085,2026-10-02,愛媛県高野連の令和8年度硬式加盟校一覧に掲載。
PRG001234,SCH001234,hardball,2026,active,active,SRC000085,2026-10-02,愛媛県高野連の令和8年度硬式加盟校一覧に掲載。
PRG001235,SCH001235,hardball,2026,active,active,SRC000085,2026-10-02,愛媛県高野連の令和8年度硬式加盟校一覧に掲載。
PRG001236,SCH001236,hardball,2026,active,active,SRC000085,2026-10-02,愛媛県高野連の令和8年度硬式加盟校一覧に掲載。
PRG001237,SCH001237,hardball,2026,active,active,SRC000085,2026-10-02,愛媛県高野連の令和8年度硬式加盟校一覧に掲載。
PRG001238,SCH001238,hardball,2026,active,active,SRC000085,2026-10-02,愛媛県高野連の令和8年度硬式加盟校一覧に掲載。
PRG001239,SCH001239,hardball,2026,active,active,SRC000085,2026-10-02,愛媛県高野連の令和8年度硬式加盟校一覧に掲載。
PRG001240,SCH001240,hardball,2026,active,active,SRC000085,2026-10-02,愛媛県高野連の令和8年度硬式加盟校一覧に掲載。
PRG001241,SCH001241,hardball,2026,active,active,SRC000085,2026-10-02,愛媛県高野連の令和8年度硬式加盟校一覧に掲載。
PRG001242,SCH001242,hardball,2026,active,active,SRC000085,2026-10-02,愛媛県高野連の令和8年度硬式加盟校一覧に掲載。
PRG001243,SCH001243,hardball,2026,active,active,SRC000085,2026-10-02,愛媛県高野連の令和8年度硬式加盟校一覧に掲載。
PRG001244,SCH001244,hardball,2026,active,active,SRC000085,2026-10-02,愛媛県高野連の令和8年度硬式加盟校一覧に掲載。
PRG001245,SCH001245,hardball,2026,active,active,SRC000085,2026-10-02,愛媛県高野連の令和8年度硬式加盟校一覧に掲載。
PRG001246,SCH001246,hardball,2026,active,active,SRC000085,2026-10-02,愛媛県高野連の令和8年度硬式加盟校一覧に掲載。
PRG001247,SCH001247,hardball,2026,active,active,SRC000085,2026-10-02,愛媛県高野連の令和8年度硬式加盟校一覧に掲載。
PRG001248,SCH001248,hardball,2026,active,active,SRC000085,2026-10-02,愛媛県高野連の令和8年度硬式加盟校一覧に掲載。
PRG001249,SCH001249,hardball,2026,active,active,SRC000085,2026-10-02,愛媛県高野連の令和8年度硬式加盟校一覧に掲載。
PRG001250,SCH001250,hardball,2026,active,active,SRC000085,2026-10-02,愛媛県高野連の令和8年度硬式加盟校一覧に掲載。
PRG001251,SCH001251,hardball,2026,active,active,SRC000085,2026-10-02,愛媛県高野連の令和8年度硬式加盟校一覧に掲載。
PRG001252,SCH001252,hardball,2026,active,active,SRC000085,2026-10-02,愛媛県高野連の令和8年度硬式加盟校一覧に掲載。
PRG001253,SCH001253,hardball,2026,active,active,SRC000085,2026-10-02,愛媛県高野連の令和8年度硬式加盟校一覧に掲載。
PRG001254,SCH001254,hardball,2026,active,active,SRC000085,2026-10-02,愛媛県高野連の令和8年度硬式加盟校一覧に掲載。
PRG001255,SCH001255,hardball,2026,active,active,SRC000085,2026-10-02,愛媛県高野連の令和8年度硬式加盟校一覧に掲載。
PRG001256,SCH001256,hardball,2026,active,active,SRC000085,2026-10-02,愛媛県高野連の令和8年度硬式加盟校一覧に掲載。
PRG001257,SCH001257,hardball,2026,active,active,SRC000085,2026-10-02,愛媛県高野連の令和8年度硬式加盟校一覧に掲載。
PRG001258,SCH001258,hardball,2026,active,active,SRC000085,2026-10-02,愛媛県高野連の令和8年度硬式加盟校一覧に掲載。
PRG001259,SCH001259,hardball,2026,active,active,SRC000085,2026-10-02,愛媛県高野連の令和8年度硬式加盟校一覧に掲載。
PRG001260,SCH001260,hardball,2026,active,active,SRC000085,2026-10-02,愛媛県高野連の令和8年度硬式加盟校一覧に掲載。
PRG001261,SCH001261,hardball,2026,active,active,SRC000085,2026-10-02,愛媛県高野連の令和8年度硬式加盟校一覧に掲載。
PRG001262,SCH001262,hardball,2026,active,active,SRC000085,2026-10-02,愛媛県高野連の令和8年度硬式加盟校一覧に掲載。
PRG001263,SCH001263,hardball,2026,active,active,SRC000085,2026-10-02,愛媛県高野連の令和8年度硬式加盟校一覧に掲載。
PRG001264,SCH001264,hardball,2026,active,active,SRC000085,2026-10-02,愛媛県高野連の令和8年度硬式加盟校一覧に掲載。
PRG001265,SCH001265,hardball,2026,active,active,SRC000085,2026-10-02,愛媛県高野連の令和8年度硬式加盟校一覧に掲載。
PRG001266,SCH001266,hardball,2026,active,active,SRC000091,2026-10-02,2026年度硬式加盟校。県高野連一覧を県公式閉校情報・2026年度現行校情報で補正。
PRG001267,SCH001267,hardball,2026,active,active,SRC000091,2026-10-02,2026年度硬式加盟校。県高野連一覧を県公式閉校情報・2026年度現行校情報で補正。
PRG001268,SCH001268,hardball,2026,active,active,SRC000091,2026-10-02,2026年度硬式加盟校。県高野連一覧を県公式閉校情報・2026年度現行校情報で補正。
PRG001269,SCH001269,hardball,2026,active,active,SRC000091,2026-10-02,2026年度硬式加盟校。県高野連一覧を県公式閉校情報・2026年度現行校情報で補正。
PRG001270,SCH001270,hardball,2026,active,active,SRC000091,2026-10-02,2026年度硬式加盟校。県高野連一覧を県公式閉校情報・2026年度現行校情報で補正。
PRG001271,SCH001271,hardball,2026,active,active,SRC000091,2026-10-02,2026年度硬式加盟校。県高野連一覧を県公式閉校情報・2026年度現行校情報で補正。
PRG001272,SCH001272,hardball,2026,active,active,SRC000091,2026-10-02,2026年度硬式加盟校。県高野連一覧を県公式閉校情報・2026年度現行校情報で補正。
PRG001273,SCH001273,hardball,2026,active,active,SRC000091,2026-10-02,2026年度硬式加盟校。県高野連一覧を県公式閉校情報・2026年度現行校情報で補正。
PRG001274,SCH001274,hardball,2026,active,active,SRC000091,2026-10-02,2026年度硬式加盟校。県高野連一覧を県公式閉校情報・2026年度現行校情報で補正。
PRG001275,SCH001275,hardball,2026,active,active,SRC000091,2026-10-02,2026年度硬式加盟校。県高野連一覧を県公式閉校情報・2026年度現行校情報で補正。
PRG001276,SCH001276,hardball,2026,active,active,SRC000091,2026-10-02,2026年度硬式加盟校。県高野連一覧を県公式閉校情報・2026年度現行校情報で補正。
PRG001277,SCH001277,hardball,2026,active,active,SRC000091,2026-10-02,2026年度硬式加盟校。県高野連一覧を県公式閉校情報・2026年度現行校情報で補正。
PRG001278,SCH001278,hardball,2026,active,active,SRC000091,2026-10-02,2026年度硬式加盟校。県高野連一覧を県公式閉校情報・2026年度現行校情報で補正。
PRG001279,SCH001279,hardball,2026,active,active,SRC000091,2026-10-02,2026年度硬式加盟校。県高野連一覧を県公式閉校情報・2026年度現行校情報で補正。
PRG001280,SCH001280,hardball,2026,active,active,SRC000091,2026-10-02,2026年度硬式加盟校。県高野連一覧を県公式閉校情報・2026年度現行校情報で補正。
PRG001281,SCH001281,hardball,2026,active,active,SRC000091,2026-10-02,2026年度硬式加盟校。県高野連一覧を県公式閉校情報・2026年度現行校情報で補正。
PRG001282,SCH001282,hardball,2026,active,active,SRC000091,2026-10-02,2026年度硬式加盟校。県高野連一覧を県公式閉校情報・2026年度現行校情報で補正。
PRG001283,SCH001283,hardball,2026,active,active,SRC000091,2026-10-02,2026年度硬式加盟校。県高野連一覧を県公式閉校情報・2026年度現行校情報で補正。
PRG001284,SCH001284,hardball,2026,active,active,SRC000091,2026-10-02,2026年度硬式加盟校。県高野連一覧を県公式閉校情報・2026年度現行校情報で補正。
PRG001285,SCH001285,hardball,2026,active,active,SRC000091,2026-10-02,2026年度硬式加盟校。県高野連一覧を県公式閉校情報・2026年度現行校情報で補正。
PRG001286,SCH001286,hardball,2026,active,active,SRC000091,2026-10-02,2026年度硬式加盟校。県高野連一覧を県公式閉校情報・2026年度現行校情報で補正。
PRG001287,SCH001287,hardball,2026,active,active,SRC000091,2026-10-02,2026年度硬式加盟校。県高野連一覧を県公式閉校情報・2026年度現行校情報で補正。
PRG001288,SCH001288,hardball,2026,active,active,SRC000091,2026-10-02,2026年度硬式加盟校。県高野連一覧を県公式閉校情報・2026年度現行校情報で補正。
PRG001289,SCH001289,hardball,2026,active,active,SRC000091,2026-10-02,2026年度硬式加盟校。県高野連一覧を県公式閉校情報・2026年度現行校情報で補正。
PRG001290,SCH001290,hardball,2026,active,active,SRC000091,2026-10-02,2026年度硬式加盟校。県高野連一覧を県公式閉校情報・2026年度現行校情報で補正。
PRG001291,SCH001291,hardball,2026,active,active,SRC000091,2026-10-02,2026年度硬式加盟校。県高野連一覧を県公式閉校情報・2026年度現行校情報で補正。
PRG001292,SCH001292,hardball,2026,active,active,SRC000091,2026-10-02,2026年度硬式加盟校。県高野連一覧を県公式閉校情報・2026年度現行校情報で補正。
PRG001293,SCH001293,hardball,2026,active,active,SRC000091,2026-10-02,2026年度硬式加盟校。県高野連一覧を県公式閉校情報・2026年度現行校情報で補正。
PRG001294,SCH001294,hardball,2026,active,active,SRC000091,2026-10-02,2026年度硬式加盟校。県高野連一覧を県公式閉校情報・2026年度現行校情報で補正。
PRG001295,SCH001295,hardball,2026,active,active,SRC000091,2026-10-02,2026年度硬式加盟校。県高野連一覧を県公式閉校情報・2026年度現行校情報で補正。
PRG001296,SCH001296,hardball,2026,active,active,SRC000091,2026-10-02,2026年度硬式加盟校。県高野連一覧を県公式閉校情報・2026年度現行校情報で補正。
PRG001297,SCH001297,hardball,2026,active,active,SRC000091,2026-10-02,2026年度硬式加盟校。県高野連一覧を県公式閉校情報・2026年度現行校情報で補正。
PRG001298,SCH001298,hardball,2026,active,active,SRC000091,2026-10-02,2026年度硬式加盟校。県高野連一覧を県公式閉校情報・2026年度現行校情報で補正。
PRG001299,SCH001299,hardball,2026,active,active,SRC000091,2026-10-02,2026年度硬式加盟校。県高野連一覧を県公式閉校情報・2026年度現行校情報で補正。
PRG001300,SCH001300,hardball,2026,active,active,SRC000091,2026-10-02,2026年度硬式加盟校。県高野連一覧を県公式閉校情報・2026年度現行校情報で補正。
PRG001301,SCH001301,hardball,2026,active,active,SRC000091,2026-10-02,2026年度硬式加盟校。県高野連一覧を県公式閉校情報・2026年度現行校情報で補正。
PRG001302,SCH001302,hardball,2026,active,active,SRC000091,2026-10-02,2026年度硬式加盟校。県高野連一覧を県公式閉校情報・2026年度現行校情報で補正。
PRG001303,SCH001303,hardball,2026,active,active,SRC000091,2026-10-02,2026年度硬式加盟校。県高野連一覧を県公式閉校情報・2026年度現行校情報で補正。
PRG001304,SCH001304,hardball,2026,active,active,SRC000091,2026-10-02,2026年度硬式加盟校。県高野連一覧を県公式閉校情報・2026年度現行校情報で補正。
PRG001305,SCH001305,hardball,2026,active,active,SRC000091,2026-10-02,2026年度硬式加盟校。県高野連一覧を県公式閉校情報・2026年度現行校情報で補正。
PRG001306,SCH001306,hardball,2026,active,active,SRC000091,2026-10-02,2026年度硬式加盟校。県高野連一覧を県公式閉校情報・2026年度現行校情報で補正。
PRG001307,SCH001307,hardball,2026,active,active,SRC000091,2026-10-02,2026年度硬式加盟校。県高野連一覧を県公式閉校情報・2026年度現行校情報で補正。
PRG001308,SCH001308,hardball,2026,active,active,SRC000091,2026-10-02,2026年度硬式加盟校。県高野連一覧を県公式閉校情報・2026年度現行校情報で補正。
PRG001309,SCH001309,hardball,2026,active,active,SRC000091,2026-10-02,2026年度硬式加盟校。県高野連一覧を県公式閉校情報・2026年度現行校情報で補正。
PRG001310,SCH001310,hardball,2026,active,active,SRC000073,2026-10-02,令和8年度京都府高野連硬式加盟校一覧に掲載。
PRG001311,SCH001311,hardball,2026,active,active,SRC000073,2026-10-02,令和8年度京都府高野連硬式加盟校一覧に掲載。
PRG001312,SCH001312,hardball,2026,active,active,SRC000073,2026-10-02,令和8年度京都府高野連硬式加盟校一覧に掲載。
PRG001313,SCH001313,hardball,2026,active,active,SRC000073,2026-10-02,令和8年度京都府高野連硬式加盟校一覧に掲載。
PRG001314,SCH001314,hardball,2026,active,active,SRC000073,2026-10-02,令和8年度京都府高野連硬式加盟校一覧に掲載。
PRG001315,SCH001315,hardball,2026,active,active,SRC000073,2026-10-02,令和8年度京都府高野連硬式加盟校一覧に掲載。
PRG001316,SCH001316,hardball,2026,active,active,SRC000073,2026-10-02,令和8年度京都府高野連硬式加盟校一覧に掲載。
PRG001317,SCH001317,hardball,2026,active,active,SRC000073,2026-10-02,令和8年度京都府高野連硬式加盟校一覧に掲載。
PRG001318,SCH001318,hardball,2026,active,active,SRC000073,2026-10-02,令和8年度京都府高野連硬式加盟校一覧に掲載。
PRG001319,SCH001319,hardball,2026,active,active,SRC000073,2026-10-02,令和8年度京都府高野連硬式加盟校一覧に掲載。
PRG001320,SCH001320,hardball,2026,active,active,SRC000073,2026-10-02,令和8年度京都府高野連硬式加盟校一覧に掲載。
PRG001321,SCH001321,hardball,2026,active,active,SRC000073,2026-10-02,令和8年度京都府高野連硬式加盟校一覧に掲載。
PRG001322,SCH001322,hardball,2026,active,active,SRC000073,2026-10-02,令和8年度京都府高野連硬式加盟校一覧に掲載。
PRG001323,SCH001323,hardball,2026,active,active,SRC000073,2026-10-02,令和8年度京都府高野連硬式加盟校一覧に掲載。
PRG001324,SCH001324,hardball,2026,active,active,SRC000073,2026-10-02,令和8年度京都府高野連硬式加盟校一覧に掲載。
PRG001325,SCH001325,hardball,2026,active,active,SRC000073,2026-10-02,令和8年度京都府高野連硬式加盟校一覧に掲載。
PRG001326,SCH001326,hardball,2026,active,active,SRC000073,2026-10-02,令和8年度京都府高野連硬式加盟校一覧に掲載。
PRG001327,SCH001327,hardball,2026,active,active,SRC000073,2026-10-02,令和8年度京都府高野連硬式加盟校一覧に掲載。
PRG001328,SCH001328,hardball,2026,active,active,SRC000073,2026-10-02,令和8年度京都府高野連硬式加盟校一覧に掲載。
PRG001329,SCH001329,hardball,2026,active,active,SRC000073,2026-10-02,令和8年度京都府高野連硬式加盟校一覧に掲載。
PRG001330,SCH001330,hardball,2026,active,active,SRC000073,2026-10-02,令和8年度京都府高野連硬式加盟校一覧に掲載。
PRG001331,SCH001331,hardball,2026,active,active,SRC000073,2026-10-02,令和8年度京都府高野連硬式加盟校一覧に掲載。
PRG001332,SCH001332,hardball,2026,active,active,SRC000073,2026-10-02,令和8年度京都府高野連硬式加盟校一覧に掲載。
PRG001333,SCH001333,hardball,2026,active,active,SRC000073,2026-10-02,令和8年度京都府高野連硬式加盟校一覧に掲載。
PRG001334,SCH001334,hardball,2026,active,active,SRC000073,2026-10-02,令和8年度京都府高野連硬式加盟校一覧に掲載。
PRG001335,SCH001335,hardball,2026,active,active,SRC000073,2026-10-02,令和8年度京都府高野連硬式加盟校一覧に掲載。
PRG001336,SCH001336,hardball,2026,active,active,SRC000073,2026-10-02,令和8年度京都府高野連硬式加盟校一覧に掲載。
PRG001337,SCH001337,hardball,2026,active,active,SRC000073,2026-10-02,令和8年度京都府高野連硬式加盟校一覧に掲載。
PRG001338,SCH001338,hardball,2026,active,active,SRC000073,2026-10-02,令和8年度京都府高野連硬式加盟校一覧に掲載。
PRG001339,SCH001339,hardball,2026,active,active,SRC000073,2026-10-02,令和8年度京都府高野連硬式加盟校一覧に掲載。
PRG001340,SCH001340,hardball,2026,active,active,SRC000073,2026-10-02,令和8年度京都府高野連硬式加盟校一覧に掲載。
PRG001341,SCH001341,hardball,2026,active,active,SRC000073,2026-10-02,令和8年度京都府高野連硬式加盟校一覧に掲載。
PRG001342,SCH001342,hardball,2026,active,active,SRC000073,2026-10-02,令和8年度京都府高野連硬式加盟校一覧に掲載。
PRG001343,SCH001343,hardball,2026,active,active,SRC000073,2026-10-02,令和8年度京都府高野連硬式加盟校一覧に掲載。
PRG001344,SCH001344,hardball,2026,active,active,SRC000073,2026-10-02,令和8年度京都府高野連硬式加盟校一覧に掲載。
PRG001345,SCH001345,hardball,2026,active,active,SRC000073,2026-10-02,令和8年度京都府高野連硬式加盟校一覧に掲載。
PRG001346,SCH001346,hardball,2026,active,active,SRC000073,2026-10-02,令和8年度京都府高野連硬式加盟校一覧に掲載。
PRG001347,SCH001347,hardball,2026,active,active,SRC000073,2026-10-02,令和8年度京都府高野連硬式加盟校一覧に掲載。
PRG001348,SCH001348,hardball,2026,active,active,SRC000073,2026-10-02,令和8年度京都府高野連硬式加盟校一覧に掲載。
PRG001349,SCH001349,hardball,2026,active,active,SRC000073,2026-10-02,令和8年度京都府高野連硬式加盟校一覧に掲載。
PRG001350,SCH001350,hardball,2026,active,active,SRC000073,2026-10-02,令和8年度京都府高野連硬式加盟校一覧に掲載。
PRG001351,SCH001351,hardball,2026,active,active,SRC000073,2026-10-02,令和8年度京都府高野連硬式加盟校一覧に掲載。
PRG001352,SCH001352,hardball,2026,active,active,SRC000073,2026-10-02,令和8年度京都府高野連硬式加盟校一覧に掲載。
PRG001353,SCH001353,hardball,2026,active,active,SRC000073,2026-10-02,令和8年度京都府高野連硬式加盟校一覧に掲載。
PRG001354,SCH001354,hardball,2026,active,active,SRC000073,2026-10-02,令和8年度京都府高野連硬式加盟校一覧に掲載。
PRG001355,SCH001355,hardball,2026,active,active,SRC000073,2026-10-02,令和8年度京都府高野連硬式加盟校一覧に掲載。
PRG001356,SCH001356,hardball,2026,active,active,SRC000073,2026-10-02,令和8年度京都府高野連硬式加盟校一覧に掲載。
PRG001357,SCH001357,hardball,2026,active,active,SRC000073,2026-10-02,令和8年度京都府高野連硬式加盟校一覧に掲載。
PRG001358,SCH001358,hardball,2026,active,active,SRC000073,2026-10-02,令和8年度京都府高野連硬式加盟校一覧に掲載。
PRG001359,SCH001359,hardball,2026,active,active,SRC000073,2026-10-02,令和8年度京都府高野連硬式加盟校一覧に掲載。
PRG001360,SCH001360,hardball,2026,active,active,SRC000073,2026-10-02,令和8年度京都府高野連硬式加盟校一覧に掲載。
PRG001361,SCH001361,hardball,2026,active,active,SRC000073,2026-10-02,令和8年度京都府高野連硬式加盟校一覧に掲載。
PRG001362,SCH001362,hardball,2026,active,active,SRC000073,2026-10-02,令和8年度京都府高野連硬式加盟校一覧に掲載。
PRG001363,SCH001363,hardball,2026,active,active,SRC000073,2026-10-02,令和8年度京都府高野連硬式加盟校一覧に掲載。
PRG001364,SCH001364,hardball,2026,active,active,SRC000073,2026-10-02,令和8年度京都府高野連硬式加盟校一覧に掲載。
PRG001365,SCH001365,hardball,2026,active,active,SRC000073,2026-10-02,令和8年度京都府高野連硬式加盟校一覧に掲載。
PRG001366,SCH001366,hardball,2026,active,active,SRC000073,2026-10-02,令和8年度京都府高野連硬式加盟校一覧に掲載。
PRG001367,SCH001367,hardball,2026,active,active,SRC000073,2026-10-02,令和8年度京都府高野連硬式加盟校一覧に掲載。
PRG001368,SCH001368,hardball,2026,active,active,SRC000073,2026-10-02,令和8年度京都府高野連硬式加盟校一覧に掲載。
PRG001369,SCH001369,hardball,2026,active,active,SRC000073,2026-10-02,令和8年度京都府高野連硬式加盟校一覧に掲載。
PRG001370,SCH001370,hardball,2026,active,active,SRC000073,2026-10-02,令和8年度京都府高野連硬式加盟校一覧に掲載。
PRG001371,SCH001371,hardball,2026,active,active,SRC000073,2026-10-02,令和8年度京都府高野連硬式加盟校一覧に掲載。
PRG001372,SCH001372,hardball,2026,active,active,SRC000073,2026-10-02,令和8年度京都府高野連硬式加盟校一覧に掲載。
PRG001373,SCH001373,hardball,2026,active,active,SRC000073,2026-10-02,令和8年度京都府高野連硬式加盟校一覧に掲載。
PRG001374,SCH001374,hardball,2026,active,active,SRC000073,2026-10-02,令和8年度京都府高野連硬式加盟校一覧に掲載。
PRG001375,SCH001375,hardball,2026,active,active,SRC000073,2026-10-02,令和8年度京都府高野連硬式加盟校一覧に掲載。
PRG001376,SCH001376,hardball,2026,active,active,SRC000073,2026-10-02,令和8年度京都府高野連硬式加盟校一覧に掲載。
PRG001377,SCH001377,hardball,2026,active,active,SRC000073,2026-10-02,令和8年度京都府高野連硬式加盟校一覧に掲載。
PRG001378,SCH001378,hardball,2026,active,active,SRC000073,2026-10-02,令和8年度京都府高野連硬式加盟校一覧に掲載。
PRG001379,SCH001379,hardball,2026,active,active,SRC000073,2026-10-02,令和8年度京都府高野連硬式加盟校一覧に掲載。
PRG001380,SCH001380,hardball,2026,active,active,SRC000073,2026-10-02,令和8年度京都府高野連硬式加盟校一覧に掲載。
PRG001381,SCH001381,hardball,2026,active,active,SRC000073,2026-10-02,令和8年度京都府高野連硬式加盟校一覧に掲載。
PRG001382,SCH001382,hardball,2026,active,active,SRC000073,2026-10-02,令和8年度京都府高野連硬式加盟校一覧に掲載。
PRG001383,SCH001383,hardball,2026,active,active,SRC000073,2026-10-02,令和8年度京都府高野連硬式加盟校一覧に掲載。
PRG001384,SCH001384,hardball,2026,active,active,SRC000073,2026-10-02,令和8年度京都府高野連硬式加盟校一覧に掲載。
PRG001385,SCH001385,hardball,2026,active,active,SRC000073,2026-10-02,令和8年度京都府高野連硬式加盟校一覧に掲載。
PRG001386,SCH001386,hardball,2026,active,active,SRC000070,2026-10-02,愛知県高野連2026-04-01硬式加盟校一覧（通し番号1）に掲載。
PRG001387,SCH001387,hardball,2026,active,active,SRC000070,2026-10-02,愛知県高野連2026-04-01硬式加盟校一覧（通し番号2）に掲載。
PRG001388,SCH001388,hardball,2026,active,active,SRC000070,2026-10-02,愛知県高野連2026-04-01硬式加盟校一覧（通し番号3）に掲載。
PRG001389,SCH001389,hardball,2026,active,active,SRC000070,2026-10-02,愛知県高野連2026-04-01硬式加盟校一覧（通し番号4）に掲載。
PRG001390,SCH001390,hardball,2026,active,active,SRC000070,2026-10-02,愛知県高野連2026-04-01硬式加盟校一覧（通し番号5）に掲載。
PRG001391,SCH001391,hardball,2026,active,active,SRC000070,2026-10-02,愛知県高野連2026-04-01硬式加盟校一覧（通し番号6）に掲載。
PRG001392,SCH001392,hardball,2026,active,active,SRC000070,2026-10-02,愛知県高野連2026-04-01硬式加盟校一覧（通し番号7）に掲載。
PRG001393,SCH001393,hardball,2026,active,active,SRC000070,2026-10-02,愛知県高野連2026-04-01硬式加盟校一覧（通し番号8）に掲載。
PRG001394,SCH001394,hardball,2026,active,active,SRC000070,2026-10-02,愛知県高野連2026-04-01硬式加盟校一覧（通し番号9）に掲載。
PRG001395,SCH001395,hardball,2026,active,active,SRC000070,2026-10-02,愛知県高野連2026-04-01硬式加盟校一覧（通し番号10）に掲載。
PRG001396,SCH001396,hardball,2026,active,active,SRC000070,2026-10-02,愛知県高野連2026-04-01硬式加盟校一覧（通し番号11）に掲載。
PRG001397,SCH001397,hardball,2026,active,active,SRC000070,2026-10-02,愛知県高野連2026-04-01硬式加盟校一覧（通し番号12）に掲載。
PRG001398,SCH001398,hardball,2026,active,active,SRC000070,2026-10-02,愛知県高野連2026-04-01硬式加盟校一覧（通し番号13）に掲載。
PRG001399,SCH001399,hardball,2026,active,active,SRC000070,2026-10-02,愛知県高野連2026-04-01硬式加盟校一覧（通し番号14）に掲載。
PRG001400,SCH001400,hardball,2026,active,active,SRC000070,2026-10-02,愛知県高野連2026-04-01硬式加盟校一覧（通し番号15）に掲載。
PRG001401,SCH001401,hardball,2026,active,active,SRC000070,2026-10-02,愛知県高野連2026-04-01硬式加盟校一覧（通し番号16）に掲載。
PRG001402,SCH001402,hardball,2026,active,active,SRC000070,2026-10-02,愛知県高野連2026-04-01硬式加盟校一覧（通し番号17）に掲載。
PRG001403,SCH001403,hardball,2026,active,active,SRC000070,2026-10-02,愛知県高野連2026-04-01硬式加盟校一覧（通し番号18）に掲載。
PRG001404,SCH001404,hardball,2026,active,active,SRC000070,2026-10-02,愛知県高野連2026-04-01硬式加盟校一覧（通し番号19）に掲載。
PRG001405,SCH001405,hardball,2026,active,active,SRC000070,2026-10-02,愛知県高野連2026-04-01硬式加盟校一覧（通し番号20）に掲載。
PRG001406,SCH001406,hardball,2026,active,active,SRC000070,2026-10-02,愛知県高野連2026-04-01硬式加盟校一覧（通し番号21）に掲載。
PRG001407,SCH001407,hardball,2026,active,active,SRC000070,2026-10-02,愛知県高野連2026-04-01硬式加盟校一覧（通し番号22）に掲載。
PRG001408,SCH001408,hardball,2026,active,active,SRC000070,2026-10-02,愛知県高野連2026-04-01硬式加盟校一覧（通し番号23）に掲載。
PRG001409,SCH001409,hardball,2026,active,active,SRC000070,2026-10-02,愛知県高野連2026-04-01硬式加盟校一覧（通し番号24）に掲載。
PRG001410,SCH001410,hardball,2026,active,active,SRC000070,2026-10-02,愛知県高野連2026-04-01硬式加盟校一覧（通し番号25）に掲載。
PRG001411,SCH001411,hardball,2026,active,active,SRC000070,2026-10-02,愛知県高野連2026-04-01硬式加盟校一覧（通し番号26）に掲載。
PRG001412,SCH001412,hardball,2026,active,active,SRC000070,2026-10-02,愛知県高野連2026-04-01硬式加盟校一覧（通し番号27）に掲載。
PRG001413,SCH001413,hardball,2026,active,active,SRC000070,2026-10-02,愛知県高野連2026-04-01硬式加盟校一覧（通し番号28）に掲載。
PRG001414,SCH001414,hardball,2026,active,active,SRC000070,2026-10-02,愛知県高野連2026-04-01硬式加盟校一覧（通し番号29）に掲載。
PRG001415,SCH001415,hardball,2026,active,active,SRC000070,2026-10-02,愛知県高野連2026-04-01硬式加盟校一覧（通し番号30）に掲載。
PRG001416,SCH001416,hardball,2026,active,active,SRC000070,2026-10-02,愛知県高野連2026-04-01硬式加盟校一覧（通し番号31）に掲載。
PRG001417,SCH001417,hardball,2026,active,active,SRC000070,2026-10-02,愛知県高野連2026-04-01硬式加盟校一覧（通し番号32）に掲載。
PRG001418,SCH001418,hardball,2026,active,active,SRC000070,2026-10-02,愛知県高野連2026-04-01硬式加盟校一覧（通し番号33）に掲載。
PRG001419,SCH001419,hardball,2026,active,active,SRC000070,2026-10-02,愛知県高野連2026-04-01硬式加盟校一覧（通し番号34）に掲載。
PRG001420,SCH001420,hardball,2026,active,active,SRC000070,2026-10-02,愛知県高野連2026-04-01硬式加盟校一覧（通し番号35）に掲載。
PRG001421,SCH001421,hardball,2026,active,active,SRC000070,2026-10-02,愛知県高野連2026-04-01硬式加盟校一覧（通し番号36）に掲載。
PRG001422,SCH001422,hardball,2026,active,active,SRC000070,2026-10-02,愛知県高野連2026-04-01硬式加盟校一覧（通し番号37）に掲載。
PRG001423,SCH001423,hardball,2026,active,active,SRC000070,2026-10-02,愛知県高野連2026-04-01硬式加盟校一覧（通し番号38）に掲載。
PRG001424,SCH001424,hardball,2026,active,active,SRC000070,2026-10-02,愛知県高野連2026-04-01硬式加盟校一覧（通し番号39）に掲載。
PRG001425,SCH001425,hardball,2026,active,active,SRC000070,2026-10-02,愛知県高野連2026-04-01硬式加盟校一覧（通し番号40）に掲載。
PRG001426,SCH001426,hardball,2026,active,active,SRC000070,2026-10-02,愛知県高野連2026-04-01硬式加盟校一覧（通し番号41）に掲載。
PRG001427,SCH001427,hardball,2026,active,active,SRC000070,2026-10-02,愛知県高野連2026-04-01硬式加盟校一覧（通し番号42）に掲載。
PRG001428,SCH001428,hardball,2026,active,active,SRC000070,2026-10-02,愛知県高野連2026-04-01硬式加盟校一覧（通し番号43）に掲載。
PRG001429,SCH001429,hardball,2026,active,active,SRC000070,2026-10-02,愛知県高野連2026-04-01硬式加盟校一覧（通し番号44）に掲載。
PRG001430,SCH001430,hardball,2026,active,active,SRC000070,2026-10-02,愛知県高野連2026-04-01硬式加盟校一覧（通し番号45）に掲載。
PRG001431,SCH001431,hardball,2026,active,active,SRC000070,2026-10-02,愛知県高野連2026-04-01硬式加盟校一覧（通し番号46）に掲載。
PRG001432,SCH001432,hardball,2026,active,active,SRC000070,2026-10-02,愛知県高野連2026-04-01硬式加盟校一覧（通し番号47）に掲載。
PRG001433,SCH001433,hardball,2026,active,active,SRC000070,2026-10-02,愛知県高野連2026-04-01硬式加盟校一覧（通し番号48）に掲載。
PRG001434,SCH001434,hardball,2026,active,active,SRC000070,2026-10-02,愛知県高野連2026-04-01硬式加盟校一覧（通し番号49）に掲載。
PRG001435,SCH001435,hardball,2026,active,active,SRC000070,2026-10-02,愛知県高野連2026-04-01硬式加盟校一覧（通し番号50）に掲載。
PRG001436,SCH001436,hardball,2026,active,active,SRC000070,2026-10-02,愛知県高野連2026-04-01硬式加盟校一覧（通し番号51）に掲載。
PRG001437,SCH001437,hardball,2026,active,active,SRC000070,2026-10-02,愛知県高野連2026-04-01硬式加盟校一覧（通し番号52）に掲載。
PRG001438,SCH001438,hardball,2026,active,active,SRC000070,2026-10-02,愛知県高野連2026-04-01硬式加盟校一覧（通し番号53）に掲載。
PRG001439,SCH001439,hardball,2026,active,active,SRC000070,2026-10-02,愛知県高野連2026-04-01硬式加盟校一覧（通し番号54）に掲載。
PRG001440,SCH001440,hardball,2026,active,active,SRC000070,2026-10-02,愛知県高野連2026-04-01硬式加盟校一覧（通し番号55）に掲載。
PRG001441,SCH001441,hardball,2026,active,active,SRC000070,2026-10-02,愛知県高野連2026-04-01硬式加盟校一覧（通し番号56）に掲載。
PRG001442,SCH001442,hardball,2026,active,active,SRC000070,2026-10-02,愛知県高野連2026-04-01硬式加盟校一覧（通し番号57）に掲載。
PRG001443,SCH001443,hardball,2026,active,active,SRC000070,2026-10-02,愛知県高野連2026-04-01硬式加盟校一覧（通し番号58）に掲載。
PRG001444,SCH001444,hardball,2026,active,active,SRC000070,2026-10-02,愛知県高野連2026-04-01硬式加盟校一覧（通し番号59）に掲載。
PRG001445,SCH001445,hardball,2026,active,active,SRC000070,2026-10-02,愛知県高野連2026-04-01硬式加盟校一覧（通し番号60）に掲載。
PRG001446,SCH001446,hardball,2026,active,active,SRC000070,2026-10-02,愛知県高野連2026-04-01硬式加盟校一覧（通し番号61）に掲載。
PRG001447,SCH001447,hardball,2026,active,active,SRC000070,2026-10-02,愛知県高野連2026-04-01硬式加盟校一覧（通し番号62）に掲載。
PRG001448,SCH001448,hardball,2026,active,active,SRC000070,2026-10-02,愛知県高野連2026-04-01硬式加盟校一覧（通し番号63）に掲載。
PRG001449,SCH001449,hardball,2026,active,active,SRC000070,2026-10-02,愛知県高野連2026-04-01硬式加盟校一覧（通し番号64）に掲載。
PRG001450,SCH001450,hardball,2026,active,active,SRC000070,2026-10-02,愛知県高野連2026-04-01硬式加盟校一覧（通し番号65）に掲載。
PRG001451,SCH001451,hardball,2026,active,active,SRC000070,2026-10-02,愛知県高野連2026-04-01硬式加盟校一覧（通し番号66）に掲載。
PRG001452,SCH001452,hardball,2026,active,active,SRC000070,2026-10-02,愛知県高野連2026-04-01硬式加盟校一覧（通し番号67）に掲載。
PRG001453,SCH001453,hardball,2026,active,active,SRC000070,2026-10-02,愛知県高野連2026-04-01硬式加盟校一覧（通し番号68）に掲載。
PRG001454,SCH001454,hardball,2026,active,active,SRC000070,2026-10-02,愛知県高野連2026-04-01硬式加盟校一覧（通し番号69）に掲載。
PRG001455,SCH001455,hardball,2026,active,active,SRC000070,2026-10-02,愛知県高野連2026-04-01硬式加盟校一覧（通し番号70）に掲載。
PRG001456,SCH001456,hardball,2026,active,active,SRC000070,2026-10-02,愛知県高野連2026-04-01硬式加盟校一覧（通し番号71）に掲載。
PRG001457,SCH001457,hardball,2026,active,active,SRC000070,2026-10-02,愛知県高野連2026-04-01硬式加盟校一覧（通し番号72）に掲載。
PRG001458,SCH001458,hardball,2026,active,active,SRC000070,2026-10-02,愛知県高野連2026-04-01硬式加盟校一覧（通し番号73）に掲載。
PRG001459,SCH001459,hardball,2026,active,active,SRC000070,2026-10-02,愛知県高野連2026-04-01硬式加盟校一覧（通し番号74）に掲載。
PRG001460,SCH001460,hardball,2026,active,active,SRC000070,2026-10-02,愛知県高野連2026-04-01硬式加盟校一覧（通し番号75）に掲載。
PRG001461,SCH001461,hardball,2026,active,active,SRC000070,2026-10-02,愛知県高野連2026-04-01硬式加盟校一覧（通し番号76）に掲載。
PRG001462,SCH001462,hardball,2026,active,active,SRC000070,2026-10-02,愛知県高野連2026-04-01硬式加盟校一覧（通し番号77）に掲載。
PRG001463,SCH001463,hardball,2026,active,active,SRC000070,2026-10-02,愛知県高野連2026-04-01硬式加盟校一覧（通し番号78）に掲載。
PRG001464,SCH001464,hardball,2026,active,active,SRC000070,2026-10-02,愛知県高野連2026-04-01硬式加盟校一覧（通し番号79）に掲載。
PRG001465,SCH001465,hardball,2026,active,active,SRC000070,2026-10-02,愛知県高野連2026-04-01硬式加盟校一覧（通し番号80）に掲載。
PRG001466,SCH001466,hardball,2026,active,active,SRC000070,2026-10-02,愛知県高野連2026-04-01硬式加盟校一覧（通し番号81）に掲載。
PRG001467,SCH001467,hardball,2026,active,active,SRC000070,2026-10-02,愛知県高野連2026-04-01硬式加盟校一覧（通し番号82）に掲載。
PRG001468,SCH001468,hardball,2026,active,active,SRC000070,2026-10-02,愛知県高野連2026-04-01硬式加盟校一覧（通し番号83）に掲載。
PRG001469,SCH001469,hardball,2026,active,active,SRC000070,2026-10-02,愛知県高野連2026-04-01硬式加盟校一覧（通し番号84）に掲載。
PRG001470,SCH001470,hardball,2026,active,active,SRC000070,2026-10-02,愛知県高野連2026-04-01硬式加盟校一覧（通し番号85）に掲載。
PRG001471,SCH001471,hardball,2026,active,active,SRC000070,2026-10-02,愛知県高野連2026-04-01硬式加盟校一覧（通し番号86）に掲載。
PRG001472,SCH001472,hardball,2026,active,active,SRC000070,2026-10-02,愛知県高野連2026-04-01硬式加盟校一覧（通し番号87）に掲載。
PRG001473,SCH001473,hardball,2026,active,active,SRC000070,2026-10-02,愛知県高野連2026-04-01硬式加盟校一覧（通し番号88）に掲載。
PRG001474,SCH001474,hardball,2026,active,active,SRC000070,2026-10-02,愛知県高野連2026-04-01硬式加盟校一覧（通し番号89）に掲載。
PRG001475,SCH001475,hardball,2026,active,active,SRC000070,2026-10-02,愛知県高野連2026-04-01硬式加盟校一覧（通し番号90）に掲載。
PRG001476,SCH001476,hardball,2026,active,active,SRC000070,2026-10-02,愛知県高野連2026-04-01硬式加盟校一覧（通し番号91）に掲載。
PRG001477,SCH001477,hardball,2026,active,active,SRC000070,2026-10-02,愛知県高野連2026-04-01硬式加盟校一覧（通し番号92）に掲載。
PRG001478,SCH001478,hardball,2026,active,active,SRC000070,2026-10-02,愛知県高野連2026-04-01硬式加盟校一覧（通し番号93）に掲載。
PRG001479,SCH001479,hardball,2026,active,active,SRC000070,2026-10-02,愛知県高野連2026-04-01硬式加盟校一覧（通し番号94）に掲載。
PRG001480,SCH001480,hardball,2026,active,active,SRC000070,2026-10-02,愛知県高野連2026-04-01硬式加盟校一覧（通し番号95）に掲載。
PRG001481,SCH001481,hardball,2026,active,active,SRC000070,2026-10-02,愛知県高野連2026-04-01硬式加盟校一覧（通し番号96）に掲載。
PRG001482,SCH001482,hardball,2026,active,active,SRC000070,2026-10-02,愛知県高野連2026-04-01硬式加盟校一覧（通し番号97）に掲載。
PRG001483,SCH001483,hardball,2026,active,active,SRC000070,2026-10-02,愛知県高野連2026-04-01硬式加盟校一覧（通し番号98）に掲載。
PRG001484,SCH001484,hardball,2026,active,active,SRC000070,2026-10-02,愛知県高野連2026-04-01硬式加盟校一覧（通し番号99）に掲載。
PRG001485,SCH001485,hardball,2026,active,active,SRC000070,2026-10-02,愛知県高野連2026-04-01硬式加盟校一覧（通し番号100）に掲載。
PRG001486,SCH001486,hardball,2026,active,active,SRC000070,2026-10-02,愛知県高野連2026-04-01硬式加盟校一覧（通し番号101）に掲載。
PRG001487,SCH001487,hardball,2026,active,active,SRC000070,2026-10-02,愛知県高野連2026-04-01硬式加盟校一覧（通し番号102）に掲載。
PRG001488,SCH001488,hardball,2026,active,active,SRC000070,2026-10-02,愛知県高野連2026-04-01硬式加盟校一覧（通し番号103）に掲載。
PRG001489,SCH001489,hardball,2026,active,active,SRC000070,2026-10-02,愛知県高野連2026-04-01硬式加盟校一覧（通し番号104）に掲載。
PRG001490,SCH001490,hardball,2026,active,active,SRC000070,2026-10-02,愛知県高野連2026-04-01硬式加盟校一覧（通し番号105）に掲載。
PRG001491,SCH001491,hardball,2026,active,active,SRC000070,2026-10-02,愛知県高野連2026-04-01硬式加盟校一覧（通し番号106）に掲載。
PRG001492,SCH001492,hardball,2026,active,active,SRC000070,2026-10-02,愛知県高野連2026-04-01硬式加盟校一覧（通し番号107）に掲載。
PRG001493,SCH001493,hardball,2026,active,active,SRC000070,2026-10-02,愛知県高野連2026-04-01硬式加盟校一覧（通し番号108）に掲載。
PRG001494,SCH001494,hardball,2026,active,active,SRC000070,2026-10-02,愛知県高野連2026-04-01硬式加盟校一覧（通し番号109）に掲載。
PRG001495,SCH001495,hardball,2026,active,active,SRC000070,2026-10-02,愛知県高野連2026-04-01硬式加盟校一覧（通し番号110）に掲載。
PRG001496,SCH001496,hardball,2026,active,active,SRC000070,2026-10-02,愛知県高野連2026-04-01硬式加盟校一覧（通し番号111）に掲載。
PRG001497,SCH001497,hardball,2026,active,active,SRC000070,2026-10-02,愛知県高野連2026-04-01硬式加盟校一覧（通し番号112）に掲載。
PRG001498,SCH001498,hardball,2026,active,active,SRC000070,2026-10-02,愛知県高野連2026-04-01硬式加盟校一覧（通し番号113）に掲載。
PRG001499,SCH001499,hardball,2026,active,active,SRC000070,2026-10-02,愛知県高野連2026-04-01硬式加盟校一覧（通し番号114）に掲載。
PRG001500,SCH001500,hardball,2026,active,active,SRC000070,2026-10-02,愛知県高野連2026-04-01硬式加盟校一覧（通し番号115）に掲載。
PRG001501,SCH001501,hardball,2026,active,active,SRC000070,2026-10-02,愛知県高野連2026-04-01硬式加盟校一覧（通し番号116）に掲載。
PRG001502,SCH001502,hardball,2026,active,active,SRC000070,2026-10-02,愛知県高野連2026-04-01硬式加盟校一覧（通し番号117）に掲載。
PRG001503,SCH001503,hardball,2026,active,active,SRC000070,2026-10-02,愛知県高野連2026-04-01硬式加盟校一覧（通し番号118）に掲載。
PRG001504,SCH001504,hardball,2026,active,active,SRC000070,2026-10-02,愛知県高野連2026-04-01硬式加盟校一覧（通し番号119）に掲載。
PRG001505,SCH001505,hardball,2026,active,active,SRC000070,2026-10-02,愛知県高野連2026-04-01硬式加盟校一覧（通し番号120）に掲載。
PRG001506,SCH001506,hardball,2026,active,active,SRC000070,2026-10-02,愛知県高野連2026-04-01硬式加盟校一覧（通し番号121）に掲載。
PRG001507,SCH001507,hardball,2026,active,active,SRC000070,2026-10-02,愛知県高野連2026-04-01硬式加盟校一覧（通し番号122）に掲載。
PRG001508,SCH001508,hardball,2026,active,active,SRC000070,2026-10-02,愛知県高野連2026-04-01硬式加盟校一覧（通し番号123）に掲載。
PRG001509,SCH001509,hardball,2026,active,active,SRC000070,2026-10-02,愛知県高野連2026-04-01硬式加盟校一覧（通し番号124）に掲載。
PRG001510,SCH001510,hardball,2026,active,active,SRC000070,2026-10-02,愛知県高野連2026-04-01硬式加盟校一覧（通し番号125）に掲載。
PRG001511,SCH001511,hardball,2026,active,active,SRC000070,2026-10-02,愛知県高野連2026-04-01硬式加盟校一覧（通し番号126）に掲載。
PRG001512,SCH001512,hardball,2026,active,active,SRC000070,2026-10-02,愛知県高野連2026-04-01硬式加盟校一覧（通し番号127）に掲載。
PRG001513,SCH001513,hardball,2026,active,active,SRC000070,2026-10-02,愛知県高野連2026-04-01硬式加盟校一覧（通し番号128）に掲載。
PRG001514,SCH001514,hardball,2026,active,active,SRC000070,2026-10-02,愛知県高野連2026-04-01硬式加盟校一覧（通し番号129）に掲載。
PRG001515,SCH001515,hardball,2026,active,active,SRC000070,2026-10-02,愛知県高野連2026-04-01硬式加盟校一覧（通し番号130）に掲載。
PRG001516,SCH001516,hardball,2026,active,active,SRC000070,2026-10-02,愛知県高野連2026-04-01硬式加盟校一覧（通し番号131）に掲載。
PRG001517,SCH001517,hardball,2026,active,active,SRC000070,2026-10-02,愛知県高野連2026-04-01硬式加盟校一覧（通し番号132）に掲載。
PRG001518,SCH001518,hardball,2026,active,active,SRC000070,2026-10-02,愛知県高野連2026-04-01硬式加盟校一覧（通し番号133）に掲載。
PRG001519,SCH001519,hardball,2026,active,active,SRC000070,2026-10-02,愛知県高野連2026-04-01硬式加盟校一覧（通し番号134）に掲載。
PRG001520,SCH001520,hardball,2026,active,active,SRC000070,2026-10-02,愛知県高野連2026-04-01硬式加盟校一覧（通し番号135）に掲載。
PRG001521,SCH001521,hardball,2026,active,active,SRC000070,2026-10-02,愛知県高野連2026-04-01硬式加盟校一覧（通し番号136）に掲載。
PRG001522,SCH001522,hardball,2026,active,active,SRC000070,2026-10-02,愛知県高野連2026-04-01硬式加盟校一覧（通し番号137）に掲載。
PRG001523,SCH001523,hardball,2026,active,active,SRC000070,2026-10-02,愛知県高野連2026-04-01硬式加盟校一覧（通し番号138）に掲載。
PRG001524,SCH001524,hardball,2026,active,active,SRC000070,2026-10-02,愛知県高野連2026-04-01硬式加盟校一覧（通し番号139）に掲載。
PRG001525,SCH001525,hardball,2026,active,active,SRC000070,2026-10-02,愛知県高野連2026-04-01硬式加盟校一覧（通し番号140）に掲載。
PRG001526,SCH001526,hardball,2026,active,active,SRC000070,2026-10-02,愛知県高野連2026-04-01硬式加盟校一覧（通し番号141）に掲載。
PRG001527,SCH001527,hardball,2026,active,active,SRC000070,2026-10-02,愛知県高野連2026-04-01硬式加盟校一覧（通し番号142）に掲載。
PRG001528,SCH001528,hardball,2026,active,active,SRC000070,2026-10-02,愛知県高野連2026-04-01硬式加盟校一覧（通し番号143）に掲載。
PRG001529,SCH001529,hardball,2026,active,active,SRC000070,2026-10-02,愛知県高野連2026-04-01硬式加盟校一覧（通し番号144）に掲載。
PRG001530,SCH001530,hardball,2026,active,active,SRC000070,2026-10-02,愛知県高野連2026-04-01硬式加盟校一覧（通し番号145）に掲載。
PRG001531,SCH001531,hardball,2026,active,active,SRC000070,2026-10-02,愛知県高野連2026-04-01硬式加盟校一覧（通し番号146）に掲載。
PRG001532,SCH001532,hardball,2026,active,active,SRC000070,2026-10-02,愛知県高野連2026-04-01硬式加盟校一覧（通し番号147）に掲載。
PRG001533,SCH001533,hardball,2026,active,active,SRC000070,2026-10-02,愛知県高野連2026-04-01硬式加盟校一覧（通し番号148）に掲載。
PRG001534,SCH001534,hardball,2026,active,active,SRC000070,2026-10-02,愛知県高野連2026-04-01硬式加盟校一覧（通し番号149）に掲載。
PRG001535,SCH001535,hardball,2026,active,active,SRC000070,2026-10-02,愛知県高野連2026-04-01硬式加盟校一覧（通し番号150）に掲載。
PRG001536,SCH001536,hardball,2026,active,active,SRC000070,2026-10-02,愛知県高野連2026-04-01硬式加盟校一覧（通し番号151）に掲載。
PRG001537,SCH001537,hardball,2026,active,active,SRC000070,2026-10-02,愛知県高野連2026-04-01硬式加盟校一覧（通し番号152）に掲載。
PRG001538,SCH001538,hardball,2026,active,active,SRC000070,2026-10-02,愛知県高野連2026-04-01硬式加盟校一覧（通し番号153）に掲載。
PRG001539,SCH001539,hardball,2026,active,active,SRC000070,2026-10-02,愛知県高野連2026-04-01硬式加盟校一覧（通し番号154）に掲載。
PRG001540,SCH001540,hardball,2026,active,active,SRC000070,2026-10-02,愛知県高野連2026-04-01硬式加盟校一覧（通し番号155）に掲載。
PRG001541,SCH001541,hardball,2026,active,active,SRC000070,2026-10-02,愛知県高野連2026-04-01硬式加盟校一覧（通し番号156）に掲載。
PRG001542,SCH001542,hardball,2026,active,active,SRC000070,2026-10-02,愛知県高野連2026-04-01硬式加盟校一覧（通し番号157）に掲載。
PRG001543,SCH001543,hardball,2026,active,active,SRC000070,2026-10-02,愛知県高野連2026-04-01硬式加盟校一覧（通し番号158）に掲載。
PRG001544,SCH001544,hardball,2026,active,active,SRC000070,2026-10-02,愛知県高野連2026-04-01硬式加盟校一覧（通し番号159）に掲載。
PRG001545,SCH001545,hardball,2026,active,active,SRC000070,2026-10-02,愛知県高野連2026-04-01硬式加盟校一覧（通し番号160）に掲載。
PRG001546,SCH001546,hardball,2026,active,active,SRC000070,2026-10-02,愛知県高野連2026-04-01硬式加盟校一覧（通し番号161）に掲載。
PRG001547,SCH001547,hardball,2026,active,active,SRC000070,2026-10-02,愛知県高野連2026-04-01硬式加盟校一覧（通し番号162）に掲載。
PRG001548,SCH001548,hardball,2026,active,active,SRC000070,2026-10-02,愛知県高野連2026-04-01硬式加盟校一覧（通し番号163）に掲載。
PRG001549,SCH001549,hardball,2026,active,active,SRC000070,2026-10-02,愛知県高野連2026-04-01硬式加盟校一覧（通し番号164）に掲載。
PRG001550,SCH001550,hardball,2026,active,active,SRC000070,2026-10-02,愛知県高野連2026-04-01硬式加盟校一覧（通し番号165）に掲載。
PRG001551,SCH001551,hardball,2026,active,active,SRC000070,2026-10-02,愛知県高野連2026-04-01硬式加盟校一覧（通し番号166）に掲載。
PRG001552,SCH001552,hardball,2026,active,active,SRC000070,2026-10-02,愛知県高野連2026-04-01硬式加盟校一覧（通し番号167）に掲載。
PRG001553,SCH001553,hardball,2026,active,active,SRC000070,2026-10-02,愛知県高野連2026-04-01硬式加盟校一覧（通し番号168）に掲載。
PRG001554,SCH001554,hardball,2026,active,active,SRC000070,2026-10-02,愛知県高野連2026-04-01硬式加盟校一覧（通し番号169）に掲載。
PRG001555,SCH001555,hardball,2026,active,active,SRC000070,2026-10-02,愛知県高野連2026-04-01硬式加盟校一覧（通し番号170）に掲載。
PRG001556,SCH001556,hardball,2026,active,active,SRC000070,2026-10-02,愛知県高野連2026-04-01硬式加盟校一覧（通し番号171）に掲載。
PRG001557,SCH001557,hardball,2026,active,active,SRC000070,2026-10-02,愛知県高野連2026-04-01硬式加盟校一覧（通し番号172）に掲載。
PRG001558,SCH001558,hardball,2026,active,active,SRC000070,2026-10-02,愛知県高野連2026-04-01硬式加盟校一覧（通し番号173）に掲載。
PRG001559,SCH001559,hardball,2026,active,active,SRC000070,2026-10-02,愛知県高野連2026-04-01硬式加盟校一覧（通し番号174）に掲載。
PRG001560,SCH001560,hardball,2026,active,active,SRC000070,2026-10-02,愛知県高野連2026-04-01硬式加盟校一覧（通し番号175）に掲載。
PRG001561,SCH001561,hardball,2026,active,active,SRC000070,2026-10-02,愛知県高野連2026-04-01硬式加盟校一覧（通し番号176）に掲載。
PRG001562,SCH001562,hardball,2026,active,active,SRC000070,2026-10-02,愛知県高野連2026-04-01硬式加盟校一覧（通し番号177）に掲載。
PRG001563,SCH001563,hardball,2026,active,active,SRC000070,2026-10-02,愛知県高野連2026-04-01硬式加盟校一覧（通し番号178）に掲載。
PRG001564,SCH001564,hardball,2026,active,active,SRC000070,2026-10-02,愛知県高野連2026-04-01硬式加盟校一覧（通し番号179）に掲載。
PRG001565,SCH001565,hardball,2026,active,active,SRC000070,2026-10-02,愛知県高野連2026-04-01硬式加盟校一覧（通し番号180）に掲載。
PRG001566,SCH001566,hardball,2026,active,active,SRC000070,2026-10-02,愛知県高野連2026-04-01硬式加盟校一覧（通し番号181）に掲載。
PRG001567,SCH001567,hardball,2026,active,active,SRC000070,2026-10-02,愛知県高野連2026-04-01硬式加盟校一覧（通し番号182）に掲載。
PRG001568,SCH001568,hardball,2026,active,active,SRC000132,2026-10-02,2026春季三重県大会で木本・紀南・熊野青藍の連合チーム構成校として公式確認。
PRG001569,SCH001569,hardball,2026,active,active,SRC000054,2026-10-02,2026年度硬式加盟校として福島県高野連公式加盟校名簿から登録。
PRG001570,SCH001570,hardball,2026,active,active,SRC000054,2026-10-02,2026年度硬式加盟校として福島県高野連公式加盟校名簿から登録。
PRG001571,SCH001571,hardball,2026,active,active,SRC000054,2026-10-02,2026年度硬式加盟校として福島県高野連公式加盟校名簿から登録。
PRG001572,SCH001572,hardball,2026,active,active,SRC000054,2026-10-02,2026年度硬式加盟校として福島県高野連公式加盟校名簿から登録。
PRG001573,SCH001573,hardball,2026,active,active,SRC000054,2026-10-02,2026年度硬式加盟校として福島県高野連公式加盟校名簿から登録。
PRG001574,SCH001574,hardball,2026,active,active,SRC000054,2026-10-02,2026年度硬式加盟校として福島県高野連公式加盟校名簿から登録。
PRG001575,SCH001575,hardball,2026,active,active,SRC000054,2026-10-02,2026年度硬式加盟校として福島県高野連公式加盟校名簿から登録。
PRG001576,SCH001576,hardball,2026,active,active,SRC000054,2026-10-02,2026年度硬式加盟校として福島県高野連公式加盟校名簿から登録。
PRG001577,SCH001577,hardball,2026,active,active,SRC000054,2026-10-02,2026年度硬式加盟校として福島県高野連公式加盟校名簿から登録。
PRG001578,SCH001578,hardball,2026,active,active,SRC000054,2026-10-02,2026年度硬式加盟校として福島県高野連公式加盟校名簿から登録。
PRG001579,SCH001579,hardball,2026,active,active,SRC000054,2026-10-02,2026年度硬式加盟校として福島県高野連公式加盟校名簿から登録。
PRG001580,SCH001580,hardball,2026,active,active,SRC000054,2026-10-02,2026年度硬式加盟校として福島県高野連公式加盟校名簿から登録。
PRG001581,SCH001581,hardball,2026,active,active,SRC000054,2026-10-02,2026年度硬式加盟校として福島県高野連公式加盟校名簿から登録。
PRG001582,SCH001582,hardball,2026,active,active,SRC000054,2026-10-02,2026年度硬式加盟校として福島県高野連公式加盟校名簿から登録。
PRG001583,SCH001583,hardball,2026,active,active,SRC000054,2026-10-02,2026年度硬式加盟校として福島県高野連公式加盟校名簿から登録。
PRG001584,SCH001584,hardball,2026,active,active,SRC000054,2026-10-02,2026年度硬式加盟校として福島県高野連公式加盟校名簿から登録。
PRG001585,SCH001585,hardball,2026,active,active,SRC000054,2026-10-02,2026年度硬式加盟校として福島県高野連公式加盟校名簿から登録。
PRG001586,SCH001586,hardball,2026,active,active,SRC000054,2026-10-02,2026年度硬式加盟校として福島県高野連公式加盟校名簿から登録。
PRG001587,SCH001587,hardball,2026,active,active,SRC000054,2026-10-02,2026年度硬式加盟校として福島県高野連公式加盟校名簿から登録。
PRG001588,SCH001588,hardball,2026,active,active,SRC000054,2026-10-02,2026年度硬式加盟校として福島県高野連公式加盟校名簿から登録。
PRG001589,SCH001589,hardball,2026,active,active,SRC000054,2026-10-02,2026年度硬式加盟校として福島県高野連公式加盟校名簿から登録。
PRG001590,SCH001590,hardball,2026,active,active,SRC000054,2026-10-02,2026年度硬式加盟校として福島県高野連公式加盟校名簿から登録。
PRG001591,SCH001591,hardball,2026,active,active,SRC000054,2026-10-02,2026年度硬式加盟校として福島県高野連公式加盟校名簿から登録。
PRG001592,SCH001592,hardball,2026,active,active,SRC000054,2026-10-02,2026年度硬式加盟校として福島県高野連公式加盟校名簿から登録。
PRG001593,SCH001593,hardball,2026,active,active,SRC000054,2026-10-02,2026年度硬式加盟校として福島県高野連公式加盟校名簿から登録。
PRG001594,SCH001594,hardball,2026,active,active,SRC000054,2026-10-02,2026年度硬式加盟校として福島県高野連公式加盟校名簿から登録。
PRG001595,SCH001595,hardball,2026,active,active,SRC000054,2026-10-02,2026年度硬式加盟校として福島県高野連公式加盟校名簿から登録。
PRG001596,SCH001596,hardball,2026,active,active,SRC000054,2026-10-02,2026年度硬式加盟校として福島県高野連公式加盟校名簿から登録。
PRG001597,SCH001597,hardball,2026,active,active,SRC000054,2026-10-02,2026年度硬式加盟校として福島県高野連公式加盟校名簿から登録。
PRG001598,SCH001598,hardball,2026,active,active,SRC000054,2026-10-02,2026年度硬式加盟校として福島県高野連公式加盟校名簿から登録。
PRG001599,SCH001599,hardball,2026,active,active,SRC000054,2026-10-02,2026年度硬式加盟校として福島県高野連公式加盟校名簿から登録。
PRG001600,SCH001600,hardball,2026,active,active,SRC000054,2026-10-02,2026年度硬式加盟校として福島県高野連公式加盟校名簿から登録。
PRG001601,SCH001601,hardball,2026,active,active,SRC000054,2026-10-02,2026年度硬式加盟校として福島県高野連公式加盟校名簿から登録。
PRG001602,SCH001602,hardball,2026,active,active,SRC000054,2026-10-02,2026年度硬式加盟校として福島県高野連公式加盟校名簿から登録。
PRG001603,SCH001603,hardball,2026,active,active,SRC000054,2026-10-02,2026年度硬式加盟校として福島県高野連公式加盟校名簿から登録。
PRG001604,SCH001604,hardball,2026,active,active,SRC000054,2026-10-02,2026年度硬式加盟校として福島県高野連公式加盟校名簿から登録。
PRG001605,SCH001605,hardball,2026,active,active,SRC000054,2026-10-02,2026年度硬式加盟校として福島県高野連公式加盟校名簿から登録。
PRG001606,SCH001606,hardball,2026,active,active,SRC000054,2026-10-02,2026年度硬式加盟校として福島県高野連公式加盟校名簿から登録。
PRG001607,SCH001607,hardball,2026,active,active,SRC000054,2026-10-02,2026年度硬式加盟校として福島県高野連公式加盟校名簿から登録。
PRG001608,SCH001608,hardball,2026,active,active,SRC000054,2026-10-02,2026年度硬式加盟校として福島県高野連公式加盟校名簿から登録。
PRG001609,SCH001609,hardball,2026,active,active,SRC000054,2026-10-02,2026年度硬式加盟校として福島県高野連公式加盟校名簿から登録。
PRG001610,SCH001610,hardball,2026,active,active,SRC000054,2026-10-02,2026年度硬式加盟校として福島県高野連公式加盟校名簿から登録。
PRG001611,SCH001611,hardball,2026,active,active,SRC000054,2026-10-02,2026年度硬式加盟校として福島県高野連公式加盟校名簿から登録。
PRG001612,SCH001612,hardball,2026,active,active,SRC000054,2026-10-02,2026年度硬式加盟校として福島県高野連公式加盟校名簿から登録。
PRG001613,SCH001613,hardball,2026,active,active,SRC000054,2026-10-02,2026年度硬式加盟校として福島県高野連公式加盟校名簿から登録。
PRG001614,SCH001614,hardball,2026,active,active,SRC000054,2026-10-02,2026年度硬式加盟校として福島県高野連公式加盟校名簿から登録。
PRG001615,SCH001615,hardball,2026,active,active,SRC000054,2026-10-02,2026年度硬式加盟校として福島県高野連公式加盟校名簿から登録。
PRG001616,SCH001616,hardball,2026,active,active,SRC000054,2026-10-02,2026年度硬式加盟校として福島県高野連公式加盟校名簿から登録。
PRG001617,SCH001617,hardball,2026,active,active,SRC000054,2026-10-02,2026年度硬式加盟校として福島県高野連公式加盟校名簿から登録。
PRG001618,SCH001618,hardball,2026,active,active,SRC000054,2026-10-02,2026年度硬式加盟校として福島県高野連公式加盟校名簿から登録。
PRG001619,SCH001619,hardball,2026,active,active,SRC000054,2026-10-02,2026年度硬式加盟校として福島県高野連公式加盟校名簿から登録。
PRG001620,SCH001620,hardball,2026,active,active,SRC000054,2026-10-02,2026年度硬式加盟校として福島県高野連公式加盟校名簿から登録。
PRG001621,SCH001621,hardball,2026,active,active,SRC000054,2026-10-02,2026年度硬式加盟校として福島県高野連公式加盟校名簿から登録。
PRG001622,SCH001622,hardball,2026,active,active,SRC000054,2026-10-02,2026年度硬式加盟校として福島県高野連公式加盟校名簿から登録。
PRG001623,SCH001623,hardball,2026,active,active,SRC000054,2026-10-02,2026年度硬式加盟校として福島県高野連公式加盟校名簿から登録。
PRG001624,SCH001624,hardball,2026,active,active,SRC000054,2026-10-02,2026年度硬式加盟校として福島県高野連公式加盟校名簿から登録。
PRG001625,SCH001625,hardball,2026,active,active,SRC000054,2026-10-02,2026年度硬式加盟校として福島県高野連公式加盟校名簿から登録。
PRG001626,SCH001626,hardball,2026,active,active,SRC000054,2026-10-02,2026年度硬式加盟校として福島県高野連公式加盟校名簿から登録。
PRG001627,SCH001627,hardball,2026,active,active,SRC000054,2026-10-02,2026年度硬式加盟校として福島県高野連公式加盟校名簿から登録。
PRG001628,SCH001628,hardball,2026,active,active,SRC000054,2026-10-02,2026年度硬式加盟校として福島県高野連公式加盟校名簿から登録。
PRG001629,SCH001629,hardball,2026,active,active,SRC000054,2026-10-02,2026年度硬式加盟校として福島県高野連公式加盟校名簿から登録。
PRG001630,SCH001630,hardball,2026,active,active,SRC000054,2026-10-02,2026年度硬式加盟校として福島県高野連公式加盟校名簿から登録。
PRG001631,SCH001631,hardball,2026,active,active,SRC000054,2026-10-02,2026年度硬式加盟校として福島県高野連公式加盟校名簿から登録。
PRG001632,SCH001632,hardball,2026,active,active,SRC000054,2026-10-02,2026年度硬式加盟校として福島県高野連公式加盟校名簿から登録。
PRG001633,SCH001633,hardball,2026,active,active,SRC000054,2026-10-02,2026年度硬式加盟校として福島県高野連公式加盟校名簿から登録。
PRG001634,SCH001634,hardball,2026,active,active,SRC000054,2026-10-02,2026年度硬式加盟校として福島県高野連公式加盟校名簿から登録。
PRG001635,SCH001635,hardball,2026,active,active,SRC000054,2026-10-02,2026年度硬式加盟校として福島県高野連公式加盟校名簿から登録。
PRG001636,SCH001636,hardball,2026,active,active,SRC000067,2026-10-02,2026年度硬式加盟校として長野県高野連公式加盟校名簿から登録。
PRG001637,SCH001637,hardball,2026,active,active,SRC000067,2026-10-02,2026年度硬式加盟校として長野県高野連公式加盟校名簿から登録。
PRG001638,SCH001638,hardball,2026,active,active,SRC000067,2026-10-02,2026年度硬式加盟校として長野県高野連公式加盟校名簿から登録。
PRG001639,SCH001639,hardball,2026,active,active,SRC000067,2026-10-02,2026年度硬式加盟校として長野県高野連公式加盟校名簿から登録。
PRG001640,SCH001640,hardball,2026,active,active,SRC000067,2026-10-02,2026年度硬式加盟校として長野県高野連公式加盟校名簿から登録。
PRG001641,SCH001641,hardball,2026,active,active,SRC000067,2026-10-02,2026年度硬式加盟校として長野県高野連公式加盟校名簿から登録。
PRG001642,SCH001642,hardball,2026,active,active,SRC000067,2026-10-02,2026年度硬式加盟校として長野県高野連公式加盟校名簿から登録。
PRG001643,SCH001643,hardball,2026,active,active,SRC000067,2026-10-02,2026年度硬式加盟校として長野県高野連公式加盟校名簿から登録。
PRG001644,SCH001644,hardball,2026,active,active,SRC000067,2026-10-02,2026年度硬式加盟校として長野県高野連公式加盟校名簿から登録。
PRG001645,SCH001645,hardball,2026,active,active,SRC000067,2026-10-02,2026年度硬式加盟校として長野県高野連公式加盟校名簿から登録。
PRG001646,SCH001646,hardball,2026,active,active,SRC000067,2026-10-02,2026年度硬式加盟校として長野県高野連公式加盟校名簿から登録。
PRG001647,SCH001647,hardball,2026,active,active,SRC000067,2026-10-02,2026年度硬式加盟校として長野県高野連公式加盟校名簿から登録。
PRG001648,SCH001648,hardball,2026,active,active,SRC000067,2026-10-02,2026年度硬式加盟校として長野県高野連公式加盟校名簿から登録。
PRG001649,SCH001649,hardball,2026,active,active,SRC000067,2026-10-02,2026年度硬式加盟校として長野県高野連公式加盟校名簿から登録。
PRG001650,SCH001650,hardball,2026,active,active,SRC000067,2026-10-02,2026年度硬式加盟校として長野県高野連公式加盟校名簿から登録。
PRG001651,SCH001651,hardball,2026,active,active,SRC000067,2026-10-02,2026年度硬式加盟校として長野県高野連公式加盟校名簿から登録。
PRG001652,SCH001652,hardball,2026,active,active,SRC000067,2026-10-02,2026年度硬式加盟校として長野県高野連公式加盟校名簿から登録。
PRG001653,SCH001653,hardball,2026,active,active,SRC000067,2026-10-02,2026年度硬式加盟校として長野県高野連公式加盟校名簿から登録。
PRG001654,SCH001654,hardball,2026,active,active,SRC000067,2026-10-02,2026年度硬式加盟校として長野県高野連公式加盟校名簿から登録。
PRG001655,SCH001655,hardball,2026,active,active,SRC000067,2026-10-02,2026年度硬式加盟校として長野県高野連公式加盟校名簿から登録。
PRG001656,SCH001656,hardball,2026,active,active,SRC000067,2026-10-02,2026年度硬式加盟校として長野県高野連公式加盟校名簿から登録。
PRG001657,SCH001657,hardball,2026,active,active,SRC000067,2026-10-02,2026年度硬式加盟校として長野県高野連公式加盟校名簿から登録。
PRG001658,SCH001658,hardball,2026,active,active,SRC000067,2026-10-02,2026年度硬式加盟校として長野県高野連公式加盟校名簿から登録。
PRG001659,SCH001659,hardball,2026,active,active,SRC000067,2026-10-02,2026年度硬式加盟校として長野県高野連公式加盟校名簿から登録。
PRG001660,SCH001660,hardball,2026,active,active,SRC000067,2026-10-02,2026年度硬式加盟校として長野県高野連公式加盟校名簿から登録。
PRG001661,SCH001661,hardball,2026,active,active,SRC000067,2026-10-02,2026年度硬式加盟校として長野県高野連公式加盟校名簿から登録。
PRG001662,SCH001662,hardball,2026,active,active,SRC000067,2026-10-02,2026年度硬式加盟校として長野県高野連公式加盟校名簿から登録。
PRG001663,SCH001663,hardball,2026,active,active,SRC000067,2026-10-02,2026年度硬式加盟校として長野県高野連公式加盟校名簿から登録。
PRG001664,SCH001664,hardball,2026,active,active,SRC000067,2026-10-02,2026年度硬式加盟校として長野県高野連公式加盟校名簿から登録。
PRG001665,SCH001665,hardball,2026,active,active,SRC000067,2026-10-02,2026年度硬式加盟校として長野県高野連公式加盟校名簿から登録。
PRG001666,SCH001666,hardball,2026,active,active,SRC000067,2026-10-02,2026年度硬式加盟校として長野県高野連公式加盟校名簿から登録。
PRG001667,SCH001667,hardball,2026,active,active,SRC000067,2026-10-02,2026年度硬式加盟校として長野県高野連公式加盟校名簿から登録。
PRG001668,SCH001668,hardball,2026,active,active,SRC000067,2026-10-02,2026年度硬式加盟校として長野県高野連公式加盟校名簿から登録。
PRG001669,SCH001669,hardball,2026,active,active,SRC000067,2026-10-02,2026年度硬式加盟校として長野県高野連公式加盟校名簿から登録。
PRG001670,SCH001670,hardball,2026,active,active,SRC000067,2026-10-02,2026年度硬式加盟校として長野県高野連公式加盟校名簿から登録。
PRG001671,SCH001671,hardball,2026,active,active,SRC000067,2026-10-02,2026年度硬式加盟校として長野県高野連公式加盟校名簿から登録。
PRG001672,SCH001672,hardball,2026,active,active,SRC000067,2026-10-02,2026年度硬式加盟校として長野県高野連公式加盟校名簿から登録。
PRG001673,SCH001673,hardball,2026,active,active,SRC000067,2026-10-02,2026年度硬式加盟校として長野県高野連公式加盟校名簿から登録。
PRG001674,SCH001674,hardball,2026,active,active,SRC000067,2026-10-02,2026年度硬式加盟校として長野県高野連公式加盟校名簿から登録。
PRG001675,SCH001675,hardball,2026,active,active,SRC000067,2026-10-02,2026年度硬式加盟校として長野県高野連公式加盟校名簿から登録。
PRG001676,SCH001676,hardball,2026,active,active,SRC000067,2026-10-02,2026年度硬式加盟校として長野県高野連公式加盟校名簿から登録。
PRG001677,SCH001677,hardball,2026,active,active,SRC000067,2026-10-02,2026年度硬式加盟校として長野県高野連公式加盟校名簿から登録。
PRG001678,SCH001678,hardball,2026,active,active,SRC000067,2026-10-02,2026年度硬式加盟校として長野県高野連公式加盟校名簿から登録。
PRG001679,SCH001679,hardball,2026,active,active,SRC000067,2026-10-02,2026年度硬式加盟校として長野県高野連公式加盟校名簿から登録。
PRG001680,SCH001680,hardball,2026,active,active,SRC000067,2026-10-02,2026年度硬式加盟校として長野県高野連公式加盟校名簿から登録。
PRG001681,SCH001681,hardball,2026,active,active,SRC000067,2026-10-02,2026年度硬式加盟校として長野県高野連公式加盟校名簿から登録。
PRG001682,SCH001682,hardball,2026,active,active,SRC000067,2026-10-02,2026年度硬式加盟校として長野県高野連公式加盟校名簿から登録。
PRG001683,SCH001683,hardball,2026,active,active,SRC000067,2026-10-02,2026年度硬式加盟校として長野県高野連公式加盟校名簿から登録。
PRG001684,SCH001684,hardball,2026,active,active,SRC000067,2026-10-02,2026年度硬式加盟校として長野県高野連公式加盟校名簿から登録。
PRG001685,SCH001685,hardball,2026,active,active,SRC000067,2026-10-02,2026年度硬式加盟校として長野県高野連公式加盟校名簿から登録。
PRG001686,SCH001686,hardball,2026,active,active,SRC000067,2026-10-02,2026年度硬式加盟校として長野県高野連公式加盟校名簿から登録。
PRG001687,SCH001687,hardball,2026,active,active,SRC000067,2026-10-02,2026年度硬式加盟校として長野県高野連公式加盟校名簿から登録。
PRG001688,SCH001688,hardball,2026,active,active,SRC000067,2026-10-02,2026年度硬式加盟校として長野県高野連公式加盟校名簿から登録。
PRG001689,SCH001689,hardball,2026,active,active,SRC000067,2026-10-02,2026年度硬式加盟校として長野県高野連公式加盟校名簿から登録。
PRG001690,SCH001690,hardball,2026,active,active,SRC000067,2026-10-02,2026年度硬式加盟校として長野県高野連公式加盟校名簿から登録。
PRG001691,SCH001691,hardball,2026,active,active,SRC000067,2026-10-02,2026年度硬式加盟校として長野県高野連公式加盟校名簿から登録。
PRG001692,SCH001692,hardball,2026,active,active,SRC000067,2026-10-02,2026年度硬式加盟校として長野県高野連公式加盟校名簿から登録。
PRG001693,SCH001693,hardball,2026,active,active,SRC000067,2026-10-02,2026年度硬式加盟校として長野県高野連公式加盟校名簿から登録。
PRG001694,SCH001694,hardball,2026,active,active,SRC000067,2026-10-02,2026年度硬式加盟校として長野県高野連公式加盟校名簿から登録。
PRG001695,SCH001695,hardball,2026,active,active,SRC000067,2026-10-02,2026年度硬式加盟校として長野県高野連公式加盟校名簿から登録。
PRG001696,SCH001696,hardball,2026,active,active,SRC000067,2026-10-02,2026年度硬式加盟校として長野県高野連公式加盟校名簿から登録。
PRG001697,SCH001697,hardball,2026,active,active,SRC000067,2026-10-02,2026年度硬式加盟校として長野県高野連公式加盟校名簿から登録。
PRG001698,SCH001698,hardball,2026,active,active,SRC000067,2026-10-02,2026年度硬式加盟校として長野県高野連公式加盟校名簿から登録。
PRG001699,SCH001699,hardball,2026,active,active,SRC000067,2026-10-02,2026年度硬式加盟校として長野県高野連公式加盟校名簿から登録。
PRG001700,SCH001700,hardball,2026,active,active,SRC000067,2026-10-02,2026年度硬式加盟校として長野県高野連公式加盟校名簿から登録。
PRG001701,SCH001701,hardball,2026,active,active,SRC000067,2026-10-02,2026年度硬式加盟校として長野県高野連公式加盟校名簿から登録。
PRG001702,SCH001702,hardball,2026,active,active,SRC000067,2026-10-02,2026年度硬式加盟校として長野県高野連公式加盟校名簿から登録。
PRG001703,SCH001703,hardball,2026,active,active,SRC000067,2026-10-02,2026年度硬式加盟校として長野県高野連公式加盟校名簿から登録。
PRG001704,SCH001704,hardball,2026,active,active,SRC000067,2026-10-02,2026年度硬式加盟校として長野県高野連公式加盟校名簿から登録。
PRG001705,SCH001705,hardball,2026,active,active,SRC000067,2026-10-02,2026年度硬式加盟校として長野県高野連公式加盟校名簿から登録。
PRG001706,SCH001706,hardball,2026,active,active,SRC000067,2026-10-02,2026年度硬式加盟校として長野県高野連公式加盟校名簿から登録。
PRG001707,SCH001707,hardball,2026,active,active,SRC000067,2026-10-02,2026年度硬式加盟校として長野県高野連公式加盟校名簿から登録。
PRG001708,SCH001708,hardball,2026,active,active,SRC000067,2026-10-02,2026年度硬式加盟校として長野県高野連公式加盟校名簿から登録。
PRG001709,SCH001709,hardball,2026,active,active,SRC000067,2026-10-02,2026年度硬式加盟校として長野県高野連公式加盟校名簿から登録。
PRG001710,SCH001710,hardball,2026,active,active,SRC000067,2026-10-02,2026年度硬式加盟校として長野県高野連公式加盟校名簿から登録。
PRG001711,SCH001711,hardball,2026,active,active,SRC000067,2026-10-02,2026年度硬式加盟校として長野県高野連公式加盟校名簿から登録。
PRG001712,SCH001712,hardball,2026,active,active,SRC000067,2026-10-02,2026年度硬式加盟校として長野県高野連公式加盟校名簿から登録。
PRG001713,SCH001713,hardball,2026,active,active,SRC000067,2026-10-02,2026年度硬式加盟校として長野県高野連公式加盟校名簿から登録。
PRG001714,SCH001714,hardball,2026,active,active,SRC000067,2026-10-02,2026年度硬式加盟校として長野県高野連公式加盟校名簿から登録。
PRG001715,SCH001715,hardball,2026,active,active,SRC000067,2026-10-02,2026年度硬式加盟校として長野県高野連公式加盟校名簿から登録。
PRG001716,SCH001716,hardball,2026,active,active,SRC000067,2026-10-02,2026年度硬式加盟校として長野県高野連公式加盟校名簿から登録。
PRG001717,SCH001717,hardball,2026,active,active,SRC000067,2026-10-02,2026年度硬式加盟校として長野県高野連公式加盟校名簿から登録。
PRG001718,SCH001718,hardball,2026,active,active,SRC000136,2026-10-02,2026硬式加盟。SRC000136を基礎にSRC000137・SRC000141・SRC000099で照合し50校確定。
PRG001719,SCH001719,hardball,2026,active,active,SRC000136,2026-10-02,2026硬式加盟。SRC000136を基礎にSRC000137・SRC000141・SRC000099で照合し50校確定。
PRG001720,SCH001720,hardball,2026,active,active,SRC000136,2026-10-02,2026硬式加盟。SRC000136を基礎にSRC000137・SRC000141・SRC000099で照合し50校確定。
PRG001721,SCH001721,hardball,2026,active,active,SRC000136,2026-10-02,2026硬式加盟。SRC000136を基礎にSRC000137・SRC000141・SRC000099で照合し50校確定。
PRG001722,SCH001722,hardball,2026,active,active,SRC000136,2026-10-02,2026硬式加盟。SRC000136を基礎にSRC000137・SRC000141・SRC000099で照合し50校確定。
PRG001723,SCH001723,hardball,2026,active,active,SRC000136,2026-10-02,2026硬式加盟。SRC000136を基礎にSRC000137・SRC000141・SRC000099で照合し50校確定。
PRG001724,SCH001724,hardball,2026,active,active,SRC000136,2026-10-02,2026硬式加盟。SRC000136を基礎にSRC000137・SRC000141・SRC000099で照合し50校確定。
PRG001725,SCH001725,hardball,2026,active,active,SRC000136,2026-10-02,2026硬式加盟。SRC000136を基礎にSRC000137・SRC000141・SRC000099で照合し50校確定。
PRG001726,SCH001726,hardball,2026,active,active,SRC000136,2026-10-02,2026硬式加盟。SRC000136を基礎にSRC000137・SRC000141・SRC000099で照合し50校確定。
PRG001727,SCH001727,hardball,2026,active,active,SRC000136,2026-10-02,2026硬式加盟。SRC000136を基礎にSRC000137・SRC000141・SRC000099で照合し50校確定。
PRG001728,SCH001728,hardball,2026,active,active,SRC000136,2026-10-02,2026硬式加盟。SRC000136を基礎にSRC000137・SRC000141・SRC000099で照合し50校確定。
PRG001729,SCH001729,hardball,2026,active,active,SRC000136,2026-10-02,2026硬式加盟。SRC000136を基礎にSRC000137・SRC000141・SRC000099で照合し50校確定。
PRG001730,SCH001730,hardball,2026,active,active,SRC000136,2026-10-02,2026硬式加盟。SRC000136を基礎にSRC000137・SRC000141・SRC000099で照合し50校確定。
PRG001731,SCH001731,hardball,2026,active,active,SRC000136,2026-10-02,2026硬式加盟。SRC000136を基礎にSRC000137・SRC000141・SRC000099で照合し50校確定。
PRG001732,SCH001732,hardball,2026,active,active,SRC000136,2026-10-02,2026硬式加盟。SRC000136を基礎にSRC000137・SRC000141・SRC000099で照合し50校確定。
PRG001733,SCH001733,hardball,2026,active,active,SRC000136,2026-10-02,2026硬式加盟。SRC000136を基礎にSRC000137・SRC000141・SRC000099で照合し50校確定。
PRG001734,SCH001734,hardball,2026,active,active,SRC000136,2026-10-02,2026硬式加盟。SRC000136を基礎にSRC000137・SRC000141・SRC000099で照合し50校確定。
PRG001735,SCH001735,hardball,2026,active,active,SRC000136,2026-10-02,2026硬式加盟。SRC000136を基礎にSRC000137・SRC000141・SRC000099で照合し50校確定。
PRG001736,SCH001736,hardball,2026,active,active,SRC000136,2026-10-02,2026硬式加盟。SRC000136を基礎にSRC000137・SRC000141・SRC000099で照合し50校確定。
PRG001737,SCH001737,hardball,2026,active,active,SRC000136,2026-10-02,2026硬式加盟。SRC000136を基礎にSRC000137・SRC000141・SRC000099で照合し50校確定。
PRG001738,SCH001738,hardball,2026,active,active,SRC000136,2026-10-02,2026硬式加盟。SRC000136を基礎にSRC000137・SRC000141・SRC000099で照合し50校確定。
PRG001739,SCH001739,hardball,2026,active,active,SRC000136,2026-10-02,2026硬式加盟。SRC000136を基礎にSRC000137・SRC000141・SRC000099で照合し50校確定。
PRG001740,SCH001740,hardball,2026,active,active,SRC000136,2026-10-02,2026硬式加盟。SRC000136を基礎にSRC000137・SRC000141・SRC000099で照合し50校確定。
PRG001741,SCH001741,hardball,2026,active,active,SRC000136,2026-10-02,2026硬式加盟。SRC000136を基礎にSRC000137・SRC000141・SRC000099で照合し50校確定。
PRG001742,SCH001742,hardball,2026,active,active,SRC000136,2026-10-02,2026硬式加盟。SRC000136を基礎にSRC000137・SRC000141・SRC000099で照合し50校確定。
PRG001743,SCH001743,hardball,2026,active,active,SRC000136,2026-10-02,2026硬式加盟。SRC000136を基礎にSRC000137・SRC000141・SRC000099で照合し50校確定。
PRG001744,SCH001744,hardball,2026,active,active,SRC000136,2026-10-02,2026硬式加盟。SRC000136を基礎にSRC000137・SRC000141・SRC000099で照合し50校確定。
PRG001745,SCH001745,hardball,2026,active,active,SRC000136,2026-10-02,2026硬式加盟。SRC000136を基礎にSRC000137・SRC000141・SRC000099で照合し50校確定。
PRG001746,SCH001746,hardball,2026,active,active,SRC000136,2026-10-02,2026硬式加盟。SRC000136を基礎にSRC000137・SRC000141・SRC000099で照合し50校確定。
PRG001747,SCH001747,hardball,2026,active,active,SRC000136,2026-10-02,2026硬式加盟。SRC000136を基礎にSRC000137・SRC000141・SRC000099で照合し50校確定。
PRG001748,SCH001748,hardball,2026,active,active,SRC000136,2026-10-02,2026硬式加盟。SRC000136を基礎にSRC000137・SRC000141・SRC000099で照合し50校確定。
PRG001749,SCH001749,hardball,2026,active,active,SRC000136,2026-10-02,2026硬式加盟。SRC000136を基礎にSRC000137・SRC000141・SRC000099で照合し50校確定。
PRG001750,SCH001750,hardball,2026,active,active,SRC000136,2026-10-02,2026硬式加盟。SRC000136を基礎にSRC000137・SRC000141・SRC000099で照合し50校確定。
PRG001751,SCH001751,hardball,2026,active,active,SRC000136,2026-10-02,2026硬式加盟。SRC000136を基礎にSRC000137・SRC000141・SRC000099で照合し50校確定。
PRG001752,SCH001752,hardball,2026,active,active,SRC000136,2026-10-02,2026硬式加盟。SRC000136を基礎にSRC000137・SRC000141・SRC000099で照合し50校確定。
PRG001753,SCH001753,hardball,2026,active,active,SRC000136,2026-10-02,2026硬式加盟。SRC000136を基礎にSRC000137・SRC000141・SRC000099で照合し50校確定。
PRG001754,SCH001754,hardball,2026,active,active,SRC000136,2026-10-02,2026硬式加盟。SRC000136を基礎にSRC000137・SRC000141・SRC000099で照合し50校確定。
PRG001755,SCH001755,hardball,2026,active,active,SRC000136,2026-10-02,2026硬式加盟。SRC000136を基礎にSRC000137・SRC000141・SRC000099で照合し50校確定。
PRG001756,SCH001756,hardball,2026,active,active,SRC000136,2026-10-02,2026硬式加盟。SRC000136を基礎にSRC000137・SRC000141・SRC000099で照合し50校確定。
PRG001757,SCH001757,hardball,2026,active,active,SRC000136,2026-10-02,2026硬式加盟。SRC000136を基礎にSRC000137・SRC000141・SRC000099で照合し50校確定。
PRG001758,SCH001758,hardball,2026,active,active,SRC000136,2026-10-02,2026硬式加盟。SRC000136を基礎にSRC000137・SRC000141・SRC000099で照合し50校確定。
PRG001759,SCH001759,hardball,2026,active,active,SRC000136,2026-10-02,2026硬式加盟。SRC000136を基礎にSRC000137・SRC000141・SRC000099で照合し50校確定。
PRG001760,SCH001760,hardball,2026,active,active,SRC000136,2026-10-02,2026硬式加盟。SRC000136を基礎にSRC000137・SRC000141・SRC000099で照合し50校確定。
PRG001761,SCH001761,hardball,2026,active,active,SRC000136,2026-10-02,2026硬式加盟。SRC000136を基礎にSRC000137・SRC000141・SRC000099で照合し50校確定。
PRG001762,SCH001762,hardball,2026,active,active,SRC000136,2026-10-02,2026硬式加盟。SRC000136を基礎にSRC000137・SRC000141・SRC000099で照合し50校確定。
PRG001763,SCH001763,hardball,2026,active,active,SRC000136,2026-10-02,2026硬式加盟。SRC000136を基礎にSRC000137・SRC000141・SRC000099で照合し50校確定。
PRG001764,SCH001764,hardball,2026,active,active,SRC000136,2026-10-02,2026硬式加盟。SRC000136を基礎にSRC000137・SRC000141・SRC000099で照合し50校確定。
PRG001765,SCH001765,hardball,2026,active,active,SRC000136,2026-10-02,2026硬式加盟。SRC000136を基礎にSRC000137・SRC000141・SRC000099で照合し50校確定。
PRG001766,SCH001766,hardball,2026,active,active,SRC000136,2026-10-02,2026硬式加盟。SRC000136を基礎にSRC000137・SRC000141・SRC000099で照合し50校確定。
PRG001767,SCH001767,hardball,2026,active,active,SRC000136,2026-10-02,2026硬式加盟。SRC000136を基礎にSRC000137・SRC000141・SRC000099で照合し50校確定。
PRG001768,SCH001768,hardball,2026,active,active,SRC000138,2026-10-02,2026硬式加盟。SRC000081・SRC000099の公式94校に、SRC000138/SRC000139の和集合94校を照合。
PRG001769,SCH001769,hardball,2026,active,active,SRC000138,2026-10-02,2026硬式加盟。SRC000081・SRC000099の公式94校に、SRC000138/SRC000139の和集合94校を照合。
PRG001770,SCH001770,hardball,2026,active,active,SRC000138,2026-10-02,2026硬式加盟。SRC000081・SRC000099の公式94校に、SRC000138/SRC000139の和集合94校を照合。
PRG001771,SCH001771,hardball,2026,active,active,SRC000138,2026-10-02,2026硬式加盟。SRC000081・SRC000099の公式94校に、SRC000138/SRC000139の和集合94校を照合。
PRG001772,SCH001772,hardball,2026,active,active,SRC000138,2026-10-02,2026硬式加盟。SRC000081・SRC000099の公式94校に、SRC000138/SRC000139の和集合94校を照合。
PRG001773,SCH001773,hardball,2026,active,active,SRC000138,2026-10-02,2026硬式加盟。SRC000081・SRC000099の公式94校に、SRC000138/SRC000139の和集合94校を照合。
PRG001774,SCH001774,hardball,2026,active,active,SRC000138,2026-10-02,2026硬式加盟。SRC000081・SRC000099の公式94校に、SRC000138/SRC000139の和集合94校を照合。
PRG001775,SCH001775,hardball,2026,active,active,SRC000138,2026-10-02,2026硬式加盟。SRC000081・SRC000099の公式94校に、SRC000138/SRC000139の和集合94校を照合。
PRG001776,SCH001776,hardball,2026,active,active,SRC000138,2026-10-02,2026硬式加盟。SRC000081・SRC000099の公式94校に、SRC000138/SRC000139の和集合94校を照合。
PRG001777,SCH001777,hardball,2026,active,active,SRC000138,2026-10-02,2026硬式加盟。SRC000081・SRC000099の公式94校に、SRC000138/SRC000139の和集合94校を照合。
PRG001778,SCH001778,hardball,2026,active,active,SRC000138,2026-10-02,2026硬式加盟。SRC000081・SRC000099の公式94校に、SRC000138/SRC000139の和集合94校を照合。
PRG001779,SCH001779,hardball,2026,active,active,SRC000138,2026-10-02,2026硬式加盟。SRC000081・SRC000099の公式94校に、SRC000138/SRC000139の和集合94校を照合。
PRG001780,SCH001780,hardball,2026,active,active,SRC000138,2026-10-02,2026硬式加盟。SRC000081・SRC000099の公式94校に、SRC000138/SRC000139の和集合94校を照合。
PRG001781,SCH001781,hardball,2026,active,active,SRC000138,2026-10-02,2026硬式加盟。SRC000081・SRC000099の公式94校に、SRC000138/SRC000139の和集合94校を照合。
PRG001782,SCH001782,hardball,2026,active,active,SRC000138,2026-10-02,2026硬式加盟。SRC000081・SRC000099の公式94校に、SRC000138/SRC000139の和集合94校を照合。
PRG001783,SCH001783,hardball,2026,active,active,SRC000138,2026-10-02,2026硬式加盟。SRC000081・SRC000099の公式94校に、SRC000138/SRC000139の和集合94校を照合。
PRG001784,SCH001784,hardball,2026,active,active,SRC000138,2026-10-02,2026硬式加盟。SRC000081・SRC000099の公式94校に、SRC000138/SRC000139の和集合94校を照合。
PRG001785,SCH001785,hardball,2026,active,active,SRC000138,2026-10-02,2026硬式加盟。SRC000081・SRC000099の公式94校に、SRC000138/SRC000139の和集合94校を照合。
PRG001786,SCH001786,hardball,2026,active,active,SRC000138,2026-10-02,2026硬式加盟。SRC000081・SRC000099の公式94校に、SRC000138/SRC000139の和集合94校を照合。
PRG001787,SCH001787,hardball,2026,active,active,SRC000138,2026-10-02,2026硬式加盟。SRC000081・SRC000099の公式94校に、SRC000138/SRC000139の和集合94校を照合。
PRG001788,SCH001788,hardball,2026,active,active,SRC000138,2026-10-02,2026硬式加盟。SRC000081・SRC000099の公式94校に、SRC000138/SRC000139の和集合94校を照合。
PRG001789,SCH001789,hardball,2026,active,active,SRC000138,2026-10-02,2026硬式加盟。SRC000081・SRC000099の公式94校に、SRC000138/SRC000139の和集合94校を照合。
PRG001790,SCH001790,hardball,2026,active,active,SRC000138,2026-10-02,2026硬式加盟。SRC000081・SRC000099の公式94校に、SRC000138/SRC000139の和集合94校を照合。
PRG001791,SCH001791,hardball,2026,active,active,SRC000138,2026-10-02,2026硬式加盟。SRC000081・SRC000099の公式94校に、SRC000138/SRC000139の和集合94校を照合。
PRG001792,SCH001792,hardball,2026,active,active,SRC000138,2026-10-02,2026硬式加盟。SRC000081・SRC000099の公式94校に、SRC000138/SRC000139の和集合94校を照合。
PRG001793,SCH001793,hardball,2026,active,active,SRC000138,2026-10-02,2026硬式加盟。SRC000081・SRC000099の公式94校に、SRC000138/SRC000139の和集合94校を照合。
PRG001794,SCH001794,hardball,2026,active,active,SRC000138,2026-10-02,2026硬式加盟。SRC000081・SRC000099の公式94校に、SRC000138/SRC000139の和集合94校を照合。
PRG001795,SCH001795,hardball,2026,active,active,SRC000138,2026-10-02,2026硬式加盟。SRC000081・SRC000099の公式94校に、SRC000138/SRC000139の和集合94校を照合。
PRG001796,SCH001796,hardball,2026,active,active,SRC000138,2026-10-02,2026硬式加盟。SRC000081・SRC000099の公式94校に、SRC000138/SRC000139の和集合94校を照合。
PRG001797,SCH001797,hardball,2026,active,active,SRC000138,2026-10-02,2026硬式加盟。SRC000081・SRC000099の公式94校に、SRC000138/SRC000139の和集合94校を照合。
PRG001798,SCH001798,hardball,2026,active,active,SRC000138,2026-10-02,2026硬式加盟。SRC000081・SRC000099の公式94校に、SRC000138/SRC000139の和集合94校を照合。
PRG001799,SCH001799,hardball,2026,active,active,SRC000138,2026-10-02,2026硬式加盟。SRC000081・SRC000099の公式94校に、SRC000138/SRC000139の和集合94校を照合。
PRG001800,SCH001800,hardball,2026,active,active,SRC000138,2026-10-02,2026硬式加盟。SRC000081・SRC000099の公式94校に、SRC000138/SRC000139の和集合94校を照合。
PRG001801,SCH001801,hardball,2026,active,active,SRC000138,2026-10-02,2026硬式加盟。SRC000081・SRC000099の公式94校に、SRC000138/SRC000139の和集合94校を照合。
PRG001802,SCH001802,hardball,2026,active,active,SRC000138,2026-10-02,2026硬式加盟。SRC000081・SRC000099の公式94校に、SRC000138/SRC000139の和集合94校を照合。
PRG001803,SCH001803,hardball,2026,active,active,SRC000138,2026-10-02,2026硬式加盟。SRC000081・SRC000099の公式94校に、SRC000138/SRC000139の和集合94校を照合。
PRG001804,SCH001804,hardball,2026,active,active,SRC000138,2026-10-02,2026硬式加盟。SRC000081・SRC000099の公式94校に、SRC000138/SRC000139の和集合94校を照合。
PRG001805,SCH001805,hardball,2026,active,active,SRC000138,2026-10-02,2026硬式加盟。SRC000081・SRC000099の公式94校に、SRC000138/SRC000139の和集合94校を照合。
PRG001806,SCH001806,hardball,2026,active,active,SRC000138,2026-10-02,2026硬式加盟。SRC000081・SRC000099の公式94校に、SRC000138/SRC000139の和集合94校を照合。
PRG001807,SCH001807,hardball,2026,active,active,SRC000138,2026-10-02,2026硬式加盟。SRC000081・SRC000099の公式94校に、SRC000138/SRC000139の和集合94校を照合。
PRG001808,SCH001808,hardball,2026,active,active,SRC000138,2026-10-02,2026硬式加盟。SRC000081・SRC000099の公式94校に、SRC000138/SRC000139の和集合94校を照合。
PRG001809,SCH001809,hardball,2026,active,active,SRC000138,2026-10-02,2026硬式加盟。SRC000081・SRC000099の公式94校に、SRC000138/SRC000139の和集合94校を照合。
PRG001810,SCH001810,hardball,2026,active,active,SRC000138,2026-10-02,2026硬式加盟。SRC000081・SRC000099の公式94校に、SRC000138/SRC000139の和集合94校を照合。
PRG001811,SCH001811,hardball,2026,active,active,SRC000138,2026-10-02,2026硬式加盟。SRC000081・SRC000099の公式94校に、SRC000138/SRC000139の和集合94校を照合。
PRG001812,SCH001812,hardball,2026,active,active,SRC000138,2026-10-02,2026硬式加盟。SRC000081・SRC000099の公式94校に、SRC000138/SRC000139の和集合94校を照合。
PRG001813,SCH001813,hardball,2026,active,active,SRC000138,2026-10-02,2026硬式加盟。SRC000081・SRC000099の公式94校に、SRC000138/SRC000139の和集合94校を照合。
PRG001814,SCH001814,hardball,2026,active,active,SRC000138,2026-10-02,2026硬式加盟。SRC000081・SRC000099の公式94校に、SRC000138/SRC000139の和集合94校を照合。
PRG001815,SCH001815,hardball,2026,active,active,SRC000138,2026-10-02,2026硬式加盟。SRC000081・SRC000099の公式94校に、SRC000138/SRC000139の和集合94校を照合。
PRG001816,SCH001816,hardball,2026,active,active,SRC000138,2026-10-02,2026硬式加盟。SRC000081・SRC000099の公式94校に、SRC000138/SRC000139の和集合94校を照合。
PRG001817,SCH001817,hardball,2026,active,active,SRC000138,2026-10-02,2026硬式加盟。SRC000081・SRC000099の公式94校に、SRC000138/SRC000139の和集合94校を照合。
PRG001818,SCH001818,hardball,2026,active,active,SRC000138,2026-10-02,2026硬式加盟。SRC000081・SRC000099の公式94校に、SRC000138/SRC000139の和集合94校を照合。
PRG001819,SCH001819,hardball,2026,active,active,SRC000138,2026-10-02,2026硬式加盟。SRC000081・SRC000099の公式94校に、SRC000138/SRC000139の和集合94校を照合。
PRG001820,SCH001820,hardball,2026,active,active,SRC000138,2026-10-02,2026硬式加盟。SRC000081・SRC000099の公式94校に、SRC000138/SRC000139の和集合94校を照合。
PRG001821,SCH001821,hardball,2026,active,active,SRC000138,2026-10-02,2026硬式加盟。SRC000081・SRC000099の公式94校に、SRC000138/SRC000139の和集合94校を照合。
PRG001822,SCH001822,hardball,2026,active,active,SRC000138,2026-10-02,2026硬式加盟。SRC000081・SRC000099の公式94校に、SRC000138/SRC000139の和集合94校を照合。
PRG001823,SCH001823,hardball,2026,active,active,SRC000138,2026-10-02,2026硬式加盟。SRC000081・SRC000099の公式94校に、SRC000138/SRC000139の和集合94校を照合。
PRG001824,SCH001824,hardball,2026,active,active,SRC000138,2026-10-02,2026硬式加盟。SRC000081・SRC000099の公式94校に、SRC000138/SRC000139の和集合94校を照合。
PRG001825,SCH001825,hardball,2026,active,active,SRC000138,2026-10-02,2026硬式加盟。SRC000081・SRC000099の公式94校に、SRC000138/SRC000139の和集合94校を照合。
PRG001826,SCH001826,hardball,2026,active,active,SRC000138,2026-10-02,2026硬式加盟。SRC000081・SRC000099の公式94校に、SRC000138/SRC000139の和集合94校を照合。
PRG001827,SCH001827,hardball,2026,active,active,SRC000138,2026-10-02,2026硬式加盟。SRC000081・SRC000099の公式94校に、SRC000138/SRC000139の和集合94校を照合。
PRG001828,SCH001828,hardball,2026,active,active,SRC000138,2026-10-02,2026硬式加盟。SRC000081・SRC000099の公式94校に、SRC000138/SRC000139の和集合94校を照合。
PRG001829,SCH001829,hardball,2026,active,active,SRC000138,2026-10-02,2026硬式加盟。SRC000081・SRC000099の公式94校に、SRC000138/SRC000139の和集合94校を照合。
PRG001830,SCH001830,hardball,2026,active,active,SRC000138,2026-10-02,2026硬式加盟。SRC000081・SRC000099の公式94校に、SRC000138/SRC000139の和集合94校を照合。
PRG001831,SCH001831,hardball,2026,active,active,SRC000138,2026-10-02,2026硬式加盟。SRC000081・SRC000099の公式94校に、SRC000138/SRC000139の和集合94校を照合。
PRG001832,SCH001832,hardball,2026,active,active,SRC000138,2026-10-02,2026硬式加盟。SRC000081・SRC000099の公式94校に、SRC000138/SRC000139の和集合94校を照合。
PRG001833,SCH001833,hardball,2026,active,active,SRC000138,2026-10-02,2026硬式加盟。SRC000081・SRC000099の公式94校に、SRC000138/SRC000139の和集合94校を照合。
PRG001834,SCH001834,hardball,2026,active,active,SRC000138,2026-10-02,2026硬式加盟。SRC000081・SRC000099の公式94校に、SRC000138/SRC000139の和集合94校を照合。
PRG001835,SCH001835,hardball,2026,active,active,SRC000138,2026-10-02,2026硬式加盟。SRC000081・SRC000099の公式94校に、SRC000138/SRC000139の和集合94校を照合。
PRG001836,SCH001836,hardball,2026,active,active,SRC000138,2026-10-02,2026硬式加盟。SRC000081・SRC000099の公式94校に、SRC000138/SRC000139の和集合94校を照合。
PRG001837,SCH001837,hardball,2026,active,active,SRC000138,2026-10-02,2026硬式加盟。SRC000081・SRC000099の公式94校に、SRC000138/SRC000139の和集合94校を照合。
PRG001838,SCH001838,hardball,2026,active,active,SRC000138,2026-10-02,2026硬式加盟。SRC000081・SRC000099の公式94校に、SRC000138/SRC000139の和集合94校を照合。
PRG001839,SCH001839,hardball,2026,active,active,SRC000138,2026-10-02,2026硬式加盟。SRC000081・SRC000099の公式94校に、SRC000138/SRC000139の和集合94校を照合。
PRG001840,SCH001840,hardball,2026,active,active,SRC000138,2026-10-02,2026硬式加盟。SRC000081・SRC000099の公式94校に、SRC000138/SRC000139の和集合94校を照合。
PRG001841,SCH001841,hardball,2026,active,active,SRC000138,2026-10-02,2026硬式加盟。SRC000081・SRC000099の公式94校に、SRC000138/SRC000139の和集合94校を照合。
PRG001842,SCH001842,hardball,2026,active,active,SRC000138,2026-10-02,2026硬式加盟。SRC000081・SRC000099の公式94校に、SRC000138/SRC000139の和集合94校を照合。
PRG001843,SCH001843,hardball,2026,active,active,SRC000138,2026-10-02,2026硬式加盟。SRC000081・SRC000099の公式94校に、SRC000138/SRC000139の和集合94校を照合。
PRG001844,SCH001844,hardball,2026,active,active,SRC000138,2026-10-02,2026硬式加盟。SRC000081・SRC000099の公式94校に、SRC000138/SRC000139の和集合94校を照合。
PRG001845,SCH001845,hardball,2026,active,active,SRC000138,2026-10-02,2026硬式加盟。SRC000081・SRC000099の公式94校に、SRC000138/SRC000139の和集合94校を照合。
PRG001846,SCH001846,hardball,2026,active,active,SRC000138,2026-10-02,2026硬式加盟。SRC000081・SRC000099の公式94校に、SRC000138/SRC000139の和集合94校を照合。
PRG001847,SCH001847,hardball,2026,active,active,SRC000138,2026-10-02,2026硬式加盟。SRC000081・SRC000099の公式94校に、SRC000138/SRC000139の和集合94校を照合。
PRG001848,SCH001848,hardball,2026,active,active,SRC000138,2026-10-02,2026硬式加盟。SRC000081・SRC000099の公式94校に、SRC000138/SRC000139の和集合94校を照合。
PRG001849,SCH001849,hardball,2026,active,active,SRC000138,2026-10-02,2026硬式加盟。SRC000081・SRC000099の公式94校に、SRC000138/SRC000139の和集合94校を照合。
PRG001850,SCH001850,hardball,2026,active,active,SRC000138,2026-10-02,2026硬式加盟。SRC000081・SRC000099の公式94校に、SRC000138/SRC000139の和集合94校を照合。
PRG001851,SCH001851,hardball,2026,active,active,SRC000138,2026-10-02,2026硬式加盟。SRC000081・SRC000099の公式94校に、SRC000138/SRC000139の和集合94校を照合。
PRG001852,SCH001852,hardball,2026,active,active,SRC000138,2026-10-02,2026硬式加盟。SRC000081・SRC000099の公式94校に、SRC000138/SRC000139の和集合94校を照合。
PRG001853,SCH001853,hardball,2026,active,active,SRC000138,2026-10-02,2026硬式加盟。SRC000081・SRC000099の公式94校に、SRC000138/SRC000139の和集合94校を照合。
PRG001854,SCH001854,hardball,2026,active,active,SRC000138,2026-10-02,2026硬式加盟。SRC000081・SRC000099の公式94校に、SRC000138/SRC000139の和集合94校を照合。
PRG001855,SCH001855,hardball,2026,active,active,SRC000138,2026-10-02,2026硬式加盟。SRC000081・SRC000099の公式94校に、SRC000138/SRC000139の和集合94校を照合。
PRG001856,SCH001856,hardball,2026,active,active,SRC000139,2026-10-02,2026硬式加盟。SRC000081・SRC000099の公式94校に、SRC000138/SRC000139の和集合94校を照合。
PRG001857,SCH001857,hardball,2026,active,active,SRC000139,2026-10-02,2026硬式加盟。SRC000081・SRC000099の公式94校に、SRC000138/SRC000139の和集合94校を照合。
PRG001858,SCH001858,hardball,2026,active,active,SRC000139,2026-10-02,2026硬式加盟。SRC000081・SRC000099の公式94校に、SRC000138/SRC000139の和集合94校を照合。
PRG001859,SCH001859,hardball,2026,active,active,SRC000139,2026-10-02,2026硬式加盟。SRC000081・SRC000099の公式94校に、SRC000138/SRC000139の和集合94校を照合。
PRG001860,SCH001860,hardball,2026,active,active,SRC000139,2026-10-02,2026硬式加盟。SRC000081・SRC000099の公式94校に、SRC000138/SRC000139の和集合94校を照合。
PRG001861,SCH001861,hardball,2026,active,active,SRC000139,2026-10-02,2026硬式加盟。SRC000081・SRC000099の公式94校に、SRC000138/SRC000139の和集合94校を照合。
PRG001862,SCH001862,hardball,2026,active,active,SRC000051,2026-10-02,2026硬式加盟。SRC000051を基礎にSRC000099/SRC000143/SRC000144/SRC000145/SRC000146で65校へ再照合。
PRG001863,SCH001863,hardball,2026,active,active,SRC000051,2026-10-02,2026硬式加盟。SRC000051を基礎にSRC000099/SRC000143/SRC000144/SRC000145/SRC000146で65校へ再照合。
PRG001864,SCH001864,hardball,2026,active,active,SRC000051,2026-10-02,2026硬式加盟。SRC000051を基礎にSRC000099/SRC000143/SRC000144/SRC000145/SRC000146で65校へ再照合。
PRG001865,SCH001865,hardball,2026,active,active,SRC000051,2026-10-02,2026硬式加盟。SRC000051を基礎にSRC000099/SRC000143/SRC000144/SRC000145/SRC000146で65校へ再照合。
PRG001866,SCH001866,hardball,2026,active,active,SRC000051,2026-10-02,2026硬式加盟。SRC000051を基礎にSRC000099/SRC000143/SRC000144/SRC000145/SRC000146で65校へ再照合。
PRG001867,SCH001867,hardball,2026,active,active,SRC000051,2026-10-02,2026硬式加盟。SRC000051を基礎にSRC000099/SRC000143/SRC000144/SRC000145/SRC000146で65校へ再照合。
PRG001868,SCH001868,hardball,2026,active,active,SRC000051,2026-10-02,2026硬式加盟。SRC000051を基礎にSRC000099/SRC000143/SRC000144/SRC000145/SRC000146で65校へ再照合。
PRG001869,SCH001869,hardball,2026,active,active,SRC000051,2026-10-02,2026硬式加盟。SRC000051を基礎にSRC000099/SRC000143/SRC000144/SRC000145/SRC000146で65校へ再照合。
PRG001870,SCH001870,hardball,2026,active,active,SRC000051,2026-10-02,2026硬式加盟。SRC000051を基礎にSRC000099/SRC000143/SRC000144/SRC000145/SRC000146で65校へ再照合。
PRG001871,SCH001871,hardball,2026,active,active,SRC000051,2026-10-02,2026硬式加盟。SRC000051を基礎にSRC000099/SRC000143/SRC000144/SRC000145/SRC000146で65校へ再照合。
PRG001872,SCH001872,hardball,2026,active,active,SRC000051,2026-10-02,2026硬式加盟。SRC000051を基礎にSRC000099/SRC000143/SRC000144/SRC000145/SRC000146で65校へ再照合。
PRG001873,SCH001873,hardball,2026,active,active,SRC000051,2026-10-02,2026硬式加盟。SRC000051を基礎にSRC000099/SRC000143/SRC000144/SRC000145/SRC000146で65校へ再照合。
PRG001874,SCH001874,hardball,2026,active,active,SRC000051,2026-10-02,2026硬式加盟。SRC000051を基礎にSRC000099/SRC000143/SRC000144/SRC000145/SRC000146で65校へ再照合。
PRG001875,SCH001875,hardball,2026,active,active,SRC000051,2026-10-02,2026硬式加盟。SRC000051を基礎にSRC000099/SRC000143/SRC000144/SRC000145/SRC000146で65校へ再照合。
PRG001876,SCH001876,hardball,2026,active,active,SRC000051,2026-10-02,2026硬式加盟。SRC000051を基礎にSRC000099/SRC000143/SRC000144/SRC000145/SRC000146で65校へ再照合。
PRG001877,SCH001877,hardball,2026,active,active,SRC000051,2026-10-02,2026硬式加盟。SRC000051を基礎にSRC000099/SRC000143/SRC000144/SRC000145/SRC000146で65校へ再照合。
PRG001878,SCH001878,hardball,2026,active,active,SRC000051,2026-10-02,2026硬式加盟。SRC000051を基礎にSRC000099/SRC000143/SRC000144/SRC000145/SRC000146で65校へ再照合。
PRG001879,SCH001879,hardball,2026,active,active,SRC000051,2026-10-02,2026硬式加盟。SRC000051を基礎にSRC000099/SRC000143/SRC000144/SRC000145/SRC000146で65校へ再照合。
PRG001880,SCH001880,hardball,2026,active,active,SRC000051,2026-10-02,2026硬式加盟。SRC000051を基礎にSRC000099/SRC000143/SRC000144/SRC000145/SRC000146で65校へ再照合。
PRG001881,SCH001881,hardball,2026,active,active,SRC000051,2026-10-02,2026硬式加盟。SRC000051を基礎にSRC000099/SRC000143/SRC000144/SRC000145/SRC000146で65校へ再照合。
PRG001882,SCH001882,hardball,2026,active,active,SRC000051,2026-10-02,2026硬式加盟。SRC000051を基礎にSRC000099/SRC000143/SRC000144/SRC000145/SRC000146で65校へ再照合。
PRG001883,SCH001883,hardball,2026,active,active,SRC000051,2026-10-02,2026硬式加盟。SRC000051を基礎にSRC000099/SRC000143/SRC000144/SRC000145/SRC000146で65校へ再照合。
PRG001884,SCH001884,hardball,2026,active,active,SRC000051,2026-10-02,2026硬式加盟。SRC000051を基礎にSRC000099/SRC000143/SRC000144/SRC000145/SRC000146で65校へ再照合。
PRG001885,SCH001885,hardball,2026,active,active,SRC000051,2026-10-02,2026硬式加盟。SRC000051を基礎にSRC000099/SRC000143/SRC000144/SRC000145/SRC000146で65校へ再照合。
PRG001886,SCH001886,hardball,2026,active,active,SRC000051,2026-10-02,2026硬式加盟。SRC000051を基礎にSRC000099/SRC000143/SRC000144/SRC000145/SRC000146で65校へ再照合。
PRG001887,SCH001887,hardball,2026,active,active,SRC000051,2026-10-02,2026硬式加盟。SRC000051を基礎にSRC000099/SRC000143/SRC000144/SRC000145/SRC000146で65校へ再照合。
PRG001888,SCH001888,hardball,2026,active,active,SRC000051,2026-10-02,2026硬式加盟。SRC000051を基礎にSRC000099/SRC000143/SRC000144/SRC000145/SRC000146で65校へ再照合。
PRG001889,SCH001889,hardball,2026,active,active,SRC000051,2026-10-02,2026硬式加盟。SRC000051を基礎にSRC000099/SRC000143/SRC000144/SRC000145/SRC000146で65校へ再照合。
PRG001890,SCH001890,hardball,2026,active,active,SRC000051,2026-10-02,2026硬式加盟。SRC000051を基礎にSRC000099/SRC000143/SRC000144/SRC000145/SRC000146で65校へ再照合。
PRG001891,SCH001891,hardball,2026,active,active,SRC000051,2026-10-02,2026硬式加盟。SRC000051を基礎にSRC000099/SRC000143/SRC000144/SRC000145/SRC000146で65校へ再照合。
PRG001892,SCH001892,hardball,2026,active,active,SRC000051,2026-10-02,2026硬式加盟。SRC000051を基礎にSRC000099/SRC000143/SRC000144/SRC000145/SRC000146で65校へ再照合。
PRG001893,SCH001893,hardball,2026,active,active,SRC000051,2026-10-02,2026硬式加盟。SRC000051を基礎にSRC000099/SRC000143/SRC000144/SRC000145/SRC000146で65校へ再照合。
PRG001894,SCH001894,hardball,2026,active,active,SRC000051,2026-10-02,2026硬式加盟。SRC000051を基礎にSRC000099/SRC000143/SRC000144/SRC000145/SRC000146で65校へ再照合。
PRG001895,SCH001895,hardball,2026,active,active,SRC000051,2026-10-02,2026硬式加盟。SRC000051を基礎にSRC000099/SRC000143/SRC000144/SRC000145/SRC000146で65校へ再照合。
PRG001896,SCH001896,hardball,2026,active,active,SRC000051,2026-10-02,2026硬式加盟。SRC000051を基礎にSRC000099/SRC000143/SRC000144/SRC000145/SRC000146で65校へ再照合。
PRG001897,SCH001897,hardball,2026,active,active,SRC000051,2026-10-02,2026硬式加盟。SRC000051を基礎にSRC000099/SRC000143/SRC000144/SRC000145/SRC000146で65校へ再照合。
PRG001898,SCH001898,hardball,2026,active,active,SRC000051,2026-10-02,2026硬式加盟。SRC000051を基礎にSRC000099/SRC000143/SRC000144/SRC000145/SRC000146で65校へ再照合。
PRG001899,SCH001899,hardball,2026,active,active,SRC000051,2026-10-02,2026硬式加盟。SRC000051を基礎にSRC000099/SRC000143/SRC000144/SRC000145/SRC000146で65校へ再照合。
PRG001900,SCH001900,hardball,2026,active,active,SRC000051,2026-10-02,2026硬式加盟。SRC000051を基礎にSRC000099/SRC000143/SRC000144/SRC000145/SRC000146で65校へ再照合。
PRG001901,SCH001901,hardball,2026,active,active,SRC000051,2026-10-02,2026硬式加盟。SRC000051を基礎にSRC000099/SRC000143/SRC000144/SRC000145/SRC000146で65校へ再照合。
PRG001902,SCH001902,hardball,2026,active,active,SRC000051,2026-10-02,2026硬式加盟。SRC000051を基礎にSRC000099/SRC000143/SRC000144/SRC000145/SRC000146で65校へ再照合。
PRG001903,SCH001903,hardball,2026,active,active,SRC000051,2026-10-02,2026硬式加盟。SRC000051を基礎にSRC000099/SRC000143/SRC000144/SRC000145/SRC000146で65校へ再照合。
PRG001904,SCH001904,hardball,2026,active,active,SRC000051,2026-10-02,2026硬式加盟。SRC000051を基礎にSRC000099/SRC000143/SRC000144/SRC000145/SRC000146で65校へ再照合。
PRG001905,SCH001905,hardball,2026,active,active,SRC000051,2026-10-02,2026硬式加盟。SRC000051を基礎にSRC000099/SRC000143/SRC000144/SRC000145/SRC000146で65校へ再照合。
PRG001906,SCH001906,hardball,2026,active,active,SRC000051,2026-10-02,2026硬式加盟。SRC000051を基礎にSRC000099/SRC000143/SRC000144/SRC000145/SRC000146で65校へ再照合。
PRG001907,SCH001907,hardball,2026,active,active,SRC000051,2026-10-02,2026硬式加盟。SRC000051を基礎にSRC000099/SRC000143/SRC000144/SRC000145/SRC000146で65校へ再照合。
PRG001908,SCH001908,hardball,2026,active,active,SRC000051,2026-10-02,2026硬式加盟。SRC000051を基礎にSRC000099/SRC000143/SRC000144/SRC000145/SRC000146で65校へ再照合。
PRG001909,SCH001909,hardball,2026,active,active,SRC000051,2026-10-02,2026硬式加盟。SRC000051を基礎にSRC000099/SRC000143/SRC000144/SRC000145/SRC000146で65校へ再照合。
PRG001910,SCH001910,hardball,2026,active,active,SRC000051,2026-10-02,2026硬式加盟。SRC000051を基礎にSRC000099/SRC000143/SRC000144/SRC000145/SRC000146で65校へ再照合。
PRG001911,SCH001911,hardball,2026,active,active,SRC000051,2026-10-02,2026硬式加盟。SRC000051を基礎にSRC000099/SRC000143/SRC000144/SRC000145/SRC000146で65校へ再照合。
PRG001912,SCH001912,hardball,2026,active,active,SRC000051,2026-10-02,2026硬式加盟。SRC000051を基礎にSRC000099/SRC000143/SRC000144/SRC000145/SRC000146で65校へ再照合。
PRG001913,SCH001913,hardball,2026,active,active,SRC000051,2026-10-02,2026硬式加盟。SRC000051を基礎にSRC000099/SRC000143/SRC000144/SRC000145/SRC000146で65校へ再照合。
PRG001914,SCH001914,hardball,2026,active,active,SRC000051,2026-10-02,2026硬式加盟。SRC000051を基礎にSRC000099/SRC000143/SRC000144/SRC000145/SRC000146で65校へ再照合。
PRG001915,SCH001915,hardball,2026,active,active,SRC000051,2026-10-02,2026硬式加盟。SRC000051を基礎にSRC000099/SRC000143/SRC000144/SRC000145/SRC000146で65校へ再照合。
PRG001916,SCH001916,hardball,2026,active,active,SRC000051,2026-10-02,2026硬式加盟。SRC000051を基礎にSRC000099/SRC000143/SRC000144/SRC000145/SRC000146で65校へ再照合。
PRG001917,SCH001917,hardball,2026,active,active,SRC000051,2026-10-02,2026硬式加盟。SRC000051を基礎にSRC000099/SRC000143/SRC000144/SRC000145/SRC000146で65校へ再照合。
PRG001918,SCH001918,hardball,2026,active,active,SRC000051,2026-10-02,2026硬式加盟。SRC000051を基礎にSRC000099/SRC000143/SRC000144/SRC000145/SRC000146で65校へ再照合。
PRG001919,SCH001919,hardball,2026,active,active,SRC000051,2026-10-02,2026硬式加盟。SRC000051を基礎にSRC000099/SRC000143/SRC000144/SRC000145/SRC000146で65校へ再照合。
PRG001920,SCH001920,hardball,2026,active,active,SRC000051,2026-10-02,2026硬式加盟。SRC000051を基礎にSRC000099/SRC000143/SRC000144/SRC000145/SRC000146で65校へ再照合。
PRG001921,SCH001921,hardball,2026,active,active,SRC000051,2026-10-02,2026硬式加盟。SRC000051を基礎にSRC000099/SRC000143/SRC000144/SRC000145/SRC000146で65校へ再照合。
PRG001922,SCH001922,hardball,2026,active,active,SRC000051,2026-10-02,2026硬式加盟。SRC000051を基礎にSRC000099/SRC000143/SRC000144/SRC000145/SRC000146で65校へ再照合。
PRG001923,SCH001923,hardball,2026,active,active,SRC000051,2026-10-02,2026硬式加盟。SRC000051を基礎にSRC000099/SRC000143/SRC000144/SRC000145/SRC000146で65校へ再照合。
PRG001924,SCH001924,hardball,2026,active,active,SRC000051,2026-10-02,2026硬式加盟。SRC000051を基礎にSRC000099/SRC000143/SRC000144/SRC000145/SRC000146で65校へ再照合。
PRG001925,SCH001925,hardball,2026,active,active,SRC000051,2026-10-02,2026硬式加盟。SRC000051を基礎にSRC000099/SRC000143/SRC000144/SRC000145/SRC000146で65校へ再照合。
PRG001926,SCH001926,hardball,2026,active,active,SRC000051,2026-10-02,2026硬式加盟。SRC000051を基礎にSRC000099/SRC000143/SRC000144/SRC000145/SRC000146で65校へ再照合。
PRG001927,SCH001927,hardball,2026,active,active,SRC000149,2026-10-02,2026年度硬式加盟。秋田県高野連公式加盟校ページを基礎にJHBF 2026公式42校と照合。
PRG001928,SCH001928,hardball,2026,active,active,SRC000149,2026-10-02,2026年度硬式加盟。秋田県高野連公式加盟校ページを基礎にJHBF 2026公式42校と照合。
PRG001929,SCH001929,hardball,2026,active,active,SRC000149,2026-10-02,2026年度硬式加盟。秋田県高野連公式加盟校ページを基礎にJHBF 2026公式42校と照合。
PRG001930,SCH001930,hardball,2026,active,active,SRC000149,2026-10-02,2026年度硬式加盟。秋田県高野連公式加盟校ページを基礎にJHBF 2026公式42校と照合。
PRG001931,SCH001931,hardball,2026,active,active,SRC000149,2026-10-02,2026年度硬式加盟。秋田県高野連公式加盟校ページを基礎にJHBF 2026公式42校と照合。
PRG001932,SCH001932,hardball,2026,active,active,SRC000149,2026-10-02,2026年度硬式加盟。秋田県高野連公式加盟校ページを基礎にJHBF 2026公式42校と照合。
PRG001933,SCH001933,hardball,2026,active,active,SRC000149,2026-10-02,2026年度硬式加盟。秋田県高野連公式加盟校ページを基礎にJHBF 2026公式42校と照合。
PRG001934,SCH001934,hardball,2026,active,active,SRC000149,2026-10-02,2026年度硬式加盟。秋田県高野連公式加盟校ページを基礎にJHBF 2026公式42校と照合。
PRG001935,SCH001935,hardball,2026,active,active,SRC000150,2026-10-02,2026年度硬式加盟。秋田県高野連公式加盟校ページを基礎にJHBF 2026公式42校と照合。
PRG001936,SCH001936,hardball,2026,active,active,SRC000150,2026-10-02,2026年度硬式加盟。秋田県高野連公式加盟校ページを基礎にJHBF 2026公式42校と照合。
PRG001937,SCH001937,hardball,2026,active,active,SRC000150,2026-10-02,2026年度硬式加盟。秋田県高野連公式加盟校ページを基礎にJHBF 2026公式42校と照合。
PRG001938,SCH001938,hardball,2026,active,active,SRC000150,2026-10-02,2026年度硬式加盟。秋田県高野連公式加盟校ページを基礎にJHBF 2026公式42校と照合。
PRG001939,SCH001939,hardball,2026,active,active,SRC000150,2026-10-02,2026年度硬式加盟。秋田県高野連公式加盟校ページを基礎にJHBF 2026公式42校と照合。
PRG001940,SCH001940,hardball,2026,active,active,SRC000150,2026-10-02,2026年度硬式加盟。秋田県高野連公式加盟校ページを基礎にJHBF 2026公式42校と照合。
PRG001941,SCH001941,hardball,2026,active,active,SRC000150,2026-10-02,2026年度硬式加盟。秋田県高野連公式加盟校ページを基礎にJHBF 2026公式42校と照合。
PRG001942,SCH001942,hardball,2026,active,active,SRC000150,2026-10-02,2026年度硬式加盟。秋田県高野連公式加盟校ページを基礎にJHBF 2026公式42校と照合。
PRG001943,SCH001943,hardball,2026,active,active,SRC000150,2026-10-02,2026年度硬式加盟。秋田県高野連公式加盟校ページを基礎にJHBF 2026公式42校と照合。
PRG001944,SCH001944,hardball,2026,active,active,SRC000150,2026-10-02,2026年度硬式加盟。秋田県高野連公式加盟校ページを基礎にJHBF 2026公式42校と照合。
PRG001945,SCH001945,hardball,2026,active,active,SRC000150,2026-10-02,2026年度硬式加盟。秋田県高野連公式加盟校ページを基礎にJHBF 2026公式42校と照合。
PRG001946,SCH001946,hardball,2026,active,active,SRC000150,2026-10-02,2026年度硬式加盟。秋田県高野連公式加盟校ページを基礎にJHBF 2026公式42校と照合。
PRG001947,SCH001947,hardball,2026,active,active,SRC000150,2026-10-02,2026年度硬式加盟。秋田県高野連公式加盟校ページを基礎にJHBF 2026公式42校と照合。
PRG001948,SCH001948,hardball,2026,active,active,SRC000150,2026-10-02,2026年度硬式加盟。秋田県高野連公式加盟校ページを基礎にJHBF 2026公式42校と照合。
PRG001949,SCH001949,hardball,2026,active,active,SRC000150,2026-10-02,2026年度硬式加盟。秋田県高野連公式加盟校ページを基礎にJHBF 2026公式42校と照合。
PRG001950,SCH001950,hardball,2026,active,active,SRC000150,2026-10-02,2026年度硬式加盟。秋田県高野連公式加盟校ページを基礎にJHBF 2026公式42校と照合。
PRG001951,SCH001951,hardball,2026,active,active,SRC000150,2026-10-02,2026年度硬式加盟。秋田県高野連公式加盟校ページを基礎にJHBF 2026公式42校と照合。
PRG001952,SCH001952,hardball,2026,active,active,SRC000150,2026-10-02,2026年度硬式加盟。秋田県高野連公式加盟校ページを基礎にJHBF 2026公式42校と照合。
PRG001953,SCH001953,hardball,2026,active,active,SRC000151,2026-10-02,2026年度硬式加盟。秋田県高野連公式加盟校ページを基礎にJHBF 2026公式42校と照合。
PRG001954,SCH001954,hardball,2026,active,active,SRC000151,2026-10-02,2026年度硬式加盟。秋田県高野連公式加盟校ページを基礎にJHBF 2026公式42校と照合。 太田分校の硬式野球活動は同一school_idの注記として保持。
PRG001955,SCH001955,hardball,2026,active,active,SRC000151,2026-10-02,2026年度硬式加盟。秋田県高野連公式加盟校ページを基礎にJHBF 2026公式42校と照合。
PRG001956,SCH001956,hardball,2026,active,active,SRC000151,2026-10-02,2026年度硬式加盟。秋田県高野連公式加盟校ページを基礎にJHBF 2026公式42校と照合。
PRG001957,SCH001957,hardball,2026,active,active,SRC000151,2026-10-02,2026年度硬式加盟。秋田県高野連公式加盟校ページを基礎にJHBF 2026公式42校と照合。
PRG001958,SCH001958,hardball,2026,active,active,SRC000151,2026-10-02,2026年度硬式加盟。秋田県高野連公式加盟校ページを基礎にJHBF 2026公式42校と照合。
PRG001959,SCH001959,hardball,2026,active,active,SRC000151,2026-10-02,2026年度硬式加盟。秋田県高野連公式加盟校ページを基礎にJHBF 2026公式42校と照合。
PRG001960,SCH001960,hardball,2026,active,active,SRC000151,2026-10-02,2026年度硬式加盟。秋田県高野連公式加盟校ページを基礎にJHBF 2026公式42校と照合。
PRG001961,SCH001961,hardball,2026,active,active,SRC000151,2026-10-02,2026年度硬式加盟。秋田県高野連公式加盟校ページを基礎にJHBF 2026公式42校と照合。
PRG001962,SCH001962,hardball,2026,active,active,SRC000151,2026-10-02,2026年度硬式加盟。秋田県高野連公式加盟校ページを基礎にJHBF 2026公式42校と照合。
PRG001963,SCH001963,hardball,2026,active,active,SRC000151,2026-10-02,2026年度硬式加盟。秋田県高野連公式加盟校ページを基礎にJHBF 2026公式42校と照合。
PRG001964,SCH001964,hardball,2026,active,active,SRC000151,2026-10-02,2026年度硬式加盟。秋田県高野連公式加盟校ページを基礎にJHBF 2026公式42校と照合。
PRG001965,SCH001965,hardball,2026,active,active,SRC000151,2026-10-02,2026年度硬式加盟。秋田県高野連公式加盟校ページを基礎にJHBF 2026公式42校と照合。
PRG001966,SCH001966,hardball,2026,active,active,SRC000151,2026-10-02,2026年度硬式加盟。秋田県高野連公式加盟校ページを基礎にJHBF 2026公式42校と照合。
PRG001967,SCH001967,hardball,2026,active,active,SRC000151,2026-10-02,2026年度硬式加盟。秋田県高野連公式加盟校ページを基礎にJHBF 2026公式42校と照合。
PRG001968,SCH001968,hardball,2026,active,active,SRC000151,2026-10-02,2026年度硬式加盟。秋田県高野連公式加盟校ページを基礎にJHBF 2026公式42校と照合。
PRG001969,SCH001969,hardball,2026,active,active,SRC000154,2026-10-02,2026年度硬式加盟校。埼玉県の2026大会資料を学校単位へ展開し、JHBF公式加盟校数と照合。
PRG001970,SCH001970,hardball,2026,active,active,SRC000154,2026-10-02,2026年度硬式加盟校。埼玉県の2026大会資料を学校単位へ展開し、JHBF公式加盟校数と照合。
PRG001971,SCH001971,hardball,2026,active,active,SRC000154,2026-10-02,2026年度硬式加盟校。埼玉県の2026大会資料を学校単位へ展開し、JHBF公式加盟校数と照合。
PRG001972,SCH001972,hardball,2026,active,active,SRC000154,2026-10-02,2026年度硬式加盟校。埼玉県の2026大会資料を学校単位へ展開し、JHBF公式加盟校数と照合。
PRG001973,SCH001973,hardball,2026,active,active,SRC000154,2026-10-02,2026年度硬式加盟校。埼玉県の2026大会資料を学校単位へ展開し、JHBF公式加盟校数と照合。
PRG001974,SCH001974,hardball,2026,active,active,SRC000154,2026-10-02,2026年度硬式加盟校。埼玉県の2026大会資料を学校単位へ展開し、JHBF公式加盟校数と照合。
PRG001975,SCH001975,hardball,2026,active,active,SRC000154,2026-10-02,2026年度硬式加盟校。埼玉県の2026大会資料を学校単位へ展開し、JHBF公式加盟校数と照合。
PRG001976,SCH001976,hardball,2026,active,active,SRC000154,2026-10-02,2026年度硬式加盟校。埼玉県の2026大会資料を学校単位へ展開し、JHBF公式加盟校数と照合。
PRG001977,SCH001977,hardball,2026,active,active,SRC000154,2026-10-02,2026年度硬式加盟校。埼玉県の2026大会資料を学校単位へ展開し、JHBF公式加盟校数と照合。
PRG001978,SCH001978,hardball,2026,active,active,SRC000154,2026-10-02,2026年度硬式加盟校。埼玉県の2026大会資料を学校単位へ展開し、JHBF公式加盟校数と照合。
PRG001979,SCH001979,hardball,2026,active,active,SRC000154,2026-10-02,2026年度硬式加盟校。埼玉県の2026大会資料を学校単位へ展開し、JHBF公式加盟校数と照合。
PRG001980,SCH001980,hardball,2026,active,active,SRC000154,2026-10-02,2026年度硬式加盟校。埼玉県の2026大会資料を学校単位へ展開し、JHBF公式加盟校数と照合。
PRG001981,SCH001981,hardball,2026,active,active,SRC000154,2026-10-02,2026年度硬式加盟校。埼玉県の2026大会資料を学校単位へ展開し、JHBF公式加盟校数と照合。
PRG001982,SCH001982,hardball,2026,active,active,SRC000154,2026-10-02,2026年度硬式加盟校。埼玉県の2026大会資料を学校単位へ展開し、JHBF公式加盟校数と照合。
PRG001983,SCH001983,hardball,2026,active,active,SRC000154,2026-10-02,2026年度硬式加盟校。埼玉県の2026大会資料を学校単位へ展開し、JHBF公式加盟校数と照合。
PRG001984,SCH001984,hardball,2026,active,active,SRC000154,2026-10-02,2026年度硬式加盟校。埼玉県の2026大会資料を学校単位へ展開し、JHBF公式加盟校数と照合。
PRG001985,SCH001985,hardball,2026,active,active,SRC000154,2026-10-02,2026年度硬式加盟校。埼玉県の2026大会資料を学校単位へ展開し、JHBF公式加盟校数と照合。
PRG001986,SCH001986,hardball,2026,active,active,SRC000154,2026-10-02,2026年度硬式加盟校。埼玉県の2026大会資料を学校単位へ展開し、JHBF公式加盟校数と照合。
PRG001987,SCH001987,hardball,2026,active,active,SRC000154,2026-10-02,2026年度硬式加盟校。埼玉県の2026大会資料を学校単位へ展開し、JHBF公式加盟校数と照合。
PRG001988,SCH001988,hardball,2026,active,active,SRC000154,2026-10-02,2026年度硬式加盟校。埼玉県の2026大会資料を学校単位へ展開し、JHBF公式加盟校数と照合。
PRG001989,SCH001989,hardball,2026,active,active,SRC000154,2026-10-02,2026年度硬式加盟校。埼玉県の2026大会資料を学校単位へ展開し、JHBF公式加盟校数と照合。
PRG001990,SCH001990,hardball,2026,active,active,SRC000154,2026-10-02,2026年度硬式加盟校。埼玉県の2026大会資料を学校単位へ展開し、JHBF公式加盟校数と照合。
PRG001991,SCH001991,hardball,2026,active,active,SRC000154,2026-10-02,2026年度硬式加盟校。埼玉県の2026大会資料を学校単位へ展開し、JHBF公式加盟校数と照合。
PRG001992,SCH001992,hardball,2026,active,active,SRC000154,2026-10-02,2026年度硬式加盟校。埼玉県の2026大会資料を学校単位へ展開し、JHBF公式加盟校数と照合。
PRG001993,SCH001993,hardball,2026,active,active,SRC000154,2026-10-02,2026年度硬式加盟校。埼玉県の2026大会資料を学校単位へ展開し、JHBF公式加盟校数と照合。
PRG001994,SCH001994,hardball,2026,active,active,SRC000154,2026-10-02,2026年度硬式加盟校。埼玉県の2026大会資料を学校単位へ展開し、JHBF公式加盟校数と照合。
PRG001995,SCH001995,hardball,2026,active,active,SRC000154,2026-10-02,2026年度硬式加盟校。埼玉県の2026大会資料を学校単位へ展開し、JHBF公式加盟校数と照合。
PRG001996,SCH001996,hardball,2026,active,active,SRC000154,2026-10-02,2026年度硬式加盟校。埼玉県の2026大会資料を学校単位へ展開し、JHBF公式加盟校数と照合。
PRG001997,SCH001997,hardball,2026,active,active,SRC000154,2026-10-02,2026年度硬式加盟校。埼玉県の2026大会資料を学校単位へ展開し、JHBF公式加盟校数と照合。
PRG001998,SCH001998,hardball,2026,active,active,SRC000154,2026-10-02,2026年度硬式加盟校。埼玉県の2026大会資料を学校単位へ展開し、JHBF公式加盟校数と照合。
PRG001999,SCH001999,hardball,2026,active,active,SRC000154,2026-10-02,2026年度硬式加盟校。埼玉県の2026大会資料を学校単位へ展開し、JHBF公式加盟校数と照合。
PRG002000,SCH002000,hardball,2026,active,active,SRC000154,2026-10-02,2026年度硬式加盟校。埼玉県の2026大会資料を学校単位へ展開し、JHBF公式加盟校数と照合。
PRG002001,SCH002001,hardball,2026,active,active,SRC000154,2026-10-02,2026年度硬式加盟校。埼玉県の2026大会資料を学校単位へ展開し、JHBF公式加盟校数と照合。
PRG002002,SCH002002,hardball,2026,active,active,SRC000154,2026-10-02,2026年度硬式加盟校。埼玉県の2026大会資料を学校単位へ展開し、JHBF公式加盟校数と照合。
PRG002003,SCH002003,hardball,2026,active,active,SRC000154,2026-10-02,2026年度硬式加盟校。埼玉県の2026大会資料を学校単位へ展開し、JHBF公式加盟校数と照合。
PRG002004,SCH002004,hardball,2026,active,active,SRC000154,2026-10-02,2026年度硬式加盟校。埼玉県の2026大会資料を学校単位へ展開し、JHBF公式加盟校数と照合。
PRG002005,SCH002005,hardball,2026,active,active,SRC000154,2026-10-02,2026年度硬式加盟校。埼玉県の2026大会資料を学校単位へ展開し、JHBF公式加盟校数と照合。
PRG002006,SCH002006,hardball,2026,active,active,SRC000154,2026-10-02,2026年度硬式加盟校。埼玉県の2026大会資料を学校単位へ展開し、JHBF公式加盟校数と照合。
PRG002007,SCH002007,hardball,2026,active,active,SRC000154,2026-10-02,2026年度硬式加盟校。埼玉県の2026大会資料を学校単位へ展開し、JHBF公式加盟校数と照合。
PRG002008,SCH002008,hardball,2026,active,active,SRC000154,2026-10-02,2026年度硬式加盟校。埼玉県の2026大会資料を学校単位へ展開し、JHBF公式加盟校数と照合。
PRG002009,SCH002009,hardball,2026,active,active,SRC000154,2026-10-02,2026年度硬式加盟校。埼玉県の2026大会資料を学校単位へ展開し、JHBF公式加盟校数と照合。
PRG002010,SCH002010,hardball,2026,active,active,SRC000154,2026-10-02,2026年度硬式加盟校。埼玉県の2026大会資料を学校単位へ展開し、JHBF公式加盟校数と照合。
PRG002011,SCH002011,hardball,2026,active,active,SRC000154,2026-10-02,2026年度硬式加盟校。埼玉県の2026大会資料を学校単位へ展開し、JHBF公式加盟校数と照合。
PRG002012,SCH002012,hardball,2026,active,active,SRC000154,2026-10-02,2026年度硬式加盟校。埼玉県の2026大会資料を学校単位へ展開し、JHBF公式加盟校数と照合。
PRG002013,SCH002013,hardball,2026,active,active,SRC000154,2026-10-02,2026年度硬式加盟校。埼玉県の2026大会資料を学校単位へ展開し、JHBF公式加盟校数と照合。
PRG002014,SCH002014,hardball,2026,active,active,SRC000154,2026-10-02,2026年度硬式加盟校。埼玉県の2026大会資料を学校単位へ展開し、JHBF公式加盟校数と照合。
PRG002015,SCH002015,hardball,2026,active,active,SRC000154,2026-10-02,2026年度硬式加盟校。埼玉県の2026大会資料を学校単位へ展開し、JHBF公式加盟校数と照合。
PRG002016,SCH002016,hardball,2026,active,active,SRC000154,2026-10-02,2026年度硬式加盟校。埼玉県の2026大会資料を学校単位へ展開し、JHBF公式加盟校数と照合。
PRG002017,SCH002017,hardball,2026,active,active,SRC000154,2026-10-02,2026年度硬式加盟校。埼玉県の2026大会資料を学校単位へ展開し、JHBF公式加盟校数と照合。
PRG002018,SCH002018,hardball,2026,active,active,SRC000154,2026-10-02,2026年度硬式加盟校。埼玉県の2026大会資料を学校単位へ展開し、JHBF公式加盟校数と照合。
PRG002019,SCH002019,hardball,2026,active,active,SRC000154,2026-10-02,2026年度硬式加盟校。埼玉県の2026大会資料を学校単位へ展開し、JHBF公式加盟校数と照合。
PRG002020,SCH002020,hardball,2026,active,active,SRC000154,2026-10-02,2026年度硬式加盟校。埼玉県の2026大会資料を学校単位へ展開し、JHBF公式加盟校数と照合。
PRG002021,SCH002021,hardball,2026,active,active,SRC000154,2026-10-02,2026年度硬式加盟校。埼玉県の2026大会資料を学校単位へ展開し、JHBF公式加盟校数と照合。
PRG002022,SCH002022,hardball,2026,active,active,SRC000154,2026-10-02,2026年度硬式加盟校。埼玉県の2026大会資料を学校単位へ展開し、JHBF公式加盟校数と照合。
PRG002023,SCH002023,hardball,2026,active,active,SRC000154,2026-10-02,2026年度硬式加盟校。埼玉県の2026大会資料を学校単位へ展開し、JHBF公式加盟校数と照合。
PRG002024,SCH002024,hardball,2026,active,active,SRC000154,2026-10-02,2026年度硬式加盟校。埼玉県の2026大会資料を学校単位へ展開し、JHBF公式加盟校数と照合。
PRG002025,SCH002025,hardball,2026,active,active,SRC000154,2026-10-02,2026年度硬式加盟校。埼玉県の2026大会資料を学校単位へ展開し、JHBF公式加盟校数と照合。
PRG002026,SCH002026,hardball,2026,active,active,SRC000154,2026-10-02,2026年度硬式加盟校。埼玉県の2026大会資料を学校単位へ展開し、JHBF公式加盟校数と照合。
PRG002027,SCH002027,hardball,2026,active,active,SRC000154,2026-10-02,2026年度硬式加盟校。埼玉県の2026大会資料を学校単位へ展開し、JHBF公式加盟校数と照合。
PRG002028,SCH002028,hardball,2026,active,active,SRC000154,2026-10-02,2026年度硬式加盟校。埼玉県の2026大会資料を学校単位へ展開し、JHBF公式加盟校数と照合。
PRG002029,SCH002029,hardball,2026,active,active,SRC000154,2026-10-02,2026年度硬式加盟校。埼玉県の2026大会資料を学校単位へ展開し、JHBF公式加盟校数と照合。
PRG002030,SCH002030,hardball,2026,active,active,SRC000154,2026-10-02,2026年度硬式加盟校。埼玉県の2026大会資料を学校単位へ展開し、JHBF公式加盟校数と照合。
PRG002031,SCH002031,hardball,2026,active,active,SRC000154,2026-10-02,2026年度硬式加盟校。埼玉県の2026大会資料を学校単位へ展開し、JHBF公式加盟校数と照合。
PRG002032,SCH002032,hardball,2026,active,active,SRC000154,2026-10-02,2026年度硬式加盟校。埼玉県の2026大会資料を学校単位へ展開し、JHBF公式加盟校数と照合。
PRG002033,SCH002033,hardball,2026,active,active,SRC000154,2026-10-02,2026年度硬式加盟校。埼玉県の2026大会資料を学校単位へ展開し、JHBF公式加盟校数と照合。
PRG002034,SCH002034,hardball,2026,active,active,SRC000154,2026-10-02,2026年度硬式加盟校。埼玉県の2026大会資料を学校単位へ展開し、JHBF公式加盟校数と照合。
PRG002035,SCH002035,hardball,2026,active,active,SRC000154,2026-10-02,2026年度硬式加盟校。埼玉県の2026大会資料を学校単位へ展開し、JHBF公式加盟校数と照合。
PRG002036,SCH002036,hardball,2026,active,active,SRC000154,2026-10-02,2026年度硬式加盟校。埼玉県の2026大会資料を学校単位へ展開し、JHBF公式加盟校数と照合。
PRG002037,SCH002037,hardball,2026,active,active,SRC000154,2026-10-02,2026年度硬式加盟校。埼玉県の2026大会資料を学校単位へ展開し、JHBF公式加盟校数と照合。
PRG002038,SCH002038,hardball,2026,active,active,SRC000154,2026-10-02,2026年度硬式加盟校。埼玉県の2026大会資料を学校単位へ展開し、JHBF公式加盟校数と照合。
PRG002039,SCH002039,hardball,2026,active,active,SRC000154,2026-10-02,2026年度硬式加盟校。埼玉県の2026大会資料を学校単位へ展開し、JHBF公式加盟校数と照合。
PRG002040,SCH002040,hardball,2026,active,active,SRC000154,2026-10-02,2026年度硬式加盟校。埼玉県の2026大会資料を学校単位へ展開し、JHBF公式加盟校数と照合。
PRG002041,SCH002041,hardball,2026,active,active,SRC000154,2026-10-02,2026年度硬式加盟校。埼玉県の2026大会資料を学校単位へ展開し、JHBF公式加盟校数と照合。
PRG002042,SCH002042,hardball,2026,active,active,SRC000154,2026-10-02,2026年度硬式加盟校。埼玉県の2026大会資料を学校単位へ展開し、JHBF公式加盟校数と照合。
PRG002043,SCH002043,hardball,2026,active,active,SRC000154,2026-10-02,2026年度硬式加盟校。埼玉県の2026大会資料を学校単位へ展開し、JHBF公式加盟校数と照合。
PRG002044,SCH002044,hardball,2026,active,active,SRC000154,2026-10-02,2026年度硬式加盟校。埼玉県の2026大会資料を学校単位へ展開し、JHBF公式加盟校数と照合。
PRG002045,SCH002045,hardball,2026,active,active,SRC000154,2026-10-02,2026年度硬式加盟校。埼玉県の2026大会資料を学校単位へ展開し、JHBF公式加盟校数と照合。
PRG002046,SCH002046,hardball,2026,active,active,SRC000154,2026-10-02,2026年度硬式加盟校。埼玉県の2026大会資料を学校単位へ展開し、JHBF公式加盟校数と照合。
PRG002047,SCH002047,hardball,2026,active,active,SRC000154,2026-10-02,2026年度硬式加盟校。埼玉県の2026大会資料を学校単位へ展開し、JHBF公式加盟校数と照合。
PRG002048,SCH002048,hardball,2026,active,active,SRC000154,2026-10-02,2026年度硬式加盟校。埼玉県の2026大会資料を学校単位へ展開し、JHBF公式加盟校数と照合。
PRG002049,SCH002049,hardball,2026,active,active,SRC000154,2026-10-02,2026年度硬式加盟校。埼玉県の2026大会資料を学校単位へ展開し、JHBF公式加盟校数と照合。
PRG002050,SCH002050,hardball,2026,active,active,SRC000154,2026-10-02,2026年度硬式加盟校。埼玉県の2026大会資料を学校単位へ展開し、JHBF公式加盟校数と照合。
PRG002051,SCH002051,hardball,2026,active,active,SRC000154,2026-10-02,2026年度硬式加盟校。埼玉県の2026大会資料を学校単位へ展開し、JHBF公式加盟校数と照合。
PRG002052,SCH002052,hardball,2026,active,active,SRC000154,2026-10-02,2026年度硬式加盟校。埼玉県の2026大会資料を学校単位へ展開し、JHBF公式加盟校数と照合。
PRG002053,SCH002053,hardball,2026,active,active,SRC000154,2026-10-02,2026年度硬式加盟校。埼玉県の2026大会資料を学校単位へ展開し、JHBF公式加盟校数と照合。
PRG002054,SCH002054,hardball,2026,active,active,SRC000154,2026-10-02,2026年度硬式加盟校。埼玉県の2026大会資料を学校単位へ展開し、JHBF公式加盟校数と照合。
PRG002055,SCH002055,hardball,2026,active,active,SRC000154,2026-10-02,2026年度硬式加盟校。埼玉県の2026大会資料を学校単位へ展開し、JHBF公式加盟校数と照合。
PRG002056,SCH002056,hardball,2026,active,active,SRC000154,2026-10-02,2026年度硬式加盟校。埼玉県の2026大会資料を学校単位へ展開し、JHBF公式加盟校数と照合。
PRG002057,SCH002057,hardball,2026,active,active,SRC000154,2026-10-02,2026年度硬式加盟校。埼玉県の2026大会資料を学校単位へ展開し、JHBF公式加盟校数と照合。
PRG002058,SCH002058,hardball,2026,active,active,SRC000154,2026-10-02,2026年度硬式加盟校。埼玉県の2026大会資料を学校単位へ展開し、JHBF公式加盟校数と照合。
PRG002059,SCH002059,hardball,2026,active,active,SRC000154,2026-10-02,2026年度硬式加盟校。埼玉県の2026大会資料を学校単位へ展開し、JHBF公式加盟校数と照合。
PRG002060,SCH002060,hardball,2026,active,active,SRC000154,2026-10-02,2026年度硬式加盟校。埼玉県の2026大会資料を学校単位へ展開し、JHBF公式加盟校数と照合。
PRG002061,SCH002061,hardball,2026,active,active,SRC000154,2026-10-02,2026年度硬式加盟校。埼玉県の2026大会資料を学校単位へ展開し、JHBF公式加盟校数と照合。
PRG002062,SCH002062,hardball,2026,active,active,SRC000154,2026-10-02,2026年度硬式加盟校。埼玉県の2026大会資料を学校単位へ展開し、JHBF公式加盟校数と照合。
PRG002063,SCH002063,hardball,2026,active,active,SRC000154,2026-10-02,2026年度硬式加盟校。埼玉県の2026大会資料を学校単位へ展開し、JHBF公式加盟校数と照合。
PRG002064,SCH002064,hardball,2026,active,active,SRC000154,2026-10-02,2026年度硬式加盟校。埼玉県の2026大会資料を学校単位へ展開し、JHBF公式加盟校数と照合。
PRG002065,SCH002065,hardball,2026,active,active,SRC000154,2026-10-02,2026年度硬式加盟校。埼玉県の2026大会資料を学校単位へ展開し、JHBF公式加盟校数と照合。
PRG002066,SCH002066,hardball,2026,active,active,SRC000154,2026-10-02,2026年度硬式加盟校。埼玉県の2026大会資料を学校単位へ展開し、JHBF公式加盟校数と照合。
PRG002067,SCH002067,hardball,2026,active,active,SRC000154,2026-10-02,2026年度硬式加盟校。埼玉県の2026大会資料を学校単位へ展開し、JHBF公式加盟校数と照合。
PRG002068,SCH002068,hardball,2026,active,active,SRC000154,2026-10-02,2026年度硬式加盟校。埼玉県の2026大会資料を学校単位へ展開し、JHBF公式加盟校数と照合。
PRG002069,SCH002069,hardball,2026,active,active,SRC000154,2026-10-02,2026年度硬式加盟校。埼玉県の2026大会資料を学校単位へ展開し、JHBF公式加盟校数と照合。
PRG002070,SCH002070,hardball,2026,active,active,SRC000154,2026-10-02,2026年度硬式加盟校。埼玉県の2026大会資料を学校単位へ展開し、JHBF公式加盟校数と照合。
PRG002071,SCH002071,hardball,2026,active,active,SRC000154,2026-10-02,2026年度硬式加盟校。埼玉県の2026大会資料を学校単位へ展開し、JHBF公式加盟校数と照合。
PRG002072,SCH002072,hardball,2026,active,active,SRC000154,2026-10-02,2026年度硬式加盟校。埼玉県の2026大会資料を学校単位へ展開し、JHBF公式加盟校数と照合。
PRG002073,SCH002073,hardball,2026,active,active,SRC000154,2026-10-02,2026年度硬式加盟校。埼玉県の2026大会資料を学校単位へ展開し、JHBF公式加盟校数と照合。
PRG002074,SCH002074,hardball,2026,active,active,SRC000154,2026-10-02,2026年度硬式加盟校。埼玉県の2026大会資料を学校単位へ展開し、JHBF公式加盟校数と照合。
PRG002075,SCH002075,hardball,2026,active,active,SRC000154,2026-10-02,2026年度硬式加盟校。埼玉県の2026大会資料を学校単位へ展開し、JHBF公式加盟校数と照合。
PRG002076,SCH002076,hardball,2026,active,active,SRC000154,2026-10-02,2026年度硬式加盟校。埼玉県の2026大会資料を学校単位へ展開し、JHBF公式加盟校数と照合。
PRG002077,SCH002077,hardball,2026,active,active,SRC000154,2026-10-02,2026年度硬式加盟校。埼玉県の2026大会資料を学校単位へ展開し、JHBF公式加盟校数と照合。
PRG002078,SCH002078,hardball,2026,active,active,SRC000154,2026-10-02,2026年度硬式加盟校。埼玉県の2026大会資料を学校単位へ展開し、JHBF公式加盟校数と照合。
PRG002079,SCH002079,hardball,2026,active,active,SRC000154,2026-10-02,2026年度硬式加盟校。埼玉県の2026大会資料を学校単位へ展開し、JHBF公式加盟校数と照合。
PRG002080,SCH002080,hardball,2026,active,active,SRC000154,2026-10-02,2026年度硬式加盟校。埼玉県の2026大会資料を学校単位へ展開し、JHBF公式加盟校数と照合。
PRG002081,SCH002081,hardball,2026,active,active,SRC000154,2026-10-02,2026年度硬式加盟校。埼玉県の2026大会資料を学校単位へ展開し、JHBF公式加盟校数と照合。
PRG002082,SCH002082,hardball,2026,active,active,SRC000154,2026-10-02,2026年度硬式加盟校。埼玉県の2026大会資料を学校単位へ展開し、JHBF公式加盟校数と照合。
PRG002083,SCH002083,hardball,2026,active,active,SRC000154,2026-10-02,2026年度硬式加盟校。埼玉県の2026大会資料を学校単位へ展開し、JHBF公式加盟校数と照合。
PRG002084,SCH002084,hardball,2026,active,active,SRC000154,2026-10-02,2026年度硬式加盟校。埼玉県の2026大会資料を学校単位へ展開し、JHBF公式加盟校数と照合。
PRG002085,SCH002085,hardball,2026,active,active,SRC000154,2026-10-02,2026年度硬式加盟校。埼玉県の2026大会資料を学校単位へ展開し、JHBF公式加盟校数と照合。
PRG002086,SCH002086,hardball,2026,active,active,SRC000154,2026-10-02,2026年度硬式加盟校。埼玉県の2026大会資料を学校単位へ展開し、JHBF公式加盟校数と照合。
PRG002087,SCH002087,hardball,2026,active,active,SRC000154,2026-10-02,2026年度硬式加盟校。埼玉県の2026大会資料を学校単位へ展開し、JHBF公式加盟校数と照合。
PRG002088,SCH002088,hardball,2026,active,active,SRC000154,2026-10-02,2026年度硬式加盟校。埼玉県の2026大会資料を学校単位へ展開し、JHBF公式加盟校数と照合。
PRG002089,SCH002089,hardball,2026,active,active,SRC000154,2026-10-02,2026年度硬式加盟校。埼玉県の2026大会資料を学校単位へ展開し、JHBF公式加盟校数と照合。
PRG002090,SCH002090,hardball,2026,active,active,SRC000154,2026-10-02,2026年度硬式加盟校。埼玉県の2026大会資料を学校単位へ展開し、JHBF公式加盟校数と照合。
PRG002091,SCH002091,hardball,2026,active,active,SRC000154,2026-10-02,2026年度硬式加盟校。埼玉県の2026大会資料を学校単位へ展開し、JHBF公式加盟校数と照合。
PRG002092,SCH002092,hardball,2026,active,active,SRC000154,2026-10-02,2026年度硬式加盟校。埼玉県の2026大会資料を学校単位へ展開し、JHBF公式加盟校数と照合。
PRG002093,SCH002093,hardball,2026,active,active,SRC000154,2026-10-02,2026年度硬式加盟校。埼玉県の2026大会資料を学校単位へ展開し、JHBF公式加盟校数と照合。
PRG002094,SCH002094,hardball,2026,active,active,SRC000154,2026-10-02,2026年度硬式加盟校。埼玉県の2026大会資料を学校単位へ展開し、JHBF公式加盟校数と照合。
PRG002095,SCH002095,hardball,2026,active,active,SRC000154,2026-10-02,2026年度硬式加盟校。埼玉県の2026大会資料を学校単位へ展開し、JHBF公式加盟校数と照合。
PRG002096,SCH002096,hardball,2026,active,active,SRC000154,2026-10-02,2026年度硬式加盟校。埼玉県の2026大会資料を学校単位へ展開し、JHBF公式加盟校数と照合。
PRG002097,SCH002097,hardball,2026,active,active,SRC000154,2026-10-02,2026年度硬式加盟校。埼玉県の2026大会資料を学校単位へ展開し、JHBF公式加盟校数と照合。
PRG002098,SCH002098,hardball,2026,active,active,SRC000154,2026-10-02,2026年度硬式加盟校。埼玉県の2026大会資料を学校単位へ展開し、JHBF公式加盟校数と照合。
PRG002099,SCH002099,hardball,2026,active,active,SRC000154,2026-10-02,2026年度硬式加盟校。埼玉県の2026大会資料を学校単位へ展開し、JHBF公式加盟校数と照合。
PRG002100,SCH002100,hardball,2026,active,active,SRC000154,2026-10-02,2026年度硬式加盟校。埼玉県の2026大会資料を学校単位へ展開し、JHBF公式加盟校数と照合。
PRG002101,SCH002101,hardball,2026,active,active,SRC000154,2026-10-02,2026年度硬式加盟校。埼玉県の2026大会資料を学校単位へ展開し、JHBF公式加盟校数と照合。
PRG002102,SCH002102,hardball,2026,active,active,SRC000154,2026-10-02,2026年度硬式加盟校。埼玉県の2026大会資料を学校単位へ展開し、JHBF公式加盟校数と照合。
PRG002103,SCH002103,hardball,2026,active,active,SRC000154,2026-10-02,2026年度硬式加盟校。埼玉県の2026大会資料を学校単位へ展開し、JHBF公式加盟校数と照合。
PRG002104,SCH002104,hardball,2026,active,active,SRC000154,2026-10-02,2026年度硬式加盟校。埼玉県の2026大会資料を学校単位へ展開し、JHBF公式加盟校数と照合。
PRG002105,SCH002105,hardball,2026,active,active,SRC000154,2026-10-02,2026年度硬式加盟校。埼玉県の2026大会資料を学校単位へ展開し、JHBF公式加盟校数と照合。
PRG002106,SCH002106,hardball,2026,active,active,SRC000154,2026-10-02,2026年度硬式加盟校。埼玉県の2026大会資料を学校単位へ展開し、JHBF公式加盟校数と照合。
PRG002107,SCH002107,hardball,2026,active,active,SRC000154,2026-10-02,2026年度硬式加盟校。埼玉県の2026大会資料を学校単位へ展開し、JHBF公式加盟校数と照合。
PRG002108,SCH002108,hardball,2026,active,active,SRC000154,2026-10-02,2026年度硬式加盟校。埼玉県の2026大会資料を学校単位へ展開し、JHBF公式加盟校数と照合。
PRG002109,SCH002109,hardball,2026,active,active,SRC000154,2026-10-02,2026年度硬式加盟校。埼玉県の2026大会資料を学校単位へ展開し、JHBF公式加盟校数と照合。
PRG002110,SCH002110,hardball,2026,active,active,SRC000154,2026-10-02,2026年度硬式加盟校。埼玉県の2026大会資料を学校単位へ展開し、JHBF公式加盟校数と照合。
PRG002111,SCH002111,hardball,2026,active,active,SRC000154,2026-10-02,2026年度硬式加盟校。埼玉県の2026大会資料を学校単位へ展開し、JHBF公式加盟校数と照合。
PRG002112,SCH002112,hardball,2026,active,active,SRC000154,2026-10-02,2026年度硬式加盟校。埼玉県の2026大会資料を学校単位へ展開し、JHBF公式加盟校数と照合。
PRG002113,SCH002113,hardball,2026,active,active,SRC000154,2026-10-02,2026年度硬式加盟校。埼玉県の2026大会資料を学校単位へ展開し、JHBF公式加盟校数と照合。
PRG002114,SCH002114,hardball,2026,active,active,SRC000154,2026-10-02,2026年度硬式加盟校。埼玉県の2026大会資料を学校単位へ展開し、JHBF公式加盟校数と照合。
PRG002115,SCH002115,hardball,2026,active,active,SRC000154,2026-10-02,2026年度硬式加盟校。埼玉県の2026大会資料を学校単位へ展開し、JHBF公式加盟校数と照合。
PRG002116,SCH002116,hardball,2026,active,active,SRC000154,2026-10-02,2026年度硬式加盟校。埼玉県の2026大会資料を学校単位へ展開し、JHBF公式加盟校数と照合。
PRG002117,SCH002117,hardball,2026,active,active,SRC000154,2026-10-02,2026年度硬式加盟校。埼玉県の2026大会資料を学校単位へ展開し、JHBF公式加盟校数と照合。
PRG002118,SCH002118,hardball,2026,active,active,SRC000154,2026-10-02,2026年度硬式加盟校。埼玉県の2026大会資料を学校単位へ展開し、JHBF公式加盟校数と照合。
PRG002119,SCH002119,hardball,2026,active,active,SRC000155,2026-10-02,2026年度硬式加盟校。埼玉県の2026大会資料を学校単位へ展開し、JHBF公式加盟校数と照合。
PRG002120,SCH002120,hardball,2026,active,active,SRC000155,2026-10-02,2026年度硬式加盟校。埼玉県の2026大会資料を学校単位へ展開し、JHBF公式加盟校数と照合。
PRG002121,SCH002121,hardball,2026,active,active,SRC000155,2026-10-02,2026年度硬式加盟校。埼玉県の2026大会資料を学校単位へ展開し、JHBF公式加盟校数と照合。
PRG002122,SCH002122,hardball,2026,active,active,SRC000157,2026-10-02,2026年度硬式加盟校。奈良県の2026大会資料を学校単位へ展開し、JHBF公式加盟校数と照合。
PRG002123,SCH002123,hardball,2026,active,active,SRC000157,2026-10-02,2026年度硬式加盟校。奈良県の2026大会資料を学校単位へ展開し、JHBF公式加盟校数と照合。
PRG002124,SCH002124,hardball,2026,active,active,SRC000157,2026-10-02,2026年度硬式加盟校。奈良県の2026大会資料を学校単位へ展開し、JHBF公式加盟校数と照合。
PRG002125,SCH002125,hardball,2026,active,active,SRC000157,2026-10-02,2026年度硬式加盟校。奈良県の2026大会資料を学校単位へ展開し、JHBF公式加盟校数と照合。
PRG002126,SCH002126,hardball,2026,active,active,SRC000157,2026-10-02,2026年度硬式加盟校。奈良県の2026大会資料を学校単位へ展開し、JHBF公式加盟校数と照合。
PRG002127,SCH002127,hardball,2026,active,active,SRC000157,2026-10-02,2026年度硬式加盟校。奈良県の2026大会資料を学校単位へ展開し、JHBF公式加盟校数と照合。
PRG002128,SCH002128,hardball,2026,active,active,SRC000157,2026-10-02,2026年度硬式加盟校。奈良県の2026大会資料を学校単位へ展開し、JHBF公式加盟校数と照合。
PRG002129,SCH002129,hardball,2026,active,active,SRC000157,2026-10-02,2026年度硬式加盟校。奈良県の2026大会資料を学校単位へ展開し、JHBF公式加盟校数と照合。
PRG002130,SCH002130,hardball,2026,active,active,SRC000157,2026-10-02,2026年度硬式加盟校。奈良県の2026大会資料を学校単位へ展開し、JHBF公式加盟校数と照合。
PRG002131,SCH002131,hardball,2026,active,active,SRC000157,2026-10-02,2026年度硬式加盟校。奈良県の2026大会資料を学校単位へ展開し、JHBF公式加盟校数と照合。
PRG002132,SCH002132,hardball,2026,active,active,SRC000157,2026-10-02,2026年度硬式加盟校。奈良県の2026大会資料を学校単位へ展開し、JHBF公式加盟校数と照合。
PRG002133,SCH002133,hardball,2026,active,active,SRC000157,2026-10-02,2026年度硬式加盟校。奈良県の2026大会資料を学校単位へ展開し、JHBF公式加盟校数と照合。
PRG002134,SCH002134,hardball,2026,active,active,SRC000157,2026-10-02,2026年度硬式加盟校。奈良県の2026大会資料を学校単位へ展開し、JHBF公式加盟校数と照合。
PRG002135,SCH002135,hardball,2026,active,active,SRC000157,2026-10-02,2026年度硬式加盟校。奈良県の2026大会資料を学校単位へ展開し、JHBF公式加盟校数と照合。
PRG002136,SCH002136,hardball,2026,active,active,SRC000157,2026-10-02,2026年度硬式加盟校。奈良県の2026大会資料を学校単位へ展開し、JHBF公式加盟校数と照合。
PRG002137,SCH002137,hardball,2026,active,active,SRC000157,2026-10-02,2026年度硬式加盟校。奈良県の2026大会資料を学校単位へ展開し、JHBF公式加盟校数と照合。
PRG002138,SCH002138,hardball,2026,active,active,SRC000157,2026-10-02,2026年度硬式加盟校。奈良県の2026大会資料を学校単位へ展開し、JHBF公式加盟校数と照合。
PRG002139,SCH002139,hardball,2026,active,active,SRC000157,2026-10-02,2026年度硬式加盟校。奈良県の2026大会資料を学校単位へ展開し、JHBF公式加盟校数と照合。
PRG002140,SCH002140,hardball,2026,active,active,SRC000157,2026-10-02,2026年度硬式加盟校。奈良県の2026大会資料を学校単位へ展開し、JHBF公式加盟校数と照合。
PRG002141,SCH002141,hardball,2026,active,active,SRC000157,2026-10-02,2026年度硬式加盟校。奈良県の2026大会資料を学校単位へ展開し、JHBF公式加盟校数と照合。
PRG002142,SCH002142,hardball,2026,active,active,SRC000157,2026-10-02,2026年度硬式加盟校。奈良県の2026大会資料を学校単位へ展開し、JHBF公式加盟校数と照合。
PRG002143,SCH002143,hardball,2026,active,active,SRC000157,2026-10-02,2026年度硬式加盟校。奈良県の2026大会資料を学校単位へ展開し、JHBF公式加盟校数と照合。
PRG002144,SCH002144,hardball,2026,active,active,SRC000157,2026-10-02,2026年度硬式加盟校。奈良県の2026大会資料を学校単位へ展開し、JHBF公式加盟校数と照合。
PRG002145,SCH002145,hardball,2026,active,active,SRC000157,2026-10-02,2026年度硬式加盟校。奈良県の2026大会資料を学校単位へ展開し、JHBF公式加盟校数と照合。
PRG002146,SCH002146,hardball,2026,active,active,SRC000157,2026-10-02,2026年度硬式加盟校。奈良県の2026大会資料を学校単位へ展開し、JHBF公式加盟校数と照合。
PRG002147,SCH002147,hardball,2026,active,active,SRC000157,2026-10-02,2026年度硬式加盟校。奈良県の2026大会資料を学校単位へ展開し、JHBF公式加盟校数と照合。
PRG002148,SCH002148,hardball,2026,active,active,SRC000157,2026-10-02,2026年度硬式加盟校。奈良県の2026大会資料を学校単位へ展開し、JHBF公式加盟校数と照合。
PRG002149,SCH002149,hardball,2026,active,active,SRC000157,2026-10-02,2026年度硬式加盟校。奈良県の2026大会資料を学校単位へ展開し、JHBF公式加盟校数と照合。
PRG002150,SCH002150,hardball,2026,active,active,SRC000157,2026-10-02,2026年度硬式加盟校。奈良県の2026大会資料を学校単位へ展開し、JHBF公式加盟校数と照合。
PRG002151,SCH002151,hardball,2026,active,active,SRC000157,2026-10-02,2026年度硬式加盟校。奈良県の2026大会資料を学校単位へ展開し、JHBF公式加盟校数と照合。
PRG002152,SCH002152,hardball,2026,active,active,SRC000157,2026-10-02,2026年度硬式加盟校。奈良県の2026大会資料を学校単位へ展開し、JHBF公式加盟校数と照合。
PRG002153,SCH002153,hardball,2026,active,active,SRC000157,2026-10-02,2026年度硬式加盟校。奈良県の2026大会資料を学校単位へ展開し、JHBF公式加盟校数と照合。
PRG002154,SCH002154,hardball,2026,active,active,SRC000157,2026-10-02,2026年度硬式加盟校。奈良県の2026大会資料を学校単位へ展開し、JHBF公式加盟校数と照合。
PRG002155,SCH002155,hardball,2026,active,active,SRC000157,2026-10-02,2026年度硬式加盟校。奈良県の2026大会資料を学校単位へ展開し、JHBF公式加盟校数と照合。
PRG002156,SCH002156,hardball,2026,active,active,SRC000157,2026-10-02,2026年度硬式加盟校。奈良県の2026大会資料を学校単位へ展開し、JHBF公式加盟校数と照合。
PRG002157,SCH002157,hardball,2026,active,active,SRC000157,2026-10-02,2026年度硬式加盟校。奈良県の2026大会資料を学校単位へ展開し、JHBF公式加盟校数と照合。
PRG002158,SCH002158,hardball,2026,active,active,SRC000157,2026-10-02,2026年度硬式加盟校。奈良県の2026大会資料を学校単位へ展開し、JHBF公式加盟校数と照合。
PRG002159,SCH002159,hardball,2026,active,active,SRC000157,2026-10-02,2026年度硬式加盟校。奈良県の2026大会資料を学校単位へ展開し、JHBF公式加盟校数と照合。
PRG002160,SCH002160,hardball,2026,active,active,SRC000157,2026-10-02,2026年度硬式加盟校。奈良県の2026大会資料を学校単位へ展開し、JHBF公式加盟校数と照合。
PRG002161,SCH002161,hardball,2026,active,active,SRC000159,2026-10-02,2026年度硬式加盟校。熊本県の2026大会資料を学校単位へ展開し、JHBF公式加盟校数と照合。
PRG002162,SCH002162,hardball,2026,active,active,SRC000159,2026-10-02,2026年度硬式加盟校。熊本県の2026大会資料を学校単位へ展開し、JHBF公式加盟校数と照合。
PRG002163,SCH002163,hardball,2026,active,active,SRC000159,2026-10-02,2026年度硬式加盟校。熊本県の2026大会資料を学校単位へ展開し、JHBF公式加盟校数と照合。
PRG002164,SCH002164,hardball,2026,active,active,SRC000159,2026-10-02,2026年度硬式加盟校。熊本県の2026大会資料を学校単位へ展開し、JHBF公式加盟校数と照合。
PRG002165,SCH002165,hardball,2026,active,active,SRC000159,2026-10-02,2026年度硬式加盟校。熊本県の2026大会資料を学校単位へ展開し、JHBF公式加盟校数と照合。
PRG002166,SCH002166,hardball,2026,active,active,SRC000159,2026-10-02,2026年度硬式加盟校。熊本県の2026大会資料を学校単位へ展開し、JHBF公式加盟校数と照合。
PRG002167,SCH002167,hardball,2026,active,active,SRC000159,2026-10-02,2026年度硬式加盟校。熊本県の2026大会資料を学校単位へ展開し、JHBF公式加盟校数と照合。
PRG002168,SCH002168,hardball,2026,active,active,SRC000159,2026-10-02,2026年度硬式加盟校。熊本県の2026大会資料を学校単位へ展開し、JHBF公式加盟校数と照合。
PRG002169,SCH002169,hardball,2026,active,active,SRC000159,2026-10-02,2026年度硬式加盟校。熊本県の2026大会資料を学校単位へ展開し、JHBF公式加盟校数と照合。
PRG002170,SCH002170,hardball,2026,active,active,SRC000159,2026-10-02,2026年度硬式加盟校。熊本県の2026大会資料を学校単位へ展開し、JHBF公式加盟校数と照合。
PRG002171,SCH002171,hardball,2026,active,active,SRC000159,2026-10-02,2026年度硬式加盟校。熊本県の2026大会資料を学校単位へ展開し、JHBF公式加盟校数と照合。
PRG002172,SCH002172,hardball,2026,active,active,SRC000159,2026-10-02,2026年度硬式加盟校。熊本県の2026大会資料を学校単位へ展開し、JHBF公式加盟校数と照合。
PRG002173,SCH002173,hardball,2026,active,active,SRC000159,2026-10-02,2026年度硬式加盟校。熊本県の2026大会資料を学校単位へ展開し、JHBF公式加盟校数と照合。
PRG002174,SCH002174,hardball,2026,active,active,SRC000159,2026-10-02,2026年度硬式加盟校。熊本県の2026大会資料を学校単位へ展開し、JHBF公式加盟校数と照合。
PRG002175,SCH002175,hardball,2026,active,active,SRC000159,2026-10-02,2026年度硬式加盟校。熊本県の2026大会資料を学校単位へ展開し、JHBF公式加盟校数と照合。
PRG002176,SCH002176,hardball,2026,active,active,SRC000159,2026-10-02,2026年度硬式加盟校。熊本県の2026大会資料を学校単位へ展開し、JHBF公式加盟校数と照合。
PRG002177,SCH002177,hardball,2026,active,active,SRC000159,2026-10-02,2026年度硬式加盟校。熊本県の2026大会資料を学校単位へ展開し、JHBF公式加盟校数と照合。
PRG002178,SCH002178,hardball,2026,active,active,SRC000159,2026-10-02,2026年度硬式加盟校。熊本県の2026大会資料を学校単位へ展開し、JHBF公式加盟校数と照合。
PRG002179,SCH002179,hardball,2026,active,active,SRC000159,2026-10-02,2026年度硬式加盟校。熊本県の2026大会資料を学校単位へ展開し、JHBF公式加盟校数と照合。
PRG002180,SCH002180,hardball,2026,active,active,SRC000159,2026-10-02,2026年度硬式加盟校。熊本県の2026大会資料を学校単位へ展開し、JHBF公式加盟校数と照合。
PRG002181,SCH002181,hardball,2026,active,active,SRC000159,2026-10-02,2026年度硬式加盟校。熊本県の2026大会資料を学校単位へ展開し、JHBF公式加盟校数と照合。
PRG002182,SCH002182,hardball,2026,active,active,SRC000159,2026-10-02,2026年度硬式加盟校。熊本県の2026大会資料を学校単位へ展開し、JHBF公式加盟校数と照合。
PRG002183,SCH002183,hardball,2026,active,active,SRC000159,2026-10-02,2026年度硬式加盟校。熊本県の2026大会資料を学校単位へ展開し、JHBF公式加盟校数と照合。
PRG002184,SCH002184,hardball,2026,active,active,SRC000159,2026-10-02,2026年度硬式加盟校。熊本県の2026大会資料を学校単位へ展開し、JHBF公式加盟校数と照合。
PRG002185,SCH002185,hardball,2026,active,active,SRC000159,2026-10-02,2026年度硬式加盟校。熊本県の2026大会資料を学校単位へ展開し、JHBF公式加盟校数と照合。
PRG002186,SCH002186,hardball,2026,active,active,SRC000159,2026-10-02,2026年度硬式加盟校。熊本県の2026大会資料を学校単位へ展開し、JHBF公式加盟校数と照合。
PRG002187,SCH002187,hardball,2026,active,active,SRC000159,2026-10-02,2026年度硬式加盟校。熊本県の2026大会資料を学校単位へ展開し、JHBF公式加盟校数と照合。
PRG002188,SCH002188,hardball,2026,active,active,SRC000159,2026-10-02,2026年度硬式加盟校。熊本県の2026大会資料を学校単位へ展開し、JHBF公式加盟校数と照合。
PRG002189,SCH002189,hardball,2026,active,active,SRC000159,2026-10-02,2026年度硬式加盟校。熊本県の2026大会資料を学校単位へ展開し、JHBF公式加盟校数と照合。
PRG002190,SCH002190,hardball,2026,active,active,SRC000159,2026-10-02,2026年度硬式加盟校。熊本県の2026大会資料を学校単位へ展開し、JHBF公式加盟校数と照合。
PRG002191,SCH002191,hardball,2026,active,active,SRC000159,2026-10-02,2026年度硬式加盟校。熊本県の2026大会資料を学校単位へ展開し、JHBF公式加盟校数と照合。
PRG002192,SCH002192,hardball,2026,active,active,SRC000159,2026-10-02,2026年度硬式加盟校。熊本県の2026大会資料を学校単位へ展開し、JHBF公式加盟校数と照合。
PRG002193,SCH002193,hardball,2026,active,active,SRC000159,2026-10-02,2026年度硬式加盟校。熊本県の2026大会資料を学校単位へ展開し、JHBF公式加盟校数と照合。
PRG002194,SCH002194,hardball,2026,active,active,SRC000159,2026-10-02,2026年度硬式加盟校。熊本県の2026大会資料を学校単位へ展開し、JHBF公式加盟校数と照合。
PRG002195,SCH002195,hardball,2026,active,active,SRC000159,2026-10-02,2026年度硬式加盟校。熊本県の2026大会資料を学校単位へ展開し、JHBF公式加盟校数と照合。
PRG002196,SCH002196,hardball,2026,active,active,SRC000159,2026-10-02,2026年度硬式加盟校。熊本県の2026大会資料を学校単位へ展開し、JHBF公式加盟校数と照合。
PRG002197,SCH002197,hardball,2026,active,active,SRC000159,2026-10-02,2026年度硬式加盟校。熊本県の2026大会資料を学校単位へ展開し、JHBF公式加盟校数と照合。
PRG002198,SCH002198,hardball,2026,active,active,SRC000159,2026-10-02,2026年度硬式加盟校。熊本県の2026大会資料を学校単位へ展開し、JHBF公式加盟校数と照合。
PRG002199,SCH002199,hardball,2026,active,active,SRC000159,2026-10-02,2026年度硬式加盟校。熊本県の2026大会資料を学校単位へ展開し、JHBF公式加盟校数と照合。
PRG002200,SCH002200,hardball,2026,active,active,SRC000159,2026-10-02,2026年度硬式加盟校。熊本県の2026大会資料を学校単位へ展開し、JHBF公式加盟校数と照合。
PRG002201,SCH002201,hardball,2026,active,active,SRC000159,2026-10-02,2026年度硬式加盟校。熊本県の2026大会資料を学校単位へ展開し、JHBF公式加盟校数と照合。
PRG002202,SCH002202,hardball,2026,active,active,SRC000159,2026-10-02,2026年度硬式加盟校。熊本県の2026大会資料を学校単位へ展開し、JHBF公式加盟校数と照合。
PRG002203,SCH002203,hardball,2026,active,active,SRC000159,2026-10-02,2026年度硬式加盟校。熊本県の2026大会資料を学校単位へ展開し、JHBF公式加盟校数と照合。
PRG002204,SCH002204,hardball,2026,active,active,SRC000159,2026-10-02,2026年度硬式加盟校。熊本県の2026大会資料を学校単位へ展開し、JHBF公式加盟校数と照合。
PRG002205,SCH002205,hardball,2026,active,active,SRC000159,2026-10-02,2026年度硬式加盟校。熊本県の2026大会資料を学校単位へ展開し、JHBF公式加盟校数と照合。
PRG002206,SCH002206,hardball,2026,active,active,SRC000159,2026-10-02,2026年度硬式加盟校。熊本県の2026大会資料を学校単位へ展開し、JHBF公式加盟校数と照合。
PRG002207,SCH002207,hardball,2026,active,active,SRC000159,2026-10-02,2026年度硬式加盟校。熊本県の2026大会資料を学校単位へ展開し、JHBF公式加盟校数と照合。
PRG002208,SCH002208,hardball,2026,active,active,SRC000159,2026-10-02,2026年度硬式加盟校。熊本県の2026大会資料を学校単位へ展開し、JHBF公式加盟校数と照合。
PRG002209,SCH002209,hardball,2026,active,active,SRC000159,2026-10-02,2026年度硬式加盟校。熊本県の2026大会資料を学校単位へ展開し、JHBF公式加盟校数と照合。
PRG002210,SCH002210,hardball,2026,active,active,SRC000159,2026-10-02,2026年度硬式加盟校。熊本県の2026大会資料を学校単位へ展開し、JHBF公式加盟校数と照合。
PRG002211,SCH002211,hardball,2026,active,active,SRC000159,2026-10-02,2026年度硬式加盟校。熊本県の2026大会資料を学校単位へ展開し、JHBF公式加盟校数と照合。
PRG002212,SCH002212,hardball,2026,active,active,SRC000159,2026-10-02,2026年度硬式加盟校。熊本県の2026大会資料を学校単位へ展開し、JHBF公式加盟校数と照合。
PRG002213,SCH002213,hardball,2026,active,active,SRC000159,2026-10-02,2026年度硬式加盟校。熊本県の2026大会資料を学校単位へ展開し、JHBF公式加盟校数と照合。
PRG002214,SCH002214,hardball,2026,active,active,SRC000159,2026-10-02,2026年度硬式加盟校。熊本県の2026大会資料を学校単位へ展開し、JHBF公式加盟校数と照合。
PRG002215,SCH002215,hardball,2026,active,active,SRC000159,2026-10-02,2026年度硬式加盟校。熊本県の2026大会資料を学校単位へ展開し、JHBF公式加盟校数と照合。
PRG002216,SCH002216,hardball,2026,active,active,SRC000159,2026-10-02,2026年度硬式加盟校。熊本県の2026大会資料を学校単位へ展開し、JHBF公式加盟校数と照合。
PRG002217,SCH002217,hardball,2026,active,active,SRC000159,2026-10-02,2026年度硬式加盟校。熊本県の2026大会資料を学校単位へ展開し、JHBF公式加盟校数と照合。
PRG002218,SCH002218,hardball,2026,active,active,SRC000159,2026-10-02,2026年度硬式加盟校。熊本県の2026大会資料を学校単位へ展開し、JHBF公式加盟校数と照合。
PRG002219,SCH002219,hardball,2026,active,active,SRC000159,2026-10-02,2026年度硬式加盟校。熊本県の2026大会資料を学校単位へ展開し、JHBF公式加盟校数と照合。
PRG002220,SCH002220,hardball,2026,active,active,SRC000173,2026-10-02,2026年度硬式加盟。大会出場校を学校単位へ展開し、SRC000099の公式加盟校数と照合。
PRG002221,SCH002221,hardball,2026,active,active,SRC000173,2026-10-02,2026年度硬式加盟。大会出場校を学校単位へ展開し、SRC000099の公式加盟校数と照合。
PRG002222,SCH002222,hardball,2026,active,active,SRC000173,2026-10-02,2026年度硬式加盟。大会出場校を学校単位へ展開し、SRC000099の公式加盟校数と照合。
PRG002223,SCH002223,hardball,2026,active,active,SRC000173,2026-10-02,2026年度硬式加盟。大会出場校を学校単位へ展開し、SRC000099の公式加盟校数と照合。
PRG002224,SCH002224,hardball,2026,active,active,SRC000173,2026-10-02,2026年度硬式加盟。大会出場校を学校単位へ展開し、SRC000099の公式加盟校数と照合。
PRG002225,SCH002225,hardball,2026,active,active,SRC000173,2026-10-02,2026年度硬式加盟。大会出場校を学校単位へ展開し、SRC000099の公式加盟校数と照合。
PRG002226,SCH002226,hardball,2026,active,active,SRC000173,2026-10-02,2026年度硬式加盟。大会出場校を学校単位へ展開し、SRC000099の公式加盟校数と照合。
PRG002227,SCH002227,hardball,2026,active,active,SRC000173,2026-10-02,2026年度硬式加盟。大会出場校を学校単位へ展開し、SRC000099の公式加盟校数と照合。
PRG002228,SCH002228,hardball,2026,active,active,SRC000173,2026-10-02,2026年度硬式加盟。大会出場校を学校単位へ展開し、SRC000099の公式加盟校数と照合。
PRG002229,SCH002229,hardball,2026,active,active,SRC000173,2026-10-02,2026年度硬式加盟。大会出場校を学校単位へ展開し、SRC000099の公式加盟校数と照合。
PRG002230,SCH002230,hardball,2026,active,active,SRC000173,2026-10-02,2026年度硬式加盟。大会出場校を学校単位へ展開し、SRC000099の公式加盟校数と照合。
PRG002231,SCH002231,hardball,2026,active,active,SRC000173,2026-10-02,2026年度硬式加盟。大会出場校を学校単位へ展開し、SRC000099の公式加盟校数と照合。
PRG002232,SCH002232,hardball,2026,active,active,SRC000173,2026-10-02,2026年度硬式加盟。大会出場校を学校単位へ展開し、SRC000099の公式加盟校数と照合。
PRG002233,SCH002233,hardball,2026,active,active,SRC000173,2026-10-02,2026年度硬式加盟。大会出場校を学校単位へ展開し、SRC000099の公式加盟校数と照合。
PRG002234,SCH002234,hardball,2026,active,active,SRC000173,2026-10-02,2026年度硬式加盟。大会出場校を学校単位へ展開し、SRC000099の公式加盟校数と照合。
PRG002235,SCH002235,hardball,2026,active,active,SRC000173,2026-10-02,2026年度硬式加盟。大会出場校を学校単位へ展開し、SRC000099の公式加盟校数と照合。
PRG002236,SCH002236,hardball,2026,active,active,SRC000173,2026-10-02,2026年度硬式加盟。大会出場校を学校単位へ展開し、SRC000099の公式加盟校数と照合。
PRG002237,SCH002237,hardball,2026,active,active,SRC000173,2026-10-02,2026年度硬式加盟。大会出場校を学校単位へ展開し、SRC000099の公式加盟校数と照合。
PRG002238,SCH002238,hardball,2026,active,active,SRC000173,2026-10-02,2026年度硬式加盟。大会出場校を学校単位へ展開し、SRC000099の公式加盟校数と照合。
PRG002239,SCH002239,hardball,2026,active,active,SRC000173,2026-10-02,2026年度硬式加盟。大会出場校を学校単位へ展開し、SRC000099の公式加盟校数と照合。
PRG002240,SCH002240,hardball,2026,active,active,SRC000173,2026-10-02,2026年度硬式加盟。大会出場校を学校単位へ展開し、SRC000099の公式加盟校数と照合。
PRG002241,SCH002241,hardball,2026,active,active,SRC000173,2026-10-02,2026年度硬式加盟。大会出場校を学校単位へ展開し、SRC000099の公式加盟校数と照合。
PRG002242,SCH002242,hardball,2026,active,active,SRC000173,2026-10-02,2026年度硬式加盟。大会出場校を学校単位へ展開し、SRC000099の公式加盟校数と照合。
PRG002243,SCH002243,hardball,2026,active,active,SRC000173,2026-10-02,2026年度硬式加盟。大会出場校を学校単位へ展開し、SRC000099の公式加盟校数と照合。
PRG002244,SCH002244,hardball,2026,active,active,SRC000173,2026-10-02,2026年度硬式加盟。大会出場校を学校単位へ展開し、SRC000099の公式加盟校数と照合。
PRG002245,SCH002245,hardball,2026,active,active,SRC000173,2026-10-02,2026年度硬式加盟。大会出場校を学校単位へ展開し、SRC000099の公式加盟校数と照合。
PRG002246,SCH002246,hardball,2026,active,active,SRC000173,2026-10-02,2026年度硬式加盟。大会出場校を学校単位へ展開し、SRC000099の公式加盟校数と照合。
PRG002247,SCH002247,hardball,2026,active,active,SRC000173,2026-10-02,2026年度硬式加盟。大会出場校を学校単位へ展開し、SRC000099の公式加盟校数と照合。
PRG002248,SCH002248,hardball,2026,active,active,SRC000173,2026-10-02,2026年度硬式加盟。大会出場校を学校単位へ展開し、SRC000099の公式加盟校数と照合。
PRG002249,SCH002249,hardball,2026,active,active,SRC000173,2026-10-02,2026年度硬式加盟。大会出場校を学校単位へ展開し、SRC000099の公式加盟校数と照合。
PRG002250,SCH002250,hardball,2026,active,active,SRC000173,2026-10-02,2026年度硬式加盟。大会出場校を学校単位へ展開し、SRC000099の公式加盟校数と照合。
PRG002251,SCH002251,hardball,2026,active,active,SRC000173,2026-10-02,2026年度硬式加盟。大会出場校を学校単位へ展開し、SRC000099の公式加盟校数と照合。
PRG002252,SCH002252,hardball,2026,active,active,SRC000173,2026-10-02,2026年度硬式加盟。大会出場校を学校単位へ展開し、SRC000099の公式加盟校数と照合。
PRG002253,SCH002253,hardball,2026,active,active,SRC000173,2026-10-02,2026年度硬式加盟。大会出場校を学校単位へ展開し、SRC000099の公式加盟校数と照合。
PRG002254,SCH002254,hardball,2026,active,active,SRC000173,2026-10-02,2026年度硬式加盟。大会出場校を学校単位へ展開し、SRC000099の公式加盟校数と照合。
PRG002255,SCH002255,hardball,2026,active,active,SRC000173,2026-10-02,2026年度硬式加盟。大会出場校を学校単位へ展開し、SRC000099の公式加盟校数と照合。
PRG002256,SCH002256,hardball,2026,active,active,SRC000173,2026-10-02,2026年度硬式加盟。大会出場校を学校単位へ展開し、SRC000099の公式加盟校数と照合。
PRG002257,SCH002257,hardball,2026,active,active,SRC000173,2026-10-02,2026年度硬式加盟。大会出場校を学校単位へ展開し、SRC000099の公式加盟校数と照合。
PRG002258,SCH002258,hardball,2026,active,active,SRC000173,2026-10-02,2026年度硬式加盟。大会出場校を学校単位へ展開し、SRC000099の公式加盟校数と照合。
PRG002259,SCH002259,hardball,2026,active,active,SRC000173,2026-10-02,2026年度硬式加盟。大会出場校を学校単位へ展開し、SRC000099の公式加盟校数と照合。
PRG002260,SCH002260,hardball,2026,active,active,SRC000173,2026-10-02,2026年度硬式加盟。大会出場校を学校単位へ展開し、SRC000099の公式加盟校数と照合。
PRG002261,SCH002261,hardball,2026,active,active,SRC000173,2026-10-02,2026年度硬式加盟。大会出場校を学校単位へ展開し、SRC000099の公式加盟校数と照合。
PRG002262,SCH002262,hardball,2026,active,active,SRC000165,2026-10-02,2026年度硬式加盟。大会出場校を学校単位へ展開し、SRC000099の公式加盟校数と照合。
PRG002263,SCH002263,hardball,2026,active,active,SRC000165,2026-10-02,2026年度硬式加盟。大会出場校を学校単位へ展開し、SRC000099の公式加盟校数と照合。
PRG002264,SCH002264,hardball,2026,active,active,SRC000165,2026-10-02,2026年度硬式加盟。大会出場校を学校単位へ展開し、SRC000099の公式加盟校数と照合。
PRG002265,SCH002265,hardball,2026,active,active,SRC000165,2026-10-02,2026年度硬式加盟。大会出場校を学校単位へ展開し、SRC000099の公式加盟校数と照合。
PRG002266,SCH002266,hardball,2026,active,active,SRC000165,2026-10-02,2026年度硬式加盟。大会出場校を学校単位へ展開し、SRC000099の公式加盟校数と照合。
PRG002267,SCH002267,hardball,2026,active,active,SRC000165,2026-10-02,2026年度硬式加盟。大会出場校を学校単位へ展開し、SRC000099の公式加盟校数と照合。
PRG002268,SCH002268,hardball,2026,active,active,SRC000165,2026-10-02,2026年度硬式加盟。大会出場校を学校単位へ展開し、SRC000099の公式加盟校数と照合。
PRG002269,SCH002269,hardball,2026,active,active,SRC000165,2026-10-02,2026年度硬式加盟。大会出場校を学校単位へ展開し、SRC000099の公式加盟校数と照合。
PRG002270,SCH002270,hardball,2026,active,active,SRC000165,2026-10-02,2026年度硬式加盟。大会出場校を学校単位へ展開し、SRC000099の公式加盟校数と照合。
PRG002271,SCH002271,hardball,2026,active,active,SRC000165,2026-10-02,2026年度硬式加盟。大会出場校を学校単位へ展開し、SRC000099の公式加盟校数と照合。
PRG002272,SCH002272,hardball,2026,active,active,SRC000165,2026-10-02,2026年度硬式加盟。大会出場校を学校単位へ展開し、SRC000099の公式加盟校数と照合。
PRG002273,SCH002273,hardball,2026,active,active,SRC000165,2026-10-02,2026年度硬式加盟。大会出場校を学校単位へ展開し、SRC000099の公式加盟校数と照合。
PRG002274,SCH002274,hardball,2026,active,active,SRC000165,2026-10-02,2026年度硬式加盟。大会出場校を学校単位へ展開し、SRC000099の公式加盟校数と照合。
PRG002275,SCH002275,hardball,2026,active,active,SRC000165,2026-10-02,2026年度硬式加盟。大会出場校を学校単位へ展開し、SRC000099の公式加盟校数と照合。
PRG002276,SCH002276,hardball,2026,active,active,SRC000165,2026-10-02,2026年度硬式加盟。大会出場校を学校単位へ展開し、SRC000099の公式加盟校数と照合。
PRG002277,SCH002277,hardball,2026,active,active,SRC000165,2026-10-02,2026年度硬式加盟。大会出場校を学校単位へ展開し、SRC000099の公式加盟校数と照合。
PRG002278,SCH002278,hardball,2026,active,active,SRC000165,2026-10-02,2026年度硬式加盟。大会出場校を学校単位へ展開し、SRC000099の公式加盟校数と照合。
PRG002279,SCH002279,hardball,2026,active,active,SRC000165,2026-10-02,2026年度硬式加盟。大会出場校を学校単位へ展開し、SRC000099の公式加盟校数と照合。
PRG002280,SCH002280,hardball,2026,active,active,SRC000165,2026-10-02,2026年度硬式加盟。大会出場校を学校単位へ展開し、SRC000099の公式加盟校数と照合。
PRG002281,SCH002281,hardball,2026,active,active,SRC000165,2026-10-02,2026年度硬式加盟。大会出場校を学校単位へ展開し、SRC000099の公式加盟校数と照合。
PRG002282,SCH002282,hardball,2026,active,active,SRC000165,2026-10-02,2026年度硬式加盟。大会出場校を学校単位へ展開し、SRC000099の公式加盟校数と照合。
PRG002283,SCH002283,hardball,2026,active,active,SRC000165,2026-10-02,2026年度硬式加盟。大会出場校を学校単位へ展開し、SRC000099の公式加盟校数と照合。
PRG002284,SCH002284,hardball,2026,active,active,SRC000165,2026-10-02,2026年度硬式加盟。大会出場校を学校単位へ展開し、SRC000099の公式加盟校数と照合。
PRG002285,SCH002285,hardball,2026,active,active,SRC000165,2026-10-02,2026年度硬式加盟。大会出場校を学校単位へ展開し、SRC000099の公式加盟校数と照合。
PRG002286,SCH002286,hardball,2026,active,active,SRC000165,2026-10-02,2026年度硬式加盟。大会出場校を学校単位へ展開し、SRC000099の公式加盟校数と照合。
PRG002287,SCH002287,hardball,2026,active,active,SRC000165,2026-10-02,2026年度硬式加盟。大会出場校を学校単位へ展開し、SRC000099の公式加盟校数と照合。
PRG002288,SCH002288,hardball,2026,active,active,SRC000165,2026-10-02,2026年度硬式加盟。大会出場校を学校単位へ展開し、SRC000099の公式加盟校数と照合。
PRG002289,SCH002289,hardball,2026,active,active,SRC000165,2026-10-02,2026年度硬式加盟。大会出場校を学校単位へ展開し、SRC000099の公式加盟校数と照合。
PRG002290,SCH002290,hardball,2026,active,active,SRC000169,2026-10-02,2026年度硬式加盟。大会出場校を学校単位へ展開し、SRC000099の公式加盟校数と照合。
PRG002291,SCH002291,hardball,2026,active,active,SRC000169,2026-10-02,2026年度硬式加盟。大会出場校を学校単位へ展開し、SRC000099の公式加盟校数と照合。
PRG002292,SCH002292,hardball,2026,active,active,SRC000169,2026-10-02,2026年度硬式加盟。大会出場校を学校単位へ展開し、SRC000099の公式加盟校数と照合。
PRG002293,SCH002293,hardball,2026,active,active,SRC000169,2026-10-02,2026年度硬式加盟。大会出場校を学校単位へ展開し、SRC000099の公式加盟校数と照合。
PRG002294,SCH002294,hardball,2026,active,active,SRC000169,2026-10-02,2026年度硬式加盟。大会出場校を学校単位へ展開し、SRC000099の公式加盟校数と照合。
PRG002295,SCH002295,hardball,2026,active,active,SRC000169,2026-10-02,2026年度硬式加盟。大会出場校を学校単位へ展開し、SRC000099の公式加盟校数と照合。
PRG002296,SCH002296,hardball,2026,active,active,SRC000169,2026-10-02,2026年度硬式加盟。大会出場校を学校単位へ展開し、SRC000099の公式加盟校数と照合。
PRG002297,SCH002297,hardball,2026,active,active,SRC000169,2026-10-02,2026年度硬式加盟。大会出場校を学校単位へ展開し、SRC000099の公式加盟校数と照合。
PRG002298,SCH002298,hardball,2026,active,active,SRC000169,2026-10-02,2026年度硬式加盟。大会出場校を学校単位へ展開し、SRC000099の公式加盟校数と照合。
PRG002299,SCH002299,hardball,2026,active,active,SRC000169,2026-10-02,2026年度硬式加盟。大会出場校を学校単位へ展開し、SRC000099の公式加盟校数と照合。
PRG002300,SCH002300,hardball,2026,active,active,SRC000169,2026-10-02,2026年度硬式加盟。大会出場校を学校単位へ展開し、SRC000099の公式加盟校数と照合。
PRG002301,SCH002301,hardball,2026,active,active,SRC000169,2026-10-02,2026年度硬式加盟。大会出場校を学校単位へ展開し、SRC000099の公式加盟校数と照合。
PRG002302,SCH002302,hardball,2026,active,active,SRC000169,2026-10-02,2026年度硬式加盟。大会出場校を学校単位へ展開し、SRC000099の公式加盟校数と照合。
PRG002303,SCH002303,hardball,2026,active,active,SRC000169,2026-10-02,2026年度硬式加盟。大会出場校を学校単位へ展開し、SRC000099の公式加盟校数と照合。
PRG002304,SCH002304,hardball,2026,active,active,SRC000169,2026-10-02,2026年度硬式加盟。大会出場校を学校単位へ展開し、SRC000099の公式加盟校数と照合。
PRG002305,SCH002305,hardball,2026,active,active,SRC000169,2026-10-02,2026年度硬式加盟。大会出場校を学校単位へ展開し、SRC000099の公式加盟校数と照合。
PRG002306,SCH002306,hardball,2026,active,active,SRC000169,2026-10-02,2026年度硬式加盟。大会出場校を学校単位へ展開し、SRC000099の公式加盟校数と照合。
PRG002307,SCH002307,hardball,2026,active,active,SRC000169,2026-10-02,2026年度硬式加盟。大会出場校を学校単位へ展開し、SRC000099の公式加盟校数と照合。
PRG002308,SCH002308,hardball,2026,active,active,SRC000169,2026-10-02,2026年度硬式加盟。大会出場校を学校単位へ展開し、SRC000099の公式加盟校数と照合。
PRG002309,SCH002309,hardball,2026,active,active,SRC000169,2026-10-02,2026年度硬式加盟。大会出場校を学校単位へ展開し、SRC000099の公式加盟校数と照合。
PRG002310,SCH002310,hardball,2026,active,active,SRC000169,2026-10-02,2026年度硬式加盟。大会出場校を学校単位へ展開し、SRC000099の公式加盟校数と照合。
PRG002311,SCH002311,hardball,2026,active,active,SRC000169,2026-10-02,2026年度硬式加盟。大会出場校を学校単位へ展開し、SRC000099の公式加盟校数と照合。
PRG002312,SCH002312,hardball,2026,active,active,SRC000169,2026-10-02,2026年度硬式加盟。大会出場校を学校単位へ展開し、SRC000099の公式加盟校数と照合。
PRG002313,SCH002313,hardball,2026,active,active,SRC000169,2026-10-02,2026年度硬式加盟。大会出場校を学校単位へ展開し、SRC000099の公式加盟校数と照合。
PRG002314,SCH002314,hardball,2026,active,active,SRC000169,2026-10-02,2026年度硬式加盟。大会出場校を学校単位へ展開し、SRC000099の公式加盟校数と照合。
PRG002315,SCH002315,hardball,2026,active,active,SRC000169,2026-10-02,2026年度硬式加盟。大会出場校を学校単位へ展開し、SRC000099の公式加盟校数と照合。
PRG002316,SCH002316,hardball,2026,active,active,SRC000169,2026-10-02,2026年度硬式加盟。大会出場校を学校単位へ展開し、SRC000099の公式加盟校数と照合。
PRG002317,SCH002317,hardball,2026,active,active,SRC000169,2026-10-02,2026年度硬式加盟。大会出場校を学校単位へ展開し、SRC000099の公式加盟校数と照合。
PRG002318,SCH002318,hardball,2026,active,active,SRC000169,2026-10-02,2026年度硬式加盟。大会出場校を学校単位へ展開し、SRC000099の公式加盟校数と照合。
PRG002319,SCH002319,hardball,2026,active,active,SRC000169,2026-10-02,2026年度硬式加盟。大会出場校を学校単位へ展開し、SRC000099の公式加盟校数と照合。
PRG002320,SCH002320,hardball,2026,active,active,SRC000169,2026-10-02,2026年度硬式加盟。大会出場校を学校単位へ展開し、SRC000099の公式加盟校数と照合。
PRG002321,SCH002321,hardball,2026,active,active,SRC000169,2026-10-02,2026年度硬式加盟。大会出場校を学校単位へ展開し、SRC000099の公式加盟校数と照合。
PRG002322,SCH002322,hardball,2026,active,active,SRC000169,2026-10-02,2026年度硬式加盟。大会出場校を学校単位へ展開し、SRC000099の公式加盟校数と照合。
PRG002323,SCH002323,hardball,2026,active,active,SRC000169,2026-10-02,2026年度硬式加盟。大会出場校を学校単位へ展開し、SRC000099の公式加盟校数と照合。
PRG002324,SCH002324,hardball,2026,active,active,SRC000169,2026-10-02,2026年度硬式加盟。大会出場校を学校単位へ展開し、SRC000099の公式加盟校数と照合。
PRG002325,SCH002325,hardball,2026,active,active,SRC000169,2026-10-02,2026年度硬式加盟。大会出場校を学校単位へ展開し、SRC000099の公式加盟校数と照合。
PRG002326,SCH002326,hardball,2026,active,active,SRC000169,2026-10-02,2026年度硬式加盟。大会出場校を学校単位へ展開し、SRC000099の公式加盟校数と照合。
PRG002327,SCH002327,hardball,2026,active,active,SRC000168,2026-10-02,2026年度硬式加盟。大会出場校を学校単位へ展開し、SRC000099の公式加盟校数と照合。
PRG002328,SCH002328,hardball,2026,active,active,SRC000168,2026-10-02,2026年度硬式加盟。大会出場校を学校単位へ展開し、SRC000099の公式加盟校数と照合。
PRG002329,SCH002329,hardball,2026,active,active,SRC000168,2026-10-02,2026年度硬式加盟。大会出場校を学校単位へ展開し、SRC000099の公式加盟校数と照合。
PRG002330,SCH002330,hardball,2026,active,active,SRC000168,2026-10-02,2026年度硬式加盟。大会出場校を学校単位へ展開し、SRC000099の公式加盟校数と照合。
PRG002331,SCH002331,hardball,2026,active,active,SRC000168,2026-10-02,2026年度硬式加盟。大会出場校を学校単位へ展開し、SRC000099の公式加盟校数と照合。
PRG002332,SCH002332,hardball,2026,active,active,SRC000168,2026-10-02,2026年度硬式加盟。大会出場校を学校単位へ展開し、SRC000099の公式加盟校数と照合。
PRG002333,SCH002333,hardball,2026,active,active,SRC000168,2026-10-02,2026年度硬式加盟。大会出場校を学校単位へ展開し、SRC000099の公式加盟校数と照合。
PRG002334,SCH002334,hardball,2026,active,active,SRC000168,2026-10-02,2026年度硬式加盟。大会出場校を学校単位へ展開し、SRC000099の公式加盟校数と照合。
PRG002335,SCH002335,hardball,2026,active,active,SRC000168,2026-10-02,2026年度硬式加盟。大会出場校を学校単位へ展開し、SRC000099の公式加盟校数と照合。
PRG002336,SCH002336,hardball,2026,active,active,SRC000168,2026-10-02,2026年度硬式加盟。大会出場校を学校単位へ展開し、SRC000099の公式加盟校数と照合。
PRG002337,SCH002337,hardball,2026,active,active,SRC000168,2026-10-02,2026年度硬式加盟。大会出場校を学校単位へ展開し、SRC000099の公式加盟校数と照合。
PRG002338,SCH002338,hardball,2026,active,active,SRC000168,2026-10-02,2026年度硬式加盟。大会出場校を学校単位へ展開し、SRC000099の公式加盟校数と照合。
PRG002339,SCH002339,hardball,2026,active,active,SRC000168,2026-10-02,2026年度硬式加盟。大会出場校を学校単位へ展開し、SRC000099の公式加盟校数と照合。
PRG002340,SCH002340,hardball,2026,active,active,SRC000168,2026-10-02,2026年度硬式加盟。大会出場校を学校単位へ展開し、SRC000099の公式加盟校数と照合。
PRG002341,SCH002341,hardball,2026,active,active,SRC000168,2026-10-02,2026年度硬式加盟。大会出場校を学校単位へ展開し、SRC000099の公式加盟校数と照合。
PRG002342,SCH002342,hardball,2026,active,active,SRC000168,2026-10-02,2026年度硬式加盟。大会出場校を学校単位へ展開し、SRC000099の公式加盟校数と照合。
PRG002343,SCH002343,hardball,2026,active,active,SRC000168,2026-10-02,2026年度硬式加盟。大会出場校を学校単位へ展開し、SRC000099の公式加盟校数と照合。
PRG002344,SCH002344,hardball,2026,active,active,SRC000168,2026-10-02,2026年度硬式加盟。大会出場校を学校単位へ展開し、SRC000099の公式加盟校数と照合。
PRG002345,SCH002345,hardball,2026,active,active,SRC000168,2026-10-02,2026年度硬式加盟。大会出場校を学校単位へ展開し、SRC000099の公式加盟校数と照合。
PRG002346,SCH002346,hardball,2026,active,active,SRC000168,2026-10-02,2026年度硬式加盟。大会出場校を学校単位へ展開し、SRC000099の公式加盟校数と照合。
PRG002347,SCH002347,hardball,2026,active,active,SRC000168,2026-10-02,2026年度硬式加盟。大会出場校を学校単位へ展開し、SRC000099の公式加盟校数と照合。
PRG002348,SCH002348,hardball,2026,active,active,SRC000168,2026-10-02,2026年度硬式加盟。大会出場校を学校単位へ展開し、SRC000099の公式加盟校数と照合。
PRG002349,SCH002349,hardball,2026,active,active,SRC000168,2026-10-02,2026年度硬式加盟。大会出場校を学校単位へ展開し、SRC000099の公式加盟校数と照合。
PRG002350,SCH002350,hardball,2026,active,active,SRC000168,2026-10-02,2026年度硬式加盟。大会出場校を学校単位へ展開し、SRC000099の公式加盟校数と照合。
PRG002351,SCH002351,hardball,2026,active,active,SRC000168,2026-10-02,2026年度硬式加盟。大会出場校を学校単位へ展開し、SRC000099の公式加盟校数と照合。
PRG002352,SCH002352,hardball,2026,active,active,SRC000168,2026-10-02,2026年度硬式加盟。大会出場校を学校単位へ展開し、SRC000099の公式加盟校数と照合。
PRG002353,SCH002353,hardball,2026,active,active,SRC000168,2026-10-02,2026年度硬式加盟。大会出場校を学校単位へ展開し、SRC000099の公式加盟校数と照合。
PRG002354,SCH002354,hardball,2026,active,active,SRC000168,2026-10-02,2026年度硬式加盟。大会出場校を学校単位へ展開し、SRC000099の公式加盟校数と照合。
PRG002355,SCH002355,hardball,2026,active,active,SRC000168,2026-10-02,2026年度硬式加盟。大会出場校を学校単位へ展開し、SRC000099の公式加盟校数と照合。
PRG002356,SCH002356,hardball,2026,active,active,SRC000168,2026-10-02,2026年度硬式加盟。大会出場校を学校単位へ展開し、SRC000099の公式加盟校数と照合。
PRG002357,SCH002357,hardball,2026,active,active,SRC000168,2026-10-02,2026年度硬式加盟。大会出場校を学校単位へ展開し、SRC000099の公式加盟校数と照合。
PRG002358,SCH002358,hardball,2026,active,active,SRC000168,2026-10-02,2026年度硬式加盟。大会出場校を学校単位へ展開し、SRC000099の公式加盟校数と照合。
PRG002359,SCH002359,hardball,2026,active,active,SRC000168,2026-10-02,2026年度硬式加盟。大会出場校を学校単位へ展開し、SRC000099の公式加盟校数と照合。
PRG002360,SCH002360,hardball,2026,active,active,SRC000168,2026-10-02,2026年度硬式加盟。大会出場校を学校単位へ展開し、SRC000099の公式加盟校数と照合。
PRG002361,SCH002361,hardball,2026,active,active,SRC000168,2026-10-02,2026年度硬式加盟。大会出場校を学校単位へ展開し、SRC000099の公式加盟校数と照合。
PRG002362,SCH002362,hardball,2026,active,active,SRC000168,2026-10-02,2026年度硬式加盟。大会出場校を学校単位へ展開し、SRC000099の公式加盟校数と照合。
PRG002363,SCH002363,hardball,2026,active,active,SRC000171,2026-10-02,2026年度硬式加盟。大会出場校を学校単位へ展開し、SRC000099の公式加盟校数と照合。
PRG002364,SCH002364,hardball,2026,active,active,SRC000171,2026-10-02,2026年度硬式加盟。大会出場校を学校単位へ展開し、SRC000099の公式加盟校数と照合。
PRG002365,SCH002365,hardball,2026,active,active,SRC000171,2026-10-02,2026年度硬式加盟。大会出場校を学校単位へ展開し、SRC000099の公式加盟校数と照合。
PRG002366,SCH002366,hardball,2026,active,active,SRC000171,2026-10-02,2026年度硬式加盟。大会出場校を学校単位へ展開し、SRC000099の公式加盟校数と照合。
PRG002367,SCH002367,hardball,2026,active,active,SRC000171,2026-10-02,2026年度硬式加盟。大会出場校を学校単位へ展開し、SRC000099の公式加盟校数と照合。
PRG002368,SCH002368,hardball,2026,active,active,SRC000171,2026-10-02,2026年度硬式加盟。大会出場校を学校単位へ展開し、SRC000099の公式加盟校数と照合。
PRG002369,SCH002369,hardball,2026,active,active,SRC000171,2026-10-02,2026年度硬式加盟。大会出場校を学校単位へ展開し、SRC000099の公式加盟校数と照合。
PRG002370,SCH002370,hardball,2026,active,active,SRC000171,2026-10-02,2026年度硬式加盟。大会出場校を学校単位へ展開し、SRC000099の公式加盟校数と照合。
PRG002371,SCH002371,hardball,2026,active,active,SRC000171,2026-10-02,2026年度硬式加盟。大会出場校を学校単位へ展開し、SRC000099の公式加盟校数と照合。
PRG002372,SCH002372,hardball,2026,active,active,SRC000171,2026-10-02,2026年度硬式加盟。大会出場校を学校単位へ展開し、SRC000099の公式加盟校数と照合。
PRG002373,SCH002373,hardball,2026,active,active,SRC000171,2026-10-02,2026年度硬式加盟。大会出場校を学校単位へ展開し、SRC000099の公式加盟校数と照合。
PRG002374,SCH002374,hardball,2026,active,active,SRC000171,2026-10-02,2026年度硬式加盟。大会出場校を学校単位へ展開し、SRC000099の公式加盟校数と照合。
PRG002375,SCH002375,hardball,2026,active,active,SRC000171,2026-10-02,2026年度硬式加盟。大会出場校を学校単位へ展開し、SRC000099の公式加盟校数と照合。
PRG002376,SCH002376,hardball,2026,active,active,SRC000171,2026-10-02,2026年度硬式加盟。大会出場校を学校単位へ展開し、SRC000099の公式加盟校数と照合。
PRG002377,SCH002377,hardball,2026,active,active,SRC000171,2026-10-02,2026年度硬式加盟。大会出場校を学校単位へ展開し、SRC000099の公式加盟校数と照合。
PRG002378,SCH002378,hardball,2026,active,active,SRC000171,2026-10-02,2026年度硬式加盟。大会出場校を学校単位へ展開し、SRC000099の公式加盟校数と照合。
PRG002379,SCH002379,hardball,2026,active,active,SRC000171,2026-10-02,2026年度硬式加盟。大会出場校を学校単位へ展開し、SRC000099の公式加盟校数と照合。
PRG002380,SCH002380,hardball,2026,active,active,SRC000171,2026-10-02,2026年度硬式加盟。大会出場校を学校単位へ展開し、SRC000099の公式加盟校数と照合。
PRG002381,SCH002381,hardball,2026,active,active,SRC000171,2026-10-02,2026年度硬式加盟。大会出場校を学校単位へ展開し、SRC000099の公式加盟校数と照合。
PRG002382,SCH002382,hardball,2026,active,active,SRC000171,2026-10-02,2026年度硬式加盟。大会出場校を学校単位へ展開し、SRC000099の公式加盟校数と照合。
PRG002383,SCH002383,hardball,2026,active,active,SRC000171,2026-10-02,2026年度硬式加盟。大会出場校を学校単位へ展開し、SRC000099の公式加盟校数と照合。
PRG002384,SCH002384,hardball,2026,active,active,SRC000171,2026-10-02,2026年度硬式加盟。大会出場校を学校単位へ展開し、SRC000099の公式加盟校数と照合。
PRG002385,SCH002385,hardball,2026,active,active,SRC000171,2026-10-02,2026年度硬式加盟。大会出場校を学校単位へ展開し、SRC000099の公式加盟校数と照合。
PRG002386,SCH002386,hardball,2026,active,active,SRC000171,2026-10-02,2026年度硬式加盟。大会出場校を学校単位へ展開し、SRC000099の公式加盟校数と照合。
PRG002387,SCH002387,hardball,2026,active,active,SRC000171,2026-10-02,2026年度硬式加盟。大会出場校を学校単位へ展開し、SRC000099の公式加盟校数と照合。
PRG002388,SCH002388,hardball,2026,active,active,SRC000171,2026-10-02,2026年度硬式加盟。大会出場校を学校単位へ展開し、SRC000099の公式加盟校数と照合。
PRG002389,SCH002389,hardball,2026,active,active,SRC000171,2026-10-02,2026年度硬式加盟。大会出場校を学校単位へ展開し、SRC000099の公式加盟校数と照合。
PRG002390,SCH002390,hardball,2026,active,active,SRC000171,2026-10-02,2026年度硬式加盟。大会出場校を学校単位へ展開し、SRC000099の公式加盟校数と照合。
PRG002391,SCH002391,hardball,2026,active,active,SRC000171,2026-10-02,2026年度硬式加盟。大会出場校を学校単位へ展開し、SRC000099の公式加盟校数と照合。
PRG002392,SCH002392,hardball,2026,active,active,SRC000171,2026-10-02,2026年度硬式加盟。大会出場校を学校単位へ展開し、SRC000099の公式加盟校数と照合。
PRG002393,SCH002393,hardball,2026,active,active,SRC000171,2026-10-02,2026年度硬式加盟。大会出場校を学校単位へ展開し、SRC000099の公式加盟校数と照合。
PRG002394,SCH002394,hardball,2026,active,active,SRC000171,2026-10-02,2026年度硬式加盟。大会出場校を学校単位へ展開し、SRC000099の公式加盟校数と照合。
PRG002395,SCH002395,hardball,2026,active,active,SRC000171,2026-10-02,2026年度硬式加盟。大会出場校を学校単位へ展開し、SRC000099の公式加盟校数と照合。
PRG002396,SCH002396,hardball,2026,active,active,SRC000171,2026-10-02,2026年度硬式加盟。大会出場校を学校単位へ展開し、SRC000099の公式加盟校数と照合。
PRG002397,SCH002397,hardball,2026,active,active,SRC000171,2026-10-02,2026年度硬式加盟。大会出場校を学校単位へ展開し、SRC000099の公式加盟校数と照合。
PRG002398,SCH002398,hardball,2026,active,active,SRC000171,2026-10-02,2026年度硬式加盟。大会出場校を学校単位へ展開し、SRC000099の公式加盟校数と照合。
PRG002399,SCH002399,hardball,2026,active,active,SRC000171,2026-10-02,2026年度硬式加盟。大会出場校を学校単位へ展開し、SRC000099の公式加盟校数と照合。
PRG002400,SCH002400,hardball,2026,active,active,SRC000171,2026-10-02,2026年度硬式加盟。大会出場校を学校単位へ展開し、SRC000099の公式加盟校数と照合。
PRG002401,SCH002401,hardball,2026,active,active,SRC000171,2026-10-02,2026年度硬式加盟。大会出場校を学校単位へ展開し、SRC000099の公式加盟校数と照合。
PRG002402,SCH002402,hardball,2026,active,active,SRC000171,2026-10-02,2026年度硬式加盟。大会出場校を学校単位へ展開し、SRC000099の公式加盟校数と照合。
PRG002403,SCH002403,hardball,2026,active,active,SRC000171,2026-10-02,2026年度硬式加盟。大会出場校を学校単位へ展開し、SRC000099の公式加盟校数と照合。
PRG002404,SCH002404,hardball,2026,active,active,SRC000171,2026-10-02,2026年度硬式加盟。大会出場校を学校単位へ展開し、SRC000099の公式加盟校数と照合。
PRG002405,SCH002405,hardball,2026,active,active,SRC000171,2026-10-02,2026年度硬式加盟。大会出場校を学校単位へ展開し、SRC000099の公式加盟校数と照合。
PRG002406,SCH002406,hardball,2026,active,active,SRC000171,2026-10-02,2026年度硬式加盟。大会出場校を学校単位へ展開し、SRC000099の公式加盟校数と照合。
PRG002407,SCH002407,hardball,2026,active,active,SRC000171,2026-10-02,2026年度硬式加盟。大会出場校を学校単位へ展開し、SRC000099の公式加盟校数と照合。
PRG002408,SCH002408,hardball,2026,active,active,SRC000171,2026-10-02,2026年度硬式加盟。大会出場校を学校単位へ展開し、SRC000099の公式加盟校数と照合。
PRG002409,SCH002409,hardball,2026,active,active,SRC000171,2026-10-02,2026年度硬式加盟。大会出場校を学校単位へ展開し、SRC000099の公式加盟校数と照合。
PRG002410,SCH002410,hardball,2026,active,active,SRC000175,2026-10-02,2026年度硬式加盟。大会出場校を学校単位へ展開しJHBF公式加盟校数と照合。
PRG002411,SCH002411,hardball,2026,active,active,SRC000175,2026-10-02,2026年度硬式加盟。大会出場校を学校単位へ展開しJHBF公式加盟校数と照合。
PRG002412,SCH002412,hardball,2026,active,active,SRC000175,2026-10-02,2026年度硬式加盟。大会出場校を学校単位へ展開しJHBF公式加盟校数と照合。
PRG002413,SCH002413,hardball,2026,active,active,SRC000175,2026-10-02,2026年度硬式加盟。大会出場校を学校単位へ展開しJHBF公式加盟校数と照合。
PRG002414,SCH002414,hardball,2026,active,active,SRC000175,2026-10-02,2026年度硬式加盟。大会出場校を学校単位へ展開しJHBF公式加盟校数と照合。
PRG002415,SCH002415,hardball,2026,active,active,SRC000175,2026-10-02,2026年度硬式加盟。大会出場校を学校単位へ展開しJHBF公式加盟校数と照合。
PRG002416,SCH002416,hardball,2026,active,active,SRC000175,2026-10-02,2026年度硬式加盟。大会出場校を学校単位へ展開しJHBF公式加盟校数と照合。
PRG002417,SCH002417,hardball,2026,active,active,SRC000175,2026-10-02,2026年度硬式加盟。大会出場校を学校単位へ展開しJHBF公式加盟校数と照合。
PRG002418,SCH002418,hardball,2026,active,active,SRC000175,2026-10-02,2026年度硬式加盟。大会出場校を学校単位へ展開しJHBF公式加盟校数と照合。
PRG002419,SCH002419,hardball,2026,active,active,SRC000175,2026-10-02,2026年度硬式加盟。大会出場校を学校単位へ展開しJHBF公式加盟校数と照合。
PRG002420,SCH002420,hardball,2026,active,active,SRC000175,2026-10-02,2026年度硬式加盟。大会出場校を学校単位へ展開しJHBF公式加盟校数と照合。
PRG002421,SCH002421,hardball,2026,active,active,SRC000175,2026-10-02,2026年度硬式加盟。大会出場校を学校単位へ展開しJHBF公式加盟校数と照合。
PRG002422,SCH002422,hardball,2026,active,active,SRC000175,2026-10-02,2026年度硬式加盟。大会出場校を学校単位へ展開しJHBF公式加盟校数と照合。
PRG002423,SCH002423,hardball,2026,active,active,SRC000175,2026-10-02,2026年度硬式加盟。大会出場校を学校単位へ展開しJHBF公式加盟校数と照合。
PRG002424,SCH002424,hardball,2026,active,active,SRC000175,2026-10-02,2026年度硬式加盟。大会出場校を学校単位へ展開しJHBF公式加盟校数と照合。
PRG002425,SCH002425,hardball,2026,active,active,SRC000175,2026-10-02,2026年度硬式加盟。大会出場校を学校単位へ展開しJHBF公式加盟校数と照合。
PRG002426,SCH002426,hardball,2026,active,active,SRC000175,2026-10-02,2026年度硬式加盟。大会出場校を学校単位へ展開しJHBF公式加盟校数と照合。
PRG002427,SCH002427,hardball,2026,active,active,SRC000175,2026-10-02,2026年度硬式加盟。大会出場校を学校単位へ展開しJHBF公式加盟校数と照合。
PRG002428,SCH002428,hardball,2026,active,active,SRC000175,2026-10-02,2026年度硬式加盟。大会出場校を学校単位へ展開しJHBF公式加盟校数と照合。
PRG002429,SCH002429,hardball,2026,active,active,SRC000175,2026-10-02,2026年度硬式加盟。大会出場校を学校単位へ展開しJHBF公式加盟校数と照合。
PRG002430,SCH002430,hardball,2026,active,active,SRC000175,2026-10-02,2026年度硬式加盟。大会出場校を学校単位へ展開しJHBF公式加盟校数と照合。
PRG002431,SCH002431,hardball,2026,active,active,SRC000175,2026-10-02,2026年度硬式加盟。大会出場校を学校単位へ展開しJHBF公式加盟校数と照合。
PRG002432,SCH002432,hardball,2026,active,active,SRC000175,2026-10-02,2026年度硬式加盟。大会出場校を学校単位へ展開しJHBF公式加盟校数と照合。
PRG002433,SCH002433,hardball,2026,active,active,SRC000175,2026-10-02,2026年度硬式加盟。大会出場校を学校単位へ展開しJHBF公式加盟校数と照合。
PRG002434,SCH002434,hardball,2026,active,active,SRC000175,2026-10-02,2026年度硬式加盟。大会出場校を学校単位へ展開しJHBF公式加盟校数と照合。
PRG002435,SCH002435,hardball,2026,active,active,SRC000175,2026-10-02,2026年度硬式加盟。大会出場校を学校単位へ展開しJHBF公式加盟校数と照合。
PRG002436,SCH002436,hardball,2026,active,active,SRC000175,2026-10-02,2026年度硬式加盟。大会出場校を学校単位へ展開しJHBF公式加盟校数と照合。
PRG002437,SCH002437,hardball,2026,active,active,SRC000175,2026-10-02,2026年度硬式加盟。大会出場校を学校単位へ展開しJHBF公式加盟校数と照合。
PRG002438,SCH002438,hardball,2026,active,active,SRC000175,2026-10-02,2026年度硬式加盟。大会出場校を学校単位へ展開しJHBF公式加盟校数と照合。
PRG002439,SCH002439,hardball,2026,active,active,SRC000175,2026-10-02,2026年度硬式加盟。大会出場校を学校単位へ展開しJHBF公式加盟校数と照合。
PRG002440,SCH002440,hardball,2026,active,active,SRC000175,2026-10-02,2026年度硬式加盟。大会出場校を学校単位へ展開しJHBF公式加盟校数と照合。
PRG002441,SCH002441,hardball,2026,active,active,SRC000175,2026-10-02,2026年度硬式加盟。大会出場校を学校単位へ展開しJHBF公式加盟校数と照合。
PRG002442,SCH002442,hardball,2026,active,active,SRC000175,2026-10-02,2026年度硬式加盟。大会出場校を学校単位へ展開しJHBF公式加盟校数と照合。
PRG002443,SCH002443,hardball,2026,active,active,SRC000175,2026-10-02,2026年度硬式加盟。大会出場校を学校単位へ展開しJHBF公式加盟校数と照合。
PRG002444,SCH002444,hardball,2026,active,active,SRC000175,2026-10-02,2026年度硬式加盟。大会出場校を学校単位へ展開しJHBF公式加盟校数と照合。
PRG002445,SCH002445,hardball,2026,active,active,SRC000175,2026-10-02,2026年度硬式加盟。大会出場校を学校単位へ展開しJHBF公式加盟校数と照合。
PRG002446,SCH002446,hardball,2026,active,active,SRC000175,2026-10-02,2026年度硬式加盟。大会出場校を学校単位へ展開しJHBF公式加盟校数と照合。
PRG002447,SCH002447,hardball,2026,active,active,SRC000175,2026-10-02,2026年度硬式加盟。大会出場校を学校単位へ展開しJHBF公式加盟校数と照合。
PRG002448,SCH002448,hardball,2026,active,active,SRC000175,2026-10-02,2026年度硬式加盟。大会出場校を学校単位へ展開しJHBF公式加盟校数と照合。
PRG002449,SCH002449,hardball,2026,active,active,SRC000175,2026-10-02,2026年度硬式加盟。大会出場校を学校単位へ展開しJHBF公式加盟校数と照合。
PRG002450,SCH002450,hardball,2026,active,active,SRC000175,2026-10-02,2026年度硬式加盟。大会出場校を学校単位へ展開しJHBF公式加盟校数と照合。
PRG002451,SCH002451,hardball,2026,active,active,SRC000175,2026-10-02,2026年度硬式加盟。大会出場校を学校単位へ展開しJHBF公式加盟校数と照合。
PRG002452,SCH002452,hardball,2026,active,active,SRC000175,2026-10-02,2026年度硬式加盟。大会出場校を学校単位へ展開しJHBF公式加盟校数と照合。
PRG002453,SCH002453,hardball,2026,active,active,SRC000175,2026-10-02,2026年度硬式加盟。大会出場校を学校単位へ展開しJHBF公式加盟校数と照合。
PRG002454,SCH002454,hardball,2026,active,active,SRC000175,2026-10-02,2026年度硬式加盟。大会出場校を学校単位へ展開しJHBF公式加盟校数と照合。
PRG002455,SCH002455,hardball,2026,active,active,SRC000175,2026-10-02,2026年度硬式加盟。大会出場校を学校単位へ展開しJHBF公式加盟校数と照合。
PRG002456,SCH002456,hardball,2026,active,active,SRC000175,2026-10-02,2026年度硬式加盟。大会出場校を学校単位へ展開しJHBF公式加盟校数と照合。
PRG002457,SCH002457,hardball,2026,active,active,SRC000175,2026-10-02,2026年度硬式加盟。大会出場校を学校単位へ展開しJHBF公式加盟校数と照合。
PRG002458,SCH002458,hardball,2026,active,active,SRC000175,2026-10-02,2026年度硬式加盟。大会出場校を学校単位へ展開しJHBF公式加盟校数と照合。
PRG002459,SCH002459,hardball,2026,active,active,SRC000175,2026-10-02,2026年度硬式加盟。大会出場校を学校単位へ展開しJHBF公式加盟校数と照合。
PRG002460,SCH002460,hardball,2026,active,active,SRC000175,2026-10-02,2026年度硬式加盟。大会出場校を学校単位へ展開しJHBF公式加盟校数と照合。
PRG002461,SCH002461,hardball,2026,active,active,SRC000175,2026-10-02,2026年度硬式加盟。大会出場校を学校単位へ展開しJHBF公式加盟校数と照合。
PRG002462,SCH002462,hardball,2026,active,active,SRC000177,2026-10-02,2026年度硬式加盟。大会出場校を学校単位へ展開しJHBF公式加盟校数と照合。
PRG002463,SCH002463,hardball,2026,active,active,SRC000177,2026-10-02,2026年度硬式加盟。大会出場校を学校単位へ展開しJHBF公式加盟校数と照合。
PRG002464,SCH002464,hardball,2026,active,active,SRC000177,2026-10-02,2026年度硬式加盟。大会出場校を学校単位へ展開しJHBF公式加盟校数と照合。
PRG002465,SCH002465,hardball,2026,active,active,SRC000177,2026-10-02,2026年度硬式加盟。大会出場校を学校単位へ展開しJHBF公式加盟校数と照合。
PRG002466,SCH002466,hardball,2026,active,active,SRC000177,2026-10-02,2026年度硬式加盟。大会出場校を学校単位へ展開しJHBF公式加盟校数と照合。
PRG002467,SCH002467,hardball,2026,active,active,SRC000177,2026-10-02,2026年度硬式加盟。大会出場校を学校単位へ展開しJHBF公式加盟校数と照合。
PRG002468,SCH002468,hardball,2026,active,active,SRC000177,2026-10-02,2026年度硬式加盟。大会出場校を学校単位へ展開しJHBF公式加盟校数と照合。
PRG002469,SCH002469,hardball,2026,active,active,SRC000177,2026-10-02,2026年度硬式加盟。大会出場校を学校単位へ展開しJHBF公式加盟校数と照合。
PRG002470,SCH002470,hardball,2026,active,active,SRC000177,2026-10-02,2026年度硬式加盟。大会出場校を学校単位へ展開しJHBF公式加盟校数と照合。
PRG002471,SCH002471,hardball,2026,active,active,SRC000177,2026-10-02,2026年度硬式加盟。大会出場校を学校単位へ展開しJHBF公式加盟校数と照合。
PRG002472,SCH002472,hardball,2026,active,active,SRC000177,2026-10-02,2026年度硬式加盟。大会出場校を学校単位へ展開しJHBF公式加盟校数と照合。
PRG002473,SCH002473,hardball,2026,active,active,SRC000177,2026-10-02,2026年度硬式加盟。大会出場校を学校単位へ展開しJHBF公式加盟校数と照合。
PRG002474,SCH002474,hardball,2026,active,active,SRC000177,2026-10-02,2026年度硬式加盟。大会出場校を学校単位へ展開しJHBF公式加盟校数と照合。
PRG002475,SCH002475,hardball,2026,active,active,SRC000177,2026-10-02,2026年度硬式加盟。大会出場校を学校単位へ展開しJHBF公式加盟校数と照合。
PRG002476,SCH002476,hardball,2026,active,active,SRC000177,2026-10-02,2026年度硬式加盟。大会出場校を学校単位へ展開しJHBF公式加盟校数と照合。
PRG002477,SCH002477,hardball,2026,active,active,SRC000177,2026-10-02,2026年度硬式加盟。大会出場校を学校単位へ展開しJHBF公式加盟校数と照合。
PRG002478,SCH002478,hardball,2026,active,active,SRC000177,2026-10-02,2026年度硬式加盟。大会出場校を学校単位へ展開しJHBF公式加盟校数と照合。
PRG002479,SCH002479,hardball,2026,active,active,SRC000177,2026-10-02,2026年度硬式加盟。大会出場校を学校単位へ展開しJHBF公式加盟校数と照合。
PRG002480,SCH002480,hardball,2026,active,active,SRC000177,2026-10-02,2026年度硬式加盟。大会出場校を学校単位へ展開しJHBF公式加盟校数と照合。
PRG002481,SCH002481,hardball,2026,active,active,SRC000177,2026-10-02,2026年度硬式加盟。大会出場校を学校単位へ展開しJHBF公式加盟校数と照合。
PRG002482,SCH002482,hardball,2026,active,active,SRC000177,2026-10-02,2026年度硬式加盟。大会出場校を学校単位へ展開しJHBF公式加盟校数と照合。
PRG002483,SCH002483,hardball,2026,active,active,SRC000177,2026-10-02,2026年度硬式加盟。大会出場校を学校単位へ展開しJHBF公式加盟校数と照合。
PRG002484,SCH002484,hardball,2026,active,active,SRC000177,2026-10-02,2026年度硬式加盟。大会出場校を学校単位へ展開しJHBF公式加盟校数と照合。
PRG002485,SCH002485,hardball,2026,active,active,SRC000177,2026-10-02,2026年度硬式加盟。大会出場校を学校単位へ展開しJHBF公式加盟校数と照合。
PRG002486,SCH002486,hardball,2026,active,active,SRC000177,2026-10-02,2026年度硬式加盟。大会出場校を学校単位へ展開しJHBF公式加盟校数と照合。
PRG002487,SCH002487,hardball,2026,active,active,SRC000177,2026-10-02,2026年度硬式加盟。大会出場校を学校単位へ展開しJHBF公式加盟校数と照合。
PRG002488,SCH002488,hardball,2026,active,active,SRC000177,2026-10-02,2026年度硬式加盟。大会出場校を学校単位へ展開しJHBF公式加盟校数と照合。
PRG002489,SCH002489,hardball,2026,active,active,SRC000177,2026-10-02,2026年度硬式加盟。大会出場校を学校単位へ展開しJHBF公式加盟校数と照合。
PRG002490,SCH002490,hardball,2026,active,active,SRC000177,2026-10-02,2026年度硬式加盟。大会出場校を学校単位へ展開しJHBF公式加盟校数と照合。
PRG002491,SCH002491,hardball,2026,active,active,SRC000177,2026-10-02,2026年度硬式加盟。大会出場校を学校単位へ展開しJHBF公式加盟校数と照合。
PRG002492,SCH002492,hardball,2026,active,active,SRC000177,2026-10-02,2026年度硬式加盟。大会出場校を学校単位へ展開しJHBF公式加盟校数と照合。
PRG002493,SCH002493,hardball,2026,active,active,SRC000177,2026-10-02,2026年度硬式加盟。大会出場校を学校単位へ展開しJHBF公式加盟校数と照合。
PRG002494,SCH002494,hardball,2026,active,active,SRC000177,2026-10-02,2026年度硬式加盟。大会出場校を学校単位へ展開しJHBF公式加盟校数と照合。
PRG002495,SCH002495,hardball,2026,active,active,SRC000177,2026-10-02,2026年度硬式加盟。大会出場校を学校単位へ展開しJHBF公式加盟校数と照合。
PRG002496,SCH002496,hardball,2026,active,active,SRC000177,2026-10-02,2026年度硬式加盟。大会出場校を学校単位へ展開しJHBF公式加盟校数と照合。
PRG002497,SCH002497,hardball,2026,active,active,SRC000177,2026-10-02,2026年度硬式加盟。大会出場校を学校単位へ展開しJHBF公式加盟校数と照合。
PRG002498,SCH002498,hardball,2026,active,active,SRC000177,2026-10-02,2026年度硬式加盟。大会出場校を学校単位へ展開しJHBF公式加盟校数と照合。
PRG002499,SCH002499,hardball,2026,active,active,SRC000177,2026-10-02,2026年度硬式加盟。大会出場校を学校単位へ展開しJHBF公式加盟校数と照合。
PRG002500,SCH002500,hardball,2026,active,active,SRC000177,2026-10-02,2026年度硬式加盟。大会出場校を学校単位へ展開しJHBF公式加盟校数と照合。
PRG002501,SCH002501,hardball,2026,active,active,SRC000177,2026-10-02,2026年度硬式加盟。大会出場校を学校単位へ展開しJHBF公式加盟校数と照合。
PRG002502,SCH002502,hardball,2026,active,active,SRC000177,2026-10-02,2026年度硬式加盟。大会出場校を学校単位へ展開しJHBF公式加盟校数と照合。
PRG002503,SCH002503,hardball,2026,active,active,SRC000177,2026-10-02,2026年度硬式加盟。大会出場校を学校単位へ展開しJHBF公式加盟校数と照合。
PRG002504,SCH002504,hardball,2026,active,active,SRC000177,2026-10-02,2026年度硬式加盟。大会出場校を学校単位へ展開しJHBF公式加盟校数と照合。
PRG002505,SCH002505,hardball,2026,active,active,SRC000177,2026-10-02,2026年度硬式加盟。大会出場校を学校単位へ展開しJHBF公式加盟校数と照合。
PRG002506,SCH002506,hardball,2026,active,active,SRC000177,2026-10-02,2026年度硬式加盟。大会出場校を学校単位へ展開しJHBF公式加盟校数と照合。
PRG002507,SCH002507,hardball,2026,active,active,SRC000177,2026-10-02,2026年度硬式加盟。大会出場校を学校単位へ展開しJHBF公式加盟校数と照合。
PRG002508,SCH002508,hardball,2026,active,active,SRC000177,2026-10-02,2026年度硬式加盟。大会出場校を学校単位へ展開しJHBF公式加盟校数と照合。
PRG002509,SCH002509,hardball,2026,active,active,SRC000177,2026-10-02,2026年度硬式加盟。大会出場校を学校単位へ展開しJHBF公式加盟校数と照合。
PRG002510,SCH002510,hardball,2026,active,active,SRC000177,2026-10-02,2026年度硬式加盟。大会出場校を学校単位へ展開しJHBF公式加盟校数と照合。
PRG002511,SCH002511,hardball,2026,active,active,SRC000177,2026-10-02,2026年度硬式加盟。大会出場校を学校単位へ展開しJHBF公式加盟校数と照合。
PRG002512,SCH002512,hardball,2026,active,active,SRC000177,2026-10-02,2026年度硬式加盟。大会出場校を学校単位へ展開しJHBF公式加盟校数と照合。
PRG002513,SCH002513,hardball,2026,active,active,SRC000177,2026-10-02,2026年度硬式加盟。大会出場校を学校単位へ展開しJHBF公式加盟校数と照合。
PRG002514,SCH002514,hardball,2026,active,active,SRC000177,2026-10-02,2026年度硬式加盟。大会出場校を学校単位へ展開しJHBF公式加盟校数と照合。
PRG002515,SCH002515,hardball,2026,active,active,SRC000177,2026-10-02,2026年度硬式加盟。大会出場校を学校単位へ展開しJHBF公式加盟校数と照合。
PRG002516,SCH002516,hardball,2026,active,active,SRC000177,2026-10-02,2026年度硬式加盟。大会出場校を学校単位へ展開しJHBF公式加盟校数と照合。
PRG002517,SCH002517,hardball,2026,active,active,SRC000177,2026-10-02,2026年度硬式加盟。大会出場校を学校単位へ展開しJHBF公式加盟校数と照合。
PRG002518,SCH002518,hardball,2026,active,active,SRC000177,2026-10-02,2026年度硬式加盟。大会出場校を学校単位へ展開しJHBF公式加盟校数と照合。
PRG002519,SCH002519,hardball,2026,active,active,SRC000177,2026-10-02,2026年度硬式加盟。大会出場校を学校単位へ展開しJHBF公式加盟校数と照合。
PRG002520,SCH002520,hardball,2026,active,active,SRC000177,2026-10-02,2026年度硬式加盟。大会出場校を学校単位へ展開しJHBF公式加盟校数と照合。
PRG002521,SCH002521,hardball,2026,active,active,SRC000177,2026-10-02,2026年度硬式加盟。大会出場校を学校単位へ展開しJHBF公式加盟校数と照合。
PRG002522,SCH002522,hardball,2026,active,active,SRC000177,2026-10-02,2026年度硬式加盟。大会出場校を学校単位へ展開しJHBF公式加盟校数と照合。
PRG002523,SCH002523,hardball,2026,active,active,SRC000177,2026-10-02,2026年度硬式加盟。大会出場校を学校単位へ展開しJHBF公式加盟校数と照合。
PRG002524,SCH002524,hardball,2026,active,active,SRC000177,2026-10-02,2026年度硬式加盟。大会出場校を学校単位へ展開しJHBF公式加盟校数と照合。
PRG002525,SCH002525,hardball,2026,active,active,SRC000177,2026-10-02,2026年度硬式加盟。大会出場校を学校単位へ展開しJHBF公式加盟校数と照合。
PRG002526,SCH002526,hardball,2026,active,active,SRC000177,2026-10-02,2026年度硬式加盟。大会出場校を学校単位へ展開しJHBF公式加盟校数と照合。
PRG002527,SCH002527,hardball,2026,active,active,SRC000177,2026-10-02,2026年度硬式加盟。大会出場校を学校単位へ展開しJHBF公式加盟校数と照合。
PRG002528,SCH002528,hardball,2026,active,active,SRC000177,2026-10-02,2026年度硬式加盟。大会出場校を学校単位へ展開しJHBF公式加盟校数と照合。
PRG002529,SCH002529,hardball,2026,active,active,SRC000177,2026-10-02,2026年度硬式加盟。大会出場校を学校単位へ展開しJHBF公式加盟校数と照合。
PRG002530,SCH002530,hardball,2026,active,active,SRC000177,2026-10-02,2026年度硬式加盟。大会出場校を学校単位へ展開しJHBF公式加盟校数と照合。
PRG002531,SCH002531,hardball,2026,active,active,SRC000177,2026-10-02,2026年度硬式加盟。大会出場校を学校単位へ展開しJHBF公式加盟校数と照合。
PRG002532,SCH002532,hardball,2026,active,active,SRC000177,2026-10-02,2026年度硬式加盟。大会出場校を学校単位へ展開しJHBF公式加盟校数と照合。
PRG002533,SCH002533,hardball,2026,active,active,SRC000177,2026-10-02,2026年度硬式加盟。大会出場校を学校単位へ展開しJHBF公式加盟校数と照合。
PRG002534,SCH002534,hardball,2026,active,active,SRC000177,2026-10-02,2026年度硬式加盟。大会出場校を学校単位へ展開しJHBF公式加盟校数と照合。
PRG002535,SCH002535,hardball,2026,active,active,SRC000177,2026-10-02,2026年度硬式加盟。大会出場校を学校単位へ展開しJHBF公式加盟校数と照合。
PRG002536,SCH002536,hardball,2026,active,active,SRC000177,2026-10-02,2026年度硬式加盟。大会出場校を学校単位へ展開しJHBF公式加盟校数と照合。
PRG002537,SCH002537,hardball,2026,active,active,SRC000177,2026-10-02,2026年度硬式加盟。大会出場校を学校単位へ展開しJHBF公式加盟校数と照合。
PRG002538,SCH002538,hardball,2026,active,active,SRC000177,2026-10-02,2026年度硬式加盟。大会出場校を学校単位へ展開しJHBF公式加盟校数と照合。
PRG002539,SCH002539,hardball,2026,active,active,SRC000177,2026-10-02,2026年度硬式加盟。大会出場校を学校単位へ展開しJHBF公式加盟校数と照合。
PRG002540,SCH002540,hardball,2026,active,active,SRC000177,2026-10-02,2026年度硬式加盟。大会出場校を学校単位へ展開しJHBF公式加盟校数と照合。
PRG002541,SCH002541,hardball,2026,active,active,SRC000177,2026-10-02,2026年度硬式加盟。大会出場校を学校単位へ展開しJHBF公式加盟校数と照合。
PRG002542,SCH002542,hardball,2026,active,active,SRC000177,2026-10-02,2026年度硬式加盟。大会出場校を学校単位へ展開しJHBF公式加盟校数と照合。
PRG002543,SCH002543,hardball,2026,active,active,SRC000177,2026-10-02,2026年度硬式加盟。大会出場校を学校単位へ展開しJHBF公式加盟校数と照合。
PRG002544,SCH002544,hardball,2026,active,active,SRC000177,2026-10-02,2026年度硬式加盟。大会出場校を学校単位へ展開しJHBF公式加盟校数と照合。
PRG002545,SCH002545,hardball,2026,active,active,SRC000177,2026-10-02,2026年度硬式加盟。大会出場校を学校単位へ展開しJHBF公式加盟校数と照合。
PRG002546,SCH002546,hardball,2026,active,active,SRC000177,2026-10-02,2026年度硬式加盟。大会出場校を学校単位へ展開しJHBF公式加盟校数と照合。
PRG002547,SCH002547,hardball,2026,active,active,SRC000177,2026-10-02,2026年度硬式加盟。大会出場校を学校単位へ展開しJHBF公式加盟校数と照合。
PRG002548,SCH002548,hardball,2026,active,active,SRC000177,2026-10-02,2026年度硬式加盟。大会出場校を学校単位へ展開しJHBF公式加盟校数と照合。
PRG002549,SCH002549,hardball,2026,active,active,SRC000177,2026-10-02,2026年度硬式加盟。大会出場校を学校単位へ展開しJHBF公式加盟校数と照合。
PRG002550,SCH002550,hardball,2026,active,active,SRC000177,2026-10-02,2026年度硬式加盟。大会出場校を学校単位へ展開しJHBF公式加盟校数と照合。
PRG002551,SCH002551,hardball,2026,active,active,SRC000177,2026-10-02,2026年度硬式加盟。大会出場校を学校単位へ展開しJHBF公式加盟校数と照合。
PRG002552,SCH002552,hardball,2026,active,active,SRC000177,2026-10-02,2026年度硬式加盟。大会出場校を学校単位へ展開しJHBF公式加盟校数と照合。
PRG002553,SCH002553,hardball,2026,active,active,SRC000177,2026-10-02,2026年度硬式加盟。大会出場校を学校単位へ展開しJHBF公式加盟校数と照合。
PRG002554,SCH002554,hardball,2026,active,active,SRC000177,2026-10-02,2026年度硬式加盟。大会出場校を学校単位へ展開しJHBF公式加盟校数と照合。
PRG002555,SCH002555,hardball,2026,active,active,SRC000177,2026-10-02,2026年度硬式加盟。大会出場校を学校単位へ展開しJHBF公式加盟校数と照合。
PRG002556,SCH002556,hardball,2026,active,active,SRC000177,2026-10-02,2026年度硬式加盟。大会出場校を学校単位へ展開しJHBF公式加盟校数と照合。
PRG002557,SCH002557,hardball,2026,active,active,SRC000177,2026-10-02,2026年度硬式加盟。大会出場校を学校単位へ展開しJHBF公式加盟校数と照合。
PRG002558,SCH002558,hardball,2026,active,active,SRC000177,2026-10-02,2026年度硬式加盟。大会出場校を学校単位へ展開しJHBF公式加盟校数と照合。
PRG002559,SCH002559,hardball,2026,active,active,SRC000177,2026-10-02,2026年度硬式加盟。大会出場校を学校単位へ展開しJHBF公式加盟校数と照合。
PRG002560,SCH002560,hardball,2026,active,active,SRC000177,2026-10-02,2026年度硬式加盟。大会出場校を学校単位へ展開しJHBF公式加盟校数と照合。
PRG002561,SCH002561,hardball,2026,active,active,SRC000177,2026-10-02,2026年度硬式加盟。大会出場校を学校単位へ展開しJHBF公式加盟校数と照合。
PRG002562,SCH002562,hardball,2026,active,active,SRC000177,2026-10-02,2026年度硬式加盟。大会出場校を学校単位へ展開しJHBF公式加盟校数と照合。
PRG002563,SCH002563,hardball,2026,active,active,SRC000177,2026-10-02,2026年度硬式加盟。大会出場校を学校単位へ展開しJHBF公式加盟校数と照合。
PRG002564,SCH002564,hardball,2026,active,active,SRC000177,2026-10-02,2026年度硬式加盟。大会出場校を学校単位へ展開しJHBF公式加盟校数と照合。
PRG002565,SCH002565,hardball,2026,active,active,SRC000177,2026-10-02,2026年度硬式加盟。大会出場校を学校単位へ展開しJHBF公式加盟校数と照合。
PRG002566,SCH002566,hardball,2026,active,active,SRC000177,2026-10-02,2026年度硬式加盟。大会出場校を学校単位へ展開しJHBF公式加盟校数と照合。
PRG002567,SCH002567,hardball,2026,active,active,SRC000177,2026-10-02,2026年度硬式加盟。大会出場校を学校単位へ展開しJHBF公式加盟校数と照合。
PRG002568,SCH002568,hardball,2026,active,active,SRC000177,2026-10-02,2026年度硬式加盟。大会出場校を学校単位へ展開しJHBF公式加盟校数と照合。
PRG002569,SCH002569,hardball,2026,active,active,SRC000177,2026-10-02,2026年度硬式加盟。大会出場校を学校単位へ展開しJHBF公式加盟校数と照合。
PRG002570,SCH002570,hardball,2026,active,active,SRC000181,2026-10-02,2026年度硬式加盟。夏大会集合＋夏不参加加盟校の差分照合により確定。
PRG002571,SCH002571,hardball,2026,active,active,SRC000181,2026-10-02,2026年度硬式加盟。夏大会集合＋夏不参加加盟校の差分照合により確定。
PRG002572,SCH002572,hardball,2026,active,active,SRC000181,2026-10-02,2026年度硬式加盟。夏大会集合＋夏不参加加盟校の差分照合により確定。
PRG002573,SCH002573,hardball,2026,active,active,SRC000181,2026-10-02,2026年度硬式加盟。夏大会集合＋夏不参加加盟校の差分照合により確定。
PRG002574,SCH002574,hardball,2026,active,active,SRC000181,2026-10-02,2026年度硬式加盟。夏大会集合＋夏不参加加盟校の差分照合により確定。
PRG002575,SCH002575,hardball,2026,active,active,SRC000181,2026-10-02,2026年度硬式加盟。夏大会集合＋夏不参加加盟校の差分照合により確定。
PRG002576,SCH002576,hardball,2026,active,active,SRC000181,2026-10-02,2026年度硬式加盟。夏大会集合＋夏不参加加盟校の差分照合により確定。
PRG002577,SCH002577,hardball,2026,active,active,SRC000181,2026-10-02,2026年度硬式加盟。夏大会集合＋夏不参加加盟校の差分照合により確定。
PRG002578,SCH002578,hardball,2026,active,active,SRC000181,2026-10-02,2026年度硬式加盟。夏大会集合＋夏不参加加盟校の差分照合により確定。
PRG002579,SCH002579,hardball,2026,active,active,SRC000181,2026-10-02,2026年度硬式加盟。夏大会集合＋夏不参加加盟校の差分照合により確定。
PRG002580,SCH002580,hardball,2026,active,active,SRC000181,2026-10-02,2026年度硬式加盟。夏大会集合＋夏不参加加盟校の差分照合により確定。
PRG002581,SCH002581,hardball,2026,active,active,SRC000181,2026-10-02,2026年度硬式加盟。夏大会集合＋夏不参加加盟校の差分照合により確定。
PRG002582,SCH002582,hardball,2026,active,active,SRC000181,2026-10-02,2026年度硬式加盟。夏大会集合＋夏不参加加盟校の差分照合により確定。
PRG002583,SCH002583,hardball,2026,active,active,SRC000181,2026-10-02,2026年度硬式加盟。夏大会集合＋夏不参加加盟校の差分照合により確定。
PRG002584,SCH002584,hardball,2026,active,active,SRC000181,2026-10-02,2026年度硬式加盟。夏大会集合＋夏不参加加盟校の差分照合により確定。
PRG002585,SCH002585,hardball,2026,active,active,SRC000181,2026-10-02,2026年度硬式加盟。夏大会集合＋夏不参加加盟校の差分照合により確定。
PRG002586,SCH002586,hardball,2026,active,active,SRC000181,2026-10-02,2026年度硬式加盟。夏大会集合＋夏不参加加盟校の差分照合により確定。
PRG002587,SCH002587,hardball,2026,active,active,SRC000181,2026-10-02,2026年度硬式加盟。夏大会集合＋夏不参加加盟校の差分照合により確定。
PRG002588,SCH002588,hardball,2026,active,active,SRC000181,2026-10-02,2026年度硬式加盟。夏大会集合＋夏不参加加盟校の差分照合により確定。
PRG002589,SCH002589,hardball,2026,active,active,SRC000181,2026-10-02,2026年度硬式加盟。夏大会集合＋夏不参加加盟校の差分照合により確定。
PRG002590,SCH002590,hardball,2026,active,active,SRC000181,2026-10-02,2026年度硬式加盟。夏大会集合＋夏不参加加盟校の差分照合により確定。
PRG002591,SCH002591,hardball,2026,active,active,SRC000181,2026-10-02,2026年度硬式加盟。夏大会集合＋夏不参加加盟校の差分照合により確定。
PRG002592,SCH002592,hardball,2026,active,active,SRC000181,2026-10-02,2026年度硬式加盟。夏大会集合＋夏不参加加盟校の差分照合により確定。
PRG002593,SCH002593,hardball,2026,active,active,SRC000181,2026-10-02,2026年度硬式加盟。夏大会集合＋夏不参加加盟校の差分照合により確定。
PRG002594,SCH002594,hardball,2026,active,active,SRC000181,2026-10-02,2026年度硬式加盟。夏大会集合＋夏不参加加盟校の差分照合により確定。
PRG002595,SCH002595,hardball,2026,active,active,SRC000181,2026-10-02,2026年度硬式加盟。夏大会集合＋夏不参加加盟校の差分照合により確定。
PRG002596,SCH002596,hardball,2026,active,active,SRC000181,2026-10-02,2026年度硬式加盟。夏大会集合＋夏不参加加盟校の差分照合により確定。
PRG002597,SCH002597,hardball,2026,active,active,SRC000181,2026-10-02,2026年度硬式加盟。夏大会集合＋夏不参加加盟校の差分照合により確定。
PRG002598,SCH002598,hardball,2026,active,active,SRC000181,2026-10-02,2026年度硬式加盟。夏大会集合＋夏不参加加盟校の差分照合により確定。
PRG002599,SCH002599,hardball,2026,active,active,SRC000181,2026-10-02,2026年度硬式加盟。夏大会集合＋夏不参加加盟校の差分照合により確定。
PRG002600,SCH002600,hardball,2026,active,active,SRC000181,2026-10-02,2026年度硬式加盟。夏大会集合＋夏不参加加盟校の差分照合により確定。
PRG002601,SCH002601,hardball,2026,active,active,SRC000181,2026-10-02,2026年度硬式加盟。夏大会集合＋夏不参加加盟校の差分照合により確定。
PRG002602,SCH002602,hardball,2026,active,active,SRC000181,2026-10-02,2026年度硬式加盟。夏大会集合＋夏不参加加盟校の差分照合により確定。
PRG002603,SCH002603,hardball,2026,active,active,SRC000181,2026-10-02,2026年度硬式加盟。夏大会集合＋夏不参加加盟校の差分照合により確定。
PRG002604,SCH002604,hardball,2026,active,active,SRC000181,2026-10-02,2026年度硬式加盟。夏大会集合＋夏不参加加盟校の差分照合により確定。
PRG002605,SCH002605,hardball,2026,active,active,SRC000181,2026-10-02,2026年度硬式加盟。夏大会集合＋夏不参加加盟校の差分照合により確定。
PRG002606,SCH002606,hardball,2026,active,active,SRC000181,2026-10-02,2026年度硬式加盟。夏大会集合＋夏不参加加盟校の差分照合により確定。
PRG002607,SCH002607,hardball,2026,active,active,SRC000181,2026-10-02,2026年度硬式加盟。夏大会集合＋夏不参加加盟校の差分照合により確定。
PRG002608,SCH002608,hardball,2026,active,active,SRC000181,2026-10-02,2026年度硬式加盟。夏大会集合＋夏不参加加盟校の差分照合により確定。
PRG002609,SCH002609,hardball,2026,active,active,SRC000181,2026-10-02,2026年度硬式加盟。夏大会集合＋夏不参加加盟校の差分照合により確定。
PRG002610,SCH002610,hardball,2026,active,active,SRC000181,2026-10-02,2026年度硬式加盟。夏大会集合＋夏不参加加盟校の差分照合により確定。
PRG002611,SCH002611,hardball,2026,active,active,SRC000181,2026-10-02,2026年度硬式加盟。夏大会集合＋夏不参加加盟校の差分照合により確定。
PRG002612,SCH002612,hardball,2026,active,active,SRC000179,2026-10-02,2026年度硬式加盟。夏大会集合＋夏不参加加盟校の差分照合により確定。
PRG002613,SCH002613,hardball,2026,active,active,SRC000182,2026-10-02,2026年度硬式加盟。夏大会集合＋夏不参加加盟校の差分照合により確定。
PRG002614,SCH002614,hardball,2026,active,active,SRC000182,2026-10-02,2026年度硬式加盟。夏大会集合＋夏不参加加盟校の差分照合により確定。
PRG002615,SCH002615,hardball,2026,active,active,SRC000182,2026-10-02,2026年度硬式加盟。夏大会集合＋夏不参加加盟校の差分照合により確定。
PRG002616,SCH002616,hardball,2026,active,active,SRC000182,2026-10-02,2026年度硬式加盟。夏大会集合＋夏不参加加盟校の差分照合により確定。
PRG002617,SCH002617,hardball,2026,active,active,SRC000182,2026-10-02,2026年度硬式加盟。夏大会集合＋夏不参加加盟校の差分照合により確定。
PRG002618,SCH002618,hardball,2026,active,active,SRC000182,2026-10-02,2026年度硬式加盟。夏大会集合＋夏不参加加盟校の差分照合により確定。
PRG002619,SCH002619,hardball,2026,active,active,SRC000182,2026-10-02,2026年度硬式加盟。夏大会集合＋夏不参加加盟校の差分照合により確定。
PRG002620,SCH002620,hardball,2026,active,active,SRC000182,2026-10-02,2026年度硬式加盟。夏大会集合＋夏不参加加盟校の差分照合により確定。
PRG002621,SCH002621,hardball,2026,active,active,SRC000182,2026-10-02,2026年度硬式加盟。夏大会集合＋夏不参加加盟校の差分照合により確定。
PRG002622,SCH002622,hardball,2026,active,active,SRC000182,2026-10-02,2026年度硬式加盟。夏大会集合＋夏不参加加盟校の差分照合により確定。
PRG002623,SCH002623,hardball,2026,active,active,SRC000182,2026-10-02,2026年度硬式加盟。夏大会集合＋夏不参加加盟校の差分照合により確定。
PRG002624,SCH002624,hardball,2026,active,active,SRC000182,2026-10-02,2026年度硬式加盟。夏大会集合＋夏不参加加盟校の差分照合により確定。
PRG002625,SCH002625,hardball,2026,active,active,SRC000182,2026-10-02,2026年度硬式加盟。夏大会集合＋夏不参加加盟校の差分照合により確定。
PRG002626,SCH002626,hardball,2026,active,active,SRC000182,2026-10-02,2026年度硬式加盟。夏大会集合＋夏不参加加盟校の差分照合により確定。
PRG002627,SCH002627,hardball,2026,active,active,SRC000182,2026-10-02,2026年度硬式加盟。夏大会集合＋夏不参加加盟校の差分照合により確定。
PRG002628,SCH002628,hardball,2026,active,active,SRC000182,2026-10-02,2026年度硬式加盟。夏大会集合＋夏不参加加盟校の差分照合により確定。
PRG002629,SCH002629,hardball,2026,active,active,SRC000182,2026-10-02,2026年度硬式加盟。夏大会集合＋夏不参加加盟校の差分照合により確定。
PRG002630,SCH002630,hardball,2026,active,active,SRC000182,2026-10-02,2026年度硬式加盟。夏大会集合＋夏不参加加盟校の差分照合により確定。
PRG002631,SCH002631,hardball,2026,active,active,SRC000182,2026-10-02,2026年度硬式加盟。夏大会集合＋夏不参加加盟校の差分照合により確定。
PRG002632,SCH002632,hardball,2026,active,active,SRC000182,2026-10-02,2026年度硬式加盟。夏大会集合＋夏不参加加盟校の差分照合により確定。
PRG002633,SCH002633,hardball,2026,active,active,SRC000182,2026-10-02,2026年度硬式加盟。夏大会集合＋夏不参加加盟校の差分照合により確定。
PRG002634,SCH002634,hardball,2026,active,active,SRC000182,2026-10-02,2026年度硬式加盟。夏大会集合＋夏不参加加盟校の差分照合により確定。
PRG002635,SCH002635,hardball,2026,active,active,SRC000182,2026-10-02,2026年度硬式加盟。夏大会集合＋夏不参加加盟校の差分照合により確定。
PRG002636,SCH002636,hardball,2026,active,active,SRC000182,2026-10-02,2026年度硬式加盟。夏大会集合＋夏不参加加盟校の差分照合により確定。
PRG002637,SCH002637,hardball,2026,active,active,SRC000182,2026-10-02,2026年度硬式加盟。夏大会集合＋夏不参加加盟校の差分照合により確定。
PRG002638,SCH002638,hardball,2026,active,active,SRC000182,2026-10-02,2026年度硬式加盟。夏大会集合＋夏不参加加盟校の差分照合により確定。
PRG002639,SCH002639,hardball,2026,active,active,SRC000182,2026-10-02,2026年度硬式加盟。夏大会集合＋夏不参加加盟校の差分照合により確定。
PRG002640,SCH002640,hardball,2026,active,active,SRC000182,2026-10-02,2026年度硬式加盟。夏大会集合＋夏不参加加盟校の差分照合により確定。
PRG002641,SCH002641,hardball,2026,active,active,SRC000182,2026-10-02,2026年度硬式加盟。夏大会集合＋夏不参加加盟校の差分照合により確定。
PRG002642,SCH002642,hardball,2026,active,active,SRC000182,2026-10-02,2026年度硬式加盟。夏大会集合＋夏不参加加盟校の差分照合により確定。
PRG002643,SCH002643,hardball,2026,active,active,SRC000182,2026-10-02,2026年度硬式加盟。夏大会集合＋夏不参加加盟校の差分照合により確定。
PRG002644,SCH002644,hardball,2026,active,active,SRC000182,2026-10-02,2026年度硬式加盟。夏大会集合＋夏不参加加盟校の差分照合により確定。
PRG002645,SCH002645,hardball,2026,active,active,SRC000182,2026-10-02,2026年度硬式加盟。夏大会集合＋夏不参加加盟校の差分照合により確定。
PRG002646,SCH002646,hardball,2026,active,active,SRC000182,2026-10-02,2026年度硬式加盟。夏大会集合＋夏不参加加盟校の差分照合により確定。
PRG002647,SCH002647,hardball,2026,active,active,SRC000182,2026-10-02,2026年度硬式加盟。夏大会集合＋夏不参加加盟校の差分照合により確定。
PRG002648,SCH002648,hardball,2026,active,active,SRC000182,2026-10-02,2026年度硬式加盟。夏大会集合＋夏不参加加盟校の差分照合により確定。
PRG002649,SCH002649,hardball,2026,active,active,SRC000182,2026-10-02,2026年度硬式加盟。夏大会集合＋夏不参加加盟校の差分照合により確定。
PRG002650,SCH002650,hardball,2026,active,active,SRC000182,2026-10-02,2026年度硬式加盟。夏大会集合＋夏不参加加盟校の差分照合により確定。
PRG002651,SCH002651,hardball,2026,active,active,SRC000182,2026-10-02,2026年度硬式加盟。夏大会集合＋夏不参加加盟校の差分照合により確定。
PRG002652,SCH002652,hardball,2026,active,active,SRC000182,2026-10-02,2026年度硬式加盟。夏大会集合＋夏不参加加盟校の差分照合により確定。
PRG002653,SCH002653,hardball,2026,active,active,SRC000182,2026-10-02,2026年度硬式加盟。夏大会集合＋夏不参加加盟校の差分照合により確定。
PRG002654,SCH002654,hardball,2026,active,active,SRC000182,2026-10-02,2026年度硬式加盟。夏大会集合＋夏不参加加盟校の差分照合により確定。
PRG002655,SCH002655,hardball,2026,active,active,SRC000182,2026-10-02,2026年度硬式加盟。夏大会集合＋夏不参加加盟校の差分照合により確定。
PRG002656,SCH002656,hardball,2026,active,active,SRC000182,2026-10-02,2026年度硬式加盟。夏大会集合＋夏不参加加盟校の差分照合により確定。
PRG002657,SCH002657,hardball,2026,active,active,SRC000182,2026-10-02,2026年度硬式加盟。夏大会集合＋夏不参加加盟校の差分照合により確定。
PRG002658,SCH002658,hardball,2026,active,active,SRC000182,2026-10-02,2026年度硬式加盟。夏大会集合＋夏不参加加盟校の差分照合により確定。
PRG002659,SCH002659,hardball,2026,active,active,SRC000182,2026-10-02,2026年度硬式加盟。夏大会集合＋夏不参加加盟校の差分照合により確定。
PRG002660,SCH002660,hardball,2026,active,active,SRC000182,2026-10-02,2026年度硬式加盟。夏大会集合＋夏不参加加盟校の差分照合により確定。
PRG002661,SCH002661,hardball,2026,active,active,SRC000182,2026-10-02,2026年度硬式加盟。夏大会集合＋夏不参加加盟校の差分照合により確定。
PRG002662,SCH002662,hardball,2026,active,active,SRC000182,2026-10-02,2026年度硬式加盟。夏大会集合＋夏不参加加盟校の差分照合により確定。
PRG002663,SCH002663,hardball,2026,active,active,SRC000182,2026-10-02,2026年度硬式加盟。夏大会集合＋夏不参加加盟校の差分照合により確定。
PRG002664,SCH002664,hardball,2026,active,active,SRC000182,2026-10-02,2026年度硬式加盟。夏大会集合＋夏不参加加盟校の差分照合により確定。
PRG002665,SCH002665,hardball,2026,active,active,SRC000182,2026-10-02,2026年度硬式加盟。夏大会集合＋夏不参加加盟校の差分照合により確定。
PRG002666,SCH002666,hardball,2026,active,active,SRC000184,2026-10-02,2026年度硬式加盟。夏大会集合＋夏不参加加盟校の差分照合により確定。
PRG002667,SCH002667,hardball,2026,active,active,SRC000186,2026-10-02,2026年度硬式加盟。夏大会集合＋夏不参加加盟校の差分照合により確定。
PRG002668,SCH002668,hardball,2026,active,active,SRC000186,2026-10-02,2026年度硬式加盟。夏大会集合＋夏不参加加盟校の差分照合により確定。
PRG002669,SCH002669,hardball,2026,active,active,SRC000186,2026-10-02,2026年度硬式加盟。夏大会集合＋夏不参加加盟校の差分照合により確定。
PRG002670,SCH002670,hardball,2026,active,active,SRC000186,2026-10-02,2026年度硬式加盟。夏大会集合＋夏不参加加盟校の差分照合により確定。
PRG002671,SCH002671,hardball,2026,active,active,SRC000186,2026-10-02,2026年度硬式加盟。夏大会集合＋夏不参加加盟校の差分照合により確定。
PRG002672,SCH002672,hardball,2026,active,active,SRC000186,2026-10-02,2026年度硬式加盟。夏大会集合＋夏不参加加盟校の差分照合により確定。
PRG002673,SCH002673,hardball,2026,active,active,SRC000186,2026-10-02,2026年度硬式加盟。夏大会集合＋夏不参加加盟校の差分照合により確定。
PRG002674,SCH002674,hardball,2026,active,active,SRC000186,2026-10-02,2026年度硬式加盟。夏大会集合＋夏不参加加盟校の差分照合により確定。
PRG002675,SCH002675,hardball,2026,active,active,SRC000186,2026-10-02,2026年度硬式加盟。夏大会集合＋夏不参加加盟校の差分照合により確定。
PRG002676,SCH002676,hardball,2026,active,active,SRC000186,2026-10-02,2026年度硬式加盟。夏大会集合＋夏不参加加盟校の差分照合により確定。
PRG002677,SCH002677,hardball,2026,active,active,SRC000186,2026-10-02,2026年度硬式加盟。夏大会集合＋夏不参加加盟校の差分照合により確定。
PRG002678,SCH002678,hardball,2026,active,active,SRC000186,2026-10-02,2026年度硬式加盟。夏大会集合＋夏不参加加盟校の差分照合により確定。
PRG002679,SCH002679,hardball,2026,active,active,SRC000186,2026-10-02,2026年度硬式加盟。夏大会集合＋夏不参加加盟校の差分照合により確定。
PRG002680,SCH002680,hardball,2026,active,active,SRC000186,2026-10-02,2026年度硬式加盟。夏大会集合＋夏不参加加盟校の差分照合により確定。
PRG002681,SCH002681,hardball,2026,active,active,SRC000186,2026-10-02,2026年度硬式加盟。夏大会集合＋夏不参加加盟校の差分照合により確定。
PRG002682,SCH002682,hardball,2026,active,active,SRC000186,2026-10-02,2026年度硬式加盟。夏大会集合＋夏不参加加盟校の差分照合により確定。
PRG002683,SCH002683,hardball,2026,active,active,SRC000186,2026-10-02,2026年度硬式加盟。夏大会集合＋夏不参加加盟校の差分照合により確定。
PRG002684,SCH002684,hardball,2026,active,active,SRC000186,2026-10-02,2026年度硬式加盟。夏大会集合＋夏不参加加盟校の差分照合により確定。
PRG002685,SCH002685,hardball,2026,active,active,SRC000186,2026-10-02,2026年度硬式加盟。夏大会集合＋夏不参加加盟校の差分照合により確定。
PRG002686,SCH002686,hardball,2026,active,active,SRC000186,2026-10-02,2026年度硬式加盟。夏大会集合＋夏不参加加盟校の差分照合により確定。
PRG002687,SCH002687,hardball,2026,active,active,SRC000186,2026-10-02,2026年度硬式加盟。夏大会集合＋夏不参加加盟校の差分照合により確定。
PRG002688,SCH002688,hardball,2026,active,active,SRC000186,2026-10-02,2026年度硬式加盟。夏大会集合＋夏不参加加盟校の差分照合により確定。
PRG002689,SCH002689,hardball,2026,active,active,SRC000186,2026-10-02,2026年度硬式加盟。夏大会集合＋夏不参加加盟校の差分照合により確定。
PRG002690,SCH002690,hardball,2026,active,active,SRC000186,2026-10-02,2026年度硬式加盟。夏大会集合＋夏不参加加盟校の差分照合により確定。
PRG002691,SCH002691,hardball,2026,active,active,SRC000186,2026-10-02,2026年度硬式加盟。夏大会集合＋夏不参加加盟校の差分照合により確定。
PRG002692,SCH002692,hardball,2026,active,active,SRC000186,2026-10-02,2026年度硬式加盟。夏大会集合＋夏不参加加盟校の差分照合により確定。
PRG002693,SCH002693,hardball,2026,active,active,SRC000186,2026-10-02,2026年度硬式加盟。夏大会集合＋夏不参加加盟校の差分照合により確定。
PRG002694,SCH002694,hardball,2026,active,active,SRC000186,2026-10-02,2026年度硬式加盟。夏大会集合＋夏不参加加盟校の差分照合により確定。
PRG002695,SCH002695,hardball,2026,active,active,SRC000186,2026-10-02,2026年度硬式加盟。夏大会集合＋夏不参加加盟校の差分照合により確定。
PRG002696,SCH002696,hardball,2026,active,active,SRC000186,2026-10-02,2026年度硬式加盟。夏大会集合＋夏不参加加盟校の差分照合により確定。
PRG002697,SCH002697,hardball,2026,active,active,SRC000186,2026-10-02,2026年度硬式加盟。夏大会集合＋夏不参加加盟校の差分照合により確定。
PRG002698,SCH002698,hardball,2026,active,active,SRC000186,2026-10-02,2026年度硬式加盟。夏大会集合＋夏不参加加盟校の差分照合により確定。
PRG002699,SCH002699,hardball,2026,active,active,SRC000186,2026-10-02,2026年度硬式加盟。夏大会集合＋夏不参加加盟校の差分照合により確定。
PRG002700,SCH002700,hardball,2026,active,active,SRC000186,2026-10-02,2026年度硬式加盟。夏大会集合＋夏不参加加盟校の差分照合により確定。
PRG002701,SCH002701,hardball,2026,active,active,SRC000186,2026-10-02,2026年度硬式加盟。夏大会集合＋夏不参加加盟校の差分照合により確定。
PRG002702,SCH002702,hardball,2026,active,active,SRC000186,2026-10-02,2026年度硬式加盟。夏大会集合＋夏不参加加盟校の差分照合により確定。
PRG002703,SCH002703,hardball,2026,active,active,SRC000186,2026-10-02,2026年度硬式加盟。夏大会集合＋夏不参加加盟校の差分照合により確定。
PRG002704,SCH002704,hardball,2026,active,active,SRC000186,2026-10-02,2026年度硬式加盟。夏大会集合＋夏不参加加盟校の差分照合により確定。
PRG002705,SCH002705,hardball,2026,active,active,SRC000186,2026-10-02,2026年度硬式加盟。夏大会集合＋夏不参加加盟校の差分照合により確定。
PRG002706,SCH002706,hardball,2026,active,active,SRC000186,2026-10-02,2026年度硬式加盟。夏大会集合＋夏不参加加盟校の差分照合により確定。
PRG002707,SCH002707,hardball,2026,active,active,SRC000186,2026-10-02,2026年度硬式加盟。夏大会集合＋夏不参加加盟校の差分照合により確定。
PRG002708,SCH002708,hardball,2026,active,active,SRC000186,2026-10-02,2026年度硬式加盟。夏大会集合＋夏不参加加盟校の差分照合により確定。
PRG002709,SCH002709,hardball,2026,active,active,SRC000186,2026-10-02,2026年度硬式加盟。夏大会集合＋夏不参加加盟校の差分照合により確定。
PRG002710,SCH002710,hardball,2026,active,active,SRC000186,2026-10-02,2026年度硬式加盟。夏大会集合＋夏不参加加盟校の差分照合により確定。
PRG002711,SCH002711,hardball,2026,active,active,SRC000186,2026-10-02,2026年度硬式加盟。夏大会集合＋夏不参加加盟校の差分照合により確定。
PRG002712,SCH002712,hardball,2026,active,active,SRC000186,2026-10-02,2026年度硬式加盟。夏大会集合＋夏不参加加盟校の差分照合により確定。
PRG002713,SCH002713,hardball,2026,active,active,SRC000186,2026-10-02,2026年度硬式加盟。夏大会集合＋夏不参加加盟校の差分照合により確定。
PRG002714,SCH002714,hardball,2026,active,active,SRC000186,2026-10-02,2026年度硬式加盟。夏大会集合＋夏不参加加盟校の差分照合により確定。
PRG002715,SCH002715,hardball,2026,active,active,SRC000186,2026-10-02,2026年度硬式加盟。夏大会集合＋夏不参加加盟校の差分照合により確定。
PRG002716,SCH002716,hardball,2026,active,active,SRC000186,2026-10-02,2026年度硬式加盟。夏大会集合＋夏不参加加盟校の差分照合により確定。
PRG002717,SCH002717,hardball,2026,active,active,SRC000186,2026-10-02,2026年度硬式加盟。夏大会集合＋夏不参加加盟校の差分照合により確定。
PRG002718,SCH002718,hardball,2026,active,active,SRC000186,2026-10-02,2026年度硬式加盟。夏大会集合＋夏不参加加盟校の差分照合により確定。
PRG002719,SCH002719,hardball,2026,active,active,SRC000188,2026-10-02,2026年度硬式加盟。夏大会集合＋夏不参加加盟校の差分照合により確定。
PRG002720,SCH002720,hardball,2026,active,active,SRC000189,2026-10-02,2026年度硬式加盟。夏大会集合＋夏不参加加盟校の差分照合により確定。
PRG002721,SCH002721,hardball,2026,active,active,SRC000189,2026-10-02,2026年度硬式加盟。夏大会集合＋夏不参加加盟校の差分照合により確定。
PRG002722,SCH002722,hardball,2026,active,active,SRC000189,2026-10-02,2026年度硬式加盟。夏大会集合＋夏不参加加盟校の差分照合により確定。
PRG002723,SCH002723,hardball,2026,active,active,SRC000189,2026-10-02,2026年度硬式加盟。夏大会集合＋夏不参加加盟校の差分照合により確定。
PRG002724,SCH002724,hardball,2026,active,active,SRC000189,2026-10-02,2026年度硬式加盟。夏大会集合＋夏不参加加盟校の差分照合により確定。
PRG002725,SCH002725,hardball,2026,active,active,SRC000189,2026-10-02,2026年度硬式加盟。夏大会集合＋夏不参加加盟校の差分照合により確定。
PRG002726,SCH002726,hardball,2026,active,active,SRC000189,2026-10-02,2026年度硬式加盟。夏大会集合＋夏不参加加盟校の差分照合により確定。
PRG002727,SCH002727,hardball,2026,active,active,SRC000189,2026-10-02,2026年度硬式加盟。夏大会集合＋夏不参加加盟校の差分照合により確定。
PRG002728,SCH002728,hardball,2026,active,active,SRC000189,2026-10-02,2026年度硬式加盟。夏大会集合＋夏不参加加盟校の差分照合により確定。
PRG002729,SCH002729,hardball,2026,active,active,SRC000189,2026-10-02,2026年度硬式加盟。夏大会集合＋夏不参加加盟校の差分照合により確定。
PRG002730,SCH002730,hardball,2026,active,active,SRC000189,2026-10-02,2026年度硬式加盟。夏大会集合＋夏不参加加盟校の差分照合により確定。
PRG002731,SCH002731,hardball,2026,active,active,SRC000189,2026-10-02,2026年度硬式加盟。夏大会集合＋夏不参加加盟校の差分照合により確定。
PRG002732,SCH002732,hardball,2026,active,active,SRC000189,2026-10-02,2026年度硬式加盟。夏大会集合＋夏不参加加盟校の差分照合により確定。
PRG002733,SCH002733,hardball,2026,active,active,SRC000189,2026-10-02,2026年度硬式加盟。夏大会集合＋夏不参加加盟校の差分照合により確定。
PRG002734,SCH002734,hardball,2026,active,active,SRC000189,2026-10-02,2026年度硬式加盟。夏大会集合＋夏不参加加盟校の差分照合により確定。
PRG002735,SCH002735,hardball,2026,active,active,SRC000189,2026-10-02,2026年度硬式加盟。夏大会集合＋夏不参加加盟校の差分照合により確定。
PRG002736,SCH002736,hardball,2026,active,active,SRC000189,2026-10-02,2026年度硬式加盟。夏大会集合＋夏不参加加盟校の差分照合により確定。
PRG002737,SCH002737,hardball,2026,active,active,SRC000189,2026-10-02,2026年度硬式加盟。夏大会集合＋夏不参加加盟校の差分照合により確定。
PRG002738,SCH002738,hardball,2026,active,active,SRC000189,2026-10-02,2026年度硬式加盟。夏大会集合＋夏不参加加盟校の差分照合により確定。
PRG002739,SCH002739,hardball,2026,active,active,SRC000189,2026-10-02,2026年度硬式加盟。夏大会集合＋夏不参加加盟校の差分照合により確定。
PRG002740,SCH002740,hardball,2026,active,active,SRC000189,2026-10-02,2026年度硬式加盟。夏大会集合＋夏不参加加盟校の差分照合により確定。
PRG002741,SCH002741,hardball,2026,active,active,SRC000189,2026-10-02,2026年度硬式加盟。夏大会集合＋夏不参加加盟校の差分照合により確定。
PRG002742,SCH002742,hardball,2026,active,active,SRC000189,2026-10-02,2026年度硬式加盟。夏大会集合＋夏不参加加盟校の差分照合により確定。
PRG002743,SCH002743,hardball,2026,active,active,SRC000189,2026-10-02,2026年度硬式加盟。夏大会集合＋夏不参加加盟校の差分照合により確定。
PRG002744,SCH002744,hardball,2026,active,active,SRC000189,2026-10-02,2026年度硬式加盟。夏大会集合＋夏不参加加盟校の差分照合により確定。
PRG002745,SCH002745,hardball,2026,active,active,SRC000189,2026-10-02,2026年度硬式加盟。夏大会集合＋夏不参加加盟校の差分照合により確定。
PRG002746,SCH002746,hardball,2026,active,active,SRC000189,2026-10-02,2026年度硬式加盟。夏大会集合＋夏不参加加盟校の差分照合により確定。
PRG002747,SCH002747,hardball,2026,active,active,SRC000189,2026-10-02,2026年度硬式加盟。夏大会集合＋夏不参加加盟校の差分照合により確定。
PRG002748,SCH002748,hardball,2026,active,active,SRC000189,2026-10-02,2026年度硬式加盟。夏大会集合＋夏不参加加盟校の差分照合により確定。
PRG002749,SCH002749,hardball,2026,active,active,SRC000189,2026-10-02,2026年度硬式加盟。夏大会集合＋夏不参加加盟校の差分照合により確定。
PRG002750,SCH002750,hardball,2026,active,active,SRC000189,2026-10-02,2026年度硬式加盟。夏大会集合＋夏不参加加盟校の差分照合により確定。
PRG002751,SCH002751,hardball,2026,active,active,SRC000189,2026-10-02,2026年度硬式加盟。夏大会集合＋夏不参加加盟校の差分照合により確定。
PRG002752,SCH002752,hardball,2026,active,active,SRC000189,2026-10-02,2026年度硬式加盟。夏大会集合＋夏不参加加盟校の差分照合により確定。
PRG002753,SCH002753,hardball,2026,active,active,SRC000189,2026-10-02,2026年度硬式加盟。夏大会集合＋夏不参加加盟校の差分照合により確定。
PRG002754,SCH002754,hardball,2026,active,active,SRC000189,2026-10-02,2026年度硬式加盟。夏大会集合＋夏不参加加盟校の差分照合により確定。
PRG002755,SCH002755,hardball,2026,active,active,SRC000189,2026-10-02,2026年度硬式加盟。夏大会集合＋夏不参加加盟校の差分照合により確定。
PRG002756,SCH002756,hardball,2026,active,active,SRC000189,2026-10-02,2026年度硬式加盟。夏大会集合＋夏不参加加盟校の差分照合により確定。
PRG002757,SCH002757,hardball,2026,active,active,SRC000189,2026-10-02,2026年度硬式加盟。夏大会集合＋夏不参加加盟校の差分照合により確定。
PRG002758,SCH002758,hardball,2026,active,active,SRC000189,2026-10-02,2026年度硬式加盟。夏大会集合＋夏不参加加盟校の差分照合により確定。
PRG002759,SCH002759,hardball,2026,active,active,SRC000189,2026-10-02,2026年度硬式加盟。夏大会集合＋夏不参加加盟校の差分照合により確定。
PRG002760,SCH002760,hardball,2026,active,active,SRC000189,2026-10-02,2026年度硬式加盟。夏大会集合＋夏不参加加盟校の差分照合により確定。
PRG002761,SCH002761,hardball,2026,active,active,SRC000189,2026-10-02,2026年度硬式加盟。夏大会集合＋夏不参加加盟校の差分照合により確定。
PRG002762,SCH002762,hardball,2026,active,active,SRC000189,2026-10-02,2026年度硬式加盟。夏大会集合＋夏不参加加盟校の差分照合により確定。
PRG002763,SCH002763,hardball,2026,active,active,SRC000189,2026-10-02,2026年度硬式加盟。夏大会集合＋夏不参加加盟校の差分照合により確定。
PRG002764,SCH002764,hardball,2026,active,active,SRC000189,2026-10-02,2026年度硬式加盟。夏大会集合＋夏不参加加盟校の差分照合により確定。
PRG002765,SCH002765,hardball,2026,active,active,SRC000189,2026-10-02,2026年度硬式加盟。夏大会集合＋夏不参加加盟校の差分照合により確定。
PRG002766,SCH002766,hardball,2026,active,active,SRC000189,2026-10-02,2026年度硬式加盟。夏大会集合＋夏不参加加盟校の差分照合により確定。
PRG002767,SCH002767,hardball,2026,active,active,SRC000189,2026-10-02,2026年度硬式加盟。夏大会集合＋夏不参加加盟校の差分照合により確定。
PRG002768,SCH002768,hardball,2026,active,active,SRC000189,2026-10-02,2026年度硬式加盟。夏大会集合＋夏不参加加盟校の差分照合により確定。
PRG002769,SCH002769,hardball,2026,active,active,SRC000189,2026-10-02,2026年度硬式加盟。夏大会集合＋夏不参加加盟校の差分照合により確定。
PRG002770,SCH002770,hardball,2026,active,active,SRC000189,2026-10-02,2026年度硬式加盟。夏大会集合＋夏不参加加盟校の差分照合により確定。
PRG002771,SCH002771,hardball,2026,active,active,SRC000189,2026-10-02,2026年度硬式加盟。夏大会集合＋夏不参加加盟校の差分照合により確定。
PRG002772,SCH002772,hardball,2026,active,active,SRC000189,2026-10-02,2026年度硬式加盟。夏大会集合＋夏不参加加盟校の差分照合により確定。
PRG002773,SCH002773,hardball,2026,active,active,SRC000189,2026-10-02,2026年度硬式加盟。夏大会集合＋夏不参加加盟校の差分照合により確定。
PRG002774,SCH002774,hardball,2026,active,active,SRC000189,2026-10-02,2026年度硬式加盟。夏大会集合＋夏不参加加盟校の差分照合により確定。
PRG002775,SCH002775,hardball,2026,active,active,SRC000189,2026-10-02,2026年度硬式加盟。夏大会集合＋夏不参加加盟校の差分照合により確定。
PRG002776,SCH002776,hardball,2026,active,active,SRC000189,2026-10-02,2026年度硬式加盟。夏大会集合＋夏不参加加盟校の差分照合により確定。
PRG002777,SCH002777,hardball,2026,active,active,SRC000189,2026-10-02,2026年度硬式加盟。夏大会集合＋夏不参加加盟校の差分照合により確定。
PRG002778,SCH002778,hardball,2026,active,active,SRC000189,2026-10-02,2026年度硬式加盟。夏大会集合＋夏不参加加盟校の差分照合により確定。
PRG002779,SCH002779,hardball,2026,active,active,SRC000189,2026-10-02,2026年度硬式加盟。夏大会集合＋夏不参加加盟校の差分照合により確定。
PRG002780,SCH002780,hardball,2026,active,active,SRC000189,2026-10-02,2026年度硬式加盟。夏大会集合＋夏不参加加盟校の差分照合により確定。
PRG002781,SCH002781,hardball,2026,active,active,SRC000191,2026-10-02,2026年度硬式加盟。夏大会集合＋夏不参加加盟校の差分照合により確定。
PRG002782,SCH002782,hardball,2026,active,active,SRC000196,2026-10-03,2026年度硬式加盟。県別集合復元後、JHBF公式加盟校数と一致を確認。
PRG002783,SCH002783,hardball,2026,active,active,SRC000196,2026-10-03,2026年度硬式加盟。県別集合復元後、JHBF公式加盟校数と一致を確認。
PRG002784,SCH002784,hardball,2026,active,active,SRC000196,2026-10-03,2026年度硬式加盟。県別集合復元後、JHBF公式加盟校数と一致を確認。
PRG002785,SCH002785,hardball,2026,active,active,SRC000196,2026-10-03,2026年度硬式加盟。県別集合復元後、JHBF公式加盟校数と一致を確認。
PRG002786,SCH002786,hardball,2026,active,active,SRC000196,2026-10-03,2026年度硬式加盟。県別集合復元後、JHBF公式加盟校数と一致を確認。
PRG002787,SCH002787,hardball,2026,active,active,SRC000196,2026-10-03,2026年度硬式加盟。県別集合復元後、JHBF公式加盟校数と一致を確認。
PRG002788,SCH002788,hardball,2026,active,active,SRC000196,2026-10-03,2026年度硬式加盟。県別集合復元後、JHBF公式加盟校数と一致を確認。
PRG002789,SCH002789,hardball,2026,active,active,SRC000196,2026-10-03,2026年度硬式加盟。県別集合復元後、JHBF公式加盟校数と一致を確認。
PRG002790,SCH002790,hardball,2026,active,active,SRC000196,2026-10-03,2026年度硬式加盟。県別集合復元後、JHBF公式加盟校数と一致を確認。
PRG002791,SCH002791,hardball,2026,active,active,SRC000196,2026-10-03,2026年度硬式加盟。県別集合復元後、JHBF公式加盟校数と一致を確認。
PRG002792,SCH002792,hardball,2026,active,active,SRC000196,2026-10-03,2026年度硬式加盟。県別集合復元後、JHBF公式加盟校数と一致を確認。
PRG002793,SCH002793,hardball,2026,active,active,SRC000196,2026-10-03,2026年度硬式加盟。県別集合復元後、JHBF公式加盟校数と一致を確認。
PRG002794,SCH002794,hardball,2026,active,active,SRC000196,2026-10-03,2026年度硬式加盟。県別集合復元後、JHBF公式加盟校数と一致を確認。
PRG002795,SCH002795,hardball,2026,active,active,SRC000196,2026-10-03,2026年度硬式加盟。県別集合復元後、JHBF公式加盟校数と一致を確認。
PRG002796,SCH002796,hardball,2026,active,active,SRC000196,2026-10-03,2026年度硬式加盟。県別集合復元後、JHBF公式加盟校数と一致を確認。
PRG002797,SCH002797,hardball,2026,active,active,SRC000196,2026-10-03,2026年度硬式加盟。県別集合復元後、JHBF公式加盟校数と一致を確認。
PRG002798,SCH002798,hardball,2026,active,active,SRC000196,2026-10-03,2026年度硬式加盟。県別集合復元後、JHBF公式加盟校数と一致を確認。
PRG002799,SCH002799,hardball,2026,active,active,SRC000196,2026-10-03,2026年度硬式加盟。県別集合復元後、JHBF公式加盟校数と一致を確認。
PRG002800,SCH002800,hardball,2026,active,active,SRC000196,2026-10-03,2026年度硬式加盟。県別集合復元後、JHBF公式加盟校数と一致を確認。
PRG002801,SCH002801,hardball,2026,active,active,SRC000196,2026-10-03,2026年度硬式加盟。県別集合復元後、JHBF公式加盟校数と一致を確認。
PRG002802,SCH002802,hardball,2026,active,active,SRC000196,2026-10-03,2026年度硬式加盟。県別集合復元後、JHBF公式加盟校数と一致を確認。
PRG002803,SCH002803,hardball,2026,active,active,SRC000196,2026-10-03,2026年度硬式加盟。県別集合復元後、JHBF公式加盟校数と一致を確認。
PRG002804,SCH002804,hardball,2026,active,active,SRC000196,2026-10-03,2026年度硬式加盟。県別集合復元後、JHBF公式加盟校数と一致を確認。
PRG002805,SCH002805,hardball,2026,active,active,SRC000196,2026-10-03,2026年度硬式加盟。県別集合復元後、JHBF公式加盟校数と一致を確認。
PRG002806,SCH002806,hardball,2026,active,active,SRC000196,2026-10-03,2026年度硬式加盟。県別集合復元後、JHBF公式加盟校数と一致を確認。
PRG002807,SCH002807,hardball,2026,active,active,SRC000196,2026-10-03,2026年度硬式加盟。県別集合復元後、JHBF公式加盟校数と一致を確認。
PRG002808,SCH002808,hardball,2026,active,active,SRC000196,2026-10-03,2026年度硬式加盟。県別集合復元後、JHBF公式加盟校数と一致を確認。
PRG002809,SCH002809,hardball,2026,active,active,SRC000196,2026-10-03,2026年度硬式加盟。県別集合復元後、JHBF公式加盟校数と一致を確認。
PRG002810,SCH002810,hardball,2026,active,active,SRC000196,2026-10-03,2026年度硬式加盟。県別集合復元後、JHBF公式加盟校数と一致を確認。
PRG002811,SCH002811,hardball,2026,active,active,SRC000196,2026-10-03,2026年度硬式加盟。県別集合復元後、JHBF公式加盟校数と一致を確認。
PRG002812,SCH002812,hardball,2026,active,active,SRC000196,2026-10-03,2026年度硬式加盟。県別集合復元後、JHBF公式加盟校数と一致を確認。
PRG002813,SCH002813,hardball,2026,active,active,SRC000196,2026-10-03,2026年度硬式加盟。県別集合復元後、JHBF公式加盟校数と一致を確認。
PRG002814,SCH002814,hardball,2026,active,active,SRC000196,2026-10-03,2026年度硬式加盟。県別集合復元後、JHBF公式加盟校数と一致を確認。
PRG002815,SCH002815,hardball,2026,active,active,SRC000196,2026-10-03,2026年度硬式加盟。県別集合復元後、JHBF公式加盟校数と一致を確認。
PRG002816,SCH002816,hardball,2026,active,active,SRC000196,2026-10-03,2026年度硬式加盟。県別集合復元後、JHBF公式加盟校数と一致を確認。
PRG002817,SCH002817,hardball,2026,active,active,SRC000196,2026-10-03,2026年度硬式加盟。県別集合復元後、JHBF公式加盟校数と一致を確認。
PRG002818,SCH002818,hardball,2026,active,active,SRC000196,2026-10-03,2026年度硬式加盟。県別集合復元後、JHBF公式加盟校数と一致を確認。
PRG002819,SCH002819,hardball,2026,active,active,SRC000196,2026-10-03,2026年度硬式加盟。県別集合復元後、JHBF公式加盟校数と一致を確認。
PRG002820,SCH002820,hardball,2026,active,active,SRC000196,2026-10-03,2026年度硬式加盟。県別集合復元後、JHBF公式加盟校数と一致を確認。
PRG002821,SCH002821,hardball,2026,active,active,SRC000196,2026-10-03,2026年度硬式加盟。県別集合復元後、JHBF公式加盟校数と一致を確認。
PRG002822,SCH002822,hardball,2026,active,active,SRC000196,2026-10-03,2026年度硬式加盟。県別集合復元後、JHBF公式加盟校数と一致を確認。
PRG002823,SCH002823,hardball,2026,active,active,SRC000196,2026-10-03,2026年度硬式加盟。県別集合復元後、JHBF公式加盟校数と一致を確認。
PRG002824,SCH002824,hardball,2026,active,active,SRC000196,2026-10-03,2026年度硬式加盟。県別集合復元後、JHBF公式加盟校数と一致を確認。
PRG002825,SCH002825,hardball,2026,active,active,SRC000196,2026-10-03,2026年度硬式加盟。県別集合復元後、JHBF公式加盟校数と一致を確認。
PRG002826,SCH002826,hardball,2026,active,active,SRC000196,2026-10-03,2026年度硬式加盟。県別集合復元後、JHBF公式加盟校数と一致を確認。
PRG002827,SCH002827,hardball,2026,active,active,SRC000196,2026-10-03,2026年度硬式加盟。県別集合復元後、JHBF公式加盟校数と一致を確認。
PRG002828,SCH002828,hardball,2026,active,active,SRC000196,2026-10-03,2026年度硬式加盟。県別集合復元後、JHBF公式加盟校数と一致を確認。
PRG002829,SCH002829,hardball,2026,active,active,SRC000196,2026-10-03,2026年度硬式加盟。県別集合復元後、JHBF公式加盟校数と一致を確認。
PRG002830,SCH002830,hardball,2026,active,active,SRC000196,2026-10-03,2026年度硬式加盟。県別集合復元後、JHBF公式加盟校数と一致を確認。
PRG002831,SCH002831,hardball,2026,active,active,SRC000196,2026-10-03,2026年度硬式加盟。県別集合復元後、JHBF公式加盟校数と一致を確認。
PRG002832,SCH002832,hardball,2026,active,active,SRC000196,2026-10-03,2026年度硬式加盟。県別集合復元後、JHBF公式加盟校数と一致を確認。
PRG002833,SCH002833,hardball,2026,active,active,SRC000196,2026-10-03,2026年度硬式加盟。県別集合復元後、JHBF公式加盟校数と一致を確認。
PRG002834,SCH002834,hardball,2026,active,active,SRC000196,2026-10-03,2026年度硬式加盟。県別集合復元後、JHBF公式加盟校数と一致を確認。
PRG002835,SCH002835,hardball,2026,active,active,SRC000196,2026-10-03,2026年度硬式加盟。県別集合復元後、JHBF公式加盟校数と一致を確認。
PRG002836,SCH002836,hardball,2026,active,active,SRC000196,2026-10-03,2026年度硬式加盟。県別集合復元後、JHBF公式加盟校数と一致を確認。
PRG002837,SCH002837,hardball,2026,active,active,SRC000196,2026-10-03,2026年度硬式加盟。県別集合復元後、JHBF公式加盟校数と一致を確認。
PRG002838,SCH002838,hardball,2026,active,active,SRC000196,2026-10-03,2026年度硬式加盟。県別集合復元後、JHBF公式加盟校数と一致を確認。
PRG002839,SCH002839,hardball,2026,active,active,SRC000196,2026-10-03,2026年度硬式加盟。県別集合復元後、JHBF公式加盟校数と一致を確認。
PRG002840,SCH002840,hardball,2026,active,active,SRC000197,2026-10-03,2026年度硬式加盟。県別集合復元後、JHBF公式加盟校数と一致を確認。
PRG002841,SCH002841,hardball,2026,active,active,SRC000198,2026-10-03,2026年度硬式加盟。県別集合復元後、JHBF公式加盟校数と一致を確認。
PRG002842,SCH002842,hardball,2026,active,active,SRC000199,2026-10-03,2026年度硬式加盟。県別集合復元後、JHBF公式加盟校数と一致を確認。
PRG002843,SCH002843,hardball,2026,active,active,SRC000200,2026-10-03,2026年度硬式加盟。県別集合復元後、JHBF公式加盟校数と一致を確認。
PRG002844,SCH002844,hardball,2026,active,active,SRC000200,2026-10-03,2026年度硬式加盟。県別集合復元後、JHBF公式加盟校数と一致を確認。
PRG002845,SCH002845,hardball,2026,active,active,SRC000200,2026-10-03,2026年度硬式加盟。県別集合復元後、JHBF公式加盟校数と一致を確認。
PRG002846,SCH002846,hardball,2026,active,active,SRC000200,2026-10-03,2026年度硬式加盟。県別集合復元後、JHBF公式加盟校数と一致を確認。
PRG002847,SCH002847,hardball,2026,active,active,SRC000200,2026-10-03,2026年度硬式加盟。県別集合復元後、JHBF公式加盟校数と一致を確認。
PRG002848,SCH002848,hardball,2026,active,active,SRC000200,2026-10-03,2026年度硬式加盟。県別集合復元後、JHBF公式加盟校数と一致を確認。
PRG002849,SCH002849,hardball,2026,active,active,SRC000200,2026-10-03,2026年度硬式加盟。県別集合復元後、JHBF公式加盟校数と一致を確認。
PRG002850,SCH002850,hardball,2026,active,active,SRC000200,2026-10-03,2026年度硬式加盟。県別集合復元後、JHBF公式加盟校数と一致を確認。
PRG002851,SCH002851,hardball,2026,active,active,SRC000200,2026-10-03,2026年度硬式加盟。県別集合復元後、JHBF公式加盟校数と一致を確認。
PRG002852,SCH002852,hardball,2026,active,active,SRC000200,2026-10-03,2026年度硬式加盟。県別集合復元後、JHBF公式加盟校数と一致を確認。
PRG002853,SCH002853,hardball,2026,active,active,SRC000200,2026-10-03,2026年度硬式加盟。県別集合復元後、JHBF公式加盟校数と一致を確認。
PRG002854,SCH002854,hardball,2026,active,active,SRC000200,2026-10-03,2026年度硬式加盟。県別集合復元後、JHBF公式加盟校数と一致を確認。
PRG002855,SCH002855,hardball,2026,active,active,SRC000200,2026-10-03,2026年度硬式加盟。県別集合復元後、JHBF公式加盟校数と一致を確認。
PRG002856,SCH002856,hardball,2026,active,active,SRC000200,2026-10-03,2026年度硬式加盟。県別集合復元後、JHBF公式加盟校数と一致を確認。
PRG002857,SCH002857,hardball,2026,active,active,SRC000200,2026-10-03,2026年度硬式加盟。県別集合復元後、JHBF公式加盟校数と一致を確認。
PRG002858,SCH002858,hardball,2026,active,active,SRC000200,2026-10-03,2026年度硬式加盟。県別集合復元後、JHBF公式加盟校数と一致を確認。
PRG002859,SCH002859,hardball,2026,active,active,SRC000200,2026-10-03,2026年度硬式加盟。県別集合復元後、JHBF公式加盟校数と一致を確認。
PRG002860,SCH002860,hardball,2026,active,active,SRC000200,2026-10-03,2026年度硬式加盟。県別集合復元後、JHBF公式加盟校数と一致を確認。
PRG002861,SCH002861,hardball,2026,active,active,SRC000200,2026-10-03,2026年度硬式加盟。県別集合復元後、JHBF公式加盟校数と一致を確認。
PRG002862,SCH002862,hardball,2026,active,active,SRC000200,2026-10-03,2026年度硬式加盟。県別集合復元後、JHBF公式加盟校数と一致を確認。
PRG002863,SCH002863,hardball,2026,active,active,SRC000200,2026-10-03,2026年度硬式加盟。県別集合復元後、JHBF公式加盟校数と一致を確認。
PRG002864,SCH002864,hardball,2026,active,active,SRC000200,2026-10-03,2026年度硬式加盟。県別集合復元後、JHBF公式加盟校数と一致を確認。
PRG002865,SCH002865,hardball,2026,active,active,SRC000200,2026-10-03,2026年度硬式加盟。県別集合復元後、JHBF公式加盟校数と一致を確認。
PRG002866,SCH002866,hardball,2026,active,active,SRC000200,2026-10-03,2026年度硬式加盟。県別集合復元後、JHBF公式加盟校数と一致を確認。
PRG002867,SCH002867,hardball,2026,active,active,SRC000200,2026-10-03,2026年度硬式加盟。県別集合復元後、JHBF公式加盟校数と一致を確認。
PRG002868,SCH002868,hardball,2026,active,active,SRC000200,2026-10-03,2026年度硬式加盟。県別集合復元後、JHBF公式加盟校数と一致を確認。
PRG002869,SCH002869,hardball,2026,active,active,SRC000200,2026-10-03,2026年度硬式加盟。県別集合復元後、JHBF公式加盟校数と一致を確認。
PRG002870,SCH002870,hardball,2026,active,active,SRC000200,2026-10-03,2026年度硬式加盟。県別集合復元後、JHBF公式加盟校数と一致を確認。
PRG002871,SCH002871,hardball,2026,active,active,SRC000200,2026-10-03,2026年度硬式加盟。県別集合復元後、JHBF公式加盟校数と一致を確認。
PRG002872,SCH002872,hardball,2026,active,active,SRC000200,2026-10-03,2026年度硬式加盟。県別集合復元後、JHBF公式加盟校数と一致を確認。
PRG002873,SCH002873,hardball,2026,active,active,SRC000200,2026-10-03,2026年度硬式加盟。県別集合復元後、JHBF公式加盟校数と一致を確認。
PRG002874,SCH002874,hardball,2026,active,active,SRC000200,2026-10-03,2026年度硬式加盟。県別集合復元後、JHBF公式加盟校数と一致を確認。
PRG002875,SCH002875,hardball,2026,active,active,SRC000200,2026-10-03,2026年度硬式加盟。県別集合復元後、JHBF公式加盟校数と一致を確認。
PRG002876,SCH002876,hardball,2026,active,active,SRC000200,2026-10-03,2026年度硬式加盟。県別集合復元後、JHBF公式加盟校数と一致を確認。
PRG002877,SCH002877,hardball,2026,active,active,SRC000200,2026-10-03,2026年度硬式加盟。県別集合復元後、JHBF公式加盟校数と一致を確認。
PRG002878,SCH002878,hardball,2026,active,active,SRC000200,2026-10-03,2026年度硬式加盟。県別集合復元後、JHBF公式加盟校数と一致を確認。
PRG002879,SCH002879,hardball,2026,active,active,SRC000200,2026-10-03,2026年度硬式加盟。県別集合復元後、JHBF公式加盟校数と一致を確認。
PRG002880,SCH002880,hardball,2026,active,active,SRC000200,2026-10-03,2026年度硬式加盟。県別集合復元後、JHBF公式加盟校数と一致を確認。
PRG002881,SCH002881,hardball,2026,active,active,SRC000200,2026-10-03,2026年度硬式加盟。県別集合復元後、JHBF公式加盟校数と一致を確認。
PRG002882,SCH002882,hardball,2026,active,active,SRC000200,2026-10-03,2026年度硬式加盟。県別集合復元後、JHBF公式加盟校数と一致を確認。
PRG002883,SCH002883,hardball,2026,active,active,SRC000200,2026-10-03,2026年度硬式加盟。県別集合復元後、JHBF公式加盟校数と一致を確認。
PRG002884,SCH002884,hardball,2026,active,active,SRC000200,2026-10-03,2026年度硬式加盟。県別集合復元後、JHBF公式加盟校数と一致を確認。
PRG002885,SCH002885,hardball,2026,active,active,SRC000200,2026-10-03,2026年度硬式加盟。県別集合復元後、JHBF公式加盟校数と一致を確認。
PRG002886,SCH002886,hardball,2026,active,active,SRC000200,2026-10-03,2026年度硬式加盟。県別集合復元後、JHBF公式加盟校数と一致を確認。
PRG002887,SCH002887,hardball,2026,active,active,SRC000200,2026-10-03,2026年度硬式加盟。県別集合復元後、JHBF公式加盟校数と一致を確認。
PRG002888,SCH002888,hardball,2026,active,active,SRC000200,2026-10-03,2026年度硬式加盟。県別集合復元後、JHBF公式加盟校数と一致を確認。
PRG002889,SCH002889,hardball,2026,active,active,SRC000200,2026-10-03,2026年度硬式加盟。県別集合復元後、JHBF公式加盟校数と一致を確認。
PRG002890,SCH002890,hardball,2026,active,active,SRC000200,2026-10-03,2026年度硬式加盟。県別集合復元後、JHBF公式加盟校数と一致を確認。
PRG002891,SCH002891,hardball,2026,active,active,SRC000200,2026-10-03,2026年度硬式加盟。県別集合復元後、JHBF公式加盟校数と一致を確認。
PRG002892,SCH002892,hardball,2026,active,active,SRC000200,2026-10-03,2026年度硬式加盟。県別集合復元後、JHBF公式加盟校数と一致を確認。
PRG002893,SCH002893,hardball,2026,active,active,SRC000200,2026-10-03,2026年度硬式加盟。県別集合復元後、JHBF公式加盟校数と一致を確認。
PRG002894,SCH002894,hardball,2026,active,active,SRC000200,2026-10-03,2026年度硬式加盟。県別集合復元後、JHBF公式加盟校数と一致を確認。
PRG002895,SCH002895,hardball,2026,active,active,SRC000200,2026-10-03,2026年度硬式加盟。県別集合復元後、JHBF公式加盟校数と一致を確認。
PRG002896,SCH002896,hardball,2026,active,active,SRC000200,2026-10-03,2026年度硬式加盟。県別集合復元後、JHBF公式加盟校数と一致を確認。
PRG002897,SCH002897,hardball,2026,active,active,SRC000200,2026-10-03,2026年度硬式加盟。県別集合復元後、JHBF公式加盟校数と一致を確認。
PRG002898,SCH002898,hardball,2026,active,active,SRC000200,2026-10-03,2026年度硬式加盟。県別集合復元後、JHBF公式加盟校数と一致を確認。
PRG002899,SCH002899,hardball,2026,active,active,SRC000200,2026-10-03,2026年度硬式加盟。県別集合復元後、JHBF公式加盟校数と一致を確認。
PRG002900,SCH002900,hardball,2026,active,active,SRC000200,2026-10-03,2026年度硬式加盟。県別集合復元後、JHBF公式加盟校数と一致を確認。
PRG002901,SCH002901,hardball,2026,active,active,SRC000200,2026-10-03,2026年度硬式加盟。県別集合復元後、JHBF公式加盟校数と一致を確認。
PRG002902,SCH002902,hardball,2026,active,active,SRC000200,2026-10-03,2026年度硬式加盟。県別集合復元後、JHBF公式加盟校数と一致を確認。
PRG002903,SCH002903,hardball,2026,active,active,SRC000200,2026-10-03,2026年度硬式加盟。県別集合復元後、JHBF公式加盟校数と一致を確認。
PRG002904,SCH002904,hardball,2026,active,active,SRC000200,2026-10-03,2026年度硬式加盟。県別集合復元後、JHBF公式加盟校数と一致を確認。
PRG002905,SCH002905,hardball,2026,active,active,SRC000200,2026-10-03,2026年度硬式加盟。県別集合復元後、JHBF公式加盟校数と一致を確認。
PRG002906,SCH002906,hardball,2026,active,active,SRC000200,2026-10-03,2026年度硬式加盟。県別集合復元後、JHBF公式加盟校数と一致を確認。
PRG002907,SCH002907,hardball,2026,active,active,SRC000200,2026-10-03,2026年度硬式加盟。県別集合復元後、JHBF公式加盟校数と一致を確認。
PRG002908,SCH002908,hardball,2026,active,active,SRC000200,2026-10-03,2026年度硬式加盟。県別集合復元後、JHBF公式加盟校数と一致を確認。
PRG002909,SCH002909,hardball,2026,active,active,SRC000200,2026-10-03,2026年度硬式加盟。県別集合復元後、JHBF公式加盟校数と一致を確認。
PRG002910,SCH002910,hardball,2026,active,active,SRC000200,2026-10-03,2026年度硬式加盟。県別集合復元後、JHBF公式加盟校数と一致を確認。
PRG002911,SCH002911,hardball,2026,active,active,SRC000200,2026-10-03,2026年度硬式加盟。県別集合復元後、JHBF公式加盟校数と一致を確認。
PRG002912,SCH002912,hardball,2026,active,active,SRC000200,2026-10-03,2026年度硬式加盟。県別集合復元後、JHBF公式加盟校数と一致を確認。
PRG002913,SCH002913,hardball,2026,active,active,SRC000200,2026-10-03,2026年度硬式加盟。県別集合復元後、JHBF公式加盟校数と一致を確認。
PRG002914,SCH002914,hardball,2026,active,active,SRC000200,2026-10-03,2026年度硬式加盟。県別集合復元後、JHBF公式加盟校数と一致を確認。
PRG002915,SCH002915,hardball,2026,active,active,SRC000200,2026-10-03,2026年度硬式加盟。県別集合復元後、JHBF公式加盟校数と一致を確認。
PRG002916,SCH002916,hardball,2026,active,active,SRC000200,2026-10-03,2026年度硬式加盟。県別集合復元後、JHBF公式加盟校数と一致を確認。
PRG002917,SCH002917,hardball,2026,active,active,SRC000200,2026-10-03,2026年度硬式加盟。県別集合復元後、JHBF公式加盟校数と一致を確認。
PRG002918,SCH002918,hardball,2026,active,active,SRC000200,2026-10-03,2026年度硬式加盟。県別集合復元後、JHBF公式加盟校数と一致を確認。
PRG002919,SCH002919,hardball,2026,active,active,SRC000200,2026-10-03,2026年度硬式加盟。県別集合復元後、JHBF公式加盟校数と一致を確認。
PRG002920,SCH002920,hardball,2026,active,active,SRC000200,2026-10-03,2026年度硬式加盟。県別集合復元後、JHBF公式加盟校数と一致を確認。
PRG002921,SCH002921,hardball,2026,active,active,SRC000200,2026-10-03,2026年度硬式加盟。県別集合復元後、JHBF公式加盟校数と一致を確認。
PRG002922,SCH002922,hardball,2026,active,active,SRC000200,2026-10-03,2026年度硬式加盟。県別集合復元後、JHBF公式加盟校数と一致を確認。
PRG002923,SCH002923,hardball,2026,active,active,SRC000200,2026-10-03,2026年度硬式加盟。県別集合復元後、JHBF公式加盟校数と一致を確認。
PRG002924,SCH002924,hardball,2026,active,active,SRC000200,2026-10-03,2026年度硬式加盟。県別集合復元後、JHBF公式加盟校数と一致を確認。
PRG002925,SCH002925,hardball,2026,active,active,SRC000200,2026-10-03,2026年度硬式加盟。県別集合復元後、JHBF公式加盟校数と一致を確認。
PRG002926,SCH002926,hardball,2026,active,active,SRC000200,2026-10-03,2026年度硬式加盟。県別集合復元後、JHBF公式加盟校数と一致を確認。
PRG002927,SCH002927,hardball,2026,active,active,SRC000200,2026-10-03,2026年度硬式加盟。県別集合復元後、JHBF公式加盟校数と一致を確認。
PRG002928,SCH002928,hardball,2026,active,active,SRC000200,2026-10-03,2026年度硬式加盟。県別集合復元後、JHBF公式加盟校数と一致を確認。
PRG002929,SCH002929,hardball,2026,active,active,SRC000200,2026-10-03,2026年度硬式加盟。県別集合復元後、JHBF公式加盟校数と一致を確認。
PRG002930,SCH002930,hardball,2026,active,active,SRC000200,2026-10-03,2026年度硬式加盟。県別集合復元後、JHBF公式加盟校数と一致を確認。
PRG002931,SCH002931,hardball,2026,active,active,SRC000200,2026-10-03,2026年度硬式加盟。県別集合復元後、JHBF公式加盟校数と一致を確認。
PRG002932,SCH002932,hardball,2026,active,active,SRC000200,2026-10-03,2026年度硬式加盟。県別集合復元後、JHBF公式加盟校数と一致を確認。
PRG002933,SCH002933,hardball,2026,active,active,SRC000200,2026-10-03,2026年度硬式加盟。県別集合復元後、JHBF公式加盟校数と一致を確認。
PRG002934,SCH002934,hardball,2026,active,active,SRC000200,2026-10-03,2026年度硬式加盟。県別集合復元後、JHBF公式加盟校数と一致を確認。
PRG002935,SCH002935,hardball,2026,active,active,SRC000200,2026-10-03,2026年度硬式加盟。県別集合復元後、JHBF公式加盟校数と一致を確認。
PRG002936,SCH002936,hardball,2026,active,active,SRC000200,2026-10-03,2026年度硬式加盟。県別集合復元後、JHBF公式加盟校数と一致を確認。
PRG002937,SCH002937,hardball,2026,active,active,SRC000200,2026-10-03,2026年度硬式加盟。県別集合復元後、JHBF公式加盟校数と一致を確認。
PRG002938,SCH002938,hardball,2026,active,active,SRC000200,2026-10-03,2026年度硬式加盟。県別集合復元後、JHBF公式加盟校数と一致を確認。
PRG002939,SCH002939,hardball,2026,active,active,SRC000200,2026-10-03,2026年度硬式加盟。県別集合復元後、JHBF公式加盟校数と一致を確認。
PRG002940,SCH002940,hardball,2026,active,active,SRC000200,2026-10-03,2026年度硬式加盟。県別集合復元後、JHBF公式加盟校数と一致を確認。
PRG002941,SCH002941,hardball,2026,active,active,SRC000200,2026-10-03,2026年度硬式加盟。県別集合復元後、JHBF公式加盟校数と一致を確認。
PRG002942,SCH002942,hardball,2026,active,active,SRC000202,2026-10-03,2026年度硬式加盟。県別集合復元後、JHBF公式加盟校数と一致を確認。
PRG002943,SCH002943,hardball,2026,active,active,SRC000203,2026-10-03,2026年度硬式加盟。県別集合復元後、JHBF公式加盟校数と一致を確認。
PRG002944,SCH002944,hardball,2026,active,active,SRC000203,2026-10-03,2026年度硬式加盟。県別集合復元後、JHBF公式加盟校数と一致を確認。
PRG002945,SCH002945,hardball,2026,active,active,SRC000203,2026-10-03,2026年度硬式加盟。県別集合復元後、JHBF公式加盟校数と一致を確認。
PRG002946,SCH002946,hardball,2026,active,active,SRC000203,2026-10-03,2026年度硬式加盟。県別集合復元後、JHBF公式加盟校数と一致を確認。
PRG002947,SCH002947,hardball,2026,active,active,SRC000203,2026-10-03,2026年度硬式加盟。県別集合復元後、JHBF公式加盟校数と一致を確認。
PRG002948,SCH002948,hardball,2026,active,active,SRC000203,2026-10-03,2026年度硬式加盟。県別集合復元後、JHBF公式加盟校数と一致を確認。
PRG002949,SCH002949,hardball,2026,active,active,SRC000203,2026-10-03,2026年度硬式加盟。県別集合復元後、JHBF公式加盟校数と一致を確認。
PRG002950,SCH002950,hardball,2026,active,active,SRC000203,2026-10-03,2026年度硬式加盟。県別集合復元後、JHBF公式加盟校数と一致を確認。
PRG002951,SCH002951,hardball,2026,active,active,SRC000203,2026-10-03,2026年度硬式加盟。県別集合復元後、JHBF公式加盟校数と一致を確認。
PRG002952,SCH002952,hardball,2026,active,active,SRC000203,2026-10-03,2026年度硬式加盟。県別集合復元後、JHBF公式加盟校数と一致を確認。
PRG002953,SCH002953,hardball,2026,active,active,SRC000203,2026-10-03,2026年度硬式加盟。県別集合復元後、JHBF公式加盟校数と一致を確認。
PRG002954,SCH002954,hardball,2026,active,active,SRC000203,2026-10-03,2026年度硬式加盟。県別集合復元後、JHBF公式加盟校数と一致を確認。
PRG002955,SCH002955,hardball,2026,active,active,SRC000203,2026-10-03,2026年度硬式加盟。県別集合復元後、JHBF公式加盟校数と一致を確認。
PRG002956,SCH002956,hardball,2026,active,active,SRC000203,2026-10-03,2026年度硬式加盟。県別集合復元後、JHBF公式加盟校数と一致を確認。
PRG002957,SCH002957,hardball,2026,active,active,SRC000203,2026-10-03,2026年度硬式加盟。県別集合復元後、JHBF公式加盟校数と一致を確認。
PRG002958,SCH002958,hardball,2026,active,active,SRC000203,2026-10-03,2026年度硬式加盟。県別集合復元後、JHBF公式加盟校数と一致を確認。
PRG002959,SCH002959,hardball,2026,active,active,SRC000203,2026-10-03,2026年度硬式加盟。県別集合復元後、JHBF公式加盟校数と一致を確認。
PRG002960,SCH002960,hardball,2026,active,active,SRC000203,2026-10-03,2026年度硬式加盟。県別集合復元後、JHBF公式加盟校数と一致を確認。
PRG002961,SCH002961,hardball,2026,active,active,SRC000203,2026-10-03,2026年度硬式加盟。県別集合復元後、JHBF公式加盟校数と一致を確認。
PRG002962,SCH002962,hardball,2026,active,active,SRC000203,2026-10-03,2026年度硬式加盟。県別集合復元後、JHBF公式加盟校数と一致を確認。
PRG002963,SCH002963,hardball,2026,active,active,SRC000203,2026-10-03,2026年度硬式加盟。県別集合復元後、JHBF公式加盟校数と一致を確認。
PRG002964,SCH002964,hardball,2026,active,active,SRC000203,2026-10-03,2026年度硬式加盟。県別集合復元後、JHBF公式加盟校数と一致を確認。
PRG002965,SCH002965,hardball,2026,active,active,SRC000203,2026-10-03,2026年度硬式加盟。県別集合復元後、JHBF公式加盟校数と一致を確認。
PRG002966,SCH002966,hardball,2026,active,active,SRC000203,2026-10-03,2026年度硬式加盟。県別集合復元後、JHBF公式加盟校数と一致を確認。
PRG002967,SCH002967,hardball,2026,active,active,SRC000203,2026-10-03,2026年度硬式加盟。県別集合復元後、JHBF公式加盟校数と一致を確認。
PRG002968,SCH002968,hardball,2026,active,active,SRC000203,2026-10-03,2026年度硬式加盟。県別集合復元後、JHBF公式加盟校数と一致を確認。
PRG002969,SCH002969,hardball,2026,active,active,SRC000203,2026-10-03,2026年度硬式加盟。県別集合復元後、JHBF公式加盟校数と一致を確認。
PRG002970,SCH002970,hardball,2026,active,active,SRC000203,2026-10-03,2026年度硬式加盟。県別集合復元後、JHBF公式加盟校数と一致を確認。
PRG002971,SCH002971,hardball,2026,active,active,SRC000203,2026-10-03,2026年度硬式加盟。県別集合復元後、JHBF公式加盟校数と一致を確認。
PRG002972,SCH002972,hardball,2026,active,active,SRC000203,2026-10-03,2026年度硬式加盟。県別集合復元後、JHBF公式加盟校数と一致を確認。
PRG002973,SCH002973,hardball,2026,active,active,SRC000203,2026-10-03,2026年度硬式加盟。県別集合復元後、JHBF公式加盟校数と一致を確認。
PRG002974,SCH002974,hardball,2026,active,active,SRC000203,2026-10-03,2026年度硬式加盟。県別集合復元後、JHBF公式加盟校数と一致を確認。
PRG002975,SCH002975,hardball,2026,active,active,SRC000203,2026-10-03,2026年度硬式加盟。県別集合復元後、JHBF公式加盟校数と一致を確認。
PRG002976,SCH002976,hardball,2026,active,active,SRC000203,2026-10-03,2026年度硬式加盟。県別集合復元後、JHBF公式加盟校数と一致を確認。
PRG002977,SCH002977,hardball,2026,active,active,SRC000203,2026-10-03,2026年度硬式加盟。県別集合復元後、JHBF公式加盟校数と一致を確認。
PRG002978,SCH002978,hardball,2026,active,active,SRC000203,2026-10-03,2026年度硬式加盟。県別集合復元後、JHBF公式加盟校数と一致を確認。
PRG002979,SCH002979,hardball,2026,active,active,SRC000203,2026-10-03,2026年度硬式加盟。県別集合復元後、JHBF公式加盟校数と一致を確認。
PRG002980,SCH002980,hardball,2026,active,active,SRC000203,2026-10-03,2026年度硬式加盟。県別集合復元後、JHBF公式加盟校数と一致を確認。
PRG002981,SCH002981,hardball,2026,active,active,SRC000203,2026-10-03,2026年度硬式加盟。県別集合復元後、JHBF公式加盟校数と一致を確認。
PRG002982,SCH002982,hardball,2026,active,active,SRC000203,2026-10-03,2026年度硬式加盟。県別集合復元後、JHBF公式加盟校数と一致を確認。
PRG002983,SCH002983,hardball,2026,active,active,SRC000203,2026-10-03,2026年度硬式加盟。県別集合復元後、JHBF公式加盟校数と一致を確認。
PRG002984,SCH002984,hardball,2026,active,active,SRC000203,2026-10-03,2026年度硬式加盟。県別集合復元後、JHBF公式加盟校数と一致を確認。
PRG002985,SCH002985,hardball,2026,active,active,SRC000203,2026-10-03,2026年度硬式加盟。県別集合復元後、JHBF公式加盟校数と一致を確認。
PRG002986,SCH002986,hardball,2026,active,active,SRC000203,2026-10-03,2026年度硬式加盟。県別集合復元後、JHBF公式加盟校数と一致を確認。
PRG002987,SCH002987,hardball,2026,active,active,SRC000203,2026-10-03,2026年度硬式加盟。県別集合復元後、JHBF公式加盟校数と一致を確認。
PRG002988,SCH002988,hardball,2026,active,active,SRC000203,2026-10-03,2026年度硬式加盟。県別集合復元後、JHBF公式加盟校数と一致を確認。
PRG002989,SCH002989,hardball,2026,active,active,SRC000203,2026-10-03,2026年度硬式加盟。県別集合復元後、JHBF公式加盟校数と一致を確認。
PRG002990,SCH002990,hardball,2026,active,active,SRC000203,2026-10-03,2026年度硬式加盟。県別集合復元後、JHBF公式加盟校数と一致を確認。
PRG002991,SCH002991,hardball,2026,active,active,SRC000203,2026-10-03,2026年度硬式加盟。県別集合復元後、JHBF公式加盟校数と一致を確認。
PRG002992,SCH002992,hardball,2026,active,active,SRC000203,2026-10-03,2026年度硬式加盟。県別集合復元後、JHBF公式加盟校数と一致を確認。
PRG002993,SCH002993,hardball,2026,active,active,SRC000203,2026-10-03,2026年度硬式加盟。県別集合復元後、JHBF公式加盟校数と一致を確認。
PRG002994,SCH002994,hardball,2026,active,active,SRC000203,2026-10-03,2026年度硬式加盟。県別集合復元後、JHBF公式加盟校数と一致を確認。
PRG002995,SCH002995,hardball,2026,active,active,SRC000203,2026-10-03,2026年度硬式加盟。県別集合復元後、JHBF公式加盟校数と一致を確認。
PRG002996,SCH002996,hardball,2026,active,active,SRC000203,2026-10-03,2026年度硬式加盟。県別集合復元後、JHBF公式加盟校数と一致を確認。
PRG002997,SCH002997,hardball,2026,active,active,SRC000203,2026-10-03,2026年度硬式加盟。県別集合復元後、JHBF公式加盟校数と一致を確認。
PRG002998,SCH002998,hardball,2026,active,active,SRC000203,2026-10-03,2026年度硬式加盟。県別集合復元後、JHBF公式加盟校数と一致を確認。
PRG002999,SCH002999,hardball,2026,active,active,SRC000203,2026-10-03,2026年度硬式加盟。県別集合復元後、JHBF公式加盟校数と一致を確認。
PRG003000,SCH003000,hardball,2026,active,active,SRC000203,2026-10-03,2026年度硬式加盟。県別集合復元後、JHBF公式加盟校数と一致を確認。
PRG003001,SCH003001,hardball,2026,active,active,SRC000203,2026-10-03,2026年度硬式加盟。県別集合復元後、JHBF公式加盟校数と一致を確認。
PRG003002,SCH003002,hardball,2026,active,active,SRC000203,2026-10-03,2026年度硬式加盟。県別集合復元後、JHBF公式加盟校数と一致を確認。
PRG003003,SCH003003,hardball,2026,active,active,SRC000203,2026-10-03,2026年度硬式加盟。県別集合復元後、JHBF公式加盟校数と一致を確認。
PRG003004,SCH003004,hardball,2026,active,active,SRC000203,2026-10-03,2026年度硬式加盟。県別集合復元後、JHBF公式加盟校数と一致を確認。
PRG003005,SCH003005,hardball,2026,active,active,SRC000203,2026-10-03,2026年度硬式加盟。県別集合復元後、JHBF公式加盟校数と一致を確認。
PRG003006,SCH003006,hardball,2026,active,active,SRC000203,2026-10-03,2026年度硬式加盟。県別集合復元後、JHBF公式加盟校数と一致を確認。
PRG003007,SCH003007,hardball,2026,active,active,SRC000203,2026-10-03,2026年度硬式加盟。県別集合復元後、JHBF公式加盟校数と一致を確認。
PRG003008,SCH003008,hardball,2026,active,active,SRC000057,2026-10-03,2026年度硬式加盟。県別集合復元後、JHBF公式加盟校数と一致を確認。
PRG003009,SCH003009,hardball,2026,active,active,SRC000057,2026-10-03,2026年度硬式加盟。県別集合復元後、JHBF公式加盟校数と一致を確認。
PRG003010,SCH003010,hardball,2026,active,active,SRC000057,2026-10-03,2026年度硬式加盟。県別集合復元後、JHBF公式加盟校数と一致を確認。
PRG003011,SCH003011,hardball,2026,active,active,SRC000204,2026-10-03,2026年度硬式加盟。県別集合復元後、JHBF公式加盟校数と一致を確認。
PRG003012,SCH003012,hardball,2026,active,active,SRC000204,2026-10-03,2026年度硬式加盟。県別集合復元後、JHBF公式加盟校数と一致を確認。
PRG003013,SCH003013,hardball,2026,active,active,SRC000204,2026-10-03,2026年度硬式加盟。県別集合復元後、JHBF公式加盟校数と一致を確認。
PRG003014,SCH003014,hardball,2026,active,active,SRC000204,2026-10-03,2026年度硬式加盟。県別集合復元後、JHBF公式加盟校数と一致を確認。
PRG003015,SCH003015,hardball,2026,active,active,SRC000204,2026-10-03,2026年度硬式加盟。県別集合復元後、JHBF公式加盟校数と一致を確認。
PRG003016,SCH003016,hardball,2026,active,active,SRC000204,2026-10-03,2026年度硬式加盟。県別集合復元後、JHBF公式加盟校数と一致を確認。
PRG003017,SCH003017,hardball,2026,active,active,SRC000204,2026-10-03,2026年度硬式加盟。県別集合復元後、JHBF公式加盟校数と一致を確認。
PRG003018,SCH003018,hardball,2026,active,active,SRC000204,2026-10-03,2026年度硬式加盟。県別集合復元後、JHBF公式加盟校数と一致を確認。
PRG003019,SCH003019,hardball,2026,active,active,SRC000204,2026-10-03,2026年度硬式加盟。県別集合復元後、JHBF公式加盟校数と一致を確認。
PRG003020,SCH003020,hardball,2026,active,active,SRC000204,2026-10-03,2026年度硬式加盟。県別集合復元後、JHBF公式加盟校数と一致を確認。
PRG003021,SCH003021,hardball,2026,active,active,SRC000204,2026-10-03,2026年度硬式加盟。県別集合復元後、JHBF公式加盟校数と一致を確認。
PRG003022,SCH003022,hardball,2026,active,active,SRC000204,2026-10-03,2026年度硬式加盟。県別集合復元後、JHBF公式加盟校数と一致を確認。
PRG003023,SCH003023,hardball,2026,active,active,SRC000204,2026-10-03,2026年度硬式加盟。県別集合復元後、JHBF公式加盟校数と一致を確認。
PRG003024,SCH003024,hardball,2026,active,active,SRC000204,2026-10-03,2026年度硬式加盟。県別集合復元後、JHBF公式加盟校数と一致を確認。
PRG003025,SCH003025,hardball,2026,active,active,SRC000204,2026-10-03,2026年度硬式加盟。県別集合復元後、JHBF公式加盟校数と一致を確認。
PRG003026,SCH003026,hardball,2026,active,active,SRC000204,2026-10-03,2026年度硬式加盟。県別集合復元後、JHBF公式加盟校数と一致を確認。
PRG003027,SCH003027,hardball,2026,active,active,SRC000204,2026-10-03,2026年度硬式加盟。県別集合復元後、JHBF公式加盟校数と一致を確認。
PRG003028,SCH003028,hardball,2026,active,active,SRC000204,2026-10-03,2026年度硬式加盟。県別集合復元後、JHBF公式加盟校数と一致を確認。
PRG003029,SCH003029,hardball,2026,active,active,SRC000204,2026-10-03,2026年度硬式加盟。県別集合復元後、JHBF公式加盟校数と一致を確認。
PRG003030,SCH003030,hardball,2026,active,active,SRC000204,2026-10-03,2026年度硬式加盟。県別集合復元後、JHBF公式加盟校数と一致を確認。
PRG003031,SCH003031,hardball,2026,active,active,SRC000204,2026-10-03,2026年度硬式加盟。県別集合復元後、JHBF公式加盟校数と一致を確認。
PRG003032,SCH003032,hardball,2026,active,active,SRC000204,2026-10-03,2026年度硬式加盟。県別集合復元後、JHBF公式加盟校数と一致を確認。
PRG003033,SCH003033,hardball,2026,active,active,SRC000204,2026-10-03,2026年度硬式加盟。県別集合復元後、JHBF公式加盟校数と一致を確認。
PRG003034,SCH003034,hardball,2026,active,active,SRC000204,2026-10-03,2026年度硬式加盟。県別集合復元後、JHBF公式加盟校数と一致を確認。
PRG003035,SCH003035,hardball,2026,active,active,SRC000204,2026-10-03,2026年度硬式加盟。県別集合復元後、JHBF公式加盟校数と一致を確認。
PRG003036,SCH003036,hardball,2026,active,active,SRC000204,2026-10-03,2026年度硬式加盟。県別集合復元後、JHBF公式加盟校数と一致を確認。
PRG003037,SCH003037,hardball,2026,active,active,SRC000205,2026-10-03,2026年度硬式加盟。県別集合復元後、JHBF公式加盟校数と一致を確認。
PRG003038,SCH003038,hardball,2026,active,active,SRC000206,2026-10-03,2026年度硬式加盟。県別集合復元後、JHBF公式加盟校数と一致を確認。
PRG003039,SCH003039,hardball,2026,active,active,SRC000208,2026-10-03,2026年5月末時点の大阪府高野連硬式加盟。JHBF公式172校と一致を確認。
PRG003040,SCH003040,hardball,2026,active,active,SRC000208,2026-10-03,2026年5月末時点の大阪府高野連硬式加盟。JHBF公式172校と一致を確認。
PRG003041,SCH003041,hardball,2026,active,active,SRC000208,2026-10-03,2026年5月末時点の大阪府高野連硬式加盟。JHBF公式172校と一致を確認。
PRG003042,SCH003042,hardball,2026,active,active,SRC000208,2026-10-03,2026年5月末時点の大阪府高野連硬式加盟。JHBF公式172校と一致を確認。
PRG003043,SCH003043,hardball,2026,active,active,SRC000208,2026-10-03,2026年5月末時点の大阪府高野連硬式加盟。JHBF公式172校と一致を確認。
PRG003044,SCH003044,hardball,2026,active,active,SRC000208,2026-10-03,2026年5月末時点の大阪府高野連硬式加盟。JHBF公式172校と一致を確認。
PRG003045,SCH003045,hardball,2026,active,active,SRC000208,2026-10-03,2026年5月末時点の大阪府高野連硬式加盟。JHBF公式172校と一致を確認。
PRG003046,SCH003046,hardball,2026,active,active,SRC000208,2026-10-03,2026年5月末時点の大阪府高野連硬式加盟。JHBF公式172校と一致を確認。
PRG003047,SCH003047,hardball,2026,active,active,SRC000208,2026-10-03,2026年5月末時点の大阪府高野連硬式加盟。JHBF公式172校と一致を確認。
PRG003048,SCH003048,hardball,2026,active,active,SRC000208,2026-10-03,2026年5月末時点の大阪府高野連硬式加盟。JHBF公式172校と一致を確認。
PRG003049,SCH003049,hardball,2026,active,active,SRC000208,2026-10-03,2026年5月末時点の大阪府高野連硬式加盟。JHBF公式172校と一致を確認。
PRG003050,SCH003050,hardball,2026,active,active,SRC000208,2026-10-03,2026年5月末時点の大阪府高野連硬式加盟。JHBF公式172校と一致を確認。
PRG003051,SCH003051,hardball,2026,active,active,SRC000208,2026-10-03,2026年5月末時点の大阪府高野連硬式加盟。JHBF公式172校と一致を確認。
PRG003052,SCH003052,hardball,2026,active,active,SRC000208,2026-10-03,2026年5月末時点の大阪府高野連硬式加盟。JHBF公式172校と一致を確認。
PRG003053,SCH003053,hardball,2026,active,active,SRC000208,2026-10-03,2026年5月末時点の大阪府高野連硬式加盟。JHBF公式172校と一致を確認。
PRG003054,SCH003054,hardball,2026,active,active,SRC000208,2026-10-03,2026年5月末時点の大阪府高野連硬式加盟。JHBF公式172校と一致を確認。
PRG003055,SCH003055,hardball,2026,active,active,SRC000208,2026-10-03,2026年5月末時点の大阪府高野連硬式加盟。JHBF公式172校と一致を確認。
PRG003056,SCH003056,hardball,2026,active,active,SRC000208,2026-10-03,2026年5月末時点の大阪府高野連硬式加盟。JHBF公式172校と一致を確認。
PRG003057,SCH003057,hardball,2026,active,active,SRC000208,2026-10-03,2026年5月末時点の大阪府高野連硬式加盟。JHBF公式172校と一致を確認。
PRG003058,SCH003058,hardball,2026,active,active,SRC000208,2026-10-03,2026年5月末時点の大阪府高野連硬式加盟。JHBF公式172校と一致を確認。
PRG003059,SCH003059,hardball,2026,active,active,SRC000208,2026-10-03,2026年5月末時点の大阪府高野連硬式加盟。JHBF公式172校と一致を確認。
PRG003060,SCH003060,hardball,2026,active,active,SRC000208,2026-10-03,2026年5月末時点の大阪府高野連硬式加盟。JHBF公式172校と一致を確認。
PRG003061,SCH003061,hardball,2026,active,active,SRC000208,2026-10-03,2026年5月末時点の大阪府高野連硬式加盟。JHBF公式172校と一致を確認。
PRG003062,SCH003062,hardball,2026,active,active,SRC000208,2026-10-03,2026年5月末時点の大阪府高野連硬式加盟。JHBF公式172校と一致を確認。
PRG003063,SCH003063,hardball,2026,active,active,SRC000208,2026-10-03,2026年5月末時点の大阪府高野連硬式加盟。JHBF公式172校と一致を確認。
PRG003064,SCH003064,hardball,2026,active,active,SRC000208,2026-10-03,2026年5月末時点の大阪府高野連硬式加盟。JHBF公式172校と一致を確認。
PRG003065,SCH003065,hardball,2026,active,active,SRC000208,2026-10-03,2026年5月末時点の大阪府高野連硬式加盟。JHBF公式172校と一致を確認。
PRG003066,SCH003066,hardball,2026,active,active,SRC000208,2026-10-03,2026年5月末時点の大阪府高野連硬式加盟。JHBF公式172校と一致を確認。
PRG003067,SCH003067,hardball,2026,active,active,SRC000208,2026-10-03,2026年5月末時点の大阪府高野連硬式加盟。JHBF公式172校と一致を確認。
PRG003068,SCH003068,hardball,2026,active,active,SRC000208,2026-10-03,2026年5月末時点の大阪府高野連硬式加盟。JHBF公式172校と一致を確認。
PRG003069,SCH003069,hardball,2026,active,active,SRC000208,2026-10-03,2026年5月末時点の大阪府高野連硬式加盟。JHBF公式172校と一致を確認。
PRG003070,SCH003070,hardball,2026,active,active,SRC000208,2026-10-03,2026年5月末時点の大阪府高野連硬式加盟。JHBF公式172校と一致を確認。
PRG003071,SCH003071,hardball,2026,active,active,SRC000208,2026-10-03,2026年5月末時点の大阪府高野連硬式加盟。JHBF公式172校と一致を確認。
PRG003072,SCH003072,hardball,2026,active,active,SRC000208,2026-10-03,2026年5月末時点の大阪府高野連硬式加盟。JHBF公式172校と一致を確認。
PRG003073,SCH003073,hardball,2026,active,active,SRC000208,2026-10-03,2026年5月末時点の大阪府高野連硬式加盟。JHBF公式172校と一致を確認。
PRG003074,SCH003074,hardball,2026,active,active,SRC000208,2026-10-03,2026年5月末時点の大阪府高野連硬式加盟。JHBF公式172校と一致を確認。
PRG003075,SCH003075,hardball,2026,active,active,SRC000208,2026-10-03,2026年5月末時点の大阪府高野連硬式加盟。JHBF公式172校と一致を確認。
PRG003076,SCH003076,hardball,2026,active,active,SRC000208,2026-10-03,2026年5月末時点の大阪府高野連硬式加盟。JHBF公式172校と一致を確認。
PRG003077,SCH003077,hardball,2026,active,active,SRC000208,2026-10-03,2026年5月末時点の大阪府高野連硬式加盟。JHBF公式172校と一致を確認。
PRG003078,SCH003078,hardball,2026,active,active,SRC000208,2026-10-03,2026年5月末時点の大阪府高野連硬式加盟。JHBF公式172校と一致を確認。
PRG003079,SCH003079,hardball,2026,active,active,SRC000208,2026-10-03,2026年5月末時点の大阪府高野連硬式加盟。JHBF公式172校と一致を確認。
PRG003080,SCH003080,hardball,2026,active,active,SRC000208,2026-10-03,2026年5月末時点の大阪府高野連硬式加盟。JHBF公式172校と一致を確認。
PRG003081,SCH003081,hardball,2026,active,active,SRC000208,2026-10-03,2026年5月末時点の大阪府高野連硬式加盟。JHBF公式172校と一致を確認。
PRG003082,SCH003082,hardball,2026,active,active,SRC000208,2026-10-03,2026年5月末時点の大阪府高野連硬式加盟。JHBF公式172校と一致を確認。
PRG003083,SCH003083,hardball,2026,active,active,SRC000208,2026-10-03,2026年5月末時点の大阪府高野連硬式加盟。JHBF公式172校と一致を確認。
PRG003084,SCH003084,hardball,2026,active,active,SRC000208,2026-10-03,2026年5月末時点の大阪府高野連硬式加盟。JHBF公式172校と一致を確認。
PRG003085,SCH003085,hardball,2026,active,active,SRC000208,2026-10-03,2026年5月末時点の大阪府高野連硬式加盟。JHBF公式172校と一致を確認。
PRG003086,SCH003086,hardball,2026,active,active,SRC000208,2026-10-03,2026年5月末時点の大阪府高野連硬式加盟。JHBF公式172校と一致を確認。
PRG003087,SCH003087,hardball,2026,active,active,SRC000208,2026-10-03,2026年5月末時点の大阪府高野連硬式加盟。JHBF公式172校と一致を確認。
PRG003088,SCH003088,hardball,2026,active,active,SRC000208,2026-10-03,2026年5月末時点の大阪府高野連硬式加盟。JHBF公式172校と一致を確認。
PRG003089,SCH003089,hardball,2026,active,active,SRC000208,2026-10-03,2026年5月末時点の大阪府高野連硬式加盟。JHBF公式172校と一致を確認。
PRG003090,SCH003090,hardball,2026,active,active,SRC000208,2026-10-03,2026年5月末時点の大阪府高野連硬式加盟。JHBF公式172校と一致を確認。
PRG003091,SCH003091,hardball,2026,active,active,SRC000208,2026-10-03,2026年5月末時点の大阪府高野連硬式加盟。JHBF公式172校と一致を確認。
PRG003092,SCH003092,hardball,2026,active,active,SRC000208,2026-10-03,2026年5月末時点の大阪府高野連硬式加盟。JHBF公式172校と一致を確認。
PRG003093,SCH003093,hardball,2026,active,active,SRC000208,2026-10-03,2026年5月末時点の大阪府高野連硬式加盟。JHBF公式172校と一致を確認。
PRG003094,SCH003094,hardball,2026,active,active,SRC000208,2026-10-03,2026年5月末時点の大阪府高野連硬式加盟。JHBF公式172校と一致を確認。
PRG003095,SCH003095,hardball,2026,active,active,SRC000208,2026-10-03,2026年5月末時点の大阪府高野連硬式加盟。JHBF公式172校と一致を確認。
PRG003096,SCH003096,hardball,2026,active,active,SRC000208,2026-10-03,2026年5月末時点の大阪府高野連硬式加盟。JHBF公式172校と一致を確認。
PRG003097,SCH003097,hardball,2026,active,active,SRC000208,2026-10-03,2026年5月末時点の大阪府高野連硬式加盟。JHBF公式172校と一致を確認。
PRG003098,SCH003098,hardball,2026,active,active,SRC000208,2026-10-03,2026年5月末時点の大阪府高野連硬式加盟。JHBF公式172校と一致を確認。
PRG003099,SCH003099,hardball,2026,active,active,SRC000208,2026-10-03,2026年5月末時点の大阪府高野連硬式加盟。JHBF公式172校と一致を確認。
PRG003100,SCH003100,hardball,2026,active,active,SRC000208,2026-10-03,2026年5月末時点の大阪府高野連硬式加盟。JHBF公式172校と一致を確認。
PRG003101,SCH003101,hardball,2026,active,active,SRC000208,2026-10-03,2026年5月末時点の大阪府高野連硬式加盟。JHBF公式172校と一致を確認。
PRG003102,SCH003102,hardball,2026,active,active,SRC000208,2026-10-03,2026年5月末時点の大阪府高野連硬式加盟。JHBF公式172校と一致を確認。
PRG003103,SCH003103,hardball,2026,active,active,SRC000208,2026-10-03,2026年5月末時点の大阪府高野連硬式加盟。JHBF公式172校と一致を確認。
PRG003104,SCH003104,hardball,2026,active,active,SRC000208,2026-10-03,2026年5月末時点の大阪府高野連硬式加盟。JHBF公式172校と一致を確認。
PRG003105,SCH003105,hardball,2026,active,active,SRC000208,2026-10-03,2026年5月末時点の大阪府高野連硬式加盟。JHBF公式172校と一致を確認。
PRG003106,SCH003106,hardball,2026,active,active,SRC000208,2026-10-03,2026年5月末時点の大阪府高野連硬式加盟。JHBF公式172校と一致を確認。
PRG003107,SCH003107,hardball,2026,active,active,SRC000208,2026-10-03,2026年5月末時点の大阪府高野連硬式加盟。JHBF公式172校と一致を確認。
PRG003108,SCH003108,hardball,2026,active,active,SRC000208,2026-10-03,2026年5月末時点の大阪府高野連硬式加盟。JHBF公式172校と一致を確認。
PRG003109,SCH003109,hardball,2026,active,active,SRC000208,2026-10-03,2026年5月末時点の大阪府高野連硬式加盟。JHBF公式172校と一致を確認。
PRG003110,SCH003110,hardball,2026,active,active,SRC000208,2026-10-03,2026年5月末時点の大阪府高野連硬式加盟。JHBF公式172校と一致を確認。
PRG003111,SCH003111,hardball,2026,active,active,SRC000208,2026-10-03,2026年5月末時点の大阪府高野連硬式加盟。JHBF公式172校と一致を確認。
PRG003112,SCH003112,hardball,2026,active,active,SRC000208,2026-10-03,2026年5月末時点の大阪府高野連硬式加盟。JHBF公式172校と一致を確認。
PRG003113,SCH003113,hardball,2026,active,active,SRC000208,2026-10-03,2026年5月末時点の大阪府高野連硬式加盟。JHBF公式172校と一致を確認。
PRG003114,SCH003114,hardball,2026,active,active,SRC000208,2026-10-03,2026年5月末時点の大阪府高野連硬式加盟。JHBF公式172校と一致を確認。
PRG003115,SCH003115,hardball,2026,active,active,SRC000208,2026-10-03,2026年5月末時点の大阪府高野連硬式加盟。JHBF公式172校と一致を確認。
PRG003116,SCH003116,hardball,2026,active,active,SRC000208,2026-10-03,2026年5月末時点の大阪府高野連硬式加盟。JHBF公式172校と一致を確認。
PRG003117,SCH003117,hardball,2026,active,active,SRC000208,2026-10-03,2026年5月末時点の大阪府高野連硬式加盟。JHBF公式172校と一致を確認。
PRG003118,SCH003118,hardball,2026,active,active,SRC000208,2026-10-03,2026年5月末時点の大阪府高野連硬式加盟。JHBF公式172校と一致を確認。
PRG003119,SCH003119,hardball,2026,active,active,SRC000208,2026-10-03,2026年5月末時点の大阪府高野連硬式加盟。JHBF公式172校と一致を確認。
PRG003120,SCH003120,hardball,2026,active,active,SRC000208,2026-10-03,2026年5月末時点の大阪府高野連硬式加盟。JHBF公式172校と一致を確認。
PRG003121,SCH003121,hardball,2026,active,active,SRC000208,2026-10-03,2026年5月末時点の大阪府高野連硬式加盟。JHBF公式172校と一致を確認。
PRG003122,SCH003122,hardball,2026,active,active,SRC000208,2026-10-03,2026年5月末時点の大阪府高野連硬式加盟。JHBF公式172校と一致を確認。
PRG003123,SCH003123,hardball,2026,active,active,SRC000208,2026-10-03,2026年5月末時点の大阪府高野連硬式加盟。JHBF公式172校と一致を確認。
PRG003124,SCH003124,hardball,2026,active,active,SRC000208,2026-10-03,2026年5月末時点の大阪府高野連硬式加盟。JHBF公式172校と一致を確認。
PRG003125,SCH003125,hardball,2026,active,active,SRC000208,2026-10-03,2026年5月末時点の大阪府高野連硬式加盟。JHBF公式172校と一致を確認。
PRG003126,SCH003126,hardball,2026,active,active,SRC000208,2026-10-03,2026年5月末時点の大阪府高野連硬式加盟。JHBF公式172校と一致を確認。
PRG003127,SCH003127,hardball,2026,active,active,SRC000208,2026-10-03,2026年5月末時点の大阪府高野連硬式加盟。JHBF公式172校と一致を確認。
PRG003128,SCH003128,hardball,2026,active,active,SRC000208,2026-10-03,2026年5月末時点の大阪府高野連硬式加盟。JHBF公式172校と一致を確認。
PRG003129,SCH003129,hardball,2026,active,active,SRC000208,2026-10-03,2026年5月末時点の大阪府高野連硬式加盟。JHBF公式172校と一致を確認。
PRG003130,SCH003130,hardball,2026,active,active,SRC000208,2026-10-03,2026年5月末時点の大阪府高野連硬式加盟。JHBF公式172校と一致を確認。
PRG003131,SCH003131,hardball,2026,active,active,SRC000208,2026-10-03,2026年5月末時点の大阪府高野連硬式加盟。JHBF公式172校と一致を確認。
PRG003132,SCH003132,hardball,2026,active,active,SRC000208,2026-10-03,2026年5月末時点の大阪府高野連硬式加盟。JHBF公式172校と一致を確認。
PRG003133,SCH003133,hardball,2026,active,active,SRC000208,2026-10-03,2026年5月末時点の大阪府高野連硬式加盟。JHBF公式172校と一致を確認。
PRG003134,SCH003134,hardball,2026,active,active,SRC000208,2026-10-03,2026年5月末時点の大阪府高野連硬式加盟。JHBF公式172校と一致を確認。
PRG003135,SCH003135,hardball,2026,active,active,SRC000208,2026-10-03,2026年5月末時点の大阪府高野連硬式加盟。JHBF公式172校と一致を確認。
PRG003136,SCH003136,hardball,2026,active,active,SRC000208,2026-10-03,2026年5月末時点の大阪府高野連硬式加盟。JHBF公式172校と一致を確認。
PRG003137,SCH003137,hardball,2026,active,active,SRC000208,2026-10-03,2026年5月末時点の大阪府高野連硬式加盟。JHBF公式172校と一致を確認。
PRG003138,SCH003138,hardball,2026,active,active,SRC000208,2026-10-03,2026年5月末時点の大阪府高野連硬式加盟。JHBF公式172校と一致を確認。
PRG003139,SCH003139,hardball,2026,active,active,SRC000208,2026-10-03,2026年5月末時点の大阪府高野連硬式加盟。JHBF公式172校と一致を確認。
PRG003140,SCH003140,hardball,2026,active,active,SRC000208,2026-10-03,2026年5月末時点の大阪府高野連硬式加盟。JHBF公式172校と一致を確認。
PRG003141,SCH003141,hardball,2026,active,active,SRC000208,2026-10-03,2026年5月末時点の大阪府高野連硬式加盟。JHBF公式172校と一致を確認。
PRG003142,SCH003142,hardball,2026,active,active,SRC000208,2026-10-03,2026年5月末時点の大阪府高野連硬式加盟。JHBF公式172校と一致を確認。
PRG003143,SCH003143,hardball,2026,active,active,SRC000208,2026-10-03,2026年5月末時点の大阪府高野連硬式加盟。JHBF公式172校と一致を確認。
PRG003144,SCH003144,hardball,2026,active,active,SRC000208,2026-10-03,2026年5月末時点の大阪府高野連硬式加盟。JHBF公式172校と一致を確認。
PRG003145,SCH003145,hardball,2026,active,active,SRC000208,2026-10-03,2026年5月末時点の大阪府高野連硬式加盟。JHBF公式172校と一致を確認。
PRG003146,SCH003146,hardball,2026,active,active,SRC000208,2026-10-03,2026年5月末時点の大阪府高野連硬式加盟。JHBF公式172校と一致を確認。
PRG003147,SCH003147,hardball,2026,active,active,SRC000208,2026-10-03,2026年5月末時点の大阪府高野連硬式加盟。JHBF公式172校と一致を確認。
PRG003148,SCH003148,hardball,2026,active,active,SRC000208,2026-10-03,2026年5月末時点の大阪府高野連硬式加盟。JHBF公式172校と一致を確認。
PRG003149,SCH003149,hardball,2026,active,active,SRC000208,2026-10-03,2026年5月末時点の大阪府高野連硬式加盟。JHBF公式172校と一致を確認。
PRG003150,SCH003150,hardball,2026,active,active,SRC000208,2026-10-03,2026年5月末時点の大阪府高野連硬式加盟。JHBF公式172校と一致を確認。
PRG003151,SCH003151,hardball,2026,active,active,SRC000208,2026-10-03,2026年5月末時点の大阪府高野連硬式加盟。JHBF公式172校と一致を確認。
PRG003152,SCH003152,hardball,2026,active,active,SRC000208,2026-10-03,2026年5月末時点の大阪府高野連硬式加盟。JHBF公式172校と一致を確認。
PRG003153,SCH003153,hardball,2026,active,active,SRC000208,2026-10-03,2026年5月末時点の大阪府高野連硬式加盟。JHBF公式172校と一致を確認。
PRG003154,SCH003154,hardball,2026,active,active,SRC000208,2026-10-03,2026年5月末時点の大阪府高野連硬式加盟。JHBF公式172校と一致を確認。
PRG003155,SCH003155,hardball,2026,active,active,SRC000208,2026-10-03,2026年5月末時点の大阪府高野連硬式加盟。JHBF公式172校と一致を確認。
PRG003156,SCH003156,hardball,2026,active,active,SRC000208,2026-10-03,2026年5月末時点の大阪府高野連硬式加盟。JHBF公式172校と一致を確認。
PRG003157,SCH003157,hardball,2026,active,active,SRC000208,2026-10-03,2026年5月末時点の大阪府高野連硬式加盟。JHBF公式172校と一致を確認。
PRG003158,SCH003158,hardball,2026,active,active,SRC000208,2026-10-03,2026年5月末時点の大阪府高野連硬式加盟。JHBF公式172校と一致を確認。
PRG003159,SCH003159,hardball,2026,active,active,SRC000208,2026-10-03,2026年5月末時点の大阪府高野連硬式加盟。JHBF公式172校と一致を確認。
PRG003160,SCH003160,hardball,2026,active,active,SRC000208,2026-10-03,2026年5月末時点の大阪府高野連硬式加盟。JHBF公式172校と一致を確認。
PRG003161,SCH003161,hardball,2026,active,active,SRC000208,2026-10-03,2026年5月末時点の大阪府高野連硬式加盟。JHBF公式172校と一致を確認。
PRG003162,SCH003162,hardball,2026,active,active,SRC000208,2026-10-03,2026年5月末時点の大阪府高野連硬式加盟。JHBF公式172校と一致を確認。
PRG003163,SCH003163,hardball,2026,active,active,SRC000208,2026-10-03,2026年5月末時点の大阪府高野連硬式加盟。JHBF公式172校と一致を確認。
PRG003164,SCH003164,hardball,2026,active,active,SRC000208,2026-10-03,2026年5月末時点の大阪府高野連硬式加盟。JHBF公式172校と一致を確認。
PRG003165,SCH003165,hardball,2026,active,active,SRC000208,2026-10-03,2026年5月末時点の大阪府高野連硬式加盟。JHBF公式172校と一致を確認。
PRG003166,SCH003166,hardball,2026,active,active,SRC000208,2026-10-03,2026年5月末時点の大阪府高野連硬式加盟。JHBF公式172校と一致を確認。
PRG003167,SCH003167,hardball,2026,active,active,SRC000208,2026-10-03,2026年5月末時点の大阪府高野連硬式加盟。JHBF公式172校と一致を確認。
PRG003168,SCH003168,hardball,2026,active,active,SRC000208,2026-10-03,2026年5月末時点の大阪府高野連硬式加盟。JHBF公式172校と一致を確認。
PRG003169,SCH003169,hardball,2026,active,active,SRC000208,2026-10-03,2026年5月末時点の大阪府高野連硬式加盟。JHBF公式172校と一致を確認。
PRG003170,SCH003170,hardball,2026,active,active,SRC000208,2026-10-03,2026年5月末時点の大阪府高野連硬式加盟。JHBF公式172校と一致を確認。
PRG003171,SCH003171,hardball,2026,active,active,SRC000208,2026-10-03,2026年5月末時点の大阪府高野連硬式加盟。JHBF公式172校と一致を確認。
PRG003172,SCH003172,hardball,2026,active,active,SRC000208,2026-10-03,2026年5月末時点の大阪府高野連硬式加盟。JHBF公式172校と一致を確認。
PRG003173,SCH003173,hardball,2026,active,active,SRC000208,2026-10-03,2026年5月末時点の大阪府高野連硬式加盟。JHBF公式172校と一致を確認。
PRG003174,SCH003174,hardball,2026,active,active,SRC000208,2026-10-03,2026年5月末時点の大阪府高野連硬式加盟。JHBF公式172校と一致を確認。
PRG003175,SCH003175,hardball,2026,active,active,SRC000208,2026-10-03,2026年5月末時点の大阪府高野連硬式加盟。JHBF公式172校と一致を確認。
PRG003176,SCH003176,hardball,2026,active,active,SRC000208,2026-10-03,2026年5月末時点の大阪府高野連硬式加盟。JHBF公式172校と一致を確認。
PRG003177,SCH003177,hardball,2026,active,active,SRC000208,2026-10-03,2026年5月末時点の大阪府高野連硬式加盟。JHBF公式172校と一致を確認。
PRG003178,SCH003178,hardball,2026,active,active,SRC000208,2026-10-03,2026年5月末時点の大阪府高野連硬式加盟。JHBF公式172校と一致を確認。
PRG003179,SCH003179,hardball,2026,active,active,SRC000208,2026-10-03,2026年5月末時点の大阪府高野連硬式加盟。JHBF公式172校と一致を確認。
PRG003180,SCH003180,hardball,2026,active,active,SRC000208,2026-10-03,2026年5月末時点の大阪府高野連硬式加盟。JHBF公式172校と一致を確認。
PRG003181,SCH003181,hardball,2026,active,active,SRC000208,2026-10-03,2026年5月末時点の大阪府高野連硬式加盟。JHBF公式172校と一致を確認。
PRG003182,SCH003182,hardball,2026,active,active,SRC000208,2026-10-03,2026年5月末時点の大阪府高野連硬式加盟。JHBF公式172校と一致を確認。
PRG003183,SCH003183,hardball,2026,active,active,SRC000208,2026-10-03,2026年5月末時点の大阪府高野連硬式加盟。JHBF公式172校と一致を確認。
PRG003184,SCH003184,hardball,2026,active,active,SRC000208,2026-10-03,2026年5月末時点の大阪府高野連硬式加盟。JHBF公式172校と一致を確認。
PRG003185,SCH003185,hardball,2026,active,active,SRC000208,2026-10-03,2026年5月末時点の大阪府高野連硬式加盟。JHBF公式172校と一致を確認。
PRG003186,SCH003186,hardball,2026,active,active,SRC000208,2026-10-03,2026年5月末時点の大阪府高野連硬式加盟。JHBF公式172校と一致を確認。
PRG003187,SCH003187,hardball,2026,active,active,SRC000208,2026-10-03,2026年5月末時点の大阪府高野連硬式加盟。JHBF公式172校と一致を確認。
PRG003188,SCH003188,hardball,2026,active,active,SRC000208,2026-10-03,2026年5月末時点の大阪府高野連硬式加盟。JHBF公式172校と一致を確認。
PRG003189,SCH003189,hardball,2026,active,active,SRC000208,2026-10-03,2026年5月末時点の大阪府高野連硬式加盟。JHBF公式172校と一致を確認。
PRG003190,SCH003190,hardball,2026,active,active,SRC000208,2026-10-03,2026年5月末時点の大阪府高野連硬式加盟。JHBF公式172校と一致を確認。
PRG003191,SCH003191,hardball,2026,active,active,SRC000208,2026-10-03,2026年5月末時点の大阪府高野連硬式加盟。JHBF公式172校と一致を確認。
PRG003192,SCH003192,hardball,2026,active,active,SRC000208,2026-10-03,2026年5月末時点の大阪府高野連硬式加盟。JHBF公式172校と一致を確認。
PRG003193,SCH003193,hardball,2026,active,active,SRC000208,2026-10-03,2026年5月末時点の大阪府高野連硬式加盟。JHBF公式172校と一致を確認。
PRG003194,SCH003194,hardball,2026,active,active,SRC000208,2026-10-03,2026年5月末時点の大阪府高野連硬式加盟。JHBF公式172校と一致を確認。
PRG003195,SCH003195,hardball,2026,active,active,SRC000208,2026-10-03,2026年5月末時点の大阪府高野連硬式加盟。JHBF公式172校と一致を確認。
PRG003196,SCH003196,hardball,2026,active,active,SRC000208,2026-10-03,2026年5月末時点の大阪府高野連硬式加盟。JHBF公式172校と一致を確認。
PRG003197,SCH003197,hardball,2026,active,active,SRC000208,2026-10-03,2026年5月末時点の大阪府高野連硬式加盟。JHBF公式172校と一致を確認。
PRG003198,SCH003198,hardball,2026,active,active,SRC000208,2026-10-03,2026年5月末時点の大阪府高野連硬式加盟。JHBF公式172校と一致を確認。
PRG003199,SCH003199,hardball,2026,active,active,SRC000208,2026-10-03,2026年5月末時点の大阪府高野連硬式加盟。JHBF公式172校と一致を確認。
PRG003200,SCH003200,hardball,2026,active,active,SRC000208,2026-10-03,2026年5月末時点の大阪府高野連硬式加盟。JHBF公式172校と一致を確認。
PRG003201,SCH003201,hardball,2026,active,active,SRC000208,2026-10-03,2026年5月末時点の大阪府高野連硬式加盟。JHBF公式172校と一致を確認。
PRG003202,SCH003202,hardball,2026,active,active,SRC000208,2026-10-03,2026年5月末時点の大阪府高野連硬式加盟。JHBF公式172校と一致を確認。
PRG003203,SCH003203,hardball,2026,active,active,SRC000208,2026-10-03,2026年5月末時点の大阪府高野連硬式加盟。JHBF公式172校と一致を確認。
PRG003204,SCH003204,hardball,2026,active,active,SRC000208,2026-10-03,2026年5月末時点の大阪府高野連硬式加盟。JHBF公式172校と一致を確認。
PRG003205,SCH003205,hardball,2026,active,active,SRC000208,2026-10-03,2026年5月末時点の大阪府高野連硬式加盟。JHBF公式172校と一致を確認。
PRG003206,SCH003206,hardball,2026,active,active,SRC000208,2026-10-03,2026年5月末時点の大阪府高野連硬式加盟。JHBF公式172校と一致を確認。
PRG003207,SCH003207,hardball,2026,active,active,SRC000208,2026-10-03,2026年5月末時点の大阪府高野連硬式加盟。JHBF公式172校と一致を確認。
PRG003208,SCH003208,hardball,2026,active,active,SRC000208,2026-10-03,2026年5月末時点の大阪府高野連硬式加盟。JHBF公式172校と一致を確認。
PRG003209,SCH003209,hardball,2026,active,active,SRC000208,2026-10-03,2026年5月末時点の大阪府高野連硬式加盟。JHBF公式172校と一致を確認。
PRG003210,SCH003210,hardball,2026,active,active,SRC000208,2026-10-03,2026年5月末時点の大阪府高野連硬式加盟。JHBF公式172校と一致を確認。
PRG003211,SCH003211,hardball,2026,active,active,SRC000213,2026-10-03,2026年度硬式加盟校として登録。
PRG003212,SCH003212,hardball,2026,active,active,SRC000213,2026-10-03,2026年度硬式加盟校として登録。
PRG003213,SCH003213,hardball,2026,active,active,SRC000213,2026-10-03,2026年度硬式加盟校として登録。
PRG003214,SCH003214,hardball,2026,active,active,SRC000213,2026-10-03,2026年度硬式加盟校として登録。
PRG003215,SCH003215,hardball,2026,active,active,SRC000213,2026-10-03,2026年度硬式加盟校として登録。
PRG003216,SCH003216,hardball,2026,active,active,SRC000213,2026-10-03,2026年度硬式加盟校として登録。
PRG003217,SCH003217,hardball,2026,active,active,SRC000213,2026-10-03,2026年度硬式加盟校として登録。
PRG003218,SCH003218,hardball,2026,active,active,SRC000213,2026-10-03,2026年度硬式加盟校として登録。
PRG003219,SCH003219,hardball,2026,active,active,SRC000213,2026-10-03,2026年度硬式加盟校として登録。
PRG003220,SCH003220,hardball,2026,active,active,SRC000213,2026-10-03,2026年度硬式加盟校として登録。
PRG003221,SCH003221,hardball,2026,active,active,SRC000213,2026-10-03,2026年度硬式加盟校として登録。
PRG003222,SCH003222,hardball,2026,active,active,SRC000213,2026-10-03,2026年度硬式加盟校として登録。
PRG003223,SCH003223,hardball,2026,active,active,SRC000213,2026-10-03,2026年度硬式加盟校として登録。
PRG003224,SCH003224,hardball,2026,active,active,SRC000213,2026-10-03,2026年度硬式加盟校として登録。
PRG003225,SCH003225,hardball,2026,active,active,SRC000213,2026-10-03,2026年度硬式加盟校として登録。
PRG003226,SCH003226,hardball,2026,active,active,SRC000213,2026-10-03,2026年度硬式加盟校として登録。
PRG003227,SCH003227,hardball,2026,active,active,SRC000213,2026-10-03,2026年度硬式加盟校として登録。
PRG003228,SCH003228,hardball,2026,active,active,SRC000213,2026-10-03,2026年度硬式加盟校として登録。
PRG003229,SCH003229,hardball,2026,active,active,SRC000213,2026-10-03,2026年度硬式加盟校として登録。
PRG003230,SCH003230,hardball,2026,active,active,SRC000213,2026-10-03,2026年度硬式加盟校として登録。
PRG003231,SCH003231,hardball,2026,active,active,SRC000213,2026-10-03,2026年度硬式加盟校として登録。
PRG003232,SCH003232,hardball,2026,active,active,SRC000213,2026-10-03,2026年度硬式加盟校として登録。
PRG003233,SCH003233,hardball,2026,active,active,SRC000213,2026-10-03,2026年度硬式加盟校として登録。
PRG003234,SCH003234,hardball,2026,active,active,SRC000213,2026-10-03,2026年度硬式加盟校として登録。
PRG003235,SCH003235,hardball,2026,active,active,SRC000213,2026-10-03,2026年度硬式加盟校として登録。
PRG003236,SCH003236,hardball,2026,active,active,SRC000213,2026-10-03,2026年度硬式加盟校として登録。
PRG003237,SCH003237,hardball,2026,active,active,SRC000213,2026-10-03,2026年度硬式加盟校として登録。
PRG003238,SCH003238,hardball,2026,active,active,SRC000213,2026-10-03,2026年度硬式加盟校として登録。
PRG003239,SCH003239,hardball,2026,active,active,SRC000213,2026-10-03,2026年度硬式加盟校として登録。
PRG003240,SCH003240,hardball,2026,active,active,SRC000213,2026-10-03,2026年度硬式加盟校として登録。
PRG003241,SCH003241,hardball,2026,active,active,SRC000213,2026-10-03,2026年度硬式加盟校として登録。
PRG003242,SCH003242,hardball,2026,active,active,SRC000213,2026-10-03,2026年度硬式加盟校として登録。
PRG003243,SCH003243,hardball,2026,active,active,SRC000213,2026-10-03,2026年度硬式加盟校として登録。
PRG003244,SCH003244,hardball,2026,active,active,SRC000213,2026-10-03,2026年度硬式加盟校として登録。
PRG003245,SCH003245,hardball,2026,active,active,SRC000213,2026-10-03,2026年度硬式加盟校として登録。
PRG003246,SCH003246,hardball,2026,active,active,SRC000213,2026-10-03,2026年度硬式加盟校として登録。
PRG003247,SCH003247,hardball,2026,active,active,SRC000213,2026-10-03,2026年度硬式加盟校として登録。
PRG003248,SCH003248,hardball,2026,active,active,SRC000213,2026-10-03,2026年度硬式加盟校として登録。
PRG003249,SCH003249,hardball,2026,active,active,SRC000213,2026-10-03,2026年度硬式加盟校として登録。
PRG003250,SCH003250,hardball,2026,active,active,SRC000213,2026-10-03,2026年度硬式加盟校として登録。
PRG003251,SCH003251,hardball,2026,active,active,SRC000213,2026-10-03,2026年度硬式加盟校として登録。
PRG003252,SCH003252,hardball,2026,active,active,SRC000213,2026-10-03,2026年度硬式加盟校として登録。
PRG003253,SCH003253,hardball,2026,active,active,SRC000213,2026-10-03,2026年度硬式加盟校として登録。
PRG003254,SCH003254,hardball,2026,active,active,SRC000213,2026-10-03,2026年度硬式加盟校として登録。
PRG003255,SCH003255,hardball,2026,active,active,SRC000213,2026-10-03,2026年度硬式加盟校として登録。
PRG003256,SCH003256,hardball,2026,active,active,SRC000213,2026-10-03,2026年度硬式加盟校として登録。
PRG003257,SCH003257,hardball,2026,active,active,SRC000213,2026-10-03,2026年度硬式加盟校として登録。
PRG003258,SCH003258,hardball,2026,active,active,SRC000213,2026-10-03,2026年度硬式加盟校として登録。
PRG003259,SCH003259,hardball,2026,active,active,SRC000213,2026-10-03,2026年度硬式加盟校として登録。
PRG003260,SCH003260,hardball,2026,active,active,SRC000213,2026-10-03,2026年度硬式加盟校として登録。
PRG003261,SCH003261,hardball,2026,active,active,SRC000213,2026-10-03,2026年度硬式加盟校として登録。
PRG003262,SCH003262,hardball,2026,active,active,SRC000213,2026-10-03,2026年度硬式加盟校として登録。
PRG003263,SCH003263,hardball,2026,active,active,SRC000213,2026-10-03,2026年度硬式加盟校として登録。
PRG003264,SCH003264,hardball,2026,active,active,SRC000213,2026-10-03,2026年度硬式加盟校として登録。
PRG003265,SCH003265,hardball,2026,active,active,SRC000213,2026-10-03,2026年度硬式加盟校として登録。
PRG003266,SCH003266,hardball,2026,active,active,SRC000213,2026-10-03,2026年度硬式加盟校として登録。
PRG003267,SCH003267,hardball,2026,active,active,SRC000213,2026-10-03,2026年度硬式加盟校として登録。
PRG003268,SCH003268,hardball,2026,active,active,SRC000213,2026-10-03,2026年度硬式加盟校として登録。
PRG003269,SCH003269,hardball,2026,active,active,SRC000213,2026-10-03,2026年度硬式加盟校として登録。
PRG003270,SCH003270,hardball,2026,active,active,SRC000213,2026-10-03,2026年度硬式加盟校として登録。
PRG003271,SCH003271,hardball,2026,active,active,SRC000213,2026-10-03,2026年度硬式加盟校として登録。
PRG003272,SCH003272,hardball,2026,active,active,SRC000213,2026-10-03,2026年度硬式加盟校として登録。
PRG003273,SCH003273,hardball,2026,active,active,SRC000213,2026-10-03,2026年度硬式加盟校として登録。
PRG003274,SCH003274,hardball,2026,active,active,SRC000213,2026-10-03,2026年度硬式加盟校として登録。
PRG003275,SCH003275,hardball,2026,active,active,SRC000213,2026-10-03,2026年度硬式加盟校として登録。
PRG003276,SCH003276,hardball,2026,active,active,SRC000213,2026-10-03,2026年度硬式加盟校として登録。
PRG003277,SCH003277,hardball,2026,active,active,SRC000213,2026-10-03,2026年度硬式加盟校として登録。
PRG003278,SCH003278,hardball,2026,active,active,SRC000213,2026-10-03,2026年度硬式加盟校として登録。
PRG003279,SCH003279,hardball,2026,active,active,SRC000213,2026-10-03,2026年度硬式加盟校として登録。
PRG003280,SCH003280,hardball,2026,active,active,SRC000213,2026-10-03,2026年度硬式加盟校として登録。
PRG003281,SCH003281,hardball,2026,active,active,SRC000213,2026-10-03,2026年度硬式加盟校として登録。
PRG003282,SCH003282,hardball,2026,active,active,SRC000213,2026-10-03,2026年度硬式加盟校として登録。
PRG003283,SCH003283,hardball,2026,active,active,SRC000213,2026-10-03,2026年度硬式加盟校として登録。
PRG003284,SCH003284,hardball,2026,active,active,SRC000213,2026-10-03,2026年度硬式加盟校として登録。
PRG003285,SCH003285,hardball,2026,active,active,SRC000213,2026-10-03,2026年度硬式加盟校として登録。
PRG003286,SCH003286,hardball,2026,active,active,SRC000213,2026-10-03,2026年度硬式加盟校として登録。
PRG003287,SCH003287,hardball,2026,active,active,SRC000213,2026-10-03,2026年度硬式加盟校として登録。
PRG003288,SCH003288,hardball,2026,active,active,SRC000213,2026-10-03,2026年度硬式加盟校として登録。
PRG003289,SCH003289,hardball,2026,active,active,SRC000213,2026-10-03,2026年度硬式加盟校として登録。
PRG003290,SCH003290,hardball,2026,active,active,SRC000213,2026-10-03,2026年度硬式加盟校として登録。
PRG003291,SCH003291,hardball,2026,active,active,SRC000213,2026-10-03,2026年度硬式加盟校として登録。
PRG003292,SCH003292,hardball,2026,active,active,SRC000213,2026-10-03,2026年度硬式加盟校として登録。
PRG003293,SCH003293,hardball,2026,active,active,SRC000213,2026-10-03,2026年度硬式加盟校として登録。
PRG003294,SCH003294,hardball,2026,active,active,SRC000213,2026-10-03,2026年度硬式加盟校として登録。
PRG003295,SCH003295,hardball,2026,active,active,SRC000213,2026-10-03,2026年度硬式加盟校として登録。
PRG003296,SCH003296,hardball,2026,active,active,SRC000213,2026-10-03,2026年度硬式加盟校として登録。
PRG003297,SCH003297,hardball,2026,active,active,SRC000213,2026-10-03,2026年度硬式加盟校として登録。
PRG003298,SCH003298,hardball,2026,active,active,SRC000213,2026-10-03,2026年度硬式加盟校として登録。
PRG003299,SCH003299,hardball,2026,active,active,SRC000213,2026-10-03,2026年度硬式加盟校として登録。
PRG003300,SCH003300,hardball,2026,active,active,SRC000213,2026-10-03,2026年度硬式加盟校として登録。
PRG003301,SCH003301,hardball,2026,active,active,SRC000213,2026-10-03,2026年度硬式加盟校として登録。
PRG003302,SCH003302,hardball,2026,active,active,SRC000213,2026-10-03,2026年度硬式加盟校として登録。
PRG003303,SCH003303,hardball,2026,active,active,SRC000213,2026-10-03,2026年度硬式加盟校として登録。
PRG003304,SCH003304,hardball,2026,active,active,SRC000213,2026-10-03,2026年度硬式加盟校として登録。
PRG003305,SCH003305,hardball,2026,active,active,SRC000213,2026-10-03,2026年度硬式加盟校として登録。
PRG003306,SCH003306,hardball,2026,active,active,SRC000213,2026-10-03,2026年度硬式加盟校として登録。
PRG003307,SCH003307,hardball,2026,active,active,SRC000213,2026-10-03,2026年度硬式加盟校として登録。
PRG003308,SCH003308,hardball,2026,active,active,SRC000213,2026-10-03,2026年度硬式加盟校として登録。
PRG003309,SCH003309,hardball,2026,active,active,SRC000213,2026-10-03,2026年度硬式加盟校として登録。
PRG003310,SCH003310,hardball,2026,active,active,SRC000213,2026-10-03,2026年度硬式加盟校として登録。
PRG003311,SCH003311,hardball,2026,active,active,SRC000213,2026-10-03,2026年度硬式加盟校として登録。
PRG003312,SCH003312,hardball,2026,active,active,SRC000213,2026-10-03,2026年度硬式加盟校として登録。
PRG003313,SCH003313,hardball,2026,active,active,SRC000213,2026-10-03,2026年度硬式加盟校として登録。
PRG003314,SCH003314,hardball,2026,active,active,SRC000213,2026-10-03,2026年度硬式加盟校として登録。
PRG003315,SCH003315,hardball,2026,active,active,SRC000213,2026-10-03,2026年度硬式加盟校として登録。
PRG003316,SCH003316,hardball,2026,active,active,SRC000213,2026-10-03,2026年度硬式加盟校として登録。
PRG003317,SCH003317,hardball,2026,active,active,SRC000213,2026-10-03,2026年度硬式加盟校として登録。
PRG003318,SCH003318,hardball,2026,active,active,SRC000213,2026-10-03,2026年度硬式加盟校として登録。
PRG003319,SCH003319,hardball,2026,active,active,SRC000213,2026-10-03,2026年度硬式加盟校として登録。
PRG003320,SCH003320,hardball,2026,active,active,SRC000213,2026-10-03,2026年度硬式加盟校として登録。
PRG003321,SCH003321,hardball,2026,active,active,SRC000213,2026-10-03,2026年度硬式加盟校として登録。
PRG003322,SCH003322,hardball,2026,active,active,SRC000213,2026-10-03,2026年度硬式加盟校として登録。
PRG003323,SCH003323,hardball,2026,active,active,SRC000213,2026-10-03,2026年度硬式加盟校として登録。
PRG003324,SCH003324,hardball,2026,active,active,SRC000213,2026-10-03,2026年度硬式加盟校として登録。
PRG003325,SCH003325,hardball,2026,active,active,SRC000213,2026-10-03,2026年度硬式加盟校として登録。
PRG003326,SCH003326,hardball,2026,active,active,SRC000213,2026-10-03,2026年度硬式加盟校として登録。
PRG003327,SCH003327,hardball,2026,active,active,SRC000213,2026-10-03,2026年度硬式加盟校として登録。
PRG003328,SCH003328,hardball,2026,active,active,SRC000213,2026-10-03,2026年度硬式加盟校として登録。
PRG003329,SCH003329,hardball,2026,active,active,SRC000213,2026-10-03,2026年度硬式加盟校として登録。
PRG003330,SCH003330,hardball,2026,active,active,SRC000213,2026-10-03,2026年度硬式加盟校として登録。
PRG003331,SCH003331,hardball,2026,active,active,SRC000213,2026-10-03,2026年度硬式加盟校として登録。
PRG003332,SCH003332,hardball,2026,active,active,SRC000213,2026-10-03,2026年度硬式加盟校として登録。
PRG003333,SCH003333,hardball,2026,active,active,SRC000213,2026-10-03,2026年度硬式加盟校として登録。
PRG003334,SCH003334,hardball,2026,active,active,SRC000213,2026-10-03,2026年度硬式加盟校として登録。
PRG003335,SCH003335,hardball,2026,active,active,SRC000213,2026-10-03,2026年度硬式加盟校として登録。
PRG003336,SCH003336,hardball,2026,active,active,SRC000213,2026-10-03,2026年度硬式加盟校として登録。
PRG003337,SCH003337,hardball,2026,active,active,SRC000213,2026-10-03,2026年度硬式加盟校として登録。
PRG003338,SCH003338,hardball,2026,active,active,SRC000213,2026-10-03,2026年度硬式加盟校として登録。
PRG003339,SCH003339,hardball,2026,active,active,SRC000213,2026-10-03,2026年度硬式加盟校として登録。
PRG003340,SCH003340,hardball,2026,active,active,SRC000213,2026-10-03,2026年度硬式加盟校として登録。
PRG003341,SCH003341,hardball,2026,active,active,SRC000213,2026-10-03,2026年度硬式加盟校として登録。
PRG003342,SCH003342,hardball,2026,active,active,SRC000213,2026-10-03,2026年度硬式加盟校として登録。
PRG003343,SCH003343,hardball,2026,active,active,SRC000213,2026-10-03,2026年度硬式加盟校として登録。
PRG003344,SCH003344,hardball,2026,active,active,SRC000213,2026-10-03,2026年度硬式加盟校として登録。
PRG003345,SCH003345,hardball,2026,active,active,SRC000213,2026-10-03,2026年度硬式加盟校として登録。
PRG003346,SCH003346,hardball,2026,active,active,SRC000213,2026-10-03,2026年度硬式加盟校として登録。
PRG003347,SCH003347,hardball,2026,active,active,SRC000213,2026-10-03,2026年度硬式加盟校として登録。
PRG003348,SCH003348,hardball,2026,active,active,SRC000213,2026-10-03,2026年度硬式加盟校として登録。
PRG003349,SCH003349,hardball,2026,active,active,SRC000213,2026-10-03,2026年度硬式加盟校として登録。
PRG003350,SCH003350,hardball,2026,active,active,SRC000213,2026-10-03,2026年度硬式加盟校として登録。
PRG003351,SCH003351,hardball,2026,active,active,SRC000213,2026-10-03,2026年度硬式加盟校として登録。
PRG003352,SCH003352,hardball,2026,active,active,SRC000213,2026-10-03,2026年度硬式加盟校として登録。
PRG003353,SCH003353,hardball,2026,active,active,SRC000213,2026-10-03,2026年度硬式加盟校として登録。
PRG003354,SCH003354,hardball,2026,active,active,SRC000213,2026-10-03,2026年度硬式加盟校として登録。
PRG003355,SCH003355,hardball,2026,active,active,SRC000213,2026-10-03,2026年度硬式加盟校として登録。
PRG003356,SCH003356,hardball,2026,active,active,SRC000213,2026-10-03,2026年度硬式加盟校として登録。
PRG003357,SCH003357,hardball,2026,active,active,SRC000213,2026-10-03,2026年度硬式加盟校として登録。
PRG003358,SCH003358,hardball,2026,active,active,SRC000213,2026-10-03,2026年度硬式加盟校として登録。
PRG003359,SCH003359,hardball,2026,active,active,SRC000213,2026-10-03,2026年度硬式加盟校として登録。
PRG003360,SCH003360,hardball,2026,active,active,SRC000213,2026-10-03,2026年度硬式加盟校として登録。
PRG003361,SCH003361,hardball,2026,active,active,SRC000213,2026-10-03,2026年度硬式加盟校として登録。
PRG003362,SCH003362,hardball,2026,active,active,SRC000213,2026-10-03,2026年度硬式加盟校として登録。
PRG003363,SCH003363,hardball,2026,active,active,SRC000213,2026-10-03,2026年度硬式加盟校として登録。
PRG003364,SCH003364,hardball,2026,active,active,SRC000213,2026-10-03,2026年度硬式加盟校として登録。
PRG003365,SCH003365,hardball,2026,active,active,SRC000213,2026-10-03,2026年度硬式加盟校として登録。
PRG003366,SCH003366,hardball,2026,active,active,SRC000213,2026-10-03,2026年度硬式加盟校として登録。
PRG003367,SCH003367,hardball,2026,active,active,SRC000213,2026-10-03,2026年度硬式加盟校として登録。
PRG003368,SCH003368,hardball,2026,active,active,SRC000213,2026-10-03,2026年度硬式加盟校として登録。
PRG003369,SCH003369,hardball,2026,active,active,SRC000213,2026-10-03,2026年度硬式加盟校として登録。
PRG003370,SCH003370,hardball,2026,active,active,SRC000213,2026-10-03,2026年度硬式加盟校として登録。
PRG003371,SCH003371,hardball,2026,active,active,SRC000213,2026-10-03,2026年度硬式加盟校として登録。
PRG003372,SCH003372,hardball,2026,active,active,SRC000213,2026-10-03,2026年度硬式加盟校として登録。
PRG003373,SCH003373,hardball,2026,active,active,SRC000213,2026-10-03,2026年度硬式加盟校として登録。
PRG003374,SCH003374,hardball,2026,active,active,SRC000213,2026-10-03,2026年度硬式加盟校として登録。
PRG003375,SCH003375,hardball,2026,active,active,SRC000213,2026-10-03,2026年度硬式加盟校として登録。
PRG003376,SCH003376,hardball,2026,active,active,SRC000213,2026-10-03,2026年度硬式加盟校として登録。
PRG003377,SCH003377,hardball,2026,active,active,SRC000213,2026-10-03,2026年度硬式加盟校として登録。
PRG003378,SCH003378,hardball,2026,active,active,SRC000213,2026-10-03,2026年度硬式加盟校として登録。
PRG003379,SCH003379,hardball,2026,active,active,SRC000213,2026-10-03,2026年度硬式加盟校として登録。
PRG003380,SCH003380,hardball,2026,active,active,SRC000213,2026-10-03,2026年度硬式加盟校として登録。
PRG003381,SCH003381,hardball,2026,active,active,SRC000213,2026-10-03,2026年度硬式加盟校として登録。
PRG003382,SCH003382,hardball,2026,active,active,SRC000213,2026-10-03,2026年度硬式加盟校として登録。
PRG003383,SCH003383,hardball,2026,active,active,SRC000213,2026-10-03,2026年度硬式加盟校として登録。
PRG003384,SCH003384,hardball,2026,active,active,SRC000213,2026-10-03,2026年度硬式加盟校として登録。
PRG003385,SCH003385,hardball,2026,active,active,SRC000213,2026-10-03,2026年度硬式加盟校として登録。
PRG003386,SCH003386,hardball,2026,active,active,SRC000213,2026-10-03,2026年度硬式加盟校として登録。
PRG003387,SCH003387,hardball,2026,active,active,SRC000213,2026-10-03,2026年度硬式加盟校として登録。
PRG003388,SCH003388,hardball,2026,active,active,SRC000213,2026-10-03,2026年度硬式加盟校として登録。
PRG003389,SCH003389,hardball,2026,active,active,SRC000213,2026-10-03,2026年度硬式加盟校として登録。
PRG003390,SCH003390,hardball,2026,active,active,SRC000213,2026-10-03,2026年度硬式加盟校として登録。
PRG003391,SCH003391,hardball,2026,active,active,SRC000214,2026-10-03,2026年度硬式加盟校として登録。県高野連公式春季地区予選で活動確認。
PRG003392,SCH003392,hardball,2026,active,active,SRC000214,2026-10-03,2026年度硬式加盟校として登録。県高野連公式春季地区予選で活動確認。
PRG003393,SCH003393,hardball,2026,active,active,SRC000214,2026-10-03,2026年度硬式加盟校として登録。県高野連公式春季地区予選で活動確認。
PRG003394,SCH003394,hardball,2026,active,active,SRC000214,2026-10-03,2026年度硬式加盟校として登録。県高野連公式春季地区予選で活動確認。
PRG003395,SCH003395,hardball,2026,active,active,SRC000214,2026-10-03,2026年度硬式加盟校として登録。県高野連公式春季地区予選で活動確認。
PRG003396,SCH003396,hardball,2026,active,active,SRC000214,2026-10-03,2026年度硬式加盟校として登録。県高野連公式春季地区予選で活動確認。
PRG003397,SCH003397,hardball,2026,active,active,SRC000219,2026-10-03,2026年度硬式加盟校として登録。2026夏大会参加校を学校単位へ展開。
PRG003398,SCH003398,hardball,2026,active,active,SRC000219,2026-10-03,2026年度硬式加盟校として登録。2026夏大会参加校を学校単位へ展開。
PRG003399,SCH003399,hardball,2026,active,active,SRC000219,2026-10-03,2026年度硬式加盟校として登録。2026夏大会参加校を学校単位へ展開。
PRG003400,SCH003400,hardball,2026,active,active,SRC000219,2026-10-03,2026年度硬式加盟校として登録。2026夏大会参加校を学校単位へ展開。
PRG003401,SCH003401,hardball,2026,active,active,SRC000219,2026-10-03,2026年度硬式加盟校として登録。2026夏大会参加校を学校単位へ展開。
PRG003402,SCH003402,hardball,2026,active,active,SRC000219,2026-10-03,2026年度硬式加盟校として登録。2026夏大会参加校を学校単位へ展開。
PRG003403,SCH003403,hardball,2026,active,active,SRC000219,2026-10-03,2026年度硬式加盟校として登録。2026夏大会参加校を学校単位へ展開。
PRG003404,SCH003404,hardball,2026,active,active,SRC000219,2026-10-03,2026年度硬式加盟校として登録。2026夏大会参加校を学校単位へ展開。
PRG003405,SCH003405,hardball,2026,active,active,SRC000219,2026-10-03,2026年度硬式加盟校として登録。2026夏大会参加校を学校単位へ展開。
PRG003406,SCH003406,hardball,2026,active,active,SRC000219,2026-10-03,2026年度硬式加盟校として登録。2026夏大会参加校を学校単位へ展開。
PRG003407,SCH003407,hardball,2026,active,active,SRC000219,2026-10-03,2026年度硬式加盟校として登録。2026夏大会参加校を学校単位へ展開。
PRG003408,SCH003408,hardball,2026,active,active,SRC000219,2026-10-03,2026年度硬式加盟校として登録。2026夏大会参加校を学校単位へ展開。
PRG003409,SCH003409,hardball,2026,active,active,SRC000219,2026-10-03,2026年度硬式加盟校として登録。2026夏大会参加校を学校単位へ展開。
PRG003410,SCH003410,hardball,2026,active,active,SRC000219,2026-10-03,2026年度硬式加盟校として登録。2026夏大会参加校を学校単位へ展開。
PRG003411,SCH003411,hardball,2026,active,active,SRC000219,2026-10-03,2026年度硬式加盟校として登録。2026夏大会参加校を学校単位へ展開。
PRG003412,SCH003412,hardball,2026,active,active,SRC000219,2026-10-03,2026年度硬式加盟校として登録。2026夏大会参加校を学校単位へ展開。
PRG003413,SCH003413,hardball,2026,active,active,SRC000219,2026-10-03,2026年度硬式加盟校として登録。2026夏大会参加校を学校単位へ展開。
PRG003414,SCH003414,hardball,2026,active,active,SRC000219,2026-10-03,2026年度硬式加盟校として登録。2026夏大会参加校を学校単位へ展開。
PRG003415,SCH003415,hardball,2026,active,active,SRC000219,2026-10-03,2026年度硬式加盟校として登録。2026夏大会参加校を学校単位へ展開。
PRG003416,SCH003416,hardball,2026,active,active,SRC000219,2026-10-03,2026年度硬式加盟校として登録。2026夏大会参加校を学校単位へ展開。
PRG003417,SCH003417,hardball,2026,active,active,SRC000219,2026-10-03,2026年度硬式加盟校として登録。2026夏大会参加校を学校単位へ展開。
PRG003418,SCH003418,hardball,2026,active,active,SRC000219,2026-10-03,2026年度硬式加盟校として登録。2026夏大会参加校を学校単位へ展開。
PRG003419,SCH003419,hardball,2026,active,active,SRC000219,2026-10-03,2026年度硬式加盟校として登録。2026夏大会参加校を学校単位へ展開。
PRG003420,SCH003420,hardball,2026,active,active,SRC000219,2026-10-03,2026年度硬式加盟校として登録。2026夏大会参加校を学校単位へ展開。
PRG003421,SCH003421,hardball,2026,active,active,SRC000219,2026-10-03,2026年度硬式加盟校として登録。2026夏大会参加校を学校単位へ展開。
PRG003422,SCH003422,hardball,2026,active,active,SRC000219,2026-10-03,2026年度硬式加盟校として登録。2026夏大会参加校を学校単位へ展開。
PRG003423,SCH003423,hardball,2026,active,active,SRC000219,2026-10-03,2026年度硬式加盟校として登録。2026夏大会参加校を学校単位へ展開。
PRG003424,SCH003424,hardball,2026,active,active,SRC000219,2026-10-03,2026年度硬式加盟校として登録。2026夏大会参加校を学校単位へ展開。
PRG003425,SCH003425,hardball,2026,active,active,SRC000219,2026-10-03,2026年度硬式加盟校として登録。2026夏大会参加校を学校単位へ展開。
PRG003426,SCH003426,hardball,2026,active,active,SRC000219,2026-10-03,2026年度硬式加盟校として登録。2026夏大会参加校を学校単位へ展開。
PRG003427,SCH003427,hardball,2026,active,active,SRC000219,2026-10-03,2026年度硬式加盟校として登録。2026夏大会参加校を学校単位へ展開。
PRG003428,SCH003428,hardball,2026,active,active,SRC000219,2026-10-03,2026年度硬式加盟校として登録。2026夏大会参加校を学校単位へ展開。 2025年県立高校再編による新設校で、旧校も在校生卒業まで併存。
PRG003429,SCH003429,hardball,2026,active,active,SRC000219,2026-10-03,2026年度硬式加盟校として登録。2026夏大会参加校を学校単位へ展開。
PRG003430,SCH003430,hardball,2026,active,active,SRC000219,2026-10-03,2026年度硬式加盟校として登録。2026夏大会参加校を学校単位へ展開。
PRG003431,SCH003431,hardball,2026,active,active,SRC000219,2026-10-03,2026年度硬式加盟校として登録。2026夏大会参加校を学校単位へ展開。
PRG003432,SCH003432,hardball,2026,active,active,SRC000219,2026-10-03,2026年度硬式加盟校として登録。2026夏大会参加校を学校単位へ展開。
PRG003433,SCH003433,hardball,2026,active,active,SRC000219,2026-10-03,2026年度硬式加盟校として登録。2026夏大会参加校を学校単位へ展開。
PRG003434,SCH003434,hardball,2026,active,active,SRC000219,2026-10-03,2026年度硬式加盟校として登録。2026夏大会参加校を学校単位へ展開。
PRG003435,SCH003435,hardball,2026,active,active,SRC000219,2026-10-03,2026年度硬式加盟校として登録。2026夏大会参加校を学校単位へ展開。
PRG003436,SCH003436,hardball,2026,active,active,SRC000219,2026-10-03,2026年度硬式加盟校として登録。2026夏大会参加校を学校単位へ展開。
PRG003437,SCH003437,hardball,2026,active,active,SRC000219,2026-10-03,2026年度硬式加盟校として登録。2026夏大会参加校を学校単位へ展開。
PRG003438,SCH003438,hardball,2026,active,active,SRC000219,2026-10-03,2026年度硬式加盟校として登録。2026夏大会参加校を学校単位へ展開。 2026年4月新設。姫路・琴丘・飾磨の旧3校も移行期間中併存。
PRG003439,SCH003439,hardball,2026,active,active,SRC000219,2026-10-03,2026年度硬式加盟校として登録。2026夏大会参加校を学校単位へ展開。
PRG003440,SCH003440,hardball,2026,active,active,SRC000219,2026-10-03,2026年度硬式加盟校として登録。2026夏大会参加校を学校単位へ展開。
PRG003441,SCH003441,hardball,2026,active,active,SRC000219,2026-10-03,2026年度硬式加盟校として登録。2026夏大会参加校を学校単位へ展開。
PRG003442,SCH003442,hardball,2026,active,active,SRC000219,2026-10-03,2026年度硬式加盟校として登録。2026夏大会参加校を学校単位へ展開。 2025年県立高校再編による新設校で、旧校も在校生卒業まで併存。
PRG003443,SCH003443,hardball,2026,active,active,SRC000219,2026-10-03,2026年度硬式加盟校として登録。2026夏大会参加校を学校単位へ展開。
PRG003444,SCH003444,hardball,2026,active,active,SRC000219,2026-10-03,2026年度硬式加盟校として登録。2026夏大会参加校を学校単位へ展開。
PRG003445,SCH003445,hardball,2026,active,active,SRC000219,2026-10-03,2026年度硬式加盟校として登録。2026夏大会参加校を学校単位へ展開。
PRG003446,SCH003446,hardball,2026,active,active,SRC000219,2026-10-03,2026年度硬式加盟校として登録。2026夏大会参加校を学校単位へ展開。
PRG003447,SCH003447,hardball,2026,active,active,SRC000219,2026-10-03,2026年度硬式加盟校として登録。2026夏大会参加校を学校単位へ展開。
PRG003448,SCH003448,hardball,2026,active,active,SRC000219,2026-10-03,2026年度硬式加盟校として登録。2026夏大会参加校を学校単位へ展開。
PRG003449,SCH003449,hardball,2026,active,active,SRC000219,2026-10-03,2026年度硬式加盟校として登録。2026夏大会参加校を学校単位へ展開。
PRG003450,SCH003450,hardball,2026,active,active,SRC000219,2026-10-03,2026年度硬式加盟校として登録。2026夏大会参加校を学校単位へ展開。
PRG003451,SCH003451,hardball,2026,active,active,SRC000219,2026-10-03,2026年度硬式加盟校として登録。2026夏大会参加校を学校単位へ展開。
PRG003452,SCH003452,hardball,2026,active,active,SRC000219,2026-10-03,2026年度硬式加盟校として登録。2026夏大会参加校を学校単位へ展開。
PRG003453,SCH003453,hardball,2026,active,active,SRC000219,2026-10-03,2026年度硬式加盟校として登録。2026夏大会参加校を学校単位へ展開。
PRG003454,SCH003454,hardball,2026,active,active,SRC000219,2026-10-03,2026年度硬式加盟校として登録。2026夏大会参加校を学校単位へ展開。
PRG003455,SCH003455,hardball,2026,active,active,SRC000219,2026-10-03,2026年度硬式加盟校として登録。2026夏大会参加校を学校単位へ展開。 2025年県立高校再編による新設校で、旧校も在校生卒業まで併存。
PRG003456,SCH003456,hardball,2026,active,active,SRC000219,2026-10-03,2026年度硬式加盟校として登録。2026夏大会参加校を学校単位へ展開。
PRG003457,SCH003457,hardball,2026,active,active,SRC000219,2026-10-03,2026年度硬式加盟校として登録。2026夏大会参加校を学校単位へ展開。
PRG003458,SCH003458,hardball,2026,active,active,SRC000219,2026-10-03,2026年度硬式加盟校として登録。2026夏大会参加校を学校単位へ展開。
PRG003459,SCH003459,hardball,2026,active,active,SRC000219,2026-10-03,2026年度硬式加盟校として登録。2026夏大会参加校を学校単位へ展開。
PRG003460,SCH003460,hardball,2026,active,active,SRC000219,2026-10-03,2026年度硬式加盟校として登録。2026夏大会参加校を学校単位へ展開。
PRG003461,SCH003461,hardball,2026,active,active,SRC000219,2026-10-03,2026年度硬式加盟校として登録。2026夏大会参加校を学校単位へ展開。
PRG003462,SCH003462,hardball,2026,active,active,SRC000219,2026-10-03,2026年度硬式加盟校として登録。2026夏大会参加校を学校単位へ展開。
PRG003463,SCH003463,hardball,2026,active,active,SRC000219,2026-10-03,2026年度硬式加盟校として登録。2026夏大会参加校を学校単位へ展開。
PRG003464,SCH003464,hardball,2026,active,active,SRC000219,2026-10-03,2026年度硬式加盟校として登録。2026夏大会参加校を学校単位へ展開。
PRG003465,SCH003465,hardball,2026,active,active,SRC000219,2026-10-03,2026年度硬式加盟校として登録。2026夏大会参加校を学校単位へ展開。
PRG003466,SCH003466,hardball,2026,active,active,SRC000219,2026-10-03,2026年度硬式加盟校として登録。2026夏大会参加校を学校単位へ展開。
PRG003467,SCH003467,hardball,2026,active,active,SRC000219,2026-10-03,2026年度硬式加盟校として登録。2026夏大会参加校を学校単位へ展開。
PRG003468,SCH003468,hardball,2026,active,active,SRC000219,2026-10-03,2026年度硬式加盟校として登録。2026夏大会参加校を学校単位へ展開。
PRG003469,SCH003469,hardball,2026,active,active,SRC000219,2026-10-03,2026年度硬式加盟校として登録。2026夏大会参加校を学校単位へ展開。
PRG003470,SCH003470,hardball,2026,active,active,SRC000219,2026-10-03,2026年度硬式加盟校として登録。2026夏大会参加校を学校単位へ展開。
PRG003471,SCH003471,hardball,2026,active,active,SRC000219,2026-10-03,2026年度硬式加盟校として登録。2026夏大会参加校を学校単位へ展開。
PRG003472,SCH003472,hardball,2026,active,active,SRC000219,2026-10-03,2026年度硬式加盟校として登録。2026夏大会参加校を学校単位へ展開。
PRG003473,SCH003473,hardball,2026,active,active,SRC000219,2026-10-03,2026年度硬式加盟校として登録。2026夏大会参加校を学校単位へ展開。
PRG003474,SCH003474,hardball,2026,active,active,SRC000219,2026-10-03,2026年度硬式加盟校として登録。2026夏大会参加校を学校単位へ展開。 2025年県立高校再編による新設校で、旧校も在校生卒業まで併存。
PRG003475,SCH003475,hardball,2026,active,active,SRC000219,2026-10-03,2026年度硬式加盟校として登録。2026夏大会参加校を学校単位へ展開。
PRG003476,SCH003476,hardball,2026,active,active,SRC000219,2026-10-03,2026年度硬式加盟校として登録。2026夏大会参加校を学校単位へ展開。
PRG003477,SCH003477,hardball,2026,active,active,SRC000219,2026-10-03,2026年度硬式加盟校として登録。2026夏大会参加校を学校単位へ展開。
PRG003478,SCH003478,hardball,2026,active,active,SRC000219,2026-10-03,2026年度硬式加盟校として登録。2026夏大会参加校を学校単位へ展開。
PRG003479,SCH003479,hardball,2026,active,active,SRC000219,2026-10-03,2026年度硬式加盟校として登録。2026夏大会参加校を学校単位へ展開。
PRG003480,SCH003480,hardball,2026,active,active,SRC000219,2026-10-03,2026年度硬式加盟校として登録。2026夏大会参加校を学校単位へ展開。
PRG003481,SCH003481,hardball,2026,active,active,SRC000219,2026-10-03,2026年度硬式加盟校として登録。2026夏大会参加校を学校単位へ展開。
PRG003482,SCH003482,hardball,2026,active,active,SRC000219,2026-10-03,2026年度硬式加盟校として登録。2026夏大会参加校を学校単位へ展開。
PRG003483,SCH003483,hardball,2026,active,active,SRC000219,2026-10-03,2026年度硬式加盟校として登録。2026夏大会参加校を学校単位へ展開。
PRG003484,SCH003484,hardball,2026,active,active,SRC000219,2026-10-03,2026年度硬式加盟校として登録。2026夏大会参加校を学校単位へ展開。
PRG003485,SCH003485,hardball,2026,active,active,SRC000219,2026-10-03,2026年度硬式加盟校として登録。2026夏大会参加校を学校単位へ展開。
PRG003486,SCH003486,hardball,2026,active,active,SRC000219,2026-10-03,2026年度硬式加盟校として登録。2026夏大会参加校を学校単位へ展開。
PRG003487,SCH003487,hardball,2026,active,active,SRC000219,2026-10-03,2026年度硬式加盟校として登録。2026夏大会参加校を学校単位へ展開。
PRG003488,SCH003488,hardball,2026,active,active,SRC000219,2026-10-03,2026年度硬式加盟校として登録。2026夏大会参加校を学校単位へ展開。
PRG003489,SCH003489,hardball,2026,active,active,SRC000219,2026-10-03,2026年度硬式加盟校として登録。2026夏大会参加校を学校単位へ展開。
PRG003490,SCH003490,hardball,2026,active,active,SRC000219,2026-10-03,2026年度硬式加盟校として登録。2026夏大会参加校を学校単位へ展開。
PRG003491,SCH003491,hardball,2026,active,active,SRC000219,2026-10-03,2026年度硬式加盟校として登録。2026夏大会参加校を学校単位へ展開。
PRG003492,SCH003492,hardball,2026,active,active,SRC000219,2026-10-03,2026年度硬式加盟校として登録。2026夏大会参加校を学校単位へ展開。
PRG003493,SCH003493,hardball,2026,active,active,SRC000219,2026-10-03,2026年度硬式加盟校として登録。2026夏大会参加校を学校単位へ展開。
PRG003494,SCH003494,hardball,2026,active,active,SRC000219,2026-10-03,2026年度硬式加盟校として登録。2026夏大会参加校を学校単位へ展開。
PRG003495,SCH003495,hardball,2026,active,active,SRC000219,2026-10-03,2026年度硬式加盟校として登録。2026夏大会参加校を学校単位へ展開。
PRG003496,SCH003496,hardball,2026,active,active,SRC000219,2026-10-03,2026年度硬式加盟校として登録。2026夏大会参加校を学校単位へ展開。
PRG003497,SCH003497,hardball,2026,active,active,SRC000219,2026-10-03,2026年度硬式加盟校として登録。2026夏大会参加校を学校単位へ展開。
PRG003498,SCH003498,hardball,2026,active,active,SRC000219,2026-10-03,2026年度硬式加盟校として登録。2026夏大会参加校を学校単位へ展開。
PRG003499,SCH003499,hardball,2026,active,active,SRC000219,2026-10-03,2026年度硬式加盟校として登録。2026夏大会参加校を学校単位へ展開。
PRG003500,SCH003500,hardball,2026,active,active,SRC000219,2026-10-03,2026年度硬式加盟校として登録。2026夏大会参加校を学校単位へ展開。
PRG003501,SCH003501,hardball,2026,active,active,SRC000219,2026-10-03,2026年度硬式加盟校として登録。2026夏大会参加校を学校単位へ展開。
PRG003502,SCH003502,hardball,2026,active,active,SRC000219,2026-10-03,2026年度硬式加盟校として登録。2026夏大会参加校を学校単位へ展開。 2025年県立高校再編による新設校で、旧校も在校生卒業まで併存。
PRG003503,SCH003503,hardball,2026,active,active,SRC000219,2026-10-03,2026年度硬式加盟校として登録。2026夏大会参加校を学校単位へ展開。
PRG003504,SCH003504,hardball,2026,active,active,SRC000219,2026-10-03,2026年度硬式加盟校として登録。2026夏大会参加校を学校単位へ展開。 2025年県立高校再編による新設校で、旧校も在校生卒業まで併存。
PRG003505,SCH003505,hardball,2026,active,active,SRC000219,2026-10-03,2026年度硬式加盟校として登録。2026夏大会参加校を学校単位へ展開。
PRG003506,SCH003506,hardball,2026,active,active,SRC000219,2026-10-03,2026年度硬式加盟校として登録。2026夏大会参加校を学校単位へ展開。
PRG003507,SCH003507,hardball,2026,active,active,SRC000219,2026-10-03,2026年度硬式加盟校として登録。2026夏大会参加校を学校単位へ展開。
PRG003508,SCH003508,hardball,2026,active,active,SRC000219,2026-10-03,2026年度硬式加盟校として登録。2026夏大会参加校を学校単位へ展開。
PRG003509,SCH003509,hardball,2026,active,active,SRC000219,2026-10-03,2026年度硬式加盟校として登録。2026夏大会参加校を学校単位へ展開。
PRG003510,SCH003510,hardball,2026,active,active,SRC000219,2026-10-03,2026年度硬式加盟校として登録。2026夏大会参加校を学校単位へ展開。
PRG003511,SCH003511,hardball,2026,active,active,SRC000219,2026-10-03,2026年度硬式加盟校として登録。2026夏大会参加校を学校単位へ展開。
PRG003512,SCH003512,hardball,2026,active,active,SRC000219,2026-10-03,2026年度硬式加盟校として登録。2026夏大会参加校を学校単位へ展開。
PRG003513,SCH003513,hardball,2026,active,active,SRC000219,2026-10-03,2026年度硬式加盟校として登録。2026夏大会参加校を学校単位へ展開。
PRG003514,SCH003514,hardball,2026,active,active,SRC000219,2026-10-03,2026年度硬式加盟校として登録。2026夏大会参加校を学校単位へ展開。
PRG003515,SCH003515,hardball,2026,active,active,SRC000219,2026-10-03,2026年度硬式加盟校として登録。2026夏大会参加校を学校単位へ展開。
PRG003516,SCH003516,hardball,2026,active,active,SRC000219,2026-10-03,2026年度硬式加盟校として登録。2026夏大会参加校を学校単位へ展開。
PRG003517,SCH003517,hardball,2026,active,active,SRC000219,2026-10-03,2026年度硬式加盟校として登録。2026夏大会参加校を学校単位へ展開。
PRG003518,SCH003518,hardball,2026,active,active,SRC000219,2026-10-03,2026年度硬式加盟校として登録。2026夏大会参加校を学校単位へ展開。
PRG003519,SCH003519,hardball,2026,active,active,SRC000219,2026-10-03,2026年度硬式加盟校として登録。2026夏大会参加校を学校単位へ展開。
PRG003520,SCH003520,hardball,2026,active,active,SRC000219,2026-10-03,2026年度硬式加盟校として登録。2026夏大会参加校を学校単位へ展開。
PRG003521,SCH003521,hardball,2026,active,active,SRC000219,2026-10-03,2026年度硬式加盟校として登録。2026夏大会参加校を学校単位へ展開。
PRG003522,SCH003522,hardball,2026,active,active,SRC000219,2026-10-03,2026年度硬式加盟校として登録。2026夏大会参加校を学校単位へ展開。
PRG003523,SCH003523,hardball,2026,active,active,SRC000219,2026-10-03,2026年度硬式加盟校として登録。2026夏大会参加校を学校単位へ展開。
PRG003524,SCH003524,hardball,2026,active,active,SRC000219,2026-10-03,2026年度硬式加盟校として登録。2026夏大会参加校を学校単位へ展開。
PRG003525,SCH003525,hardball,2026,active,active,SRC000219,2026-10-03,2026年度硬式加盟校として登録。2026夏大会参加校を学校単位へ展開。
PRG003526,SCH003526,hardball,2026,active,active,SRC000219,2026-10-03,2026年度硬式加盟校として登録。2026夏大会参加校を学校単位へ展開。
PRG003527,SCH003527,hardball,2026,active,active,SRC000219,2026-10-03,2026年度硬式加盟校として登録。2026夏大会参加校を学校単位へ展開。
PRG003528,SCH003528,hardball,2026,active,active,SRC000219,2026-10-03,2026年度硬式加盟校として登録。2026夏大会参加校を学校単位へ展開。
PRG003529,SCH003529,hardball,2026,active,active,SRC000219,2026-10-03,2026年度硬式加盟校として登録。2026夏大会参加校を学校単位へ展開。
PRG003530,SCH003530,hardball,2026,active,active,SRC000219,2026-10-03,2026年度硬式加盟校として登録。2026夏大会参加校を学校単位へ展開。
PRG003531,SCH003531,hardball,2026,active,active,SRC000219,2026-10-03,2026年度硬式加盟校として登録。2026夏大会参加校を学校単位へ展開。
PRG003532,SCH003532,hardball,2026,active,active,SRC000219,2026-10-03,2026年度硬式加盟校として登録。2026夏大会参加校を学校単位へ展開。
PRG003533,SCH003533,hardball,2026,active,active,SRC000219,2026-10-03,2026年度硬式加盟校として登録。2026夏大会参加校を学校単位へ展開。
PRG003534,SCH003534,hardball,2026,active,active,SRC000219,2026-10-03,2026年度硬式加盟校として登録。2026夏大会参加校を学校単位へ展開。
PRG003535,SCH003535,hardball,2026,active,active,SRC000219,2026-10-03,2026年度硬式加盟校として登録。2026夏大会参加校を学校単位へ展開。
PRG003536,SCH003536,hardball,2026,active,active,SRC000219,2026-10-03,2026年度硬式加盟校として登録。2026夏大会参加校を学校単位へ展開。
PRG003537,SCH003537,hardball,2026,active,active,SRC000219,2026-10-03,2026年度硬式加盟校として登録。2026夏大会参加校を学校単位へ展開。
PRG003538,SCH003538,hardball,2026,active,active,SRC000219,2026-10-03,2026年度硬式加盟校として登録。2026夏大会参加校を学校単位へ展開。
PRG003539,SCH003539,hardball,2026,active,active,SRC000219,2026-10-03,2026年度硬式加盟校として登録。2026夏大会参加校を学校単位へ展開。
PRG003540,SCH003540,hardball,2026,active,active,SRC000219,2026-10-03,2026年度硬式加盟校として登録。2026夏大会参加校を学校単位へ展開。
PRG003541,SCH003541,hardball,2026,active,active,SRC000219,2026-10-03,2026年度硬式加盟校として登録。2026夏大会参加校を学校単位へ展開。
PRG003542,SCH003542,hardball,2026,active,active,SRC000219,2026-10-03,2026年度硬式加盟校として登録。2026夏大会参加校を学校単位へ展開。
PRG003543,SCH003543,hardball,2026,active,active,SRC000219,2026-10-03,2026年度硬式加盟校として登録。2026夏大会参加校を学校単位へ展開。
PRG003544,SCH003544,hardball,2026,active,active,SRC000219,2026-10-03,2026年度硬式加盟校として登録。2026夏大会参加校を学校単位へ展開。
PRG003545,SCH003545,hardball,2026,active,active,SRC000219,2026-10-03,2026年度硬式加盟校として登録。2026夏大会参加校を学校単位へ展開。
PRG003546,SCH003546,hardball,2026,active,active,SRC000219,2026-10-03,2026年度硬式加盟校として登録。2026夏大会参加校を学校単位へ展開。
PRG003547,SCH003547,hardball,2026,active,active,SRC000219,2026-10-03,2026年度硬式加盟校として登録。2026夏大会参加校を学校単位へ展開。
PRG003548,SCH003548,hardball,2026,active,active,SRC000219,2026-10-03,2026年度硬式加盟校として登録。2026夏大会参加校を学校単位へ展開。
PRG003549,SCH003549,hardball,2026,active,active,SRC000219,2026-10-03,2026年度硬式加盟校として登録。2026夏大会参加校を学校単位へ展開。
PRG003550,SCH003550,hardball,2026,active,active,SRC000219,2026-10-03,2026年度硬式加盟校として登録。2026夏大会参加校を学校単位へ展開。
PRG003551,SCH003551,hardball,2026,active,active,SRC000219,2026-10-03,2026年度硬式加盟校として登録。2026夏大会参加校を学校単位へ展開。
PRG003552,SCH003552,hardball,2026,active,active,SRC000219,2026-10-03,2026年度硬式加盟校として登録。2026夏大会参加校を学校単位へ展開。
PRG003553,SCH003553,hardball,2026,active,active,SRC000219,2026-10-03,2026年度硬式加盟校として登録。2026夏大会参加校を学校単位へ展開。
PRG003554,SCH003554,hardball,2026,active,active,SRC000219,2026-10-03,2026年度硬式加盟校として登録。2026夏大会参加校を学校単位へ展開。
PRG003555,SCH003555,hardball,2026,active,active,SRC000219,2026-10-03,2026年度硬式加盟校として登録。2026夏大会参加校を学校単位へ展開。
PRG003556,SCH003556,hardball,2026,active,active,SRC000219,2026-10-03,2026年度硬式加盟校として登録。2026夏大会参加校を学校単位へ展開。
PRG003557,SCH003557,hardball,2026,active,active,SRC000219,2026-10-03,2026年度硬式加盟校として登録。2026夏大会参加校を学校単位へ展開。
PRG003558,SCH003558,hardball,2026,active,active,SRC000219,2026-10-03,2026年度硬式加盟校として登録。2026夏大会参加校を学校単位へ展開。
PRG003559,SCH003559,hardball,2026,active,active,SRC000219,2026-10-03,2026年度硬式加盟校として登録。2026夏大会参加校を学校単位へ展開。
PRG003560,SCH003560,hardball,2026,active,active,SRC000219,2026-10-03,2026年度硬式加盟校として登録。2026夏大会参加校を学校単位へ展開。
PRG003561,SCH003561,hardball,2026,active,active,SRC000219,2026-10-03,2026年度硬式加盟校として登録。2026夏大会参加校を学校単位へ展開。
PRG003562,SCH003562,hardball,2026,active,active,SRC000219,2026-10-03,2026年度硬式加盟校として登録。2026夏大会参加校を学校単位へ展開。
PRG003563,SCH003563,hardball,2026,active,active,SRC000220,2026-10-03,2026年度硬式加盟校として登録。2026夏は不参加だが、秋季但丹地区予選で4校連合（村岡・和田山・出石・生野）として活動確認。JHBF公式167校との差1校を補完。
PRG003564,SCH003564,hardball,2026,active,active,SRC000226,2026-10-03,2026年度硬式加盟校として登録。2026夏大会参加校を合同表記から学校単位へ展開。
PRG003565,SCH003565,hardball,2026,active,active,SRC000226,2026-10-03,2026年度硬式加盟校として登録。2026夏大会参加校を合同表記から学校単位へ展開。
PRG003566,SCH003566,hardball,2026,active,active,SRC000226,2026-10-03,2026年度硬式加盟校として登録。2026夏大会参加校を合同表記から学校単位へ展開。
PRG003567,SCH003567,hardball,2026,active,active,SRC000226,2026-10-03,2026年度硬式加盟校として登録。2026夏大会参加校を合同表記から学校単位へ展開。
PRG003568,SCH003568,hardball,2026,active,active,SRC000226,2026-10-03,2026年度硬式加盟校として登録。2026夏大会参加校を合同表記から学校単位へ展開。
PRG003569,SCH003569,hardball,2026,active,active,SRC000226,2026-10-03,2026年度硬式加盟校として登録。2026夏大会参加校を合同表記から学校単位へ展開。
PRG003570,SCH003570,hardball,2026,active,active,SRC000226,2026-10-03,2026年度硬式加盟校として登録。2026夏大会参加校を合同表記から学校単位へ展開。
PRG003571,SCH003571,hardball,2026,active,active,SRC000226,2026-10-03,2026年度硬式加盟校として登録。2026夏大会参加校を合同表記から学校単位へ展開。
PRG003572,SCH003572,hardball,2026,active,active,SRC000226,2026-10-03,2026年度硬式加盟校として登録。2026夏大会参加校を合同表記から学校単位へ展開。
PRG003573,SCH003573,hardball,2026,active,active,SRC000226,2026-10-03,2026年度硬式加盟校として登録。2026夏大会参加校を合同表記から学校単位へ展開。
PRG003574,SCH003574,hardball,2026,active,active,SRC000226,2026-10-03,2026年度硬式加盟校として登録。2026夏大会参加校を合同表記から学校単位へ展開。
PRG003575,SCH003575,hardball,2026,active,active,SRC000226,2026-10-03,2026年度硬式加盟校として登録。2026夏大会参加校を合同表記から学校単位へ展開。
PRG003576,SCH003576,hardball,2026,active,active,SRC000226,2026-10-03,2026年度硬式加盟校として登録。2026夏大会参加校を合同表記から学校単位へ展開。
PRG003577,SCH003577,hardball,2026,active,active,SRC000226,2026-10-03,2026年度硬式加盟校として登録。2026夏大会参加校を合同表記から学校単位へ展開。
PRG003578,SCH003578,hardball,2026,active,active,SRC000226,2026-10-03,2026年度硬式加盟校として登録。2026夏大会参加校を合同表記から学校単位へ展開。
PRG003579,SCH003579,hardball,2026,active,active,SRC000226,2026-10-03,2026年度硬式加盟校として登録。2026夏大会参加校を合同表記から学校単位へ展開。
PRG003580,SCH003580,hardball,2026,active,active,SRC000226,2026-10-03,2026年度硬式加盟校として登録。2026夏大会参加校を合同表記から学校単位へ展開。
PRG003581,SCH003581,hardball,2026,active,active,SRC000226,2026-10-03,2026年度硬式加盟校として登録。2026夏大会参加校を合同表記から学校単位へ展開。
PRG003582,SCH003582,hardball,2026,active,active,SRC000226,2026-10-03,2026年度硬式加盟校として登録。2026夏大会参加校を合同表記から学校単位へ展開。
PRG003583,SCH003583,hardball,2026,active,active,SRC000226,2026-10-03,2026年度硬式加盟校として登録。2026夏大会参加校を合同表記から学校単位へ展開。
PRG003584,SCH003584,hardball,2026,active,active,SRC000226,2026-10-03,2026年度硬式加盟校として登録。2026夏大会参加校を合同表記から学校単位へ展開。
PRG003585,SCH003585,hardball,2026,active,active,SRC000226,2026-10-03,2026年度硬式加盟校として登録。2026夏大会参加校を合同表記から学校単位へ展開。
PRG003586,SCH003586,hardball,2026,active,active,SRC000226,2026-10-03,2026年度硬式加盟校として登録。2026夏大会参加校を合同表記から学校単位へ展開。
PRG003587,SCH003587,hardball,2026,active,active,SRC000226,2026-10-03,2026年度硬式加盟校として登録。2026夏大会参加校を合同表記から学校単位へ展開。
PRG003588,SCH003588,hardball,2026,active,active,SRC000226,2026-10-03,2026年度硬式加盟校として登録。2026夏大会参加校を合同表記から学校単位へ展開。
PRG003589,SCH003589,hardball,2026,active,active,SRC000226,2026-10-03,2026年度硬式加盟校として登録。2026夏大会参加校を合同表記から学校単位へ展開。
PRG003590,SCH003590,hardball,2026,active,active,SRC000226,2026-10-03,2026年度硬式加盟校として登録。2026夏大会参加校を合同表記から学校単位へ展開。
PRG003591,SCH003591,hardball,2026,active,active,SRC000226,2026-10-03,2026年度硬式加盟校として登録。2026夏大会参加校を合同表記から学校単位へ展開。
PRG003592,SCH003592,hardball,2026,active,active,SRC000226,2026-10-03,2026年度硬式加盟校として登録。2026夏大会参加校を合同表記から学校単位へ展開。
PRG003593,SCH003593,hardball,2026,active,active,SRC000226,2026-10-03,2026年度硬式加盟校として登録。2026夏大会参加校を合同表記から学校単位へ展開。
PRG003594,SCH003594,hardball,2026,active,active,SRC000226,2026-10-03,2026年度硬式加盟校として登録。2026夏大会参加校を合同表記から学校単位へ展開。
PRG003595,SCH003595,hardball,2026,active,active,SRC000226,2026-10-03,2026年度硬式加盟校として登録。2026夏大会参加校を合同表記から学校単位へ展開。
PRG003596,SCH003596,hardball,2026,active,active,SRC000226,2026-10-03,2026年度硬式加盟校として登録。2026夏大会参加校を合同表記から学校単位へ展開。
PRG003597,SCH003597,hardball,2026,active,active,SRC000226,2026-10-03,2026年度硬式加盟校として登録。2026夏大会参加校を合同表記から学校単位へ展開。
PRG003598,SCH003598,hardball,2026,active,active,SRC000226,2026-10-03,2026年度硬式加盟校として登録。2026夏大会参加校を合同表記から学校単位へ展開。
PRG003599,SCH003599,hardball,2026,active,active,SRC000226,2026-10-03,2026年度硬式加盟校として登録。2026夏大会参加校を合同表記から学校単位へ展開。
PRG003600,SCH003600,hardball,2026,active,active,SRC000226,2026-10-03,2026年度硬式加盟校として登録。2026夏大会参加校を合同表記から学校単位へ展開。
PRG003601,SCH003601,hardball,2026,active,active,SRC000226,2026-10-03,2026年度硬式加盟校として登録。2026夏大会参加校を合同表記から学校単位へ展開。
PRG003602,SCH003602,hardball,2026,active,active,SRC000226,2026-10-03,2026年度硬式加盟校として登録。2026夏大会参加校を合同表記から学校単位へ展開。
PRG003603,SCH003603,hardball,2026,active,active,SRC000226,2026-10-03,2026年度硬式加盟校として登録。2026夏大会参加校を合同表記から学校単位へ展開。
PRG003604,SCH003604,hardball,2026,active,active,SRC000226,2026-10-03,2026年度硬式加盟校として登録。2026夏大会参加校を合同表記から学校単位へ展開。
PRG003605,SCH003605,hardball,2026,active,active,SRC000226,2026-10-03,2026年度硬式加盟校として登録。2026夏大会参加校を合同表記から学校単位へ展開。
PRG003606,SCH003606,hardball,2026,active,active,SRC000226,2026-10-03,2026年度硬式加盟校として登録。2026夏大会参加校を合同表記から学校単位へ展開。
PRG003607,SCH003607,hardball,2026,active,active,SRC000226,2026-10-03,2026年度硬式加盟校として登録。2026夏大会参加校を合同表記から学校単位へ展開。
PRG003608,SCH003608,hardball,2026,active,active,SRC000226,2026-10-03,2026年度硬式加盟校として登録。2026夏大会参加校を合同表記から学校単位へ展開。
PRG003609,SCH003609,hardball,2026,active,active,SRC000226,2026-10-03,2026年度硬式加盟校として登録。2026夏大会参加校を合同表記から学校単位へ展開。
PRG003610,SCH003610,hardball,2026,active,active,SRC000226,2026-10-03,2026年度硬式加盟校として登録。2026夏大会参加校を合同表記から学校単位へ展開。
PRG003611,SCH003611,hardball,2026,active,active,SRC000226,2026-10-03,2026年度硬式加盟校として登録。2026夏大会参加校を合同表記から学校単位へ展開。
PRG003612,SCH003612,hardball,2026,active,active,SRC000226,2026-10-03,2026年度硬式加盟校として登録。2026夏大会参加校を合同表記から学校単位へ展開。
PRG003613,SCH003613,hardball,2026,active,active,SRC000226,2026-10-03,2026年度硬式加盟校として登録。2026夏大会参加校を合同表記から学校単位へ展開。
PRG003614,SCH003614,hardball,2026,active,active,SRC000226,2026-10-03,2026年度硬式加盟校として登録。2026夏大会参加校を合同表記から学校単位へ展開。
PRG003615,SCH003615,hardball,2026,active,active,SRC000226,2026-10-03,2026年度硬式加盟校として登録。2026夏大会参加校を合同表記から学校単位へ展開。
PRG003616,SCH003616,hardball,2026,active,active,SRC000226,2026-10-03,2026年度硬式加盟校として登録。2026夏大会参加校を合同表記から学校単位へ展開。
PRG003617,SCH003617,hardball,2026,active,active,SRC000226,2026-10-03,2026年度硬式加盟校として登録。2026夏大会参加校を合同表記から学校単位へ展開。
PRG003618,SCH003618,hardball,2026,active,active,SRC000226,2026-10-03,2026年度硬式加盟校として登録。2026夏大会参加校を合同表記から学校単位へ展開。
PRG003619,SCH003619,hardball,2026,active,active,SRC000226,2026-10-03,2026年度硬式加盟校として登録。2026夏大会参加校を合同表記から学校単位へ展開。
PRG003620,SCH003620,hardball,2026,active,active,SRC000226,2026-10-03,2026年度硬式加盟校として登録。2026夏大会参加校を合同表記から学校単位へ展開。
PRG003621,SCH003621,hardball,2026,active,active,SRC000226,2026-10-03,2026年度硬式加盟校として登録。2026夏大会参加校を合同表記から学校単位へ展開。
PRG003622,SCH003622,hardball,2026,active,active,SRC000226,2026-10-03,2026年度硬式加盟校として登録。2026夏大会参加校を合同表記から学校単位へ展開。
PRG003623,SCH003623,hardball,2026,active,active,SRC000226,2026-10-03,2026年度硬式加盟校として登録。2026夏大会参加校を合同表記から学校単位へ展開。
PRG003624,SCH003624,hardball,2026,active,active,SRC000226,2026-10-03,2026年度硬式加盟校として登録。2026夏大会参加校を合同表記から学校単位へ展開。
PRG003625,SCH003625,hardball,2026,active,active,SRC000226,2026-10-03,2026年度硬式加盟校として登録。2026夏大会参加校を合同表記から学校単位へ展開。
PRG003626,SCH003626,hardball,2026,active,active,SRC000226,2026-10-03,2026年度硬式加盟校として登録。2026夏大会参加校を合同表記から学校単位へ展開。
PRG003627,SCH003627,hardball,2026,active,active,SRC000226,2026-10-03,2026年度硬式加盟校として登録。2026夏大会参加校を合同表記から学校単位へ展開。
PRG003628,SCH003628,hardball,2026,active,active,SRC000226,2026-10-03,2026年度硬式加盟校として登録。2026夏大会参加校を合同表記から学校単位へ展開。
PRG003629,SCH003629,hardball,2026,active,active,SRC000226,2026-10-03,2026年度硬式加盟校として登録。2026夏大会参加校を合同表記から学校単位へ展開。
PRG003630,SCH003630,hardball,2026,active,active,SRC000226,2026-10-03,2026年度硬式加盟校として登録。2026夏大会参加校を合同表記から学校単位へ展開。
PRG003631,SCH003631,hardball,2026,active,active,SRC000226,2026-10-03,2026年度硬式加盟校として登録。2026夏大会参加校を合同表記から学校単位へ展開。
PRG003632,SCH003632,hardball,2026,active,active,SRC000226,2026-10-03,2026年度硬式加盟校として登録。2026夏大会参加校を合同表記から学校単位へ展開。
PRG003633,SCH003633,hardball,2026,active,active,SRC000226,2026-10-03,2026年度硬式加盟校として登録。2026夏大会参加校を合同表記から学校単位へ展開。
PRG003634,SCH003634,hardball,2026,active,active,SRC000226,2026-10-03,2026年度硬式加盟校として登録。2026夏大会参加校を合同表記から学校単位へ展開。
PRG003635,SCH003635,hardball,2026,active,active,SRC000226,2026-10-03,2026年度硬式加盟校として登録。2026夏大会参加校を合同表記から学校単位へ展開。
PRG003636,SCH003636,hardball,2026,active,active,SRC000226,2026-10-03,2026年度硬式加盟校として登録。2026夏大会参加校を合同表記から学校単位へ展開。
PRG003637,SCH003637,hardball,2026,active,active,SRC000226,2026-10-03,2026年度硬式加盟校として登録。2026夏大会参加校を合同表記から学校単位へ展開。
PRG003638,SCH003638,hardball,2026,active,active,SRC000226,2026-10-03,2026年度硬式加盟校として登録。2026夏大会参加校を合同表記から学校単位へ展開。
PRG003639,SCH003639,hardball,2026,active,active,SRC000226,2026-10-03,2026年度硬式加盟校として登録。2026夏大会参加校を合同表記から学校単位へ展開。
PRG003640,SCH003640,hardball,2026,active,active,SRC000226,2026-10-03,2026年度硬式加盟校として登録。2026夏大会参加校を合同表記から学校単位へ展開。
PRG003641,SCH003641,hardball,2026,active,active,SRC000226,2026-10-03,2026年度硬式加盟校として登録。2026夏大会参加校を合同表記から学校単位へ展開。
PRG003642,SCH003642,hardball,2026,active,active,SRC000226,2026-10-03,2026年度硬式加盟校として登録。2026夏大会参加校を合同表記から学校単位へ展開。
PRG003643,SCH003643,hardball,2026,active,active,SRC000226,2026-10-03,2026年度硬式加盟校として登録。2026夏大会参加校を合同表記から学校単位へ展開。
PRG003644,SCH003644,hardball,2026,active,active,SRC000226,2026-10-03,2026年度硬式加盟校として登録。2026夏大会参加校を合同表記から学校単位へ展開。
PRG003645,SCH003645,hardball,2026,active,active,SRC000226,2026-10-03,2026年度硬式加盟校として登録。2026夏大会参加校を合同表記から学校単位へ展開。
PRG003646,SCH003646,hardball,2026,active,active,SRC000226,2026-10-03,2026年度硬式加盟校として登録。2026夏大会参加校を合同表記から学校単位へ展開。
PRG003647,SCH003647,hardball,2026,active,active,SRC000226,2026-10-03,2026年度硬式加盟校として登録。2026夏大会参加校を合同表記から学校単位へ展開。
PRG003648,SCH003648,hardball,2026,active,active,SRC000226,2026-10-03,2026年度硬式加盟校として登録。2026夏大会参加校を合同表記から学校単位へ展開。
PRG003649,SCH003649,hardball,2026,active,active,SRC000226,2026-10-03,2026年度硬式加盟校として登録。2026夏大会参加校を合同表記から学校単位へ展開。
PRG003650,SCH003650,hardball,2026,active,active,SRC000226,2026-10-03,2026年度硬式加盟校として登録。2026夏大会参加校を合同表記から学校単位へ展開。
PRG003651,SCH003651,hardball,2026,active,active,SRC000226,2026-10-03,2026年度硬式加盟校として登録。2026夏大会参加校を合同表記から学校単位へ展開。
PRG003652,SCH003652,hardball,2026,active,active,SRC000226,2026-10-03,2026年度硬式加盟校として登録。2026夏大会参加校を合同表記から学校単位へ展開。
PRG003653,SCH003653,hardball,2026,active,active,SRC000226,2026-10-03,2026年度硬式加盟校として登録。2026夏大会参加校を合同表記から学校単位へ展開。
PRG003654,SCH003654,hardball,2026,active,active,SRC000226,2026-10-03,2026年度硬式加盟校として登録。2026夏大会参加校を合同表記から学校単位へ展開。
PRG003655,SCH003655,hardball,2026,active,active,SRC000226,2026-10-03,2026年度硬式加盟校として登録。2026夏大会参加校を合同表記から学校単位へ展開。
PRG003656,SCH003656,hardball,2026,active,active,SRC000226,2026-10-03,2026年度硬式加盟校として登録。2026夏大会参加校を合同表記から学校単位へ展開。
PRG003657,SCH003657,hardball,2026,active,active,SRC000226,2026-10-03,2026年度硬式加盟校として登録。2026夏大会参加校を合同表記から学校単位へ展開。
PRG003658,SCH003658,hardball,2026,active,active,SRC000226,2026-10-03,2026年度硬式加盟校として登録。2026夏大会参加校を合同表記から学校単位へ展開。
PRG003659,SCH003659,hardball,2026,active,active,SRC000226,2026-10-03,2026年度硬式加盟校として登録。2026夏大会参加校を合同表記から学校単位へ展開。
PRG003660,SCH003660,hardball,2026,active,active,SRC000226,2026-10-03,2026年度硬式加盟校として登録。2026夏大会参加校を合同表記から学校単位へ展開。
PRG003661,SCH003661,hardball,2026,active,active,SRC000226,2026-10-03,2026年度硬式加盟校として登録。2026夏大会参加校を合同表記から学校単位へ展開。
PRG003662,SCH003662,hardball,2026,active,active,SRC000226,2026-10-03,2026年度硬式加盟校として登録。2026夏大会参加校を合同表記から学校単位へ展開。
PRG003663,SCH003663,hardball,2026,active,active,SRC000226,2026-10-03,2026年度硬式加盟校として登録。2026夏大会参加校を合同表記から学校単位へ展開。
PRG003664,SCH003664,hardball,2026,active,active,SRC000226,2026-10-03,2026年度硬式加盟校として登録。2026夏大会参加校を合同表記から学校単位へ展開。
PRG003665,SCH003665,hardball,2026,active,active,SRC000226,2026-10-03,2026年度硬式加盟校として登録。2026夏大会参加校を合同表記から学校単位へ展開。
PRG003666,SCH003666,hardball,2026,active,active,SRC000226,2026-10-03,2026年度硬式加盟校として登録。2026夏大会参加校を合同表記から学校単位へ展開。
PRG003667,SCH003667,hardball,2026,active,active,SRC000226,2026-10-03,2026年度硬式加盟校として登録。2026夏大会参加校を合同表記から学校単位へ展開。
PRG003668,SCH003668,hardball,2026,active,active,SRC000226,2026-10-03,2026年度硬式加盟校として登録。2026夏大会参加校を合同表記から学校単位へ展開。
PRG003669,SCH003669,hardball,2026,active,active,SRC000226,2026-10-03,2026年度硬式加盟校として登録。2026夏大会参加校を合同表記から学校単位へ展開。
PRG003670,SCH003670,hardball,2026,active,active,SRC000226,2026-10-03,2026年度硬式加盟校として登録。2026夏大会参加校を合同表記から学校単位へ展開。
PRG003671,SCH003671,hardball,2026,active,active,SRC000226,2026-10-03,2026年度硬式加盟校として登録。2026夏大会参加校を合同表記から学校単位へ展開。
PRG003672,SCH003672,hardball,2026,active,active,SRC000226,2026-10-03,2026年度硬式加盟校として登録。2026夏大会参加校を合同表記から学校単位へ展開。
PRG003673,SCH003673,hardball,2026,active,active,SRC000226,2026-10-03,2026年度硬式加盟校として登録。2026夏大会参加校を合同表記から学校単位へ展開。
PRG003674,SCH003674,hardball,2026,active,active,SRC000226,2026-10-03,2026年度硬式加盟校として登録。2026夏大会参加校を合同表記から学校単位へ展開。
PRG003675,SCH003675,hardball,2026,active,active,SRC000226,2026-10-03,2026年度硬式加盟校として登録。2026夏大会参加校を合同表記から学校単位へ展開。
PRG003676,SCH003676,hardball,2026,active,active,SRC000226,2026-10-03,2026年度硬式加盟校として登録。2026夏大会参加校を合同表記から学校単位へ展開。
PRG003677,SCH003677,hardball,2026,active,active,SRC000226,2026-10-03,2026年度硬式加盟校として登録。2026夏大会参加校を合同表記から学校単位へ展開。
PRG003678,SCH003678,hardball,2026,active,active,SRC000226,2026-10-03,2026年度硬式加盟校として登録。2026夏大会参加校を合同表記から学校単位へ展開。
PRG003679,SCH003679,hardball,2026,active,active,SRC000226,2026-10-03,2026年度硬式加盟校として登録。2026夏大会参加校を合同表記から学校単位へ展開。
PRG003680,SCH003680,hardball,2026,active,active,SRC000226,2026-10-03,2026年度硬式加盟校として登録。2026夏大会参加校を合同表記から学校単位へ展開。
PRG003681,SCH003681,hardball,2026,active,active,SRC000226,2026-10-03,2026年度硬式加盟校として登録。2026夏大会参加校を合同表記から学校単位へ展開。
PRG003682,SCH003682,hardball,2026,active,active,SRC000226,2026-10-03,2026年度硬式加盟校として登録。2026夏大会参加校を合同表記から学校単位へ展開。
PRG003683,SCH003683,hardball,2026,active,active,SRC000226,2026-10-03,2026年度硬式加盟校として登録。2026夏大会参加校を合同表記から学校単位へ展開。
PRG003684,SCH003684,hardball,2026,active,active,SRC000226,2026-10-03,2026年度硬式加盟校として登録。2026夏大会参加校を合同表記から学校単位へ展開。
PRG003685,SCH003685,hardball,2026,active,active,SRC000226,2026-10-03,2026年度硬式加盟校として登録。2026夏大会参加校を合同表記から学校単位へ展開。
PRG003686,SCH003686,hardball,2026,active,active,SRC000226,2026-10-03,2026年度硬式加盟校として登録。2026夏大会参加校を合同表記から学校単位へ展開。
PRG003687,SCH003687,hardball,2026,active,active,SRC000226,2026-10-03,2026年度硬式加盟校として登録。2026夏大会参加校を合同表記から学校単位へ展開。
PRG003688,SCH003688,hardball,2026,active,active,SRC000226,2026-10-03,2026年度硬式加盟校として登録。2026夏大会参加校を合同表記から学校単位へ展開。
PRG003689,SCH003689,hardball,2026,active,active,SRC000226,2026-10-03,2026年度硬式加盟校として登録。2026夏大会参加校を合同表記から学校単位へ展開。
PRG003690,SCH003690,hardball,2026,active,active,SRC000226,2026-10-03,2026年度硬式加盟校として登録。2026夏大会参加校を合同表記から学校単位へ展開。
PRG003691,SCH003691,hardball,2026,active,active,SRC000226,2026-10-03,2026年度硬式加盟校として登録。2026夏大会参加校を合同表記から学校単位へ展開。
PRG003692,SCH003692,hardball,2026,active,active,SRC000226,2026-10-03,2026年度硬式加盟校として登録。2026夏大会参加校を合同表記から学校単位へ展開。
PRG003693,SCH003693,hardball,2026,active,active,SRC000226,2026-10-03,2026年度硬式加盟校として登録。2026夏大会参加校を合同表記から学校単位へ展開。
PRG003694,SCH003694,hardball,2026,active,active,SRC000226,2026-10-03,2026年度硬式加盟校として登録。2026夏大会参加校を合同表記から学校単位へ展開。
PRG003695,SCH003695,hardball,2026,active,active,SRC000226,2026-10-03,2026年度硬式加盟校として登録。2026夏大会参加校を合同表記から学校単位へ展開。
PRG003696,SCH003696,hardball,2026,active,active,SRC000226,2026-10-03,2026年度硬式加盟校として登録。2026夏大会参加校を合同表記から学校単位へ展開。
PRG003697,SCH003697,hardball,2026,active,active,SRC000226,2026-10-03,2026年度硬式加盟校として登録。2026夏大会参加校を合同表記から学校単位へ展開。
PRG003698,SCH003698,hardball,2026,active,active,SRC000226,2026-10-03,2026年度硬式加盟校として登録。2026夏大会参加校を合同表記から学校単位へ展開。
PRG003699,SCH003699,hardball,2026,active,active,SRC000226,2026-10-03,2026年度硬式加盟校として登録。2026夏大会参加校を合同表記から学校単位へ展開。
PRG003700,SCH003700,hardball,2026,active,active,SRC000226,2026-10-03,2026年度硬式加盟校として登録。2026夏大会参加校を合同表記から学校単位へ展開。
PRG003701,SCH003701,hardball,2026,active,active,SRC000226,2026-10-03,2026年度硬式加盟校として登録。2026夏大会参加校を合同表記から学校単位へ展開。
PRG003702,SCH003702,hardball,2026,active,active,SRC000226,2026-10-03,2026年度硬式加盟校として登録。2026夏大会参加校を合同表記から学校単位へ展開。
PRG003703,SCH003703,hardball,2026,active,active,SRC000226,2026-10-03,2026年度硬式加盟校として登録。2026夏大会参加校を合同表記から学校単位へ展開。
PRG003704,SCH003704,hardball,2026,active,active,SRC000226,2026-10-03,2026年度硬式加盟校として登録。2026夏大会参加校を合同表記から学校単位へ展開。
PRG003705,SCH003705,hardball,2026,active,active,SRC000226,2026-10-03,2026年度硬式加盟校として登録。2026夏大会参加校を合同表記から学校単位へ展開。
PRG003706,SCH003706,hardball,2026,active,active,SRC000226,2026-10-03,2026年度硬式加盟校として登録。2026夏大会参加校を合同表記から学校単位へ展開。
PRG003707,SCH003707,hardball,2026,active,active,SRC000226,2026-10-03,2026年度硬式加盟校として登録。2026夏大会参加校を合同表記から学校単位へ展開。
PRG003708,SCH003708,hardball,2026,active,active,SRC000226,2026-10-03,2026年度硬式加盟校として登録。2026夏大会参加校を合同表記から学校単位へ展開。
PRG003709,SCH003709,hardball,2026,active,active,SRC000226,2026-10-03,2026年度硬式加盟校として登録。2026夏大会参加校を合同表記から学校単位へ展開。
PRG003710,SCH003710,hardball,2026,active,active,SRC000226,2026-10-03,2026年度硬式加盟校として登録。2026夏大会参加校を合同表記から学校単位へ展開。
PRG003711,SCH003711,hardball,2026,active,active,SRC000226,2026-10-03,2026年度硬式加盟校として登録。2026夏大会参加校を合同表記から学校単位へ展開。
PRG003712,SCH003712,hardball,2026,active,active,SRC000226,2026-10-03,2026年度硬式加盟校として登録。2026夏大会参加校を合同表記から学校単位へ展開。
PRG003713,SCH003713,hardball,2026,active,active,SRC000226,2026-10-03,2026年度硬式加盟校として登録。2026夏大会参加校を合同表記から学校単位へ展開。
PRG003714,SCH003714,hardball,2026,active,active,SRC000226,2026-10-03,2026年度硬式加盟校として登録。2026夏大会参加校を合同表記から学校単位へ展開。
PRG003715,SCH003715,hardball,2026,active,active,SRC000226,2026-10-03,2026年度硬式加盟校として登録。2026夏大会参加校を合同表記から学校単位へ展開。
PRG003716,SCH003716,hardball,2026,active,active,SRC000226,2026-10-03,2026年度硬式加盟校として登録。2026夏大会参加校を合同表記から学校単位へ展開。
PRG003717,SCH003717,hardball,2026,active,active,SRC000226,2026-10-03,2026年度硬式加盟校として登録。2026夏大会参加校を合同表記から学校単位へ展開。
PRG003718,SCH003718,hardball,2026,active,active,SRC000226,2026-10-03,2026年度硬式加盟校として登録。2026夏大会参加校を合同表記から学校単位へ展開。
PRG003719,SCH003719,hardball,2026,active,active,SRC000226,2026-10-03,2026年度硬式加盟校として登録。2026夏大会参加校を合同表記から学校単位へ展開。
PRG003720,SCH003720,hardball,2026,active,active,SRC000226,2026-10-03,2026年度硬式加盟校として登録。2026夏大会参加校を合同表記から学校単位へ展開。
PRG003721,SCH003721,hardball,2026,active,active,SRC000226,2026-10-03,2026年度硬式加盟校として登録。2026夏大会参加校を合同表記から学校単位へ展開。
PRG003722,SCH003722,hardball,2026,active,active,SRC000226,2026-10-03,2026年度硬式加盟校として登録。2026夏大会参加校を合同表記から学校単位へ展開。
PRG003723,SCH003723,hardball,2026,active,active,SRC000226,2026-10-03,2026年度硬式加盟校として登録。2026夏大会参加校を合同表記から学校単位へ展開。
PRG003724,SCH003724,hardball,2026,active,active,SRC000226,2026-10-03,2026年度硬式加盟校として登録。2026夏大会参加校を合同表記から学校単位へ展開。
PRG003725,SCH003725,hardball,2026,active,active,SRC000226,2026-10-03,2026年度硬式加盟校として登録。2026夏大会参加校を合同表記から学校単位へ展開。
PRG003726,SCH003726,hardball,2026,active,active,SRC000226,2026-10-03,2026年度硬式加盟校として登録。2026夏大会参加校を合同表記から学校単位へ展開。
PRG003727,SCH003727,hardball,2026,active,active,SRC000226,2026-10-03,2026年度硬式加盟校として登録。2026夏大会参加校を合同表記から学校単位へ展開。
PRG003728,SCH003728,hardball,2026,active,active,SRC000226,2026-10-03,2026年度硬式加盟校として登録。2026夏大会参加校を合同表記から学校単位へ展開。
PRG003729,SCH003729,hardball,2026,active,active,SRC000226,2026-10-03,2026年度硬式加盟校として登録。2026夏大会参加校を合同表記から学校単位へ展開。
PRG003730,SCH003730,hardball,2026,active,active,SRC000226,2026-10-03,2026年度硬式加盟校として登録。2026夏大会参加校を合同表記から学校単位へ展開。
PRG003731,SCH003731,hardball,2026,active,active,SRC000226,2026-10-03,2026年度硬式加盟校として登録。2026夏大会参加校を合同表記から学校単位へ展開。
PRG003732,SCH003732,hardball,2026,active,active,SRC000226,2026-10-03,2026年度硬式加盟校として登録。2026夏大会参加校を合同表記から学校単位へ展開。
PRG003733,SCH003733,hardball,2026,active,active,SRC000226,2026-10-03,2026年度硬式加盟校として登録。2026夏大会参加校を合同表記から学校単位へ展開。
PRG003734,SCH003734,hardball,2026,active,active,SRC000226,2026-10-03,2026年度硬式加盟校として登録。2026夏大会参加校を合同表記から学校単位へ展開。
PRG003735,SCH003735,hardball,2026,active,active,SRC000226,2026-10-03,2026年度硬式加盟校として登録。2026夏大会参加校を合同表記から学校単位へ展開。
PRG003736,SCH003736,hardball,2026,active,active,SRC000226,2026-10-03,2026年度硬式加盟校として登録。2026夏大会参加校を合同表記から学校単位へ展開。
PRG003737,SCH003737,hardball,2026,active,active,SRC000226,2026-10-03,2026年度硬式加盟校として登録。2026夏大会参加校を合同表記から学校単位へ展開。
PRG003738,SCH003738,hardball,2026,active,active,SRC000226,2026-10-03,2026年度硬式加盟校として登録。2026夏大会参加校を合同表記から学校単位へ展開。
PRG003739,SCH003739,hardball,2026,active,active,SRC000226,2026-10-03,2026年度硬式加盟校として登録。2026夏大会参加校を合同表記から学校単位へ展開。
PRG003740,SCH003740,hardball,2026,active,active,SRC000226,2026-10-03,2026年度硬式加盟校として登録。2026夏大会参加校を合同表記から学校単位へ展開。
PRG003741,SCH003741,hardball,2026,active,active,SRC000226,2026-10-03,2026年度硬式加盟校として登録。2026夏大会参加校を合同表記から学校単位へ展開。
PRG003742,SCH003742,hardball,2026,active,active,SRC000226,2026-10-03,2026年度硬式加盟校として登録。2026夏大会参加校を合同表記から学校単位へ展開。
PRG003743,SCH003743,hardball,2026,active,active,SRC000226,2026-10-03,2026年度硬式加盟校として登録。2026夏大会参加校を合同表記から学校単位へ展開。
PRG003744,SCH003744,hardball,2026,active,active,SRC000226,2026-10-03,2026年度硬式加盟校として登録。2026夏大会参加校を合同表記から学校単位へ展開。
PRG003745,SCH003745,hardball,2026,active,active,SRC000226,2026-10-03,2026年度硬式加盟校として登録。2026夏大会参加校を合同表記から学校単位へ展開。
PRG003746,SCH003746,hardball,2026,active,active,SRC000226,2026-10-03,2026年度硬式加盟校として登録。2026夏大会参加校を合同表記から学校単位へ展開。
PRG003747,SCH003747,hardball,2026,active,active,SRC000226,2026-10-03,2026年度硬式加盟校として登録。2026夏大会参加校を合同表記から学校単位へ展開。
PRG003748,SCH003748,hardball,2026,active,active,SRC000226,2026-10-03,2026年度硬式加盟校として登録。2026夏大会参加校を合同表記から学校単位へ展開。
PRG003749,SCH003749,hardball,2026,active,active,SRC000235,2026-10-03,2026年度硬式加盟校として登録。学校公式で野球部・連合公式戦活動履歴、道高野連現行単独校掲載を確認し、公式192校との差分として補完。
PRG003750,SCH003750,hardball,2026,active,active,SRC000231,2026-10-03,2026年度硬式加盟校として登録。2026学校案内で野球部設置、道高野連現行単独校掲載を確認し、公式192校との差分として補完。
PRG003751,SCH003751,hardball,2026,active,active,SRC000230,2026-10-03,2026年度硬式加盟校として登録。学校公式が合同相手を組めず旭川ブロックで唯一2026夏不参加と明記。
PRG003752,SCH003752,hardball,2026,active,active,SRC000229,2026-10-03,2026年度硬式加盟校として登録。2026春季北見支部予選で美幌・津別連合として硬式大会出場を確認。
PRG003753,SCH003753,hardball,2026,active,active,SRC000232,2026-10-03,2026年度硬式加盟校として登録。学校公式では野球部休部中。道高野連現行単独校掲載とJHBF公式192校との照合で加盟維持校として補完。
PRG003754,SCH003754,hardball,2026,active,active,SRC000234,2026-10-03,2026年度硬式加盟校として登録。直近の硬式公式戦活動（2025春釧路連合）と道高野連現行単独校掲載を確認し、2026公式192校との照合で補完。
PRG003755,SCH003755,hardball,2026,active,active,SRC000233,2026-10-03,2026年度硬式加盟校として登録。学校公式では野球部休部中。道高野連現行単独校掲載とJHBF公式192校との照合で加盟維持校として補完。
