school_id,federation_name,official_name,display_name,name_kana,normalized_name,prefecture_code,municipality,address,ownership_type,school_type,school_status,primary_source_id,verified_at,notes
SCH000001,青森県立青森高等学校,青森県立青森高等学校,青森県立青森高等学校,,青森県立青森高等学校,02,青森市,青森市桜川8-1-2,prefectural,high_school,active,SRC000049,2026-10-02,2026年度硬式加盟校として公式高野連加盟校一覧から登録。
SCH000002,青森県立青森西高等学校,青森県立青森西高等学校,青森県立青森西高等学校,,青森県立青森西高等学校,02,青森市,青森市新城字平岡266-20,prefectural,high_school,active,SRC000049,2026-10-02,2026年度硬式加盟校として公式高野連加盟校一覧から登録。
SCH000003,青森県立青森東高等学校,青森県立青森東高等学校,青森県立青森東高等学校,,青森県立青森東高等学校,02,青森市,青森市原別3-1-1,prefectural,high_school,active,SRC000049,2026-10-02,2026年度硬式加盟校として公式高野連加盟校一覧から登録。
SCH000004,青森県立青森北高等学校,青森県立青森北高等学校,青森県立青森北高等学校,,青森県立青森北高等学校,02,青森市,青森市羽白字富田80-7,prefectural,high_school,active,SRC000049,2026-10-02,2026年度硬式加盟校として公式高野連加盟校一覧から登録。
SCH000005,青森県立青森南高等学校,青森県立青森南高等学校,青森県立青森南高等学校,,青森県立青森南高等学校,02,青森市,青森市大野字笹崎6-1,prefectural,high_school,active,SRC000049,2026-10-02,2026年度硬式加盟校として公式高野連加盟校一覧から登録。
SCH000006,青森県立青森中央高等学校,青森県立青森中央高等学校,青森県立青森中央高等学校,,青森県立青森中央高等学校,02,青森市,青森市東大野1-22-1,prefectural,high_school,active,SRC000049,2026-10-02,2026年度硬式加盟校として公式高野連加盟校一覧から登録。
SCH000007,青森県立青森工業高等学校,青森県立青森工業高等学校,青森県立青森工業高等学校,,青森県立青森工業高等学校,02,青森市,青森市馬屋尻字清水流204-1,prefectural,high_school,active,SRC000049,2026-10-02,2026年度硬式加盟校として公式高野連加盟校一覧から登録。
SCH000008,青森県立青森商業高等学校,青森県立青森商業高等学校,青森県立青森商業高等学校,,青森県立青森商業高等学校,02,青森市,青森市戸山字安原7-1,prefectural,high_school,active,SRC000049,2026-10-02,2026年度硬式加盟校として公式高野連加盟校一覧から登録。
SCH000009,私立青森山田高等学校,私立青森山田高等学校,私立青森山田高等学校,,私立青森山田高等学校,02,青森市,青森市青葉3-13-40,private,high_school,active,SRC000049,2026-10-02,2026年度硬式加盟校として公式高野連加盟校一覧から登録。
SCH000010,私立東奥学園高等学校,私立東奥学園高等学校,私立東奥学園高等学校,,私立東奥学園高等学校,02,青森市,青森市勝田2-11-1,private,high_school,active,SRC000049,2026-10-02,2026年度硬式加盟校として公式高野連加盟校一覧から登録。
SCH000011,私立青森明の星高等学校,私立青森明の星高等学校,私立青森明の星高等学校,,私立青森明の星高等学校,02,青森市,青森市浪打2-6-32,private,high_school,active,SRC000049,2026-10-02,2026年度硬式加盟校として公式高野連加盟校一覧から登録。
SCH000012,私立松風塾高等学校,私立松風塾高等学校,私立松風塾高等学校,,私立松風塾高等学校,02,平内町,東津軽郡平内町外童子滝ノ沢37,private,high_school,active,SRC000049,2026-10-02,2026年度硬式加盟校として公式高野連加盟校一覧から登録。
SCH000013,青森県立弘前高等学校,青森県立弘前高等学校,青森県立弘前高等学校,,青森県立弘前高等学校,02,弘前市,弘前市新寺町1-1,prefectural,high_school,active,SRC000049,2026-10-02,2026年度硬式加盟校として公式高野連加盟校一覧から登録。
SCH000014,青森県立弘前中央高等学校,青森県立弘前中央高等学校,青森県立弘前中央高等学校,,青森県立弘前中央高等学校,02,弘前市,弘前市蔵主町7-1,prefectural,high_school,active,SRC000049,2026-10-02,2026年度硬式加盟校として公式高野連加盟校一覧から登録。
SCH000015,青森県立弘前南高等学校,青森県立弘前南高等学校,青森県立弘前南高等学校,,青森県立弘前南高等学校,02,弘前市,弘前市大開4-1-1,prefectural,high_school,active,SRC000049,2026-10-02,2026年度硬式加盟校として公式高野連加盟校一覧から登録。
SCH000016,青森県立弘前工業高等学校,青森県立弘前工業高等学校,青森県立弘前工業高等学校,,青森県立弘前工業高等学校,02,弘前市,弘前市馬屋町6-2,prefectural,high_school,active,SRC000049,2026-10-02,2026年度硬式加盟校として公式高野連加盟校一覧から登録。
SCH000017,青森県立弘前実業高等学校,青森県立弘前実業高等学校,青森県立弘前実業高等学校,,青森県立弘前実業高等学校,02,弘前市,弘前市中野3-6-10,prefectural,high_school,active,SRC000049,2026-10-02,2026年度硬式加盟校として公式高野連加盟校一覧から登録。
SCH000018,私立東奥義塾高等学校,私立東奥義塾高等学校,私立東奥義塾高等学校,,私立東奥義塾高等学校,02,弘前市,弘前市大字石川字長者森61-1,private,high_school,active,SRC000049,2026-10-02,2026年度硬式加盟校として公式高野連加盟校一覧から登録。
SCH000019,私立弘前東高等学校,私立弘前東高等学校,私立弘前東高等学校,,私立弘前東高等学校,02,弘前市,弘前市川先4-4-1,private,high_school,active,SRC000049,2026-10-02,2026年度硬式加盟校として公式高野連加盟校一覧から登録。
SCH000020,私立弘前学院聖愛高等学校,私立弘前学院聖愛高等学校,私立弘前学院聖愛高等学校,,私立弘前学院聖愛高等学校,02,弘前市,弘前市原ヶ平字山元112-21,private,high_school,active,SRC000049,2026-10-02,2026年度硬式加盟校として公式高野連加盟校一覧から登録。
SCH000021,青森県立黒石高等学校,青森県立黒石高等学校,青森県立黒石高等学校,,青森県立黒石高等学校,02,黒石市,黒石市西ヶ丘65,prefectural,high_school,active,SRC000049,2026-10-02,2026年度硬式加盟校として公式高野連加盟校一覧から登録。
SCH000022,青森県立柏木農業高等学校,青森県立柏木農業高等学校,青森県立柏木農業高等学校,,青森県立柏木農業高等学校,02,平川市,平川市荒田上駒田130,prefectural,high_school,active,SRC000049,2026-10-02,2026年度硬式加盟校として公式高野連加盟校一覧から登録。
SCH000023,青森県立八戸高等学校,青森県立八戸高等学校,青森県立八戸高等学校,,青森県立八戸高等学校,02,八戸市,八戸市長者4-3-1,prefectural,high_school,active,SRC000049,2026-10-02,2026年度硬式加盟校として公式高野連加盟校一覧から登録。
SCH000024,青森県立八戸東高等学校,青森県立八戸東高等学校,青森県立八戸東高等学校,,青森県立八戸東高等学校,02,八戸市,八戸市類家1-4-47,prefectural,high_school,active,SRC000049,2026-10-02,2026年度硬式加盟校として公式高野連加盟校一覧から登録。
SCH000025,青森県立八戸北高等学校,青森県立八戸北高等学校,青森県立八戸北高等学校,,青森県立八戸北高等学校,02,八戸市,八戸市大久保字町道8-3,prefectural,high_school,active,SRC000049,2026-10-02,2026年度硬式加盟校として公式高野連加盟校一覧から登録。
SCH000026,青森県立八戸西高等学校,青森県立八戸西高等学校,青森県立八戸西高等学校,,青森県立八戸西高等学校,02,八戸市,八戸市尻内町字中根市14,prefectural,high_school,active,SRC000049,2026-10-02,2026年度硬式加盟校として公式高野連加盟校一覧から登録。
SCH000027,青森県立八戸工業高等学校,青森県立八戸工業高等学校,青森県立八戸工業高等学校,,青森県立八戸工業高等学校,02,八戸市,八戸市江陽1-2-27,prefectural,high_school,active,SRC000049,2026-10-02,2026年度硬式加盟校として公式高野連加盟校一覧から登録。
SCH000028,青森県立八戸商業高等学校,青森県立八戸商業高等学校,青森県立八戸商業高等学校,,青森県立八戸商業高等学校,02,八戸市,八戸市十日市字塚ノ下3-1,prefectural,high_school,active,SRC000049,2026-10-02,2026年度硬式加盟校として公式高野連加盟校一覧から登録。
SCH000029,青森県立八戸水産高等学校,青森県立八戸水産高等学校,青森県立八戸水産高等学校,,青森県立八戸水産高等学校,02,八戸市,八戸市白銀町字人形沢6-1,prefectural,high_school,active,SRC000049,2026-10-02,2026年度硬式加盟校として公式高野連加盟校一覧から登録。
SCH000030,私立八戸学院光星高等学校,私立八戸学院光星高等学校,私立八戸学院光星高等学校,,私立八戸学院光星高等学校,02,八戸市,八戸市湊高台6-14-5,private,high_school,active,SRC000049,2026-10-02,2026年度硬式加盟校として公式高野連加盟校一覧から登録。
SCH000031,私立八戸工業大学第一高等学校,私立八戸工業大学第一高等学校,私立八戸工業大学第一高等学校,,私立八戸工業大学第一高等学校,02,八戸市,八戸市白銀町字右岩渕通7-10,private,high_school,active,SRC000049,2026-10-02,2026年度硬式加盟校として公式高野連加盟校一覧から登録。
SCH000032,私立八戸工業大学第二高等学校,私立八戸工業大学第二高等学校,私立八戸工業大学第二高等学校,,私立八戸工業大学第二高等学校,02,八戸市,八戸市妙字大開67,private,high_school,active,SRC000049,2026-10-02,2026年度硬式加盟校として公式高野連加盟校一覧から登録。
SCH000033,私立八戸聖ウルスラ学院高等学校,私立八戸聖ウルスラ学院高等学校,私立八戸聖ウルスラ学院高等学校,,私立八戸聖ウルスラ学院高等学校,02,八戸市,八戸市田面木字上野平53-2,private,high_school,active,SRC000049,2026-10-02,2026年度硬式加盟校として公式高野連加盟校一覧から登録。
SCH000034,国立八戸工業高等専門学校,国立八戸工業高等専門学校,国立八戸工業高等専門学校,,国立八戸工業高等専門学校,02,八戸市,八戸市田面木字上野平16-1,national,technical_college,active,SRC000049,2026-10-02,2026年度硬式加盟校として公式高野連加盟校一覧から登録。
SCH000035,青森県立名久井農業高等学校,青森県立名久井農業高等学校,青森県立名久井農業高等学校,,青森県立名久井農業高等学校,02,南部町,三戸郡南部町下名久井字下諏訪平1,prefectural,high_school,active,SRC000049,2026-10-02,2026年度硬式加盟校として公式高野連加盟校一覧から登録。
SCH000036,青森県立五所川原高等学校,青森県立五所川原高等学校,青森県立五所川原高等学校,,青森県立五所川原高等学校,02,五所川原市,五所川原市中平井町3-3,prefectural,high_school,active,SRC000049,2026-10-02,2026年度硬式加盟校として公式高野連加盟校一覧から登録。
SCH000037,青森県立五所川原農林高等学校,青森県立五所川原農林高等学校,青森県立五所川原農林高等学校,,青森県立五所川原農林高等学校,02,五所川原市,五所川原市一野坪字朝日田12-37,prefectural,high_school,active,SRC000049,2026-10-02,2026年度硬式加盟校として公式高野連加盟校一覧から登録。
SCH000038,青森県立五所川原工科高等学校,青森県立五所川原工科高等学校,青森県立五所川原工科高等学校,,青森県立五所川原工科高等学校,02,五所川原市,五所川原市湊字船越192,prefectural,high_school,active,SRC000049,2026-10-02,2026年度硬式加盟校として公式高野連加盟校一覧から登録。
SCH000039,私立下山学園高等学校,私立下山学園高等学校,私立下山学園高等学校,,私立下山学園高等学校,02,鶴田町,北津軽郡鶴田町大字鶴田字小泉369-1,private,high_school,active,SRC000049,2026-10-02,2026年度硬式加盟校として公式高野連加盟校一覧から登録。
SCH000040,青森県立木造高等学校,青森県立木造高等学校,青森県立木造高等学校,,青森県立木造高等学校,02,つがる市,つがる市木造字日向73-2,prefectural,high_school,active,SRC000049,2026-10-02,2026年度硬式加盟校として公式高野連加盟校一覧から登録。
SCH000041,青森県立三本木高等学校,青森県立三本木高等学校,青森県立三本木高等学校,,青森県立三本木高等学校,02,十和田市,十和田市西五番町7-1,prefectural,high_school,active,SRC000049,2026-10-02,2026年度硬式加盟校として公式高野連加盟校一覧から登録。
SCH000042,青森県立十和田工業高等学校,青森県立十和田工業高等学校,青森県立十和田工業高等学校,,青森県立十和田工業高等学校,02,十和田市,十和田市三本木字下平215-1,prefectural,high_school,active,SRC000049,2026-10-02,2026年度硬式加盟校として公式高野連加盟校一覧から登録。
SCH000043,青森県立三本木農業恵拓高等学校,青森県立三本木農業恵拓高等学校,青森県立三本木農業恵拓高等学校,,青森県立三本木農業恵拓高等学校,02,十和田市,十和田市相坂字高清水78-92,prefectural,high_school,active,SRC000049,2026-10-02,2026年度硬式加盟校として公式高野連加盟校一覧から登録。
SCH000044,青森県立三沢高等学校,青森県立三沢高等学校,青森県立三沢高等学校,,青森県立三沢高等学校,02,三沢市,三沢市松園町1-1,prefectural,high_school,active,SRC000049,2026-10-02,2026年度硬式加盟校として公式高野連加盟校一覧から登録。
SCH000045,青森県立三沢商業高等学校,青森県立三沢商業高等学校,青森県立三沢商業高等学校,,青森県立三沢商業高等学校,02,三沢市,三沢市春日台2-154,prefectural,high_school,active,SRC000049,2026-10-02,2026年度硬式加盟校として公式高野連加盟校一覧から登録。
SCH000046,青森県立野辺地高等学校,青森県立野辺地高等学校,青森県立野辺地高等学校,,青森県立野辺地高等学校,02,野辺地町,上北郡野辺地町松ノ木106-1,prefectural,high_school,active,SRC000049,2026-10-02,2026年度硬式加盟校として公式高野連加盟校一覧から登録。
SCH000047,私立八戸学院野辺地西高等学校,私立八戸学院野辺地西高等学校,私立八戸学院野辺地西高等学校,,私立八戸学院野辺地西高等学校,02,野辺地町,上北郡野辺地町枇杷野51-6,private,high_school,active,SRC000049,2026-10-02,2026年度硬式加盟校として公式高野連加盟校一覧から登録。
SCH000048,青森県立七戸高等学校,青森県立七戸高等学校,青森県立七戸高等学校,,青森県立七戸高等学校,02,七戸町,上北郡七戸町舘野47-31,prefectural,high_school,active,SRC000049,2026-10-02,2026年度硬式加盟校として公式高野連加盟校一覧から登録。
SCH000049,青森県立六ヶ所高等学校,青森県立六ヶ所高等学校,青森県立六ヶ所高等学校,,青森県立六ヶ所高等学校,02,六ヶ所村,上北郡六ヶ所村倉内字笹崎305,prefectural,high_school,active,SRC000049,2026-10-02,2026年度硬式加盟校として公式高野連加盟校一覧から登録。
SCH000050,青森県立田名部高等学校,青森県立田名部高等学校,青森県立田名部高等学校,,青森県立田名部高等学校,02,むつ市,むつ市海老川町6-18,prefectural,high_school,active,SRC000049,2026-10-02,2026年度硬式加盟校として公式高野連加盟校一覧から登録。
SCH000051,青森県立大湊高等学校,青森県立大湊高等学校,青森県立大湊高等学校,,青森県立大湊高等学校,02,むつ市,むつ市大湊字大近川44-84,prefectural,high_school,active,SRC000049,2026-10-02,2026年度硬式加盟校として公式高野連加盟校一覧から登録。
SCH000052,青森県立むつ工業高等学校,青森県立むつ工業高等学校,青森県立むつ工業高等学校,,青森県立むつ工業高等学校,02,むつ市,むつ市文京町22-7,prefectural,high_school,active,SRC000049,2026-10-02,2026年度硬式加盟校として公式高野連加盟校一覧から登録。
SCH000053,青森県立大間高等学校,青森県立大間高等学校,青森県立大間高等学校,,青森県立大間高等学校,02,大間町,下北郡大間町大間平20-43,prefectural,high_school,active,SRC000049,2026-10-02,2026年度硬式加盟校として公式高野連加盟校一覧から登録。
SCH000054,宇都宮高等学校,,宇都宮高等学校,,宇都宮高等学校,09,宇都宮市,宇都宮市滝の原3-5-70,unknown,high_school,active,SRC000056,2026-10-02,2026年度硬式加盟校として公式高野連加盟校一覧から登録。 設置区分は出典ページに明示がないためunknown。
SCH000055,宇都宮東高等学校,,宇都宮東高等学校,,宇都宮東高等学校,09,宇都宮市,宇都宮市石井町3360-1,unknown,high_school,active,SRC000056,2026-10-02,2026年度硬式加盟校として公式高野連加盟校一覧から登録。 設置区分は出典ページに明示がないためunknown。
SCH000056,宇都宮南高等学校,,宇都宮南高等学校,,宇都宮南高等学校,09,宇都宮市,宇都宮市東谷町660-1,unknown,high_school,active,SRC000056,2026-10-02,2026年度硬式加盟校として公式高野連加盟校一覧から登録。 設置区分は出典ページに明示がないためunknown。
SCH000057,宇都宮北高等学校,,宇都宮北高等学校,,宇都宮北高等学校,09,宇都宮市,宇都宮市岩曽町606,unknown,high_school,active,SRC000056,2026-10-02,2026年度硬式加盟校として公式高野連加盟校一覧から登録。 設置区分は出典ページに明示がないためunknown。
SCH000058,宇都宮清陵高等学校,,宇都宮清陵高等学校,,宇都宮清陵高等学校,09,宇都宮市,宇都宮市竹下町908-3,unknown,high_school,active,SRC000056,2026-10-02,2026年度硬式加盟校として公式高野連加盟校一覧から登録。 設置区分は出典ページに明示がないためunknown。
SCH000059,宇都宮中央高等学校,,宇都宮中央高等学校,,宇都宮中央高等学校,09,宇都宮市,宇都宮市若草2-2-46,unknown,high_school,active,SRC000056,2026-10-02,2026年度硬式加盟校として公式高野連加盟校一覧から登録。 設置区分は出典ページに明示がないためunknown。
SCH000060,宇都宮白楊高等学校,,宇都宮白楊高等学校,,宇都宮白楊高等学校,09,宇都宮市,宇都宮市今泉町2021,unknown,high_school,active,SRC000056,2026-10-02,2026年度硬式加盟校として公式高野連加盟校一覧から登録。 設置区分は出典ページに明示がないためunknown。
SCH000061,宇都宮工業高等学校,,宇都宮工業高等学校,,宇都宮工業高等学校,09,宇都宮市,宇都宮市雀宮町52,unknown,high_school,active,SRC000056,2026-10-02,2026年度硬式加盟校として公式高野連加盟校一覧から登録。 設置区分は出典ページに明示がないためunknown。
SCH000062,宇都宮商業高等学校,,宇都宮商業高等学校,,宇都宮商業高等学校,09,宇都宮市,宇都宮市大曽3-1-46,unknown,high_school,active,SRC000056,2026-10-02,2026年度硬式加盟校として公式高野連加盟校一覧から登録。 設置区分は出典ページに明示がないためunknown。
SCH000063,作新学院高等学校,,作新学院高等学校,,作新学院高等学校,09,宇都宮市,宇都宮市一の沢1-1-41,unknown,high_school,active,SRC000056,2026-10-02,2026年度硬式加盟校として公式高野連加盟校一覧から登録。 設置区分は出典ページに明示がないためunknown。
SCH000064,文星芸術大学附属高等学校,,文星芸術大学附属高等学校,,文星芸術大学附属高等学校,09,宇都宮市,宇都宮市睦町1-4,unknown,high_school,active,SRC000056,2026-10-02,2026年度硬式加盟校として公式高野連加盟校一覧から登録。 設置区分は出典ページに明示がないためunknown。
SCH000065,宇都宮短期大学附属高等学校,,宇都宮短期大学附属高等学校,,宇都宮短期大学附属高等学校,09,宇都宮市,宇都宮市睦町1-35,unknown,high_school,active,SRC000056,2026-10-02,2026年度硬式加盟校として公式高野連加盟校一覧から登録。 設置区分は出典ページに明示がないためunknown。
SCH000066,鹿沼高等学校,,鹿沼高等学校,,鹿沼高等学校,09,鹿沼市,鹿沼市万町960,unknown,high_school,active,SRC000056,2026-10-02,2026年度硬式加盟校として公式高野連加盟校一覧から登録。 設置区分は出典ページに明示がないためunknown。
SCH000067,鹿沼東高等学校,,鹿沼東高等学校,,鹿沼東高等学校,09,鹿沼市,鹿沼市千渡2050,unknown,high_school,active,SRC000056,2026-10-02,2026年度硬式加盟校として公式高野連加盟校一覧から登録。 設置区分は出典ページに明示がないためunknown。
SCH000068,鹿沼南高等学校,,鹿沼南高等学校,,鹿沼南高等学校,09,鹿沼市,鹿沼市みなみ町8-73,unknown,high_school,active,SRC000056,2026-10-02,2026年度硬式加盟校として公式高野連加盟校一覧から登録。 設置区分は出典ページに明示がないためunknown。
SCH000069,鹿沼商工高等学校,,鹿沼商工高等学校,,鹿沼商工高等学校,09,鹿沼市,鹿沼市花岡町180-1,unknown,high_school,active,SRC000056,2026-10-02,2026年度硬式加盟校として公式高野連加盟校一覧から登録。 設置区分は出典ページに明示がないためunknown。
SCH000070,今市高等学校,,今市高等学校,,今市高等学校,09,日光市,日光市千本木432,unknown,high_school,active,SRC000056,2026-10-02,2026年度硬式加盟校として公式高野連加盟校一覧から登録。 設置区分は出典ページに明示がないためunknown。
SCH000071,今市工業高等学校,,今市工業高等学校,,今市工業高等学校,09,日光市,日光市市荊沢615,unknown,high_school,active,SRC000056,2026-10-02,2026年度硬式加盟校として公式高野連加盟校一覧から登録。 設置区分は出典ページに明示がないためunknown。
SCH000073,上三川高等学校,,上三川高等学校,,上三川高等学校,09,上三川町,河内郡上三川町多功994-4,unknown,high_school,active,SRC000056,2026-10-02,2026年度硬式加盟校として公式高野連加盟校一覧から登録。 設置区分は出典ページに明示がないためunknown。
SCH000074,石橋高等学校,,石橋高等学校,,石橋高等学校,09,下野市,下野市石橋845,unknown,high_school,active,SRC000056,2026-10-02,2026年度硬式加盟校として公式高野連加盟校一覧から登録。 設置区分は出典ページに明示がないためunknown。
SCH000075,壬生高等学校,,壬生高等学校,,壬生高等学校,09,壬生町,下都賀郡壬生町藤井1194,unknown,high_school,active,SRC000056,2026-10-02,2026年度硬式加盟校として公式高野連加盟校一覧から登録。 設置区分は出典ページに明示がないためunknown。
SCH000076,真岡高等学校,,真岡高等学校,,真岡高等学校,09,真岡市,真岡市白布ヶ丘24-1,unknown,high_school,active,SRC000056,2026-10-02,2026年度硬式加盟校として公式高野連加盟校一覧から登録。 設置区分は出典ページに明示がないためunknown。
SCH000077,真岡北陵高等学校,,真岡北陵高等学校,,真岡北陵高等学校,09,真岡市,真岡市下篭谷396,unknown,high_school,active,SRC000056,2026-10-02,2026年度硬式加盟校として公式高野連加盟校一覧から登録。 設置区分は出典ページに明示がないためunknown。
SCH000078,真岡工業高等学校,,真岡工業高等学校,,真岡工業高等学校,09,真岡市,真岡市寺久保1-2-9,unknown,high_school,active,SRC000056,2026-10-02,2026年度硬式加盟校として公式高野連加盟校一覧から登録。 設置区分は出典ページに明示がないためunknown。
SCH000079,益子芳星高等学校,,益子芳星高等学校,,益子芳星高等学校,09,益子町,芳賀郡益子町塙2382-1,unknown,high_school,active,SRC000056,2026-10-02,2026年度硬式加盟校として公式高野連加盟校一覧から登録。 設置区分は出典ページに明示がないためunknown。
SCH000080,茂木高等学校,,茂木高等学校,,茂木高等学校,09,茂木町,芳賀郡茂木町茂木288,unknown,high_school,active,SRC000056,2026-10-02,2026年度硬式加盟校として公式高野連加盟校一覧から登録。 設置区分は出典ページに明示がないためunknown。
SCH000081,高根沢高等学校,,高根沢高等学校,,高根沢高等学校,09,高根沢町,塩谷郡高根沢町文挟32-2,unknown,high_school,active,SRC000056,2026-10-02,2026年度硬式加盟校として公式高野連加盟校一覧から登録。 設置区分は出典ページに明示がないためunknown。
SCH000082,小山高等学校,,小山高等学校,,小山高等学校,09,小山市,小山市若木町2-8-51,unknown,high_school,active,SRC000056,2026-10-02,2026年度硬式加盟校として公式高野連加盟校一覧から登録。 設置区分は出典ページに明示がないためunknown。
SCH000083,小山南高等学校,,小山南高等学校,,小山南高等学校,09,小山市,小山市間々田23-1,unknown,high_school,active,SRC000056,2026-10-02,2026年度硬式加盟校として公式高野連加盟校一覧から登録。 設置区分は出典ページに明示がないためunknown。
SCH000084,小山西高等学校,,小山西高等学校,,小山西高等学校,09,小山市,小山市松沼741,unknown,high_school,active,SRC000056,2026-10-02,2026年度硬式加盟校として公式高野連加盟校一覧から登録。 設置区分は出典ページに明示がないためunknown。
SCH000085,小山北桜高等学校,,小山北桜高等学校,,小山北桜高等学校,09,小山市,小山市東山田448-29,unknown,high_school,active,SRC000056,2026-10-02,2026年度硬式加盟校として公式高野連加盟校一覧から登録。 設置区分は出典ページに明示がないためunknown。
SCH000086,小山工業高等専門学校,,小山工業高等専門学校,,小山工業高等専門学校,09,小山市,小山市中久喜771,unknown,technical_college,active,SRC000056,2026-10-02,2026年度硬式加盟校として公式高野連加盟校一覧から登録。 設置区分は出典ページに明示がないためunknown。
SCH000087,栃木高等学校,,栃木高等学校,,栃木高等学校,09,栃木市,栃木市入船町12-4,unknown,high_school,active,SRC000056,2026-10-02,2026年度硬式加盟校として公式高野連加盟校一覧から登録。 設置区分は出典ページに明示がないためunknown。
SCH000088,栃木農業高等学校,,栃木農業高等学校,,栃木農業高等学校,09,栃木市,栃木市平井町911,unknown,high_school,active,SRC000056,2026-10-02,2026年度硬式加盟校として公式高野連加盟校一覧から登録。 設置区分は出典ページに明示がないためunknown。
SCH000089,栃木工業高等学校,,栃木工業高等学校,,栃木工業高等学校,09,栃木市,栃木市岩出町129,unknown,high_school,active,SRC000056,2026-10-02,2026年度硬式加盟校として公式高野連加盟校一覧から登録。 設置区分は出典ページに明示がないためunknown。
SCH000090,栃木商業高等学校,,栃木商業高等学校,,栃木商業高等学校,09,栃木市,栃木市片柳町5-1-30,unknown,high_school,active,SRC000056,2026-10-02,2026年度硬式加盟校として公式高野連加盟校一覧から登録。 設置区分は出典ページに明示がないためunknown。
SCH000091,栃木翔南高等学校,,栃木翔南高等学校,,栃木翔南高等学校,09,栃木市,栃木市大平町川連370,unknown,high_school,active,SRC000056,2026-10-02,2026年度硬式加盟校として公式高野連加盟校一覧から登録。 設置区分は出典ページに明示がないためunknown。
SCH000092,國學院大学栃木高等学校,,國學院大学栃木高等学校,,國學院大学栃木高等学校,09,栃木市,栃木市平井町608,unknown,high_school,active,SRC000056,2026-10-02,2026年度硬式加盟校として公式高野連加盟校一覧から登録。 設置区分は出典ページに明示がないためunknown。
SCH000093,佐野高等学校,,佐野高等学校,,佐野高等学校,09,佐野市,佐野市天神町761-1,unknown,high_school,active,SRC000056,2026-10-02,2026年度硬式加盟校として公式高野連加盟校一覧から登録。 設置区分は出典ページに明示がないためunknown。
SCH000094,佐野東高等学校,,佐野東高等学校,,佐野東高等学校,09,佐野市,佐野市金屋下町12,unknown,high_school,active,SRC000056,2026-10-02,2026年度硬式加盟校として公式高野連加盟校一覧から登録。 設置区分は出典ページに明示がないためunknown。
SCH000095,佐野松桜高等学校,,佐野松桜高等学校,,佐野松桜高等学校,09,佐野市,佐野市出流原町643-5,unknown,high_school,active,SRC000056,2026-10-02,2026年度硬式加盟校として公式高野連加盟校一覧から登録。 設置区分は出典ページに明示がないためunknown。
SCH000096,佐野日本大学高等学校,,佐野日本大学高等学校,,佐野日本大学高等学校,09,佐野市,佐野市石塚町2555,unknown,high_school,active,SRC000056,2026-10-02,2026年度硬式加盟校として公式高野連加盟校一覧から登録。 設置区分は出典ページに明示がないためunknown。
SCH000097,青藍泰斗高等学校,,青藍泰斗高等学校,,青藍泰斗高等学校,09,佐野市,佐野市葛生東2-8-3,unknown,high_school,active,SRC000056,2026-10-02,2026年度硬式加盟校として公式高野連加盟校一覧から登録。 設置区分は出典ページに明示がないためunknown。
SCH000098,足利高等学校,,足利高等学校,,足利高等学校,09,足利市,足利市本城町1-1629,unknown,high_school,active,SRC000056,2026-10-02,2026年度硬式加盟校として公式高野連加盟校一覧から登録。 設置区分は出典ページに明示がないためunknown。
SCH000099,足利南高等学校,,足利南高等学校,,足利南高等学校,09,足利市,足利市下渋垂町980,unknown,high_school,active,SRC000056,2026-10-02,2026年度硬式加盟校として公式高野連加盟校一覧から登録。 設置区分は出典ページに明示がないためunknown。
SCH000100,足利工業高等学校,,足利工業高等学校,,足利工業高等学校,09,足利市,足利市西宮町2908-1,unknown,high_school,active,SRC000056,2026-10-02,2026年度硬式加盟校として公式高野連加盟校一覧から登録。 設置区分は出典ページに明示がないためunknown。
SCH000101,足利清風高等学校,,足利清風高等学校,,足利清風高等学校,09,足利市,足利市山下町2110,unknown,high_school,active,SRC000056,2026-10-02,2026年度硬式加盟校として公式高野連加盟校一覧から登録。 設置区分は出典ページに明示がないためunknown。
SCH000102,白鴎大学足利高等学校,,白鴎大学足利高等学校,,白鴎大学足利高等学校,09,足利市,足利市伊勢南町3-2,unknown,high_school,active,SRC000056,2026-10-02,2026年度硬式加盟校として公式高野連加盟校一覧から登録。 設置区分は出典ページに明示がないためunknown。
SCH000103,足利大学附属高等学校,,足利大学附属高等学校,,足利大学附属高等学校,09,足利市,足利市福富町2142,unknown,high_school,active,SRC000056,2026-10-02,2026年度硬式加盟校として公式高野連加盟校一覧から登録。 設置区分は出典ページに明示がないためunknown。
SCH000104,烏山高等学校,,烏山高等学校,,烏山高等学校,09,那須烏山市,那須烏山市中央3-9-8,unknown,high_school,active,SRC000056,2026-10-02,2026年度硬式加盟校として公式高野連加盟校一覧から登録。 設置区分は出典ページに明示がないためunknown。
SCH000106,大田原高等学校,,大田原高等学校,,大田原高等学校,09,大田原市,大田原市柴塚3-2651,unknown,high_school,active,SRC000056,2026-10-02,2026年度硬式加盟校として公式高野連加盟校一覧から登録。 設置区分は出典ページに明示がないためunknown。
SCH000107,黒羽高等学校,,黒羽高等学校,,黒羽高等学校,09,大田原市,大田原市前田780,unknown,high_school,active,SRC000056,2026-10-02,2026年度硬式加盟校として公式高野連加盟校一覧から登録。 設置区分は出典ページに明示がないためunknown。
SCH000108,那須拓陽高等学校,,那須拓陽高等学校,,那須拓陽高等学校,09,那須塩原市,那須塩原市下永田4-3-52,unknown,high_school,active,SRC000056,2026-10-02,2026年度硬式加盟校として公式高野連加盟校一覧から登録。 設置区分は出典ページに明示がないためunknown。
SCH000109,那須清峰高等学校,,那須清峰高等学校,,那須清峰高等学校,09,那須塩原市,那須塩原市下永田6-4,unknown,high_school,active,SRC000056,2026-10-02,2026年度硬式加盟校として公式高野連加盟校一覧から登録。 設置区分は出典ページに明示がないためunknown。
SCH000110,那須高等学校,,那須高等学校,,那須高等学校,09,那須町,那須郡那須町寺子乙3932-48,unknown,high_school,active,SRC000056,2026-10-02,2026年度硬式加盟校として公式高野連加盟校一覧から登録。 設置区分は出典ページに明示がないためunknown。
SCH000111,幸福の科学学園高等学校,,幸福の科学学園高等学校,,幸福の科学学園高等学校,09,那須町,那須郡那須町梁瀬487-1,unknown,high_school,active,SRC000056,2026-10-02,2026年度硬式加盟校として公式高野連加盟校一覧から登録。 設置区分は出典ページに明示がないためunknown。
SCH000112,黒磯高等学校,,黒磯高等学校,,黒磯高等学校,09,那須塩原市,那須塩原市豊町6-1,unknown,high_school,active,SRC000056,2026-10-02,2026年度硬式加盟校として公式高野連加盟校一覧から登録。 設置区分は出典ページに明示がないためunknown。
SCH000113,黒磯南高等学校,,黒磯南高等学校,,黒磯南高等学校,09,那須塩原市,那須塩原市上厚崎747-2,unknown,high_school,active,SRC000056,2026-10-02,2026年度硬式加盟校として公式高野連加盟校一覧から登録。 設置区分は出典ページに明示がないためunknown。
SCH000114,矢板高等学校,,矢板高等学校,,矢板高等学校,09,矢板市,矢板市片俣618-2,unknown,high_school,active,SRC000056,2026-10-02,2026年度硬式加盟校として公式高野連加盟校一覧から登録。 設置区分は出典ページに明示がないためunknown。
SCH000115,矢板東高等学校,,矢板東高等学校,,矢板東高等学校,09,矢板市,矢板市東町4-8,unknown,high_school,active,SRC000056,2026-10-02,2026年度硬式加盟校として公式高野連加盟校一覧から登録。 設置区分は出典ページに明示がないためunknown。
SCH000116,矢板中央高等学校,,矢板中央高等学校,,矢板中央高等学校,09,矢板市,矢板市扇町2-1519,unknown,high_school,active,SRC000056,2026-10-02,2026年度硬式加盟校として公式高野連加盟校一覧から登録。 設置区分は出典ページに明示がないためunknown。
SCH000117,さくら清修高等学校,,さくら清修高等学校,,さくら清修高等学校,09,さくら市,さくら市氏家2807,unknown,high_school,active,SRC000056,2026-10-02,2026年度硬式加盟校として公式高野連加盟校一覧から登録。 設置区分は出典ページに明示がないためunknown。
SCH000118,新潟,,新潟,,新潟,15,新潟市中央区,新潟市中央区関屋下川原町2-635,prefectural,high_school,active,SRC000062,2026-10-02,2026年度硬式加盟校として公式高野連加盟校一覧から登録。
SCH000119,新潟南,,新潟南,,新潟南,15,新潟市中央区,新潟市中央区上所1-3-1,prefectural,high_school,active,SRC000062,2026-10-02,2026年度硬式加盟校として公式高野連加盟校一覧から登録。
SCH000120,新潟江南,,新潟江南,,新潟江南,15,新潟市中央区,新潟市中央区女池南3-6-1,prefectural,high_school,active,SRC000062,2026-10-02,2026年度硬式加盟校として公式高野連加盟校一覧から登録。
SCH000121,新潟商,,新潟商,,新潟商,15,新潟市中央区,新潟市中央区白山浦2-68-2,prefectural,high_school,active,SRC000062,2026-10-02,2026年度硬式加盟校として公式高野連加盟校一覧から登録。
SCH000122,万代,,万代,,万代,15,新潟市中央区,新潟市中央区沼垂東6-8-1,municipal,high_school,active,SRC000062,2026-10-02,2026年度硬式加盟校として公式高野連加盟校一覧から登録。
SCH000123,北越,,北越,,北越,15,新潟市中央区,新潟市中央区米山5-12-1,private,high_school,active,SRC000062,2026-10-02,2026年度硬式加盟校として公式高野連加盟校一覧から登録。
SCH000124,新潟第一,,新潟第一,,新潟第一,15,新潟市中央区,新潟市中央区関新3-3-1,private,high_school,active,SRC000062,2026-10-02,2026年度硬式加盟校として公式高野連加盟校一覧から登録。
SCH000125,東京学館新潟,,東京学館新潟,,東京学館新潟,15,新潟市中央区,新潟市中央区鐘木185-1,private,high_school,active,SRC000062,2026-10-02,2026年度硬式加盟校として公式高野連加盟校一覧から登録。
SCH000126,新潟青陵,,新潟青陵,,新潟青陵,15,新潟市中央区,新潟市中央区水道町1-5932,private,high_school,active,SRC000062,2026-10-02,2026年度硬式加盟校として公式高野連加盟校一覧から登録。
SCH000127,開志学園,,開志学園,,開志学園,15,新潟市中央区,新潟市中央区南長潟21-1,private,high_school,active,SRC000062,2026-10-02,2026年度硬式加盟校として公式高野連加盟校一覧から登録。
SCH000128,敬和学園,,敬和学園,,敬和学園,15,新潟市北区,新潟市北区太夫浜325,private,high_school,active,SRC000062,2026-10-02,2026年度硬式加盟校として公式高野連加盟校一覧から登録。
SCH000129,新潟東,,新潟東,,新潟東,15,新潟市東区,新潟市東区小金町2-6-1,prefectural,high_school,active,SRC000062,2026-10-02,2026年度硬式加盟校として公式高野連加盟校一覧から登録。
SCH000130,新潟北,,新潟北,,新潟北,15,新潟市東区,新潟市東区本所847-1,prefectural,high_school,active,SRC000062,2026-10-02,2026年度硬式加盟校として公式高野連加盟校一覧から登録。
SCH000131,碧,,碧,,碧,15,新潟市東区,新潟市東区本所847-1,prefectural,high_school,active,SRC000062,2026-10-02,2026年度硬式加盟校として公式高野連加盟校一覧から登録。
SCH000132,新潟向陽,,新潟向陽,,新潟向陽,15,新潟市江南区,新潟市江南区亀田向陽4-3-1,prefectural,high_school,active,SRC000062,2026-10-02,2026年度硬式加盟校として公式高野連加盟校一覧から登録。
SCH000133,新潟明訓,,新潟明訓,,新潟明訓,15,新潟市江南区,新潟市江南区北山1037,private,high_school,active,SRC000062,2026-10-02,2026年度硬式加盟校として公式高野連加盟校一覧から登録。
SCH000134,新津,,新津,,新津,15,新潟市秋葉区,新潟市秋葉区秋葉1-19-1,prefectural,high_school,active,SRC000062,2026-10-02,2026年度硬式加盟校として公式高野連加盟校一覧から登録。
SCH000135,新津工,,新津工,,新津工,15,新潟市秋葉区,新潟市秋葉区新津東町1-12-9,prefectural,high_school,active,SRC000062,2026-10-02,2026年度硬式加盟校として公式高野連加盟校一覧から登録。
SCH000136,新津南,,新津南,,新津南,15,新潟市秋葉区,新潟市秋葉区矢代田3200-1,prefectural,high_school,active,SRC000062,2026-10-02,2026年度硬式加盟校として公式高野連加盟校一覧から登録。
SCH000137,新潟西,,新潟西,,新潟西,15,新潟市西区,新潟市西区内野西が丘3-24-1,prefectural,high_school,active,SRC000062,2026-10-02,2026年度硬式加盟校として公式高野連加盟校一覧から登録。
SCH000138,新潟工,,新潟工,,新潟工,15,新潟市西区,新潟市西区小新西1-5-1,prefectural,high_school,active,SRC000062,2026-10-02,2026年度硬式加盟校として公式高野連加盟校一覧から登録。
SCH000139,日本文理,,日本文理,,日本文理,15,新潟市西区,新潟市西区新通1072,private,high_school,active,SRC000062,2026-10-02,2026年度硬式加盟校として公式高野連加盟校一覧から登録。
SCH000140,巻,,巻,,巻,15,新潟市西蒲区,新潟市西蒲区巻乙30-1,prefectural,high_school,active,SRC000062,2026-10-02,2026年度硬式加盟校として公式高野連加盟校一覧から登録。
SCH000141,巻総合,,巻総合,,巻総合,15,新潟市西蒲区,新潟市西蒲区巻甲4295-1,prefectural,high_school,active,SRC000062,2026-10-02,2026年度硬式加盟校として公式高野連加盟校一覧から登録。
SCH000142,佐渡,,佐渡,,佐渡,15,佐渡市,佐渡市石田567,prefectural,high_school,active,SRC000062,2026-10-02,2026年度硬式加盟校として公式高野連加盟校一覧から登録。
SCH000143,佐渡総合,,佐渡総合,,佐渡総合,15,佐渡市,佐渡市栗野江377-1,prefectural,high_school,active,SRC000062,2026-10-02,2026年度硬式加盟校として公式高野連加盟校一覧から登録。
SCH000144,新発田,,新発田,,新発田,15,新発田市,新発田市豊町3-7-6,prefectural,high_school,active,SRC000062,2026-10-02,2026年度硬式加盟校として公式高野連加盟校一覧から登録。
SCH000145,新発田南,,新発田南,,新発田南,15,新発田市,新発田市大栄町3-6-6,prefectural,high_school,active,SRC000062,2026-10-02,2026年度硬式加盟校として公式高野連加盟校一覧から登録。
SCH000146,新発田農,,新発田農,,新発田農,15,新発田市,新発田市大栄町6-4-23,prefectural,high_school,active,SRC000062,2026-10-02,2026年度硬式加盟校として公式高野連加盟校一覧から登録。
SCH000147,新発田商,,新発田商,,新発田商,15,新発田市,新発田市板敷521-1,prefectural,high_school,active,SRC000062,2026-10-02,2026年度硬式加盟校として公式高野連加盟校一覧から登録。
SCH000148,新発田中央,,新発田中央,,新発田中央,15,新発田市,新発田市曽根570,private,high_school,active,SRC000062,2026-10-02,2026年度硬式加盟校として公式高野連加盟校一覧から登録。
SCH000149,村上,,村上,,村上,15,村上市,村上市田端町7-12,prefectural,high_school,active,SRC000062,2026-10-02,2026年度硬式加盟校として公式高野連加盟校一覧から登録。
SCH000150,村上桜ケ丘,,村上桜ケ丘,,村上桜ケ丘,15,村上市,村上市飯野桜ヶ丘10-25,prefectural,high_school,active,SRC000062,2026-10-02,2026年度硬式加盟校として公式高野連加盟校一覧から登録。
SCH000151,中条,,中条,,中条,15,胎内市,胎内市東本町19-1,prefectural,high_school,active,SRC000062,2026-10-02,2026年度硬式加盟校として公式高野連加盟校一覧から登録。
SCH000152,五泉,,五泉,,五泉,15,五泉市,五泉市粟島1-23,prefectural,high_school,active,SRC000062,2026-10-02,2026年度硬式加盟校として公式高野連加盟校一覧から登録。
SCH000153,加茂,,加茂,,加茂,15,加茂市,加茂市幸町1-17-13,prefectural,high_school,active,SRC000062,2026-10-02,2026年度硬式加盟校として公式高野連加盟校一覧から登録。
SCH000154,加茂農林,,加茂農林,,加茂農林,15,加茂市,加茂市神明町2-15-5,prefectural,high_school,active,SRC000062,2026-10-02,2026年度硬式加盟校として公式高野連加盟校一覧から登録。
SCH000155,加茂暁星,,加茂暁星,,加茂暁星,15,加茂市,加茂市学校町16-18,private,high_school,active,SRC000062,2026-10-02,2026年度硬式加盟校として公式高野連加盟校一覧から登録。
SCH000156,長岡,,長岡,,長岡,15,長岡市,長岡市学校町3-14-1,prefectural,high_school,active,SRC000062,2026-10-02,2026年度硬式加盟校として公式高野連加盟校一覧から登録。
SCH000157,長岡大手,,長岡大手,,長岡大手,15,長岡市,長岡市沖田2-357,prefectural,high_school,active,SRC000062,2026-10-02,2026年度硬式加盟校として公式高野連加盟校一覧から登録。
SCH000158,長岡向陵,,長岡向陵,,長岡向陵,15,長岡市,長岡市喜多町字川原1030-1,prefectural,high_school,active,SRC000062,2026-10-02,2026年度硬式加盟校として公式高野連加盟校一覧から登録。
SCH000159,長岡農,,長岡農,,長岡農,15,長岡市,長岡市曲新町3-13-1,prefectural,high_school,active,SRC000062,2026-10-02,2026年度硬式加盟校として公式高野連加盟校一覧から登録。
SCH000160,長岡工,,長岡工,,長岡工,15,長岡市,長岡市幸町2-7-70,prefectural,high_school,active,SRC000062,2026-10-02,2026年度硬式加盟校として公式高野連加盟校一覧から登録。
SCH000161,長岡商,,長岡商,,長岡商,15,長岡市,長岡市西片貝町字大木1726,prefectural,high_school,active,SRC000062,2026-10-02,2026年度硬式加盟校として公式高野連加盟校一覧から登録。
SCH000162,正徳館,,正徳館,,正徳館,15,長岡市,長岡市与板町東与板173,prefectural,high_school,active,SRC000062,2026-10-02,2026年度硬式加盟校として公式高野連加盟校一覧から登録。
SCH000163,栃尾,,栃尾,,栃尾,15,長岡市,長岡市金沢1-2-1,prefectural,high_school,active,SRC000062,2026-10-02,2026年度硬式加盟校として公式高野連加盟校一覧から登録。
SCH000164,長岡高専,,長岡高専,,長岡高専,15,長岡市,長岡市西片貝町888,national,technical_college,active,SRC000062,2026-10-02,2026年度硬式加盟校として公式高野連加盟校一覧から登録。
SCH000165,中越,,中越,,中越,15,長岡市,長岡市新保町1371-1,private,high_school,active,SRC000062,2026-10-02,2026年度硬式加盟校として公式高野連加盟校一覧から登録。
SCH000166,帝京長岡,,帝京長岡,,帝京長岡,15,長岡市,長岡市住吉3-9-1,private,high_school,active,SRC000062,2026-10-02,2026年度硬式加盟校として公式高野連加盟校一覧から登録。
SCH000167,見附,,見附,,見附,15,見附市,見附市本所1-20-6,prefectural,high_school,active,SRC000062,2026-10-02,2026年度硬式加盟校として公式高野連加盟校一覧から登録。
SCH000168,分水,,分水,,分水,15,燕市,燕市笈ヶ島104-4,prefectural,high_school,active,SRC000062,2026-10-02,2026年度硬式加盟校として公式高野連加盟校一覧から登録。
SCH000169,三条,,三条,,三条,15,三条市,三条市月岡1-2-1,prefectural,high_school,active,SRC000062,2026-10-02,2026年度硬式加盟校として公式高野連加盟校一覧から登録。
SCH000170,三条東,,三条東,,三条東,15,三条市,三条市北入蔵2-9-36,prefectural,high_school,active,SRC000062,2026-10-02,2026年度硬式加盟校として公式高野連加盟校一覧から登録。
SCH000171,新潟県央工,,新潟県央工,,新潟県央工,15,三条市,三条市東本成寺13-1,prefectural,high_school,active,SRC000062,2026-10-02,2026年度硬式加盟校として公式高野連加盟校一覧から登録。
SCH000172,三条商,,三条商,,三条商,15,三条市,三条市田島2-24-8,prefectural,high_school,active,SRC000062,2026-10-02,2026年度硬式加盟校として公式高野連加盟校一覧から登録。
SCH000173,小千谷,,小千谷,,小千谷,15,小千谷市,小千谷市旭町7-1,prefectural,high_school,active,SRC000062,2026-10-02,2026年度硬式加盟校として公式高野連加盟校一覧から登録。
SCH000174,小千谷西,,小千谷西,,小千谷西,15,小千谷市,小千谷市城内3-3-11,prefectural,high_school,active,SRC000062,2026-10-02,2026年度硬式加盟校として公式高野連加盟校一覧から登録。
SCH000175,小出,,小出,,小出,15,魚沼市,魚沼市青島810-4,prefectural,high_school,active,SRC000062,2026-10-02,2026年度硬式加盟校として公式高野連加盟校一覧から登録。
SCH000176,六日町,,六日町,,六日町,15,南魚沼市,南魚沼市余川1380-2,prefectural,high_school,active,SRC000062,2026-10-02,2026年度硬式加盟校として公式高野連加盟校一覧から登録。
SCH000177,塩沢商工,,塩沢商工,,塩沢商工,15,南魚沼市,南魚沼市泉盛寺701-1,prefectural,high_school,active,SRC000062,2026-10-02,2026年度硬式加盟校として公式高野連加盟校一覧から登録。
SCH000178,十日町,,十日町,,十日町,15,十日町,十日町市本町西1-203,prefectural,high_school,active,SRC000062,2026-10-02,2026年度硬式加盟校として公式高野連加盟校一覧から登録。
SCH000179,十日町総合,,十日町総合,,十日町総合,15,十日町,十日町市高山461,prefectural,high_school,active,SRC000062,2026-10-02,2026年度硬式加盟校として公式高野連加盟校一覧から登録。
SCH000180,柏崎,,柏崎,,柏崎,15,柏崎市,柏崎市学校町4-1,prefectural,high_school,active,SRC000062,2026-10-02,2026年度硬式加盟校として公式高野連加盟校一覧から登録。
SCH000181,柏崎常盤,,柏崎常盤,,柏崎常盤,15,柏崎市,柏崎市比角1-5-57,prefectural,high_school,active,SRC000062,2026-10-02,2026年度硬式加盟校として公式高野連加盟校一覧から登録。
SCH000182,柏崎総合,,柏崎総合,,柏崎総合,15,柏崎市,柏崎市元城町1-1,prefectural,high_school,active,SRC000062,2026-10-02,2026年度硬式加盟校として公式高野連加盟校一覧から登録。
SCH000183,柏崎工,,柏崎工,,柏崎工,15,柏崎市,柏崎市栄町5-16,prefectural,high_school,active,SRC000062,2026-10-02,2026年度硬式加盟校として公式高野連加盟校一覧から登録。
SCH000184,新潟産大附,,新潟産大附,,新潟産大附,15,柏崎市,柏崎市大字安田2510-2,private,high_school,active,SRC000062,2026-10-02,2026年度硬式加盟校として公式高野連加盟校一覧から登録。
SCH000185,高田,,高田,,高田,15,上越市,上越市南城町3-5-5,prefectural,high_school,active,SRC000062,2026-10-02,2026年度硬式加盟校として公式高野連加盟校一覧から登録。
SCH000186,高田北城,,高田北城,,高田北城,15,上越市,上越市北城町2-8-1,prefectural,high_school,active,SRC000062,2026-10-02,2026年度硬式加盟校として公式高野連加盟校一覧から登録。
SCH000187,高田農,,高田農,,高田農,15,上越市,上越市東城町1-4-41,prefectural,high_school,active,SRC000062,2026-10-02,2026年度硬式加盟校として公式高野連加盟校一覧から登録。
SCH000188,上越総合技術,,上越総合技術,,上越総合技術,15,上越市,上越市本城町3-1,prefectural,high_school,active,SRC000062,2026-10-02,2026年度硬式加盟校として公式高野連加盟校一覧から登録。
SCH000189,高田商,,高田商,,高田商,15,上越市,上越市大字中田原90-1,prefectural,high_school,active,SRC000062,2026-10-02,2026年度硬式加盟校として公式高野連加盟校一覧から登録。
SCH000190,関根学園,,関根学園,,関根学園,15,上越市,上越市大貫2-9-1,private,high_school,active,SRC000062,2026-10-02,2026年度硬式加盟校として公式高野連加盟校一覧から登録。
SCH000191,上越,,上越,,上越,15,上越市,上越市寺町3-4-34,private,high_school,active,SRC000062,2026-10-02,2026年度硬式加盟校として公式高野連加盟校一覧から登録。
SCH000192,新井,,新井,,新井,15,妙高市,妙高市田町1-10-1,prefectural,high_school,active,SRC000062,2026-10-02,2026年度硬式加盟校として公式高野連加盟校一覧から登録。
SCH000193,糸魚川,,糸魚川,,糸魚川,15,糸魚川市,糸魚川市大字平牛248-2,prefectural,high_school,active,SRC000062,2026-10-02,2026年度硬式加盟校として公式高野連加盟校一覧から登録。
SCH000194,糸魚川白嶺,,糸魚川白嶺,,糸魚川白嶺,15,糸魚川市,糸魚川市清崎9-1,prefectural,high_school,active,SRC000062,2026-10-02,2026年度硬式加盟校として公式高野連加盟校一覧から登録。
SCH000195,海洋,,海洋,,海洋,15,糸魚川市,糸魚川市大字能生3040,prefectural,high_school,active,SRC000062,2026-10-02,2026年度硬式加盟校として公式高野連加盟校一覧から登録。
SCH000196,帝京第三,,帝京第三,,帝京第三,19,北杜市,北杜市小淵沢町2148,unknown,high_school,active,SRC000066,2026-10-02,2026年度硬式加盟校として公式高野連加盟校一覧から登録。 設置区分は出典ページに明示がないためunknown。
SCH000197,北杜,,北杜,,北杜,19,北杜市,北杜市長坂町渋沢1007-19,unknown,high_school,active,SRC000066,2026-10-02,2026年度硬式加盟校として公式高野連加盟校一覧から登録。 設置区分は出典ページに明示がないためunknown。
SCH000198,韮崎,,韮崎,,韮崎,19,韮崎市,韮崎市若宮3-2-1,unknown,high_school,active,SRC000066,2026-10-02,2026年度硬式加盟校として公式高野連加盟校一覧から登録。 設置区分は出典ページに明示がないためunknown。
SCH000199,韮崎工業,,韮崎工業,,韮崎工業,19,韮崎市,韮崎市龍岡町若尾新田50-1,unknown,high_school,active,SRC000066,2026-10-02,2026年度硬式加盟校として公式高野連加盟校一覧から登録。 設置区分は出典ページに明示がないためunknown。
SCH000200,日本航空,,日本航空,,日本航空,19,甲斐市,甲斐市宇津谷445,unknown,high_school,active,SRC000066,2026-10-02,2026年度硬式加盟校として公式高野連加盟校一覧から登録。 設置区分は出典ページに明示がないためunknown。
SCH000201,甲府昭和,,甲府昭和,,甲府昭和,19,昭和町,中巨摩郡昭和町西条3000,unknown,high_school,active,SRC000066,2026-10-02,2026年度硬式加盟校として公式高野連加盟校一覧から登録。 設置区分は出典ページに明示がないためunknown。
SCH000202,農林,,農林,,農林,19,甲斐市,甲斐市西八幡4533,unknown,high_school,active,SRC000066,2026-10-02,2026年度硬式加盟校として公式高野連加盟校一覧から登録。 設置区分は出典ページに明示がないためunknown。
SCH000203,白根,,白根,,白根,19,南アルプス市,南アルプス市上今諏訪1180,unknown,high_school,active,SRC000066,2026-10-02,2026年度硬式加盟校として公式高野連加盟校一覧から登録。 設置区分は出典ページに明示がないためunknown。
SCH000204,巨摩,,巨摩,,巨摩,19,南アルプス市,南アルプス市小笠原1500-2,unknown,high_school,active,SRC000066,2026-10-02,2026年度硬式加盟校として公式高野連加盟校一覧から登録。 設置区分は出典ページに明示がないためunknown。
SCH000205,青洲,,青洲,,青洲,19,市川三郷町,西八代郡市川三郷町市川大門1733-2,unknown,high_school,active,SRC000066,2026-10-02,2026年度硬式加盟校として公式高野連加盟校一覧から登録。 設置区分は出典ページに明示がないためunknown。
SCH000206,身延,,身延,,身延,19,身延町,南巨摩郡身延町梅平1201-2,unknown,high_school,active,SRC000066,2026-10-02,2026年度硬式加盟校として公式高野連加盟校一覧から登録。 設置区分は出典ページに明示がないためunknown。
SCH000207,甲府南,,甲府南,,甲府南,19,甲府市,甲府市中小河原町222,unknown,high_school,active,SRC000066,2026-10-02,2026年度硬式加盟校として公式高野連加盟校一覧から登録。 設置区分は出典ページに明示がないためunknown。
SCH000208,甲府商業,,甲府商業,,甲府商業,19,甲府市,甲府市上今井町300,unknown,high_school,active,SRC000066,2026-10-02,2026年度硬式加盟校として公式高野連加盟校一覧から登録。 設置区分は出典ページに明示がないためunknown。
SCH000209,甲府西,,甲府西,,甲府西,19,甲府市,甲府市下飯田4-1-1,unknown,high_school,active,SRC000066,2026-10-02,2026年度硬式加盟校として公式高野連加盟校一覧から登録。 設置区分は出典ページに明示がないためunknown。
SCH000210,甲府城西,,甲府城西,,甲府城西,19,甲府市,甲府市下飯田1-9-1,unknown,high_school,active,SRC000066,2026-10-02,2026年度硬式加盟校として公式高野連加盟校一覧から登録。 設置区分は出典ページに明示がないためunknown。
SCH000211,東海大甲府,,東海大甲府,,東海大甲府,19,甲府市,甲府市金竹町1-1,unknown,high_school,active,SRC000066,2026-10-02,2026年度硬式加盟校として公式高野連加盟校一覧から登録。 設置区分は出典ページに明示がないためunknown。
SCH000212,駿台甲府,,駿台甲府,,駿台甲府,19,甲府市,甲府市塩部2-8-1,unknown,high_school,active,SRC000066,2026-10-02,2026年度硬式加盟校として公式高野連加盟校一覧から登録。 設置区分は出典ページに明示がないためunknown。
SCH000213,甲府工業,,甲府工業,,甲府工業,19,甲府市,甲府市塩部2-7-1,unknown,high_school,active,SRC000066,2026-10-02,2026年度硬式加盟校として公式高野連加盟校一覧から登録。 設置区分は出典ページに明示がないためunknown。
SCH000214,甲府第一,,甲府第一,,甲府第一,19,甲府市,甲府市美咲2-13-44,unknown,high_school,active,SRC000066,2026-10-02,2026年度硬式加盟校として公式高野連加盟校一覧から登録。 設置区分は出典ページに明示がないためunknown。
SCH000215,甲府東,,甲府東,,甲府東,19,甲府市,甲府市酒折1-17-1,unknown,high_school,active,SRC000066,2026-10-02,2026年度硬式加盟校として公式高野連加盟校一覧から登録。 設置区分は出典ページに明示がないためunknown。
SCH000216,山梨学院,,山梨学院,,山梨学院,19,甲府市,甲府市酒折3-3-1,unknown,high_school,active,SRC000066,2026-10-02,2026年度硬式加盟校として公式高野連加盟校一覧から登録。 設置区分は出典ページに明示がないためunknown。
SCH000217,笛吹,,笛吹,,笛吹,19,笛吹市,笛吹市石和町市部3,unknown,high_school,active,SRC000066,2026-10-02,2026年度硬式加盟校として公式高野連加盟校一覧から登録。 設置区分は出典ページに明示がないためunknown。
SCH000218,日川,,日川,,日川,19,山梨市,山梨市一町田中1062,unknown,high_school,active,SRC000066,2026-10-02,2026年度硬式加盟校として公式高野連加盟校一覧から登録。 設置区分は出典ページに明示がないためunknown。
SCH000219,山梨,,山梨,,山梨,19,山梨市,山梨市上神内川194,unknown,high_school,active,SRC000066,2026-10-02,2026年度硬式加盟校として公式高野連加盟校一覧から登録。 設置区分は出典ページに明示がないためunknown。
SCH000220,塩山,,塩山,,塩山,19,甲州市,甲州市塩山三日市場440-1,unknown,high_school,active,SRC000066,2026-10-02,2026年度硬式加盟校として公式高野連加盟校一覧から登録。 設置区分は出典ページに明示がないためunknown。
SCH000221,都留,,都留,,都留,19,大月市,大月市大月2-11-20,unknown,high_school,active,SRC000066,2026-10-02,2026年度硬式加盟校として公式高野連加盟校一覧から登録。 設置区分は出典ページに明示がないためunknown。
SCH000222,上野原,,上野原,,上野原,19,上野原市,上野原市八ツ沢555,unknown,high_school,active,SRC000066,2026-10-02,2026年度硬式加盟校として公式高野連加盟校一覧から登録。 設置区分は出典ページに明示がないためunknown。
SCH000223,日大明誠,,日大明誠,,日大明誠,19,上野原市,上野原市上野原3200,unknown,high_school,active,SRC000066,2026-10-02,2026年度硬式加盟校として公式高野連加盟校一覧から登録。 設置区分は出典ページに明示がないためunknown。
SCH000224,都留興譲館,,都留興譲館,,都留興譲館,19,都留市,都留市上谷5-7-1,unknown,high_school,active,SRC000066,2026-10-02,2026年度硬式加盟校として公式高野連加盟校一覧から登録。 設置区分は出典ページに明示がないためunknown。
SCH000225,富士学苑,,富士学苑,,富士学苑,19,富士吉田市,富士吉田市緑ヶ丘1-1-1,unknown,high_school,active,SRC000066,2026-10-02,2026年度硬式加盟校として公式高野連加盟校一覧から登録。 設置区分は出典ページに明示がないためunknown。
SCH000226,吉田,,吉田,,吉田,19,富士吉田市,富士吉田市下吉田6-23-1,unknown,high_school,active,SRC000066,2026-10-02,2026年度硬式加盟校として公式高野連加盟校一覧から登録。 設置区分は出典ページに明示がないためunknown。
SCH000227,富士北稜,,富士北稜,,富士北稜,19,富士吉田市,富士吉田市新西原1-23-1,unknown,high_school,active,SRC000066,2026-10-02,2026年度硬式加盟校として公式高野連加盟校一覧から登録。 設置区分は出典ページに明示がないためunknown。
SCH000228,富士河口湖,,富士河口湖,,富士河口湖,19,富士河口湖町,南都留郡富士河口湖町船津6663-1,unknown,high_school,active,SRC000066,2026-10-02,2026年度硬式加盟校として公式高野連加盟校一覧から登録。 設置区分は出典ページに明示がないためunknown。
SCH000229,岐阜高等学校,,岐阜高等学校,,岐阜高等学校,21,岐阜市,岐阜市大縄場3-1,unknown,high_school,active,SRC000068,2026-10-02,2026年度硬式加盟校として公式高野連加盟校一覧から登録。 設置区分は出典ページに明示がないためunknown。
SCH000230,長良高等学校,,長良高等学校,,長良高等学校,21,岐阜市,岐阜市長良西後町1716-1,unknown,high_school,active,SRC000068,2026-10-02,2026年度硬式加盟校として公式高野連加盟校一覧から登録。 設置区分は出典ページに明示がないためunknown。
SCH000231,加納高等学校,,加納高等学校,,加納高等学校,21,岐阜市,岐阜市加納南陽町3-17,unknown,high_school,active,SRC000068,2026-10-02,2026年度硬式加盟校として公式高野連加盟校一覧から登録。 設置区分は出典ページに明示がないためunknown。
SCH000232,県立岐阜商業高等学校,,県立岐阜商業高等学校,,県立岐阜商業高等学校,21,岐阜市,岐阜市則武新屋敷1816-6,prefectural,high_school,active,SRC000068,2026-10-02,2026年度硬式加盟校として公式高野連加盟校一覧から登録。
SCH000233,岐阜東高等学校,,岐阜東高等学校,,岐阜東高等学校,21,岐阜市,岐阜市野一色4-17-1,unknown,high_school,active,SRC000068,2026-10-02,2026年度硬式加盟校として公式高野連加盟校一覧から登録。 設置区分は出典ページに明示がないためunknown。
SCH000234,岐阜聖徳学園高等学校,,岐阜聖徳学園高等学校,,岐阜聖徳学園高等学校,21,岐阜市,岐阜市中鶉1-50,unknown,high_school,active,SRC000068,2026-10-02,2026年度硬式加盟校として公式高野連加盟校一覧から登録。 設置区分は出典ページに明示がないためunknown。
SCH000235,岐阜総合学園高等学校,,岐阜総合学園高等学校,,岐阜総合学園高等学校,21,岐阜市,岐阜市須賀2-7-25,unknown,high_school,active,SRC000068,2026-10-02,2026年度硬式加盟校として公式高野連加盟校一覧から登録。 設置区分は出典ページに明示がないためunknown。
SCH000236,岐阜工業高等学校,,岐阜工業高等学校,,岐阜工業高等学校,21,笠松町,羽島郡笠松町常盤町1700,unknown,high_school,active,SRC000068,2026-10-02,2026年度硬式加盟校として公式高野連加盟校一覧から登録。 設置区分は出典ページに明示がないためunknown。
SCH000237,岐阜農林高等学校,,岐阜農林高等学校,,岐阜農林高等学校,21,北方町,本巣郡北方町北方1500,unknown,high_school,active,SRC000068,2026-10-02,2026年度硬式加盟校として公式高野連加盟校一覧から登録。 設置区分は出典ページに明示がないためunknown。
SCH000238,本巣松陽高等学校,,本巣松陽高等学校,,本巣松陽高等学校,21,本巣市,本巣市仏生寺859-1,unknown,high_school,active,SRC000068,2026-10-02,2026年度硬式加盟校として公式高野連加盟校一覧から登録。 設置区分は出典ページに明示がないためunknown。
SCH000239,岐阜第一高等学校,,岐阜第一高等学校,,岐阜第一高等学校,21,本巣市,本巣市仏生寺884-7,unknown,high_school,active,SRC000068,2026-10-02,2026年度硬式加盟校として公式高野連加盟校一覧から登録。 設置区分は出典ページに明示がないためunknown。
SCH000240,岐阜工業高等専門学校,,岐阜工業高等専門学校,,岐阜工業高等専門学校,21,本巣市,本巣市上真桑2236-2,unknown,technical_college,active,SRC000068,2026-10-02,2026年度硬式加盟校として公式高野連加盟校一覧から登録。 設置区分は出典ページに明示がないためunknown。
SCH000241,岐阜市立岐阜商業高等学校,,岐阜市立岐阜商業高等学校,,岐阜市立岐阜商業高等学校,21,岐阜市,岐阜市鏡島南2-7-1,municipal,high_school,active,SRC000068,2026-10-02,2026年度硬式加盟校として公式高野連加盟校一覧から登録。
SCH000242,羽島北高等学校,,羽島北高等学校,,羽島北高等学校,21,岐阜市,岐阜市柳津町北塚3-110,unknown,high_school,active,SRC000068,2026-10-02,2026年度硬式加盟校として公式高野連加盟校一覧から登録。 設置区分は出典ページに明示がないためunknown。
SCH000243,岐阜各務野高等学校,,岐阜各務野高等学校,,岐阜各務野高等学校,21,各務原市,各務原市鵜沼各務原町8-7-2,unknown,high_school,active,SRC000068,2026-10-02,2026年度硬式加盟校として公式高野連加盟校一覧から登録。 設置区分は出典ページに明示がないためunknown。
SCH000244,岐南工業高等学校,,岐南工業高等学校,,岐南工業高等学校,21,岐阜市,岐阜市本荘3456-19,unknown,high_school,active,SRC000068,2026-10-02,2026年度硬式加盟校として公式高野連加盟校一覧から登録。 設置区分は出典ページに明示がないためunknown。
SCH000245,山県高等学校,,山県高等学校,,山県高等学校,21,山県市,山県市中洞44-1,unknown,high_school,active,SRC000068,2026-10-02,2026年度硬式加盟校として公式高野連加盟校一覧から登録。 設置区分は出典ページに明示がないためunknown。
SCH000246,羽島高等学校,,羽島高等学校,,羽島高等学校,21,羽島市,羽島市竹鼻町梅ケ枝町200-2,unknown,high_school,active,SRC000068,2026-10-02,2026年度硬式加盟校として公式高野連加盟校一覧から登録。 設置区分は出典ページに明示がないためunknown。
SCH000247,各務原高等学校,,各務原高等学校,,各務原高等学校,21,各務原市,各務原市蘇原新生町2-63,unknown,high_school,active,SRC000068,2026-10-02,2026年度硬式加盟校として公式高野連加盟校一覧から登録。 設置区分は出典ページに明示がないためunknown。
SCH000248,岐山高等学校,,岐山高等学校,,岐山高等学校,21,岐阜市,岐阜市長良小山田2587,unknown,high_school,active,SRC000068,2026-10-02,2026年度硬式加盟校として公式高野連加盟校一覧から登録。 設置区分は出典ページに明示がないためunknown。
SCH000249,各務原西高等学校,,各務原西高等学校,,各務原西高等学校,21,各務原市,各務原市那加東亜町24-1,unknown,high_school,active,SRC000068,2026-10-02,2026年度硬式加盟校として公式高野連加盟校一覧から登録。 設置区分は出典ページに明示がないためunknown。
SCH000250,岐阜城北高等学校,,岐阜城北高等学校,,岐阜城北高等学校,21,岐阜市,岐阜市三田洞465-1,unknown,high_school,active,SRC000068,2026-10-02,2026年度硬式加盟校として公式高野連加盟校一覧から登録。 設置区分は出典ページに明示がないためunknown。
SCH000251,岐阜北高等学校,,岐阜北高等学校,,岐阜北高等学校,21,岐阜市,岐阜市則武清水1841-11,unknown,high_school,active,SRC000068,2026-10-02,2026年度硬式加盟校として公式高野連加盟校一覧から登録。 設置区分は出典ページに明示がないためunknown。
SCH000252,富田高等学校,,富田高等学校,,富田高等学校,21,岐阜市,岐阜市野一色4-17-1,unknown,high_school,active,SRC000068,2026-10-02,2026年度硬式加盟校として公式高野連加盟校一覧から登録。 設置区分は出典ページに明示がないためunknown。
SCH000253,大垣北高等学校,,大垣北高等学校,,大垣北高等学校,21,大垣市,大垣市中川町4-110-1,unknown,high_school,active,SRC000068,2026-10-02,2026年度硬式加盟校として公式高野連加盟校一覧から登録。 設置区分は出典ページに明示がないためunknown。
SCH000254,大垣南高等学校,,大垣南高等学校,,大垣南高等学校,21,大垣市,大垣市浅中2-69,unknown,high_school,active,SRC000068,2026-10-02,2026年度硬式加盟校として公式高野連加盟校一覧から登録。 設置区分は出典ページに明示がないためunknown。
SCH000255,大垣商業高等学校,,大垣商業高等学校,,大垣商業高等学校,21,大垣市,大垣市開発町4-300,unknown,high_school,active,SRC000068,2026-10-02,2026年度硬式加盟校として公式高野連加盟校一覧から登録。 設置区分は出典ページに明示がないためunknown。
SCH000256,大垣工業高等学校,,大垣工業高等学校,,大垣工業高等学校,21,大垣市,大垣市南若森町301-1,unknown,high_school,active,SRC000068,2026-10-02,2026年度硬式加盟校として公式高野連加盟校一覧から登録。 設置区分は出典ページに明示がないためunknown。
SCH000257,大垣日本大学高等学校,,大垣日本大学高等学校,,大垣日本大学高等学校,21,大垣市,大垣市林町6-5,unknown,high_school,active,SRC000068,2026-10-02,2026年度硬式加盟校として公式高野連加盟校一覧から登録。 設置区分は出典ページに明示がないためunknown。
SCH000258,海津明誠高等学校,,海津明誠高等学校,,海津明誠高等学校,21,海津市,海津市海津町高須町11-1,unknown,high_school,active,SRC000068,2026-10-02,2026年度硬式加盟校として公式高野連加盟校一覧から登録。 設置区分は出典ページに明示がないためunknown。
SCH000259,不破高等学校,,不破高等学校,,不破高等学校,21,垂井町,不破郡垂井町宮代1919-1,unknown,high_school,active,SRC000068,2026-10-02,2026年度硬式加盟校として公式高野連加盟校一覧から登録。 設置区分は出典ページに明示がないためunknown。
SCH000260,揖斐高等学校,,揖斐高等学校,,揖斐高等学校,21,揖斐川町,揖斐郡揖斐川町三輪1195,unknown,high_school,active,SRC000068,2026-10-02,2026年度硬式加盟校として公式高野連加盟校一覧から登録。 設置区分は出典ページに明示がないためunknown。
SCH000261,大垣西高等学校,,大垣西高等学校,,大垣西高等学校,21,大垣市,大垣市中曽根字大畔147-1,unknown,high_school,active,SRC000068,2026-10-02,2026年度硬式加盟校として公式高野連加盟校一覧から登録。 設置区分は出典ページに明示がないためunknown。
SCH000262,大垣東高等学校,,大垣東高等学校,,大垣東高等学校,21,大垣市,大垣市美和町1784,unknown,high_school,active,SRC000068,2026-10-02,2026年度硬式加盟校として公式高野連加盟校一覧から登録。 設置区分は出典ページに明示がないためunknown。
SCH000263,池田高等学校,,池田高等学校,,池田高等学校,21,池田町,揖斐郡池田町六之井字下向242-1,unknown,high_school,active,SRC000068,2026-10-02,2026年度硬式加盟校として公式高野連加盟校一覧から登録。 設置区分は出典ページに明示がないためunknown。
SCH000264,大垣養老高等学校,,大垣養老高等学校,,大垣養老高等学校,21,養老町,養老郡養老町祖父江向野1418-4,unknown,high_school,active,SRC000068,2026-10-02,2026年度硬式加盟校として公式高野連加盟校一覧から登録。 設置区分は出典ページに明示がないためunknown。
SCH000265,関高等学校,,関高等学校,,関高等学校,21,関市,関市桜ヶ丘2-1-1,unknown,high_school,active,SRC000068,2026-10-02,2026年度硬式加盟校として公式高野連加盟校一覧から登録。 設置区分は出典ページに明示がないためunknown。
SCH000266,関商工高等学校,,関商工高等学校,,関商工高等学校,21,関市,関市桐ヶ丘1-1,unknown,high_school,active,SRC000068,2026-10-02,2026年度硬式加盟校として公式高野連加盟校一覧から登録。 設置区分は出典ページに明示がないためunknown。
SCH000267,武義高等学校,,武義高等学校,,武義高等学校,21,美濃市,美濃市泉町2-3,unknown,high_school,active,SRC000068,2026-10-02,2026年度硬式加盟校として公式高野連加盟校一覧から登録。 設置区分は出典ページに明示がないためunknown。
SCH000268,加茂高等学校,,加茂高等学校,,加茂高等学校,21,美濃加茂市,美濃加茂市本郷町2-6-78,unknown,high_school,active,SRC000068,2026-10-02,2026年度硬式加盟校として公式高野連加盟校一覧から登録。 設置区分は出典ページに明示がないためunknown。
SCH000269,美濃加茂高等学校,,美濃加茂高等学校,,美濃加茂高等学校,21,美濃加茂市,美濃加茂市本郷町7-6-60,unknown,high_school,active,SRC000068,2026-10-02,2026年度硬式加盟校として公式高野連加盟校一覧から登録。 設置区分は出典ページに明示がないためunknown。
SCH000270,東濃高等学校,,東濃高等学校,,東濃高等学校,21,御嵩町,可児郡御嵩町御嵩2854-1,unknown,high_school,active,SRC000068,2026-10-02,2026年度硬式加盟校として公式高野連加盟校一覧から登録。 設置区分は出典ページに明示がないためunknown。
SCH000271,可児工業高等学校,,可児工業高等学校,,可児工業高等学校,21,可児市,可児市中恵土2358-1,unknown,high_school,active,SRC000068,2026-10-02,2026年度硬式加盟校として公式高野連加盟校一覧から登録。 設置区分は出典ページに明示がないためunknown。
SCH000272,郡上高等学校,,郡上高等学校,,郡上高等学校,21,郡上市,郡上市八幡町小野970-1,unknown,high_school,active,SRC000068,2026-10-02,2026年度硬式加盟校として公式高野連加盟校一覧から登録。 設置区分は出典ページに明示がないためunknown。
SCH000273,高山工業高等学校,,高山工業高等学校,,高山工業高等学校,21,高山市,高山市千島町291,unknown,high_school,active,SRC000068,2026-10-02,2026年度硬式加盟校として公式高野連加盟校一覧から登録。 設置区分は出典ページに明示がないためunknown。
SCH000274,斐太高等学校,,斐太高等学校,,斐太高等学校,21,高山市,高山市三福寺町736,unknown,high_school,active,SRC000068,2026-10-02,2026年度硬式加盟校として公式高野連加盟校一覧から登録。 設置区分は出典ページに明示がないためunknown。
SCH000275,可児高等学校,,可児高等学校,,可児高等学校,21,可児市,可児市坂戸987-2,unknown,high_school,active,SRC000068,2026-10-02,2026年度硬式加盟校として公式高野連加盟校一覧から登録。 設置区分は出典ページに明示がないためunknown。
SCH000276,東濃実業高等学校,,東濃実業高等学校,,東濃実業高等学校,21,御嵩町,可児郡御嵩町伏見891,unknown,high_school,active,SRC000068,2026-10-02,2026年度硬式加盟校として公式高野連加盟校一覧から登録。 設置区分は出典ページに明示がないためunknown。
SCH000277,益田清風高等学校,,益田清風高等学校,,益田清風高等学校,21,下呂市,下呂市萩原町326-1,unknown,high_school,active,SRC000068,2026-10-02,2026年度硬式加盟校として公式高野連加盟校一覧から登録。 設置区分は出典ページに明示がないためunknown。
SCH000278,関有知高等学校,,関有知高等学校,,関有知高等学校,21,関市,関市下有知松ケ洞6191-3,unknown,high_school,active,SRC000068,2026-10-02,2026年度硬式加盟校として公式高野連加盟校一覧から登録。 設置区分は出典ページに明示がないためunknown。
SCH000279,八百津高等学校,,八百津高等学校,,八百津高等学校,21,八百津町,加茂郡八百津町伊岐津志2803-6,unknown,high_school,active,SRC000068,2026-10-02,2026年度硬式加盟校として公式高野連加盟校一覧から登録。 設置区分は出典ページに明示がないためunknown。
SCH000280,帝京大可児高等学校,,帝京大可児高等学校,,帝京大可児高等学校,21,可児市,可児市桂ケ丘1-1,unknown,high_school,active,SRC000068,2026-10-02,2026年度硬式加盟校として公式高野連加盟校一覧から登録。 設置区分は出典ページに明示がないためunknown。
SCH000281,飛騨神岡高等学校,,飛騨神岡高等学校,,飛騨神岡高等学校,21,飛騨市,飛騨市神岡町小萱2138-2,unknown,high_school,active,SRC000068,2026-10-02,2026年度硬式加盟校として公式高野連加盟校一覧から登録。 設置区分は出典ページに明示がないためunknown。
SCH000282,飛騨高山高等学校,,飛騨高山高等学校,,飛騨高山高等学校,21,高山市,高山市下岡本町2000-30,unknown,high_school,active,SRC000068,2026-10-02,2026年度硬式加盟校として公式高野連加盟校一覧から登録。 設置区分は出典ページに明示がないためunknown。
SCH000283,加茂農林高等学校,,加茂農林高等学校,,加茂農林高等学校,21,美濃加茂市,美濃加茂市本郷町3-3-13,unknown,high_school,active,SRC000068,2026-10-02,2026年度硬式加盟校として公式高野連加盟校一覧から登録。 設置区分は出典ページに明示がないためunknown。
SCH000284,高山西高等学校,,高山西高等学校,,高山西高等学校,21,高山市,高山市下林町353,unknown,high_school,active,SRC000068,2026-10-02,2026年度硬式加盟校として公式高野連加盟校一覧から登録。 設置区分は出典ページに明示がないためunknown。
SCH000285,多治見工業高等学校,,多治見工業高等学校,,多治見工業高等学校,21,多治見市,多治見市陶元町207,unknown,high_school,active,SRC000068,2026-10-02,2026年度硬式加盟校として公式高野連加盟校一覧から登録。 設置区分は出典ページに明示がないためunknown。
SCH000286,土岐商業高等学校,,土岐商業高等学校,,土岐商業高等学校,21,土岐市,土岐市土岐津町土岐口1259-1,unknown,high_school,active,SRC000068,2026-10-02,2026年度硬式加盟校として公式高野連加盟校一覧から登録。 設置区分は出典ページに明示がないためunknown。
SCH000287,土岐紅陵高等学校,,土岐紅陵高等学校,,土岐紅陵高等学校,21,土岐市,土岐市下石町1795-12,unknown,high_school,active,SRC000068,2026-10-02,2026年度硬式加盟校として公式高野連加盟校一覧から登録。 設置区分は出典ページに明示がないためunknown。
SCH000288,瑞浪高等学校,,瑞浪高等学校,,瑞浪高等学校,21,瑞浪市,瑞浪市土岐町7942,unknown,high_school,active,SRC000068,2026-10-02,2026年度硬式加盟校として公式高野連加盟校一覧から登録。 設置区分は出典ページに明示がないためunknown。
SCH000289,中京高等学校,,中京高等学校,,中京高等学校,21,瑞浪市,瑞浪市土岐町7074-1,unknown,high_school,active,SRC000068,2026-10-02,2026年度硬式加盟校として公式高野連加盟校一覧から登録。 設置区分は出典ページに明示がないためunknown。
SCH000290,麗澤瑞浪高等学校,,麗澤瑞浪高等学校,,麗澤瑞浪高等学校,21,瑞浪市,瑞浪市稲津町萩原1661,unknown,high_school,active,SRC000068,2026-10-02,2026年度硬式加盟校として公式高野連加盟校一覧から登録。 設置区分は出典ページに明示がないためunknown。
SCH000291,中津商業高等学校,,中津商業高等学校,,中津商業高等学校,21,中津川市,中津川市駒場大岩1646,unknown,high_school,active,SRC000068,2026-10-02,2026年度硬式加盟校として公式高野連加盟校一覧から登録。 設置区分は出典ページに明示がないためunknown。
SCH000292,多治見高等学校,,多治見高等学校,,多治見高等学校,21,多治見市,多治見市坂上町9-141,unknown,high_school,active,SRC000068,2026-10-02,2026年度硬式加盟校として公式高野連加盟校一覧から登録。 設置区分は出典ページに明示がないためunknown。
SCH000293,恵那南高等学校,,恵那南高等学校,,恵那南高等学校,21,恵那市,恵那市明智町大庭,unknown,high_school,active,SRC000068,2026-10-02,2026年度硬式加盟校として公式高野連加盟校一覧から登録。 設置区分は出典ページに明示がないためunknown。
SCH000294,中津川工業高等学校,,中津川工業高等学校,,中津川工業高等学校,21,中津川市,中津川市千旦林1521-3,unknown,high_school,active,SRC000068,2026-10-02,2026年度硬式加盟校として公式高野連加盟校一覧から登録。 設置区分は出典ページに明示がないためunknown。
SCH000295,中津高等学校,,中津高等学校,,中津高等学校,21,中津川市,中津川市中津川1088-2,unknown,high_school,active,SRC000068,2026-10-02,2026年度硬式加盟校として公式高野連加盟校一覧から登録。 設置区分は出典ページに明示がないためunknown。
SCH000296,鳥取東高等学校,,鳥取東高等学校,,鳥取東高等学校,31,鳥取市,鳥取市立川町5丁目210,unknown,high_school,active,SRC000078,2026-10-02,2026年度硬式加盟校として公式高野連加盟校一覧から登録。 設置区分は出典ページに明示がないためunknown。
SCH000297,鳥取西高等学校,,鳥取西高等学校,,鳥取西高等学校,31,鳥取市,鳥取市東町2丁目112,unknown,high_school,active,SRC000078,2026-10-02,2026年度硬式加盟校として公式高野連加盟校一覧から登録。 設置区分は出典ページに明示がないためunknown。
SCH000298,鳥取商業高等学校,,鳥取商業高等学校,,鳥取商業高等学校,31,鳥取市,鳥取市湖山町北2丁目401,unknown,high_school,active,SRC000078,2026-10-02,2026年度硬式加盟校として公式高野連加盟校一覧から登録。 設置区分は出典ページに明示がないためunknown。
SCH000299,鳥取工業高等学校,,鳥取工業高等学校,,鳥取工業高等学校,31,鳥取市,鳥取市生山111,unknown,high_school,active,SRC000078,2026-10-02,2026年度硬式加盟校として公式高野連加盟校一覧から登録。 設置区分は出典ページに明示がないためunknown。
SCH000300,鳥取湖陵高等学校,,鳥取湖陵高等学校,,鳥取湖陵高等学校,31,鳥取市,鳥取市湖山町北3丁目250,unknown,high_school,active,SRC000078,2026-10-02,2026年度硬式加盟校として公式高野連加盟校一覧から登録。 設置区分は出典ページに明示がないためunknown。
SCH000301,岩美高等学校,,岩美高等学校,,岩美高等学校,31,岩美町,岩美郡岩美町浦富708-2,unknown,high_school,active,SRC000078,2026-10-02,2026年度硬式加盟校として公式高野連加盟校一覧から登録。 設置区分は出典ページに明示がないためunknown。
SCH000302,八頭高等学校,,八頭高等学校,,八頭高等学校,31,八頭町,八頭郡八頭町久能寺725,unknown,high_school,active,SRC000078,2026-10-02,2026年度硬式加盟校として公式高野連加盟校一覧から登録。 設置区分は出典ページに明示がないためunknown。
SCH000303,鳥取城北高等学校,,鳥取城北高等学校,,鳥取城北高等学校,31,鳥取市,鳥取市西品治848,unknown,high_school,active,SRC000078,2026-10-02,2026年度硬式加盟校として公式高野連加盟校一覧から登録。 設置区分は出典ページに明示がないためunknown。
SCH000304,倉吉東高等学校,,倉吉東高等学校,,倉吉東高等学校,31,倉吉市,倉吉市下田中町801,unknown,high_school,active,SRC000078,2026-10-02,2026年度硬式加盟校として公式高野連加盟校一覧から登録。 設置区分は出典ページに明示がないためunknown。
SCH000305,倉吉西高等学校,,倉吉西高等学校,,倉吉西高等学校,31,倉吉市,倉吉市秋喜20,unknown,high_school,active,SRC000078,2026-10-02,2026年度硬式加盟校として公式高野連加盟校一覧から登録。 設置区分は出典ページに明示がないためunknown。
SCH000306,倉吉農業高等学校,,倉吉農業高等学校,,倉吉農業高等学校,31,倉吉市,倉吉市大谷166,unknown,high_school,active,SRC000078,2026-10-02,2026年度硬式加盟校として公式高野連加盟校一覧から登録。 設置区分は出典ページに明示がないためunknown。
SCH000307,倉吉総合産業高等学校,,倉吉総合産業高等学校,,倉吉総合産業高等学校,31,倉吉市,倉吉市小田204-5,unknown,high_school,active,SRC000078,2026-10-02,2026年度硬式加盟校として公式高野連加盟校一覧から登録。 設置区分は出典ページに明示がないためunknown。
SCH000308,鳥取中央育英高等学校,,鳥取中央育英高等学校,,鳥取中央育英高等学校,31,北栄町,東伯郡北栄町由良宿291-1,unknown,high_school,active,SRC000078,2026-10-02,2026年度硬式加盟校として公式高野連加盟校一覧から登録。 設置区分は出典ページに明示がないためunknown。
SCH000309,倉吉北高等学校,,倉吉北高等学校,,倉吉北高等学校,31,倉吉市,倉吉市福庭町1丁目180,unknown,high_school,active,SRC000078,2026-10-02,2026年度硬式加盟校として公式高野連加盟校一覧から登録。 設置区分は出典ページに明示がないためunknown。
SCH000310,米子東高等学校,,米子東高等学校,,米子東高等学校,31,米子市,米子市勝田町1,unknown,high_school,active,SRC000078,2026-10-02,2026年度硬式加盟校として公式高野連加盟校一覧から登録。 設置区分は出典ページに明示がないためunknown。
SCH000311,米子西高等学校,,米子西高等学校,,米子西高等学校,31,米子市,米子市大谷町200,unknown,high_school,active,SRC000078,2026-10-02,2026年度硬式加盟校として公式高野連加盟校一覧から登録。 設置区分は出典ページに明示がないためunknown。
SCH000312,米子高等学校,,米子高等学校,,米子高等学校,31,米子市,米子市橋本30-1,unknown,high_school,active,SRC000078,2026-10-02,2026年度硬式加盟校として公式高野連加盟校一覧から登録。 設置区分は出典ページに明示がないためunknown。
SCH000313,米子工業高等学校,,米子工業高等学校,,米子工業高等学校,31,米子市,米子市博労町4丁目220,unknown,high_school,active,SRC000078,2026-10-02,2026年度硬式加盟校として公式高野連加盟校一覧から登録。 設置区分は出典ページに明示がないためunknown。
SCH000314,境高等学校,,境高等学校,,境高等学校,31,境港市,境港市上道町3030,unknown,high_school,active,SRC000078,2026-10-02,2026年度硬式加盟校として公式高野連加盟校一覧から登録。 設置区分は出典ページに明示がないためunknown。
SCH000315,境港総合技術高等学校,,境港総合技術高等学校,,境港総合技術高等学校,31,境港市,境港市竹内町925,unknown,high_school,active,SRC000078,2026-10-02,2026年度硬式加盟校として公式高野連加盟校一覧から登録。 設置区分は出典ページに明示がないためunknown。
SCH000316,日野高等学校,,日野高等学校,,日野高等学校,31,日野町,日野郡日野町根雨310,unknown,high_school,active,SRC000078,2026-10-02,2026年度硬式加盟校として公式高野連加盟校一覧から登録。 設置区分は出典ページに明示がないためunknown。
SCH000317,米子北高等学校,,米子北高等学校,,米子北高等学校,31,米子市,米子市米原6-14-1,unknown,high_school,active,SRC000078,2026-10-02,2026年度硬式加盟校として公式高野連加盟校一覧から登録。 設置区分は出典ページに明示がないためunknown。
SCH000318,米子松蔭高等学校,,米子松蔭高等学校,,米子松蔭高等学校,31,米子市,米子市二本木316-1,unknown,high_school,active,SRC000078,2026-10-02,2026年度硬式加盟校として公式高野連加盟校一覧から登録。 設置区分は出典ページに明示がないためunknown。
SCH000319,米子工業高等専門学校,,米子工業高等専門学校,,米子工業高等専門学校,31,米子市,米子市彦名町4448,unknown,technical_college,active,SRC000078,2026-10-02,2026年度硬式加盟校として公式高野連加盟校一覧から登録。 設置区分は出典ページに明示がないためunknown。
SCH000320,安来高等学校,,安来高等学校,,安来高等学校,32,安来市,安来市佐久保町115,unknown,high_school,active,SRC000079,2026-10-02,2026年度硬式加盟校として公式高野連加盟校一覧から登録。 設置区分は出典ページに明示がないためunknown。
SCH000321,情報科学高等学校,,情報科学高等学校,,情報科学高等学校,32,安来市,安来市能義町310,unknown,high_school,active,SRC000079,2026-10-02,2026年度硬式加盟校として公式高野連加盟校一覧から登録。 設置区分は出典ページに明示がないためunknown。
SCH000322,松江北高等学校,,松江北高等学校,,松江北高等学校,32,松江市,松江市奥谷町164,unknown,high_school,active,SRC000079,2026-10-02,2026年度硬式加盟校として公式高野連加盟校一覧から登録。 設置区分は出典ページに明示がないためunknown。
SCH000323,松江南高等学校,,松江南高等学校,,松江南高等学校,32,松江市,松江市八雲台1-1-1,unknown,high_school,active,SRC000079,2026-10-02,2026年度硬式加盟校として公式高野連加盟校一覧から登録。 設置区分は出典ページに明示がないためunknown。
SCH000324,松江東高等学校,,松江東高等学校,,松江東高等学校,32,松江市,松江市西川津町510,unknown,high_school,active,SRC000079,2026-10-02,2026年度硬式加盟校として公式高野連加盟校一覧から登録。 設置区分は出典ページに明示がないためunknown。
SCH000325,松江農林高等学校,,松江農林高等学校,,松江農林高等学校,32,松江市,松江市乃木福富町51,unknown,high_school,active,SRC000079,2026-10-02,2026年度硬式加盟校として公式高野連加盟校一覧から登録。 設置区分は出典ページに明示がないためunknown。
SCH000326,松江工業高等学校,,松江工業高等学校,,松江工業高等学校,32,松江市,松江市古志原4-1-10,unknown,high_school,active,SRC000079,2026-10-02,2026年度硬式加盟校として公式高野連加盟校一覧から登録。 設置区分は出典ページに明示がないためunknown。
SCH000327,松江商業高等学校,,松江商業高等学校,,松江商業高等学校,32,松江市,松江市浜乃木8-1-1,unknown,high_school,active,SRC000079,2026-10-02,2026年度硬式加盟校として公式高野連加盟校一覧から登録。 設置区分は出典ページに明示がないためunknown。
SCH000328,隠岐高等学校,,隠岐高等学校,,隠岐高等学校,32,隠岐の島町,隠岐郡隠岐の島町有木尼寺原1,unknown,high_school,active,SRC000079,2026-10-02,2026年度硬式加盟校として公式高野連加盟校一覧から登録。 設置区分は出典ページに明示がないためunknown。
SCH000329,松江工業高等専門学校,,松江工業高等専門学校,,松江工業高等専門学校,32,松江市,松江市西生馬町14-4,unknown,technical_college,active,SRC000079,2026-10-02,2026年度硬式加盟校として公式高野連加盟校一覧から登録。 設置区分は出典ページに明示がないためunknown。
SCH000330,立正大学淞南高等学校,,立正大学淞南高等学校,,立正大学淞南高等学校,32,松江市,松江市大庭町1794-2,unknown,high_school,active,SRC000079,2026-10-02,2026年度硬式加盟校として公式高野連加盟校一覧から登録。 設置区分は出典ページに明示がないためunknown。
SCH000331,開星高等学校,,開星高等学校,,開星高等学校,32,松江市,松江市西津田9-11-1,unknown,high_school,active,SRC000079,2026-10-02,2026年度硬式加盟校として公式高野連加盟校一覧から登録。 設置区分は出典ページに明示がないためunknown。
SCH000332,大東高等学校,,大東高等学校,,大東高等学校,32,雲南市,雲南市大東町大東637,unknown,high_school,active,SRC000079,2026-10-02,2026年度硬式加盟校として公式高野連加盟校一覧から登録。 設置区分は出典ページに明示がないためunknown。
SCH000333,三刀屋高等学校,,三刀屋高等学校,,三刀屋高等学校,32,雲南市,雲南市三刀屋町三刀屋912-2,unknown,high_school,active,SRC000079,2026-10-02,2026年度硬式加盟校として公式高野連加盟校一覧から登録。 設置区分は出典ページに明示がないためunknown。
SCH000334,平田高等学校,,平田高等学校,,平田高等学校,32,出雲市,出雲市平田町1,unknown,high_school,active,SRC000079,2026-10-02,2026年度硬式加盟校として公式高野連加盟校一覧から登録。 設置区分は出典ページに明示がないためunknown。
SCH000335,出雲高等学校,,出雲高等学校,,出雲高等学校,32,出雲市,出雲市今市町1800,unknown,high_school,active,SRC000079,2026-10-02,2026年度硬式加盟校として公式高野連加盟校一覧から登録。 設置区分は出典ページに明示がないためunknown。
SCH000336,出雲工業高等学校,,出雲工業高等学校,,出雲工業高等学校,32,出雲市,出雲市上塩冶町420,unknown,high_school,active,SRC000079,2026-10-02,2026年度硬式加盟校として公式高野連加盟校一覧から登録。 設置区分は出典ページに明示がないためunknown。
SCH000337,出雲商業高等学校,,出雲商業高等学校,,出雲商業高等学校,32,出雲市,出雲市大津町2525,unknown,high_school,active,SRC000079,2026-10-02,2026年度硬式加盟校として公式高野連加盟校一覧から登録。 設置区分は出典ページに明示がないためunknown。
SCH000338,出雲農林高等学校,,出雲農林高等学校,,出雲農林高等学校,32,出雲市,出雲市下横町950,unknown,high_school,active,SRC000079,2026-10-02,2026年度硬式加盟校として公式高野連加盟校一覧から登録。 設置区分は出典ページに明示がないためunknown。
SCH000339,大社高等学校,,大社高等学校,,大社高等学校,32,出雲市,出雲市大社町北荒木1473,unknown,high_school,active,SRC000079,2026-10-02,2026年度硬式加盟校として公式高野連加盟校一覧から登録。 設置区分は出典ページに明示がないためunknown。
SCH000340,出雲北陵高等学校,,出雲北陵高等学校,,出雲北陵高等学校,32,出雲市,出雲市西林木町3,unknown,high_school,active,SRC000079,2026-10-02,2026年度硬式加盟校として公式高野連加盟校一覧から登録。 設置区分は出典ページに明示がないためunknown。
SCH000341,出雲西高等学校,,出雲西高等学校,,出雲西高等学校,32,出雲市,出雲市下古志町1163,unknown,high_school,active,SRC000079,2026-10-02,2026年度硬式加盟校として公式高野連加盟校一覧から登録。 設置区分は出典ページに明示がないためunknown。
SCH000342,飯南高等学校,,飯南高等学校,,飯南高等学校,32,飯南町,飯石郡飯南町野萱800,unknown,high_school,active,SRC000079,2026-10-02,2026年度硬式加盟校として公式高野連加盟校一覧から登録。 設置区分は出典ページに明示がないためunknown。
SCH000343,大田高等学校,,大田高等学校,,大田高等学校,32,大田市,大田市大田町大田イ568,unknown,high_school,active,SRC000079,2026-10-02,2026年度硬式加盟校として公式高野連加盟校一覧から登録。 設置区分は出典ページに明示がないためunknown。
SCH000344,邇摩高等学校,,邇摩高等学校,,邇摩高等学校,32,大田市,大田市仁摩町仁万907,unknown,high_school,active,SRC000079,2026-10-02,2026年度硬式加盟校として公式高野連加盟校一覧から登録。 設置区分は出典ページに明示がないためunknown。
SCH000345,島根中央高等学校,,島根中央高等学校,,島根中央高等学校,32,川本町,邑智郡川本町川本222,unknown,high_school,active,SRC000079,2026-10-02,2026年度硬式加盟校として公式高野連加盟校一覧から登録。 設置区分は出典ページに明示がないためunknown。
SCH000346,矢上高等学校,,矢上高等学校,,矢上高等学校,32,邑南町,邑智郡邑南町矢上3921,unknown,high_school,active,SRC000079,2026-10-02,2026年度硬式加盟校として公式高野連加盟校一覧から登録。 設置区分は出典ページに明示がないためunknown。
SCH000347,江津高等学校,,江津高等学校,,江津高等学校,32,江津市,江津市都野津町293,unknown,high_school,active,SRC000079,2026-10-02,2026年度硬式加盟校として公式高野連加盟校一覧から登録。 設置区分は出典ページに明示がないためunknown。
SCH000348,江津工業高等学校,,江津工業高等学校,,江津工業高等学校,32,江津市,江津市江津町1477,unknown,high_school,active,SRC000079,2026-10-02,2026年度硬式加盟校として公式高野連加盟校一覧から登録。 設置区分は出典ページに明示がないためunknown。
SCH000349,石見智翠館高等学校,,石見智翠館高等学校,,石見智翠館高等学校,32,江津市,江津市渡津町1904-1,unknown,high_school,active,SRC000079,2026-10-02,2026年度硬式加盟校として公式高野連加盟校一覧から登録。 設置区分は出典ページに明示がないためunknown。
SCH000350,浜田高等学校,,浜田高等学校,,浜田高等学校,32,浜田市,浜田市黒川町3749,unknown,high_school,active,SRC000079,2026-10-02,2026年度硬式加盟校として公式高野連加盟校一覧から登録。 設置区分は出典ページに明示がないためunknown。
SCH000351,浜田商業高等学校,,浜田商業高等学校,,浜田商業高等学校,32,浜田市,浜田市熱田町675,unknown,high_school,active,SRC000079,2026-10-02,2026年度硬式加盟校として公式高野連加盟校一覧から登録。 設置区分は出典ページに明示がないためunknown。
SCH000352,浜田水産高等学校,,浜田水産高等学校,,浜田水産高等学校,32,浜田市,浜田市瀬戸ヶ島町25-3,unknown,high_school,active,SRC000079,2026-10-02,2026年度硬式加盟校として公式高野連加盟校一覧から登録。 設置区分は出典ページに明示がないためunknown。
SCH000353,益田高等学校,,益田高等学校,,益田高等学校,32,益田市,益田市七尾町1-17,unknown,high_school,active,SRC000079,2026-10-02,2026年度硬式加盟校として公式高野連加盟校一覧から登録。 設置区分は出典ページに明示がないためunknown。
SCH000354,益田翔陽高等学校,,益田翔陽高等学校,,益田翔陽高等学校,32,益田市,益田市高津3-21-1,unknown,high_school,active,SRC000079,2026-10-02,2026年度硬式加盟校として公式高野連加盟校一覧から登録。 設置区分は出典ページに明示がないためunknown。
SCH000355,明誠高等学校,,明誠高等学校,,明誠高等学校,32,益田市,益田市三宅町7-37,unknown,high_school,active,SRC000079,2026-10-02,2026年度硬式加盟校として公式高野連加盟校一覧から登録。 設置区分は出典ページに明示がないためunknown。
SCH000356,益田東高等学校,,益田東高等学校,,益田東高等学校,32,益田市,益田市染羽町1-24,unknown,high_school,active,SRC000079,2026-10-02,2026年度硬式加盟校として公式高野連加盟校一覧から登録。 設置区分は出典ページに明示がないためunknown。
SCH000357,津和野高等学校,,津和野高等学校,,津和野高等学校,32,津和野町,鹿足郡津和野町後田ハ12-3,unknown,high_school,active,SRC000079,2026-10-02,2026年度硬式加盟校として公式高野連加盟校一覧から登録。 設置区分は出典ページに明示がないためunknown。
SCH000358,桑名高等学校,桑名高等学校,桑名高等学校,,桑名高等学校,24,桑名市,桑名市東方 1795,prefectural,high_school,active,SRC000071,2026-10-02,2026年度硬式加盟校として三重県高野連公式加盟校一覧から登録。
SCH000359,桑名西高等学校,桑名西高等学校,桑名西高等学校,,桑名西高等学校,24,桑名市,桑名市志知東山 2839,prefectural,high_school,active,SRC000071,2026-10-02,2026年度硬式加盟校として三重県高野連公式加盟校一覧から登録。
SCH000360,桑名北高等学校,桑名北高等学校,桑名北高等学校,,桑名北高等学校,24,桑名市,桑名市深谷部山王 2527,prefectural,high_school,active,SRC000071,2026-10-02,2026年度硬式加盟校として三重県高野連公式加盟校一覧から登録。
SCH000361,桑名工業高等学校,桑名工業高等学校,桑名工業高等学校,,桑名工業高等学校,24,桑名市,桑名市芳ヶ崎 1330-1,prefectural,high_school,active,SRC000071,2026-10-02,2026年度硬式加盟校として三重県高野連公式加盟校一覧から登録。
SCH000362,津田学園高等学校,津田学園高等学校,津田学園高等学校,,津田学園高等学校,24,桑名市,桑名市野田 5-3-12,private,high_school,active,SRC000071,2026-10-02,2026年度硬式加盟校として三重県高野連公式加盟校一覧から登録。
SCH000363,いなべ総合学園高等学校,いなべ総合学園高等学校,いなべ総合学園高等学校,,いなべ総合学園高等学校,24,いなべ市,いなべ市員弁町御薗 632,prefectural,high_school,active,SRC000071,2026-10-02,2026年度硬式加盟校として三重県高野連公式加盟校一覧から登録。
SCH000364,四日市高等学校,四日市高等学校,四日市高等学校,,四日市高等学校,24,四日市市,四日市市富田 4-1-43,prefectural,high_school,active,SRC000071,2026-10-02,2026年度硬式加盟校として三重県高野連公式加盟校一覧から登録。
SCH000365,四日市南高等学校,四日市南高等学校,四日市南高等学校,,四日市南高等学校,24,四日市市,四日市市日永岡山 4917,prefectural,high_school,active,SRC000071,2026-10-02,2026年度硬式加盟校として三重県高野連公式加盟校一覧から登録。
SCH000366,四日市西高等学校,四日市西高等学校,四日市西高等学校,,四日市西高等学校,24,四日市市,四日市市桜町 6100,prefectural,high_school,active,SRC000071,2026-10-02,2026年度硬式加盟校として三重県高野連公式加盟校一覧から登録。
SCH000367,朝明高等学校,朝明高等学校,朝明高等学校,,朝明高等学校,24,四日市市,四日市市中野町 2216,prefectural,high_school,active,SRC000071,2026-10-02,2026年度硬式加盟校として三重県高野連公式加盟校一覧から登録。
SCH000368,四日市四郷高等学校,四日市四郷高等学校,四日市四郷高等学校,,四日市四郷高等学校,24,四日市市,四日市市八王子町高花 1654,prefectural,high_school,active,SRC000071,2026-10-02,2026年度硬式加盟校として三重県高野連公式加盟校一覧から登録。
SCH000369,四日市農芸高等学校,四日市農芸高等学校,四日市農芸高等学校,,四日市農芸高等学校,24,四日市市,四日市市河原田町 2847,prefectural,high_school,active,SRC000071,2026-10-02,2026年度硬式加盟校として三重県高野連公式加盟校一覧から登録。
SCH000370,四日市工業高等学校,四日市工業高等学校,四日市工業高等学校,,四日市工業高等学校,24,四日市市,四日市市日永東 3-4-63,prefectural,high_school,active,SRC000071,2026-10-02,2026年度硬式加盟校として三重県高野連公式加盟校一覧から登録。
SCH000371,四日市中央工業高等学校,四日市中央工業高等学校,四日市中央工業高等学校,,四日市中央工業高等学校,24,四日市市,四日市市菅原町 678,prefectural,high_school,active,SRC000071,2026-10-02,2026年度硬式加盟校として三重県高野連公式加盟校一覧から登録。
SCH000372,四日市商業高等学校,四日市商業高等学校,四日市商業高等学校,,四日市商業高等学校,24,四日市市,四日市市尾平町永代寺2745,prefectural,high_school,active,SRC000071,2026-10-02,2026年度硬式加盟校として三重県高野連公式加盟校一覧から登録。
SCH000373,海星高等学校,海星高等学校,海星高等学校,,海星高等学校,24,四日市市,四日市市追分 1-9-34,private,high_school,active,SRC000071,2026-10-02,2026年度硬式加盟校として三重県高野連公式加盟校一覧から登録。
SCH000374,菰野高等学校,菰野高等学校,菰野高等学校,,菰野高等学校,24,菰野町,三重郡菰野町福村 870,prefectural,high_school,active,SRC000071,2026-10-02,2026年度硬式加盟校として三重県高野連公式加盟校一覧から登録。
SCH000375,川越高等学校,川越高等学校,川越高等学校,,川越高等学校,24,川越町,三重郡川越町大字豊田2302-1,prefectural,high_school,active,SRC000071,2026-10-02,2026年度硬式加盟校として三重県高野連公式加盟校一覧から登録。
SCH000376,暁高等学校,暁高等学校,暁高等学校,,暁高等学校,24,四日市市,四日市市萱生町238,private,high_school,active,SRC000071,2026-10-02,2026年度硬式加盟校として三重県高野連公式加盟校一覧から登録。
SCH000377,神戸高等学校,神戸高等学校,神戸高等学校,,神戸高等学校,24,鈴鹿市,鈴鹿市神戸 4-1-80,prefectural,high_school,active,SRC000071,2026-10-02,2026年度硬式加盟校として三重県高野連公式加盟校一覧から登録。
SCH000378,白子高等学校,白子高等学校,白子高等学校,,白子高等学校,24,鈴鹿市,鈴鹿市白子 4-17-1,prefectural,high_school,active,SRC000071,2026-10-02,2026年度硬式加盟校として三重県高野連公式加盟校一覧から登録。
SCH000379,石薬師高等学校,石薬師高等学校,石薬師高等学校,,石薬師高等学校,24,鈴鹿市,鈴鹿市石薬師町寺東 452,prefectural,high_school,active,SRC000071,2026-10-02,2026年度硬式加盟校として三重県高野連公式加盟校一覧から登録。
SCH000380,稲生高等学校,稲生高等学校,稲生高等学校,,稲生高等学校,24,鈴鹿市,鈴鹿市稲生町長尾 8232-1,prefectural,high_school,active,SRC000071,2026-10-02,2026年度硬式加盟校として三重県高野連公式加盟校一覧から登録。
SCH000381,鈴鹿高等学校,鈴鹿高等学校,鈴鹿高等学校,,鈴鹿高等学校,24,鈴鹿市,鈴鹿市庄野町 1260,private,high_school,active,SRC000071,2026-10-02,2026年度硬式加盟校として三重県高野連公式加盟校一覧から登録。
SCH000382,亀山高等学校,亀山高等学校,亀山高等学校,,亀山高等学校,24,亀山市,亀山市本町 1-10-1,prefectural,high_school,active,SRC000071,2026-10-02,2026年度硬式加盟校として三重県高野連公式加盟校一覧から登録。
SCH000383,徳風高等学校,徳風高等学校,徳風高等学校,,徳風高等学校,24,亀山市,亀山市和賀町1789-4,private,high_school,active,SRC000071,2026-10-02,2026年度硬式加盟校として三重県高野連公式加盟校一覧から登録。
SCH000384,津高等学校,津高等学校,津高等学校,,津高等学校,24,津市,津市新町 3-1-1,prefectural,high_school,active,SRC000071,2026-10-02,2026年度硬式加盟校として三重県高野連公式加盟校一覧から登録。
SCH000385,津東高等学校,津東高等学校,津東高等学校,,津東高等学校,24,津市,津市一身田上津部田 1470,prefectural,high_school,active,SRC000071,2026-10-02,2026年度硬式加盟校として三重県高野連公式加盟校一覧から登録。
SCH000386,津西高等学校,津西高等学校,津西高等学校,,津西高等学校,24,津市,津市河辺町 2210-2,prefectural,high_school,active,SRC000071,2026-10-02,2026年度硬式加盟校として三重県高野連公式加盟校一覧から登録。
SCH000387,津工業高等学校,津工業高等学校,津工業高等学校,,津工業高等学校,24,津市,津市半田 534,prefectural,high_school,active,SRC000071,2026-10-02,2026年度硬式加盟校として三重県高野連公式加盟校一覧から登録。
SCH000388,津商業高等学校,津商業高等学校,津商業高等学校,,津商業高等学校,24,津市,津市渋見町小谷 699,prefectural,high_school,active,SRC000071,2026-10-02,2026年度硬式加盟校として三重県高野連公式加盟校一覧から登録。
SCH000389,高田高等学校,高田高等学校,高田高等学校,,高田高等学校,24,津市,津市一身田町 2843,private,high_school,active,SRC000071,2026-10-02,2026年度硬式加盟校として三重県高野連公式加盟校一覧から登録。
SCH000390,久居高等学校,久居高等学校,久居高等学校,,久居高等学校,24,津市,津市戸木町 3569-1,prefectural,high_school,active,SRC000071,2026-10-02,2026年度硬式加盟校として三重県高野連公式加盟校一覧から登録。
SCH000391,久居農林高等学校,久居農林高等学校,久居農林高等学校,,久居農林高等学校,24,津市,津市久居東鷹跡町 105,prefectural,high_school,active,SRC000071,2026-10-02,2026年度硬式加盟校として三重県高野連公式加盟校一覧から登録。
SCH000392,白山高等学校,白山高等学校,白山高等学校,,白山高等学校,24,津市,津市白山町南家城 678,prefectural,high_school,active,SRC000071,2026-10-02,2026年度硬式加盟校として三重県高野連公式加盟校一覧から登録。
SCH000393,青山高等学校,青山高等学校,青山高等学校,,青山高等学校,24,津市,津市白山町八対野 2739,private,high_school,active,SRC000071,2026-10-02,2026年度硬式加盟校として三重県高野連公式加盟校一覧から登録。
SCH000394,松阪高等学校,松阪高等学校,松阪高等学校,,松阪高等学校,24,松阪市,松阪市垣鼻町 1664,prefectural,high_school,active,SRC000071,2026-10-02,2026年度硬式加盟校として三重県高野連公式加盟校一覧から登録。
SCH000395,松阪工業高等学校,松阪工業高等学校,松阪工業高等学校,,松阪工業高等学校,24,松阪市,松阪市殿町 1417,prefectural,high_school,active,SRC000071,2026-10-02,2026年度硬式加盟校として三重県高野連公式加盟校一覧から登録。
SCH000396,松阪商業高等学校,松阪商業高等学校,松阪商業高等学校,,松阪商業高等学校,24,松阪市,松阪市豊原町 1600,prefectural,high_school,active,SRC000071,2026-10-02,2026年度硬式加盟校として三重県高野連公式加盟校一覧から登録。
SCH000397,三重高等学校,三重高等学校,三重高等学校,,三重高等学校,24,松阪市,松阪市久保町 1232,private,high_school,active,SRC000071,2026-10-02,2026年度硬式加盟校として三重県高野連公式加盟校一覧から登録。
SCH000398,飯南高等学校,飯南高等学校,飯南高等学校,,飯南高等学校,24,松阪市,松阪市飯南町粥見 5480-1,prefectural,high_school,active,SRC000071,2026-10-02,2026年度硬式加盟校として三重県高野連公式加盟校一覧から登録。
SCH000399,相可高等学校,相可高等学校,相可高等学校,,相可高等学校,24,多気町,多気郡多気町相可 50,prefectural,high_school,active,SRC000071,2026-10-02,2026年度硬式加盟校として三重県高野連公式加盟校一覧から登録。
SCH000400,昴学園高等学校,昴学園高等学校,昴学園高等学校,,昴学園高等学校,24,大台町,多気郡大台町茂原 48,prefectural,high_school,active,SRC000071,2026-10-02,2026年度硬式加盟校として三重県高野連公式加盟校一覧から登録。
SCH000401,宇治山田高等学校,宇治山田高等学校,宇治山田高等学校,,宇治山田高等学校,24,伊勢市,伊勢市浦口 3-13-1,prefectural,high_school,active,SRC000071,2026-10-02,2026年度硬式加盟校として三重県高野連公式加盟校一覧から登録。
SCH000402,伊勢高等学校,伊勢高等学校,伊勢高等学校,,伊勢高等学校,24,伊勢市,伊勢市神田久志本町 1703-1,prefectural,high_school,active,SRC000071,2026-10-02,2026年度硬式加盟校として三重県高野連公式加盟校一覧から登録。
SCH000403,伊勢工業高等学校,伊勢工業高等学校,伊勢工業高等学校,,伊勢工業高等学校,24,伊勢市,伊勢市神久 2-7-18,prefectural,high_school,active,SRC000071,2026-10-02,2026年度硬式加盟校として三重県高野連公式加盟校一覧から登録。
SCH000404,宇治山田商業高等学校,宇治山田商業高等学校,宇治山田商業高等学校,,宇治山田商業高等学校,24,伊勢市,伊勢市黒瀬町札の木 1193,prefectural,high_school,active,SRC000071,2026-10-02,2026年度硬式加盟校として三重県高野連公式加盟校一覧から登録。
SCH000405,明野高等学校,明野高等学校,明野高等学校,,明野高等学校,24,伊勢市,伊勢市小俣町明野 1481,prefectural,high_school,active,SRC000071,2026-10-02,2026年度硬式加盟校として三重県高野連公式加盟校一覧から登録。
SCH000406,鳥羽高等学校,鳥羽高等学校,鳥羽高等学校,,鳥羽高等学校,24,鳥羽市,鳥羽市安楽島町 1459,prefectural,high_school,active,SRC000071,2026-10-02,2026年度硬式加盟校として三重県高野連公式加盟校一覧から登録。
SCH000408,水産高等学校,水産高等学校,水産高等学校,,水産高等学校,24,志摩市,志摩市志摩町和具浦田 2578,prefectural,high_school,active,SRC000071,2026-10-02,2026年度硬式加盟校として三重県高野連公式加盟校一覧から登録。
SCH000409,皇學館高等学校,皇學館高等学校,皇學館高等学校,,皇學館高等学校,24,伊勢市,伊勢市楠部町138,private,high_school,active,SRC000071,2026-10-02,2026年度硬式加盟校として三重県高野連公式加盟校一覧から登録。
SCH000410,南伊勢高等学校,南伊勢高等学校,南伊勢高等学校,,南伊勢高等学校,24,南伊勢町,度会郡南伊勢町船越 2926-1,prefectural,high_school,active,SRC000071,2026-10-02,2026年度硬式加盟校として三重県高野連公式加盟校一覧から登録。
SCH000411,英心高等学校,英心高等学校,英心高等学校,,英心高等学校,24,伊勢市,伊勢市河崎 1-3-25,private,high_school,active,SRC000071,2026-10-02,2026年度硬式加盟校として三重県高野連公式加盟校一覧から登録。
SCH000412,上野高等学校,上野高等学校,上野高等学校,,上野高等学校,24,伊賀市,伊賀市上野丸之内 107,prefectural,high_school,active,SRC000071,2026-10-02,2026年度硬式加盟校として三重県高野連公式加盟校一覧から登録。
SCH000413,伊賀白鳳高等学校,伊賀白鳳高等学校,伊賀白鳳高等学校,,伊賀白鳳高等学校,24,伊賀市,伊賀市緑ヶ丘西町 2270-1,prefectural,high_school,active,SRC000071,2026-10-02,2026年度硬式加盟校として三重県高野連公式加盟校一覧から登録。
SCH000415,名張青峰高等学校,名張青峰高等学校,名張青峰高等学校,,名張青峰高等学校,24,名張市,名張市百合が丘東 6-1,prefectural,high_school,active,SRC000071,2026-10-02,2026年度硬式加盟校として三重県高野連公式加盟校一覧から登録。
SCH000416,名張高等学校,名張高等学校,名張高等学校,,名張高等学校,24,名張市,名張市東町 2067-2,prefectural,high_school,active,SRC000071,2026-10-02,2026年度硬式加盟校として三重県高野連公式加盟校一覧から登録。
SCH000418,神村学園高等部伊賀,神村学園高等部伊賀,神村学園高等部伊賀,,神村学園高等部伊賀,24,伊賀市,三重県伊賀市北山1373,unknown,high_school,active,SRC000071,2026-10-02,2026年度硬式加盟校として三重県高野連公式加盟校一覧から登録。
SCH000419,近畿大学工業高等専門学校,近畿大学工業高等専門学校,近畿大学工業高等専門学校,,近畿大学工業高等専門学校,24,名張市,名張市春日丘7-1,private,technical_college,active,SRC000071,2026-10-02,2026年度硬式加盟校として三重県高野連公式加盟校一覧から登録。
SCH000420,尾鷲高等学校,尾鷲高等学校,尾鷲高等学校,,尾鷲高等学校,24,尾鷲市,尾鷲市古戸野町 3-12,prefectural,high_school,active,SRC000071,2026-10-02,2026年度硬式加盟校として三重県高野連公式加盟校一覧から登録。
SCH000421,木本高等学校,木本高等学校,木本高等学校,,木本高等学校,24,熊野市,熊野市木本町 1101-4,prefectural,high_school,active,SRC000071,2026-10-02,2026年度硬式加盟校として三重県高野連公式加盟校一覧から登録。
SCH000422,紀南高等学校,紀南高等学校,紀南高等学校,,紀南高等学校,24,御浜町,南牟婁郡御浜町阿田和 1960,prefectural,high_school,active,SRC000071,2026-10-02,2026年度硬式加盟校として三重県高野連公式加盟校一覧から登録。
SCH000423,鹿児島工業,,鹿児島工業,,鹿児島工業,46,鹿児島市,鹿児島市草牟田2－57－1,prefectural,high_school,active,SRC000093,2026-10-02,2026年度硬式加盟校として鹿児島県高野連公式加盟校一覧から登録。正式校名は一覧表記が略称のため未確定。
SCH000424,鹿児島実業,,鹿児島実業,,鹿児島実業,46,鹿児島市,鹿児島市五ｹ別府町3591－3,private,high_school,active,SRC000093,2026-10-02,2026年度硬式加盟校として鹿児島県高野連公式加盟校一覧から登録。正式校名は一覧表記が略称のため未確定。
SCH000425,鹿児島,,鹿児島,,鹿児島,46,鹿児島市,鹿児島市薬師1－21－9,private,high_school,active,SRC000093,2026-10-02,2026年度硬式加盟校として鹿児島県高野連公式加盟校一覧から登録。正式校名は一覧表記が略称のため未確定。
SCH000426,鶴丸,,鶴丸,,鶴丸,46,鹿児島市,鹿児島市薬師2－1－1,prefectural,high_school,active,SRC000093,2026-10-02,2026年度硬式加盟校として鹿児島県高野連公式加盟校一覧から登録。正式校名は一覧表記が略称のため未確定。
SCH000427,武岡台,,武岡台,,武岡台,46,鹿児島市,鹿児島市小野町3175,prefectural,high_school,active,SRC000093,2026-10-02,2026年度硬式加盟校として鹿児島県高野連公式加盟校一覧から登録。正式校名は一覧表記が略称のため未確定。
SCH000428,甲南,,甲南,,甲南,46,鹿児島市,鹿児島市上之園町23－1,prefectural,high_school,active,SRC000093,2026-10-02,2026年度硬式加盟校として鹿児島県高野連公式加盟校一覧から登録。正式校名は一覧表記が略称のため未確定。
SCH000429,樟南,,樟南,,樟南,46,鹿児島市,鹿児島市武岡1-120-1,private,high_school,active,SRC000093,2026-10-02,2026年度硬式加盟校として鹿児島県高野連公式加盟校一覧から登録。正式校名は一覧表記が略称のため未確定。
SCH000430,鹿児島商業,,鹿児島商業,,鹿児島商業,46,鹿児島市,鹿児島市西坂元町58－1,municipal,high_school,active,SRC000093,2026-10-02,2026年度硬式加盟校として鹿児島県高野連公式加盟校一覧から登録。正式校名は一覧表記が略称のため未確定。
SCH000431,鹿児島玉龍,,鹿児島玉龍,,鹿児島玉龍,46,鹿児島市,鹿児島市池之上町20－57,municipal,high_school,active,SRC000093,2026-10-02,2026年度硬式加盟校として鹿児島県高野連公式加盟校一覧から登録。正式校名は一覧表記が略称のため未確定。
SCH000432,鹿児島中央,,鹿児島中央,,鹿児島中央,46,鹿児島市,鹿児島市加治屋町10－1,prefectural,high_school,active,SRC000093,2026-10-02,2026年度硬式加盟校として鹿児島県高野連公式加盟校一覧から登録。正式校名は一覧表記が略称のため未確定。
SCH000433,鹿児島南,,鹿児島南,,鹿児島南,46,鹿児島市,鹿児島市谷山中央8-4-1,prefectural,high_school,active,SRC000093,2026-10-02,2026年度硬式加盟校として鹿児島県高野連公式加盟校一覧から登録。正式校名は一覧表記が略称のため未確定。
SCH000434,鹿児島情報,,鹿児島情報,,鹿児島情報,46,鹿児島市,鹿児島市谷山中央2-4118,private,high_school,active,SRC000093,2026-10-02,2026年度硬式加盟校として鹿児島県高野連公式加盟校一覧から登録。正式校名は一覧表記が略称のため未確定。
SCH000435,錦江湾,,錦江湾,,錦江湾,46,鹿児島市,鹿児島市平川町4047,prefectural,high_school,active,SRC000093,2026-10-02,2026年度硬式加盟校として鹿児島県高野連公式加盟校一覧から登録。正式校名は一覧表記が略称のため未確定。
SCH000436,志學館,,志學館,,志學館,46,鹿児島市,鹿児島市南郡元町32-1,private,high_school,active,SRC000093,2026-10-02,2026年度硬式加盟校として鹿児島県高野連公式加盟校一覧から登録。正式校名は一覧表記が略称のため未確定。
SCH000437,池田,,池田,,池田,46,鹿児島市,鹿児島市西別府町1680,private,high_school,active,SRC000093,2026-10-02,2026年度硬式加盟校として鹿児島県高野連公式加盟校一覧から登録。正式校名は一覧表記が略称のため未確定。
SCH000438,松陽,,松陽,,松陽,46,鹿児島市,鹿児島市福山町573,prefectural,high_school,active,SRC000093,2026-10-02,2026年度硬式加盟校として鹿児島県高野連公式加盟校一覧から登録。正式校名は一覧表記が略称のため未確定。
SCH000439,ラ・サール,,ラ・サール,,ラ・サール,46,鹿児島市,鹿児島市小松原2－10－1,private,high_school,active,SRC000093,2026-10-02,2026年度硬式加盟校として鹿児島県高野連公式加盟校一覧から登録。正式校名は一覧表記が略称のため未確定。
SCH000440,開陽,,開陽,,開陽,46,鹿児島市,鹿児島市西谷山1-2-1,prefectural,high_school,active,SRC000093,2026-10-02,2026年度硬式加盟校として鹿児島県高野連公式加盟校一覧から登録。正式校名は一覧表記が略称のため未確定。
SCH000441,鹿児島修学館,,鹿児島修学館,,鹿児島修学館,46,鹿児島市,鹿児島市永吉2-9-1,private,high_school,active,SRC000093,2026-10-02,2026年度硬式加盟校として鹿児島県高野連公式加盟校一覧から登録。正式校名は一覧表記が略称のため未確定。
SCH000442,明桜館,,明桜館,,明桜館,46,鹿児島市,鹿児島市郡山町100,prefectural,high_school,active,SRC000093,2026-10-02,2026年度硬式加盟校として鹿児島県高野連公式加盟校一覧から登録。正式校名は一覧表記が略称のため未確定。
SCH000443,高等特別支援,,高等特別支援,,高等特別支援,46,鹿児島市,鹿児島市東坂元3－28－1,prefectural,special_school,active,SRC000093,2026-10-02,2026年度硬式加盟校として鹿児島県高野連公式加盟校一覧から登録。正式校名は一覧表記が略称のため未確定。
SCH000444,指宿,,指宿,,指宿,46,指宿市,指宿市十町236,prefectural,high_school,active,SRC000093,2026-10-02,2026年度硬式加盟校として鹿児島県高野連公式加盟校一覧から登録。正式校名は一覧表記が略称のため未確定。
SCH000445,指宿商業,,指宿商業,,指宿商業,46,指宿市,指宿市岩本2747,municipal,high_school,active,SRC000093,2026-10-02,2026年度硬式加盟校として鹿児島県高野連公式加盟校一覧から登録。正式校名は一覧表記が略称のため未確定。
SCH000446,頴娃,,頴娃,,頴娃,46,南九州市,南九州市頴娃町牧之内2000,prefectural,high_school,active,SRC000093,2026-10-02,2026年度硬式加盟校として鹿児島県高野連公式加盟校一覧から登録。正式校名は一覧表記が略称のため未確定。
SCH000447,山川,,山川,,山川,46,指宿市,指宿市山川成川3423,prefectural,high_school,active,SRC000093,2026-10-02,2026年度硬式加盟校として鹿児島県高野連公式加盟校一覧から登録。正式校名は一覧表記が略称のため未確定。
SCH000448,枕崎,,枕崎,,枕崎,46,枕崎市,枕崎市岩崎町3,prefectural,high_school,active,SRC000093,2026-10-02,2026年度硬式加盟校として鹿児島県高野連公式加盟校一覧から登録。正式校名は一覧表記が略称のため未確定。
SCH000449,鹿児島水産,,鹿児島水産,,鹿児島水産,46,枕崎市,枕崎市板敷南町650,prefectural,high_school,active,SRC000093,2026-10-02,2026年度硬式加盟校として鹿児島県高野連公式加盟校一覧から登録。正式校名は一覧表記が略称のため未確定。
SCH000450,加世田,,加世田,,加世田,46,南さつま市,南さつま市加世田川畑3200,prefectural,high_school,active,SRC000093,2026-10-02,2026年度硬式加盟校として鹿児島県高野連公式加盟校一覧から登録。正式校名は一覧表記が略称のため未確定。
SCH000452,川辺,,川辺,,川辺,46,南九州市,南九州市川辺町田部田4150,prefectural,high_school,active,SRC000093,2026-10-02,2026年度硬式加盟校として鹿児島県高野連公式加盟校一覧から登録。正式校名は一覧表記が略称のため未確定。
SCH000453,薩南工業,,薩南工業,,薩南工業,46,南九州市,南九州市知覧町郡5232,prefectural,high_school,active,SRC000093,2026-10-02,2026年度硬式加盟校として鹿児島県高野連公式加盟校一覧から登録。正式校名は一覧表記が略称のため未確定。
SCH000454,吹上,,吹上,,吹上,46,日置市,日置市吹上町今田1003,prefectural,high_school,active,SRC000093,2026-10-02,2026年度硬式加盟校として鹿児島県高野連公式加盟校一覧から登録。正式校名は一覧表記が略称のため未確定。
SCH000455,鹿児島城西,,鹿児島城西,,鹿児島城西,46,日置市,日置市伊集院町清藤1938,private,high_school,active,SRC000093,2026-10-02,2026年度硬式加盟校として鹿児島県高野連公式加盟校一覧から登録。正式校名は一覧表記が略称のため未確定。
SCH000456,伊集院,,伊集院,,伊集院,46,日置市,日置市伊集院町郡1984,prefectural,high_school,active,SRC000093,2026-10-02,2026年度硬式加盟校として鹿児島県高野連公式加盟校一覧から登録。正式校名は一覧表記が略称のため未確定。
SCH000457,市来農芸,,市来農芸,,市来農芸,46,いちき串木野市,いちき串木野市湊町160,prefectural,high_school,active,SRC000093,2026-10-02,2026年度硬式加盟校として鹿児島県高野連公式加盟校一覧から登録。正式校名は一覧表記が略称のため未確定。
SCH000459,神村学園,,神村学園,,神村学園,46,いちき串木野市,いちき串木野市下名4460,private,high_school,active,SRC000093,2026-10-02,2026年度硬式加盟校として鹿児島県高野連公式加盟校一覧から登録。正式校名は一覧表記が略称のため未確定。
SCH000460,川内,,川内,,川内,46,薩摩川内市,薩摩川内市御陵下町6－3,prefectural,high_school,active,SRC000093,2026-10-02,2026年度硬式加盟校として鹿児島県高野連公式加盟校一覧から登録。正式校名は一覧表記が略称のため未確定。
SCH000461,川内商工,,川内商工,,川内商工,46,薩摩川内市,薩摩川内市平佐町1835,prefectural,high_school,active,SRC000093,2026-10-02,2026年度硬式加盟校として鹿児島県高野連公式加盟校一覧から登録。正式校名は一覧表記が略称のため未確定。
SCH000462,れいめい,,れいめい,,れいめい,46,薩摩川内市,薩摩川内市隈之城町2205,private,high_school,active,SRC000093,2026-10-02,2026年度硬式加盟校として鹿児島県高野連公式加盟校一覧から登録。正式校名は一覧表記が略称のため未確定。
SCH000463,出水,,出水,,出水,46,出水市,出水市西出水町1700,prefectural,high_school,active,SRC000093,2026-10-02,2026年度硬式加盟校として鹿児島県高野連公式加盟校一覧から登録。正式校名は一覧表記が略称のため未確定。
SCH000464,出水工業,,出水工業,,出水工業,46,出水市,出水市五万石町358,prefectural,high_school,active,SRC000093,2026-10-02,2026年度硬式加盟校として鹿児島県高野連公式加盟校一覧から登録。正式校名は一覧表記が略称のため未確定。
SCH000465,出水商業,,出水商業,,出水商業,46,出水市,出水市明神町200,municipal,high_school,active,SRC000093,2026-10-02,2026年度硬式加盟校として鹿児島県高野連公式加盟校一覧から登録。正式校名は一覧表記が略称のため未確定。
SCH000466,出水中央,,出水中央,,出水中央,46,出水市,出水市西出水町448,private,high_school,active,SRC000093,2026-10-02,2026年度硬式加盟校として鹿児島県高野連公式加盟校一覧から登録。正式校名は一覧表記が略称のため未確定。
SCH000467,薩摩中央,,薩摩中央,,薩摩中央,46,さつま町,薩摩郡さつま町虎居1900,prefectural,high_school,active,SRC000093,2026-10-02,2026年度硬式加盟校として鹿児島県高野連公式加盟校一覧から登録。正式校名は一覧表記が略称のため未確定。
SCH000469,川薩清修館,,川薩清修館,,川薩清修館,46,薩摩川内市,薩摩川内市入来町副田5961,prefectural,high_school,active,SRC000093,2026-10-02,2026年度硬式加盟校として鹿児島県高野連公式加盟校一覧から登録。正式校名は一覧表記が略称のため未確定。
SCH000470,大口,,大口,,大口,46,伊佐市,伊佐市大口里2670,prefectural,high_school,active,SRC000093,2026-10-02,2026年度硬式加盟校として鹿児島県高野連公式加盟校一覧から登録。正式校名は一覧表記が略称のため未確定。
SCH000471,加治木,,加治木,,加治木,46,姶良市,姶良市加治木町仮屋町211,prefectural,high_school,active,SRC000093,2026-10-02,2026年度硬式加盟校として鹿児島県高野連公式加盟校一覧から登録。正式校名は一覧表記が略称のため未確定。
SCH000472,加治木工業,,加治木工業,,加治木工業,46,姶良市,姶良市加治木町新富町131,prefectural,high_school,active,SRC000093,2026-10-02,2026年度硬式加盟校として鹿児島県高野連公式加盟校一覧から登録。正式校名は一覧表記が略称のため未確定。
SCH000473,隼人工業,,隼人工業,,隼人工業,46,霧島市,霧島市隼人町内山田1－6－20,prefectural,high_school,active,SRC000093,2026-10-02,2026年度硬式加盟校として鹿児島県高野連公式加盟校一覧から登録。正式校名は一覧表記が略称のため未確定。
SCH000474,鹿児島高専,,鹿児島高専,,鹿児島高専,46,霧島市,霧島市隼人町真孝1460－1,national,technical_college,active,SRC000093,2026-10-02,2026年度硬式加盟校として鹿児島県高野連公式加盟校一覧から登録。正式校名は一覧表記が略称のため未確定。
SCH000475,国分,,国分,,国分,46,霧島市,霧島市国分中央2－8－1,prefectural,high_school,active,SRC000093,2026-10-02,2026年度硬式加盟校として鹿児島県高野連公式加盟校一覧から登録。正式校名は一覧表記が略称のため未確定。
SCH000476,国分中央,,国分中央,,国分中央,46,霧島市,霧島市国分中央1－10－1,municipal,high_school,active,SRC000093,2026-10-02,2026年度硬式加盟校として鹿児島県高野連公式加盟校一覧から登録。正式校名は一覧表記が略称のため未確定。
SCH000477,鹿児島第一,,鹿児島第一,,鹿児島第一,46,霧島市,霧島市国分府中214,private,high_school,active,SRC000093,2026-10-02,2026年度硬式加盟校として鹿児島県高野連公式加盟校一覧から登録。正式校名は一覧表記が略称のため未確定。
SCH000478,蒲生,,蒲生,,蒲生,46,姶良市,姶良市蒲生町下久徳848-2,prefectural,high_school,active,SRC000093,2026-10-02,2026年度硬式加盟校として鹿児島県高野連公式加盟校一覧から登録。正式校名は一覧表記が略称のため未確定。 所在地は学校公式サイト（SRC000095）で現行の姶良市表記へ補正。
SCH000479,霧島,,霧島,,霧島,46,霧島市,霧島市牧園町宿窪田330-5,prefectural,high_school,active,SRC000093,2026-10-02,2026年度硬式加盟校として鹿児島県高野連公式加盟校一覧から登録。正式校名は一覧表記が略称のため未確定。
SCH000480,曽於,,曽於,,曽於,46,曽於市,曽於市末吉町二之方6080,prefectural,high_school,active,SRC000093,2026-10-02,2026年度硬式加盟校として鹿児島県高野連公式加盟校一覧から登録。正式校名は一覧表記が略称のため未確定。
SCH000481,志布志,,志布志,,志布志,46,志布志市,志布志市志布志町安楽178,prefectural,high_school,active,SRC000093,2026-10-02,2026年度硬式加盟校として鹿児島県高野連公式加盟校一覧から登録。正式校名は一覧表記が略称のため未確定。
SCH000482,尚志館,,尚志館,,尚志館,46,志布志市,志布志市志布志町安楽6200,private,high_school,active,SRC000093,2026-10-02,2026年度硬式加盟校として鹿児島県高野連公式加盟校一覧から登録。正式校名は一覧表記が略称のため未確定。
SCH000483,串良商業,,串良商業,,串良商業,46,鹿屋市,鹿屋市串良町岡崎2496－1,prefectural,high_school,active,SRC000093,2026-10-02,2026年度硬式加盟校として鹿児島県高野連公式加盟校一覧から登録。正式校名は一覧表記が略称のため未確定。
SCH000484,鹿屋,,鹿屋,,鹿屋,46,鹿屋市,鹿屋市白崎町13－1,prefectural,high_school,active,SRC000093,2026-10-02,2026年度硬式加盟校として鹿児島県高野連公式加盟校一覧から登録。正式校名は一覧表記が略称のため未確定。
SCH000485,鹿屋農業,,鹿屋農業,,鹿屋農業,46,鹿屋市,鹿屋市寿2－17－5,prefectural,high_school,active,SRC000093,2026-10-02,2026年度硬式加盟校として鹿児島県高野連公式加盟校一覧から登録。正式校名は一覧表記が略称のため未確定。
SCH000486,鹿屋工業,,鹿屋工業,,鹿屋工業,46,鹿屋市,鹿屋市川西町4490,prefectural,high_school,active,SRC000093,2026-10-02,2026年度硬式加盟校として鹿児島県高野連公式加盟校一覧から登録。正式校名は一覧表記が略称のため未確定。
SCH000487,鹿屋中央,,鹿屋中央,,鹿屋中央,46,鹿屋市,鹿屋市寿8－12－26,private,high_school,active,SRC000093,2026-10-02,2026年度硬式加盟校として鹿児島県高野連公式加盟校一覧から登録。正式校名は一覧表記が略称のため未確定。
SCH000488,種子島,,種子島,,種子島,46,西之表市,西之表市西之表9607-1,prefectural,high_school,active,SRC000093,2026-10-02,2026年度硬式加盟校として鹿児島県高野連公式加盟校一覧から登録。正式校名は一覧表記が略称のため未確定。
SCH000489,種子島中央,,種子島中央,,種子島中央,46,中種子町,熊毛郡中種子町野間4258-1,prefectural,high_school,active,SRC000093,2026-10-02,2026年度硬式加盟校として鹿児島県高野連公式加盟校一覧から登録。正式校名は一覧表記が略称のため未確定。
SCH000490,屋久島,,屋久島,,屋久島,46,屋久島町,熊毛郡屋久島町宮之浦2479－1,prefectural,high_school,active,SRC000093,2026-10-02,2026年度硬式加盟校として鹿児島県高野連公式加盟校一覧から登録。正式校名は一覧表記が略称のため未確定。
SCH000491,大島,,大島,,大島,46,奄美市,奄美市安勝町7－1,prefectural,high_school,active,SRC000093,2026-10-02,2026年度硬式加盟校として鹿児島県高野連公式加盟校一覧から登録。正式校名は一覧表記が略称のため未確定。
SCH000492,奄美,,奄美,,奄美,46,奄美市,奄美市古田町1－1,prefectural,high_school,active,SRC000093,2026-10-02,2026年度硬式加盟校として鹿児島県高野連公式加盟校一覧から登録。正式校名は一覧表記が略称のため未確定。
SCH000494,喜界,,喜界,,喜界,46,喜界町,大島郡喜界町赤連2536,prefectural,high_school,active,SRC000093,2026-10-02,2026年度硬式加盟校として鹿児島県高野連公式加盟校一覧から登録。正式校名は一覧表記が略称のため未確定。
SCH000495,徳之島,,徳之島,,徳之島,46,徳之島町,大島郡徳之島町亀津784,prefectural,high_school,active,SRC000093,2026-10-02,2026年度硬式加盟校として鹿児島県高野連公式加盟校一覧から登録。正式校名は一覧表記が略称のため未確定。
SCH000496,樟南第二,,樟南第二,,樟南第二,46,天城町,大島郡天城町天城297,private,high_school,active,SRC000093,2026-10-02,2026年度硬式加盟校として鹿児島県高野連公式加盟校一覧から登録。正式校名は一覧表記が略称のため未確定。
SCH000497,沖永良部,,沖永良部,,沖永良部,46,知名町,大島郡知名町余多241,prefectural,high_school,active,SRC000093,2026-10-02,2026年度硬式加盟校として鹿児島県高野連公式加盟校一覧から登録。正式校名は一覧表記が略称のため未確定。
SCH000498,門司学園高等学校,,門司学園高等学校,,門司学園高等学校,40,北九州市門司区,北九州市門司区猿喰1462-2,unknown,high_school,active,SRC000087,2026-10-02,2026年度硬式加盟校として福岡県高野連公式加盟校ページから登録。設置区分は一覧に明示がないためunknown。正式校名は加盟校表示と別表記の可能性があるため未確定。
SCH000499,豊国学園高等学校,,豊国学園高等学校,,豊国学園高等学校,40,北九州市門司区,北九州市門司区柳町４丁目５番１号,unknown,high_school,active,SRC000087,2026-10-02,2026年度硬式加盟校として福岡県高野連公式加盟校ページから登録。設置区分は一覧に明示がないためunknown。正式校名は加盟校表示と別表記の可能性があるため未確定。
SCH000500,門司大翔館高等学校,,門司大翔館高等学校,,門司大翔館高等学校,40,北九州市門司区,北九州市門司区藤松２丁目７－１,unknown,high_school,active,SRC000087,2026-10-02,2026年度硬式加盟校として福岡県高野連公式加盟校ページから登録。設置区分は一覧に明示がないためunknown。正式校名は加盟校表示と別表記の可能性があるため未確定。
SCH000501,小倉高等学校,,小倉高等学校,,小倉高等学校,40,北九州市小倉北区,北九州市小倉北区愛宕２丁目８－１,unknown,high_school,active,SRC000087,2026-10-02,2026年度硬式加盟校として福岡県高野連公式加盟校ページから登録。設置区分は一覧に明示がないためunknown。正式校名は加盟校表示と別表記の可能性があるため未確定。
SCH000502,小倉西高等学校,,小倉西高等学校,,小倉西高等学校,40,北九州市小倉北区,北九州市小倉北区下到津５丁目7-1,unknown,high_school,active,SRC000087,2026-10-02,2026年度硬式加盟校として福岡県高野連公式加盟校ページから登録。設置区分は一覧に明示がないためunknown。正式校名は加盟校表示と別表記の可能性があるため未確定。
SCH000503,小倉工業高等学校,,小倉工業高等学校,,小倉工業高等学校,40,北九州市小倉北区,北九州市小倉北区白萩町６－１,unknown,high_school,active,SRC000087,2026-10-02,2026年度硬式加盟校として福岡県高野連公式加盟校ページから登録。設置区分は一覧に明示がないためunknown。正式校名は加盟校表示と別表記の可能性があるため未確定。
SCH000504,小倉南高等学校,,小倉南高等学校,,小倉南高等学校,40,北九州市小倉南区,北九州市小倉南区富士見１丁目9-1,unknown,high_school,active,SRC000087,2026-10-02,2026年度硬式加盟校として福岡県高野連公式加盟校ページから登録。設置区分は一覧に明示がないためunknown。正式校名は加盟校表示と別表記の可能性があるため未確定。
SCH000505,小倉商業高等学校,,小倉商業高等学校,,小倉商業高等学校,40,北九州市小倉南区,北九州市小倉南区富士見３丁目5-1,unknown,high_school,active,SRC000087,2026-10-02,2026年度硬式加盟校として福岡県高野連公式加盟校ページから登録。設置区分は一覧に明示がないためunknown。正式校名は加盟校表示と別表記の可能性があるため未確定。
SCH000506,真颯館高等学校,,真颯館高等学校,,真颯館高等学校,40,北九州市小倉北区,北九州市小倉北区中井口5-1,unknown,high_school,active,SRC000087,2026-10-02,2026年度硬式加盟校として福岡県高野連公式加盟校ページから登録。設置区分は一覧に明示がないためunknown。正式校名は加盟校表示と別表記の可能性があるため未確定。
SCH000507,常磐高等学校,,常磐高等学校,,常磐高等学校,40,北九州市小倉南区,北九州市小倉南区志井1937番,unknown,high_school,active,SRC000087,2026-10-02,2026年度硬式加盟校として福岡県高野連公式加盟校ページから登録。設置区分は一覧に明示がないためunknown。正式校名は加盟校表示と別表記の可能性があるため未確定。
SCH000508,北九州工業高等専門学校,,北九州工業高等専門学校,,北九州工業高等専門学校,40,北九州市小倉南区,北九州市小倉南区志井5丁目20-1,unknown,technical_college,active,SRC000087,2026-10-02,2026年度硬式加盟校として福岡県高野連公式加盟校ページから登録。設置区分は一覧に明示がないためunknown。正式校名は加盟校表示と別表記の可能性があるため未確定。
SCH000509,小倉東高等学校,,小倉東高等学校,,小倉東高等学校,40,北九州市小倉南区,北九州市小倉南区田原５丁目2-1,unknown,high_school,active,SRC000087,2026-10-02,2026年度硬式加盟校として福岡県高野連公式加盟校ページから登録。設置区分は一覧に明示がないためunknown。正式校名は加盟校表示と別表記の可能性があるため未確定。
SCH000510,北九州高等学校,,北九州高等学校,,北九州高等学校,40,北九州市小倉南区,北九州市小倉南区若園５丁目１－１,unknown,high_school,active,SRC000087,2026-10-02,2026年度硬式加盟校として福岡県高野連公式加盟校ページから登録。設置区分は一覧に明示がないためunknown。正式校名は加盟校表示と別表記の可能性があるため未確定。
SCH000511,東筑紫学園高等学校,,東筑紫学園高等学校,,東筑紫学園高等学校,40,北九州市小倉北区,北九州市小倉北区清水四丁目10-1,unknown,high_school,active,SRC000087,2026-10-02,2026年度硬式加盟校として福岡県高野連公式加盟校ページから登録。設置区分は一覧に明示がないためunknown。正式校名は加盟校表示と別表記の可能性があるため未確定。
SCH000512,慶成高等学校,,慶成高等学校,,慶成高等学校,40,北九州市小倉北区,北九州市小倉北区皿山町15番1号,unknown,high_school,active,SRC000087,2026-10-02,2026年度硬式加盟校として福岡県高野連公式加盟校ページから登録。設置区分は一覧に明示がないためunknown。正式校名は加盟校表示と別表記の可能性があるため未確定。
SCH000513,八幡高等学校,,八幡高等学校,,八幡高等学校,40,北九州市八幡東区,北九州市八幡東区清田３丁目1-1,unknown,high_school,active,SRC000087,2026-10-02,2026年度硬式加盟校として福岡県高野連公式加盟校ページから登録。設置区分は一覧に明示がないためunknown。正式校名は加盟校表示と別表記の可能性があるため未確定。
SCH000514,八幡工業高等学校,,八幡工業高等学校,,八幡工業高等学校,40,北九州市八幡西区,北九州市八幡西区別所町１－１,unknown,high_school,active,SRC000087,2026-10-02,2026年度硬式加盟校として福岡県高野連公式加盟校ページから登録。設置区分は一覧に明示がないためunknown。正式校名は加盟校表示と別表記の可能性があるため未確定。
SCH000515,八幡中央高等学校,,八幡中央高等学校,,八幡中央高等学校,40,北九州市八幡西区,北九州市八幡西区元城町１－１,unknown,high_school,active,SRC000087,2026-10-02,2026年度硬式加盟校として福岡県高野連公式加盟校ページから登録。設置区分は一覧に明示がないためunknown。正式校名は加盟校表示と別表記の可能性があるため未確定。
SCH000516,折尾高等学校,,折尾高等学校,,折尾高等学校,40,北九州市八幡西区,北九州市八幡西区大膳２丁目23-1,unknown,high_school,active,SRC000087,2026-10-02,2026年度硬式加盟校として福岡県高野連公式加盟校ページから登録。設置区分は一覧に明示がないためunknown。正式校名は加盟校表示と別表記の可能性があるため未確定。
SCH000517,東筑高等学校,,東筑高等学校,,東筑高等学校,40,北九州市八幡西区,北九州市八幡西区東筑１丁目１－１,unknown,high_school,active,SRC000087,2026-10-02,2026年度硬式加盟校として福岡県高野連公式加盟校ページから登録。設置区分は一覧に明示がないためunknown。正式校名は加盟校表示と別表記の可能性があるため未確定。
SCH000518,九州国際大学付属高等学校,,九州国際大学付属高等学校,,九州国際大学付属高等学校,40,北九州市八幡東区,北九州市八幡東区枝光5丁目9-1,unknown,high_school,active,SRC000087,2026-10-02,2026年度硬式加盟校として福岡県高野連公式加盟校ページから登録。設置区分は一覧に明示がないためunknown。正式校名は加盟校表示と別表記の可能性があるため未確定。
SCH000519,八幡南高等学校,,八幡南高等学校,,八幡南高等学校,40,北九州市八幡西区,北九州市八幡西区的場町６－１,unknown,high_school,active,SRC000087,2026-10-02,2026年度硬式加盟校として福岡県高野連公式加盟校ページから登録。設置区分は一覧に明示がないためunknown。正式校名は加盟校表示と別表記の可能性があるため未確定。
SCH000520,自由ケ丘高等学校,,自由ケ丘高等学校,,自由ケ丘高等学校,40,北九州市八幡西区,北九州市八幡西区自由ケ丘1-3,unknown,high_school,active,SRC000087,2026-10-02,2026年度硬式加盟校として福岡県高野連公式加盟校ページから登録。設置区分は一覧に明示がないためunknown。正式校名は加盟校表示と別表記の可能性があるため未確定。
SCH000521,北筑高等学校,,北筑高等学校,,北筑高等学校,40,北九州市八幡西区,北九州市八幡西区北筑１丁目１－１,unknown,high_school,active,SRC000087,2026-10-02,2026年度硬式加盟校として福岡県高野連公式加盟校ページから登録。設置区分は一覧に明示がないためunknown。正式校名は加盟校表示と別表記の可能性があるため未確定。
SCH000522,折尾愛真高等学校,,折尾愛真高等学校,,折尾愛真高等学校,40,北九州市八幡西区,北九州市八幡西区堀川町12番10号,unknown,high_school,active,SRC000087,2026-10-02,2026年度硬式加盟校として福岡県高野連公式加盟校ページから登録。設置区分は一覧に明示がないためunknown。正式校名は加盟校表示と別表記の可能性があるため未確定。
SCH000523,星琳高等学校,,星琳高等学校,,星琳高等学校,40,北九州市八幡西区,北九州市八幡西区青山3丁目3-1,unknown,high_school,active,SRC000087,2026-10-02,2026年度硬式加盟校として福岡県高野連公式加盟校ページから登録。設置区分は一覧に明示がないためunknown。正式校名は加盟校表示と別表記の可能性があるため未確定。
SCH000524,戸畑高等学校,,戸畑高等学校,,戸畑高等学校,40,北九州市戸畑区,北九州市戸畑区夜宮３丁目１－１,unknown,high_school,active,SRC000087,2026-10-02,2026年度硬式加盟校として福岡県高野連公式加盟校ページから登録。設置区分は一覧に明示がないためunknown。正式校名は加盟校表示と別表記の可能性があるため未確定。
SCH000525,北九州市立高等学校,,北九州市立高等学校,,北九州市立高等学校,40,北九州市戸畑区,北九州市戸畑区浅生1丁目10-1,unknown,high_school,active,SRC000087,2026-10-02,2026年度硬式加盟校として福岡県高野連公式加盟校ページから登録。設置区分は一覧に明示がないためunknown。正式校名は加盟校表示と別表記の可能性があるため未確定。
SCH000526,戸畑工業高等学校,,戸畑工業高等学校,,戸畑工業高等学校,40,北九州市戸畑区,北九州市戸畑区丸町３丁目１０－１,unknown,high_school,active,SRC000087,2026-10-02,2026年度硬式加盟校として福岡県高野連公式加盟校ページから登録。設置区分は一覧に明示がないためunknown。正式校名は加盟校表示と別表記の可能性があるため未確定。
SCH000527,若松高等学校,,若松高等学校,,若松高等学校,40,北九州市若松区,北九州市若松区上原町１５－１３,unknown,high_school,active,SRC000087,2026-10-02,2026年度硬式加盟校として福岡県高野連公式加盟校ページから登録。設置区分は一覧に明示がないためunknown。正式校名は加盟校表示と別表記の可能性があるため未確定。
SCH000528,高稜高等学校,,高稜高等学校,,高稜高等学校,40,北九州市若松区,北九州市若松区二島1丁目3番60号,unknown,high_school,active,SRC000087,2026-10-02,2026年度硬式加盟校として福岡県高野連公式加盟校ページから登録。設置区分は一覧に明示がないためunknown。正式校名は加盟校表示と別表記の可能性があるため未確定。
SCH000529,若松商業高等学校,,若松商業高等学校,,若松商業高等学校,40,北九州市若松区,北九州市若松区片山３丁目２－１,unknown,high_school,active,SRC000087,2026-10-02,2026年度硬式加盟校として福岡県高野連公式加盟校ページから登録。設置区分は一覧に明示がないためunknown。正式校名は加盟校表示と別表記の可能性があるため未確定。
SCH000530,遠賀高等学校,,遠賀高等学校,,遠賀高等学校,40,遠賀町,遠賀郡遠賀町大字上別府２１１０,unknown,high_school,active,SRC000087,2026-10-02,2026年度硬式加盟校として福岡県高野連公式加盟校ページから登録。設置区分は一覧に明示がないためunknown。正式校名は加盟校表示と別表記の可能性があるため未確定。
SCH000531,筑豊高等学校,,筑豊高等学校,,筑豊高等学校,40,直方市,直方市大字頓野４０１９－２,unknown,high_school,active,SRC000087,2026-10-02,2026年度硬式加盟校として福岡県高野連公式加盟校ページから登録。設置区分は一覧に明示がないためunknown。正式校名は加盟校表示と別表記の可能性があるため未確定。
SCH000532,希望が丘高等学校,,希望が丘高等学校,,希望が丘高等学校,40,中間市,中間市土手ノ内3丁目19番1号,unknown,high_school,active,SRC000087,2026-10-02,2026年度硬式加盟校として福岡県高野連公式加盟校ページから登録。設置区分は一覧に明示がないためunknown。正式校名は加盟校表示と別表記の可能性があるため未確定。
SCH000533,中間高等学校,,中間高等学校,,中間高等学校,40,中間市,中間市朝霧５丁目１－１,unknown,high_school,active,SRC000087,2026-10-02,2026年度硬式加盟校として福岡県高野連公式加盟校ページから登録。設置区分は一覧に明示がないためunknown。正式校名は加盟校表示と別表記の可能性があるため未確定。
SCH000534,鞍手高等学校,,鞍手高等学校,,鞍手高等学校,40,直方市,直方市大字山部８１０－７,unknown,high_school,active,SRC000087,2026-10-02,2026年度硬式加盟校として福岡県高野連公式加盟校ページから登録。設置区分は一覧に明示がないためunknown。正式校名は加盟校表示と別表記の可能性があるため未確定。
SCH000535,直方高等学校,,直方高等学校,,直方高等学校,40,直方市,直方市大字頓野３４５９－２,unknown,high_school,active,SRC000087,2026-10-02,2026年度硬式加盟校として福岡県高野連公式加盟校ページから登録。設置区分は一覧に明示がないためunknown。正式校名は加盟校表示と別表記の可能性があるため未確定。
SCH000536,鞍手竜徳高等学校,,鞍手竜徳高等学校,,鞍手竜徳高等学校,40,宮若市,宮若市龍徳１６１,unknown,high_school,active,SRC000087,2026-10-02,2026年度硬式加盟校として福岡県高野連公式加盟校ページから登録。設置区分は一覧に明示がないためunknown。正式校名は加盟校表示と別表記の可能性があるため未確定。
SCH000537,大和青藍高等学校,,大和青藍高等学校,,大和青藍高等学校,40,直方市,直方市日吉町10-12,unknown,high_school,active,SRC000087,2026-10-02,2026年度硬式加盟校として福岡県高野連公式加盟校ページから登録。設置区分は一覧に明示がないためunknown。正式校名は加盟校表示と別表記の可能性があるため未確定。
SCH000538,稲築志耕館高等学校,,稲築志耕館高等学校,,稲築志耕館高等学校,40,嘉麻市,嘉麻市岩崎１３１８－１,unknown,high_school,active,SRC000087,2026-10-02,2026年度硬式加盟校として福岡県高野連公式加盟校ページから登録。設置区分は一覧に明示がないためunknown。正式校名は加盟校表示と別表記の可能性があるため未確定。
SCH000539,飯塚高等学校,,飯塚高等学校,,飯塚高等学校,40,飯塚市,飯塚市立岩1224,unknown,high_school,active,SRC000087,2026-10-02,2026年度硬式加盟校として福岡県高野連公式加盟校ページから登録。設置区分は一覧に明示がないためunknown。正式校名は加盟校表示と別表記の可能性があるため未確定。
SCH000540,嘉穂高等学校,,嘉穂高等学校,,嘉穂高等学校,40,飯塚市,飯塚市潤野８－１２,unknown,high_school,active,SRC000087,2026-10-02,2026年度硬式加盟校として福岡県高野連公式加盟校ページから登録。設置区分は一覧に明示がないためunknown。正式校名は加盟校表示と別表記の可能性があるため未確定。
SCH000541,嘉穂東高等学校,,嘉穂東高等学校,,嘉穂東高等学校,40,飯塚市,飯塚市立岩１７３０－５,unknown,high_school,active,SRC000087,2026-10-02,2026年度硬式加盟校として福岡県高野連公式加盟校ページから登録。設置区分は一覧に明示がないためunknown。正式校名は加盟校表示と別表記の可能性があるため未確定。
SCH000542,近畿大学附属福岡高等学校,,近畿大学附属福岡高等学校,,近畿大学附属福岡高等学校,40,飯塚市,飯塚市柏の森11-6,unknown,high_school,active,SRC000087,2026-10-02,2026年度硬式加盟校として福岡県高野連公式加盟校ページから登録。設置区分は一覧に明示がないためunknown。正式校名は加盟校表示と別表記の可能性があるため未確定。
SCH000543,嘉穂総合高等学校,,嘉穂総合高等学校,,嘉穂総合高等学校,40,桂川町,嘉穂郡桂川町大字土師１１１７－１,unknown,high_school,active,SRC000087,2026-10-02,2026年度硬式加盟校として福岡県高野連公式加盟校ページから登録。設置区分は一覧に明示がないためunknown。正式校名は加盟校表示と別表記の可能性があるため未確定。
SCH000544,田川高等学校,,田川高等学校,,田川高等学校,40,香春町,田川郡香春町中津原２０５５－１,unknown,high_school,active,SRC000087,2026-10-02,2026年度硬式加盟校として福岡県高野連公式加盟校ページから登録。設置区分は一覧に明示がないためunknown。正式校名は加盟校表示と別表記の可能性があるため未確定。
SCH000545,田川科学技術高等学校,,田川科学技術高等学校,,田川科学技術高等学校,40,田川市,田川市糒１９００,unknown,high_school,active,SRC000087,2026-10-02,2026年度硬式加盟校として福岡県高野連公式加盟校ページから登録。設置区分は一覧に明示がないためunknown。正式校名は加盟校表示と別表記の可能性があるため未確定。
SCH000546,東鷹高等学校,,東鷹高等学校,,東鷹高等学校,40,田川市,田川市大字伊田２３６２－３,unknown,high_school,active,SRC000087,2026-10-02,2026年度硬式加盟校として福岡県高野連公式加盟校ページから登録。設置区分は一覧に明示がないためunknown。正式校名は加盟校表示と別表記の可能性があるため未確定。
SCH000547,苅田工業高等学校,,苅田工業高等学校,,苅田工業高等学校,40,苅田町,京都郡苅田町大字集２５６９,unknown,high_school,active,SRC000087,2026-10-02,2026年度硬式加盟校として福岡県高野連公式加盟校ページから登録。設置区分は一覧に明示がないためunknown。正式校名は加盟校表示と別表記の可能性があるため未確定。
SCH000548,京都高等学校,,京都高等学校,,京都高等学校,40,行橋市,行橋市南大橋４丁目５－１,unknown,high_school,active,SRC000087,2026-10-02,2026年度硬式加盟校として福岡県高野連公式加盟校ページから登録。設置区分は一覧に明示がないためunknown。正式校名は加盟校表示と別表記の可能性があるため未確定。
SCH000549,育徳館高等学校,,育徳館高等学校,,育徳館高等学校,40,みやこ町,京都郡みやこ町豊津９７３,unknown,high_school,active,SRC000087,2026-10-02,2026年度硬式加盟校として福岡県高野連公式加盟校ページから登録。設置区分は一覧に明示がないためunknown。正式校名は加盟校表示と別表記の可能性があるため未確定。
SCH000550,青豊高等学校,,青豊高等学校,,青豊高等学校,40,豊前市,豊前市青豊３番地１,unknown,high_school,active,SRC000087,2026-10-02,2026年度硬式加盟校として福岡県高野連公式加盟校ページから登録。設置区分は一覧に明示がないためunknown。正式校名は加盟校表示と別表記の可能性があるため未確定。
SCH000551,行橋高等学校,,行橋高等学校,,行橋高等学校,40,行橋市,行橋市泉中央１丁目１７－１,unknown,high_school,active,SRC000087,2026-10-02,2026年度硬式加盟校として福岡県高野連公式加盟校ページから登録。設置区分は一覧に明示がないためunknown。正式校名は加盟校表示と別表記の可能性があるため未確定。
SCH000552,東海大福岡高等学校,,東海大福岡高等学校,,東海大福岡高等学校,40,宗像市,宗像市田久１丁目９番２号,unknown,high_school,active,SRC000087,2026-10-02,2026年度硬式加盟校として福岡県高野連公式加盟校ページから登録。設置区分は一覧に明示がないためunknown。正式校名は加盟校表示と別表記の可能性があるため未確定。
SCH000553,宗像高等学校,,宗像高等学校,,宗像高等学校,40,宗像市,宗像市東郷6丁目7-1,unknown,high_school,active,SRC000087,2026-10-02,2026年度硬式加盟校として福岡県高野連公式加盟校ページから登録。設置区分は一覧に明示がないためunknown。正式校名は加盟校表示と別表記の可能性があるため未確定。
SCH000554,光陵高等学校,,光陵高等学校,,光陵高等学校,40,福津市,福津市光陽台5丁目,unknown,high_school,active,SRC000087,2026-10-02,2026年度硬式加盟校として福岡県高野連公式加盟校ページから登録。設置区分は一覧に明示がないためunknown。正式校名は加盟校表示と別表記の可能性があるため未確定。
SCH000555,水産高等学校,,水産高等学校,,水産高等学校,40,福津市,福津市津屋崎４丁目４６－１４,unknown,high_school,active,SRC000087,2026-10-02,2026年度硬式加盟校として福岡県高野連公式加盟校ページから登録。設置区分は一覧に明示がないためunknown。正式校名は加盟校表示と別表記の可能性があるため未確定。
SCH000556,古賀竟成館高等学校,,古賀竟成館高等学校,,古賀竟成館高等学校,40,古賀市,古賀市中央2丁目12番1号,unknown,high_school,active,SRC000087,2026-10-02,2026年度硬式加盟校として福岡県高野連公式加盟校ページから登録。設置区分は一覧に明示がないためunknown。正式校名は加盟校表示と別表記の可能性があるため未確定。
SCH000557,玄界高等学校,,玄界高等学校,,玄界高等学校,40,古賀市,古賀市舞の里３丁目６－１,unknown,high_school,active,SRC000087,2026-10-02,2026年度硬式加盟校として福岡県高野連公式加盟校ページから登録。設置区分は一覧に明示がないためunknown。正式校名は加盟校表示と別表記の可能性があるため未確定。
SCH000558,福岡魁誠高等学校,,福岡魁誠高等学校,,福岡魁誠高等学校,40,粕屋町,糟屋郡粕屋町長者原東５-５-１,unknown,high_school,active,SRC000087,2026-10-02,2026年度硬式加盟校として福岡県高野連公式加盟校ページから登録。設置区分は一覧に明示がないためunknown。正式校名は加盟校表示と別表記の可能性があるため未確定。
SCH000559,須恵高等学校,,須恵高等学校,,須恵高等学校,40,須恵町,糟屋郡須恵町大字旅石７２－３,unknown,high_school,active,SRC000087,2026-10-02,2026年度硬式加盟校として福岡県高野連公式加盟校ページから登録。設置区分は一覧に明示がないためunknown。正式校名は加盟校表示と別表記の可能性があるため未確定。
SCH000560,宇美商業高等学校,,宇美商業高等学校,,宇美商業高等学校,40,宇美町,糟屋郡宇美町井野５２－１,unknown,high_school,active,SRC000087,2026-10-02,2026年度硬式加盟校として福岡県高野連公式加盟校ページから登録。設置区分は一覧に明示がないためunknown。正式校名は加盟校表示と別表記の可能性があるため未確定。
SCH000561,新宮高等学校,,新宮高等学校,,新宮高等学校,40,新宮町,糟屋郡新宮町緑ケ浜１丁目12-1,unknown,high_school,active,SRC000087,2026-10-02,2026年度硬式加盟校として福岡県高野連公式加盟校ページから登録。設置区分は一覧に明示がないためunknown。正式校名は加盟校表示と別表記の可能性があるため未確定。
SCH000562,香住丘高等学校,,香住丘高等学校,,香住丘高等学校,40,福岡市東区,福岡市東区香住ヶ丘１丁目 26-1,unknown,high_school,active,SRC000087,2026-10-02,2026年度硬式加盟校として福岡県高野連公式加盟校ページから登録。設置区分は一覧に明示がないためunknown。正式校名は加盟校表示と別表記の可能性があるため未確定。
SCH000563,香椎高等学校,,香椎高等学校,,香椎高等学校,40,福岡市東区,福岡市東区香椎２丁目９－１,unknown,high_school,active,SRC000087,2026-10-02,2026年度硬式加盟校として福岡県高野連公式加盟校ページから登録。設置区分は一覧に明示がないためunknown。正式校名は加盟校表示と別表記の可能性があるため未確定。
SCH000564,香椎工業高等学校,,香椎工業高等学校,,香椎工業高等学校,40,福岡市東区,福岡市東区香椎駅東２丁目２３－１,unknown,high_school,active,SRC000087,2026-10-02,2026年度硬式加盟校として福岡県高野連公式加盟校ページから登録。設置区分は一覧に明示がないためunknown。正式校名は加盟校表示と別表記の可能性があるため未確定。
SCH000565,九産大九州高等学校,,九産大九州高等学校,,九産大九州高等学校,40,福岡市東区,福岡市東区香椎駅東2丁目22-1,unknown,high_school,active,SRC000087,2026-10-02,2026年度硬式加盟校として福岡県高野連公式加盟校ページから登録。設置区分は一覧に明示がないためunknown。正式校名は加盟校表示と別表記の可能性があるため未確定。
SCH000566,博多高等学校,,博多高等学校,,博多高等学校,40,福岡市東区,福岡市東区水谷1-21-1,unknown,high_school,active,SRC000087,2026-10-02,2026年度硬式加盟校として福岡県高野連公式加盟校ページから登録。設置区分は一覧に明示がないためunknown。正式校名は加盟校表示と別表記の可能性があるため未確定。
SCH000567,福岡工業大学附属城東高等学校,,福岡工業大学附属城東高等学校,,福岡工業大学附属城東高等学校,40,福岡市東区,福岡市東区和白東3-30-1,unknown,high_school,active,SRC000087,2026-10-02,2026年度硬式加盟校として福岡県高野連公式加盟校ページから登録。設置区分は一覧に明示がないためunknown。正式校名は加盟校表示と別表記の可能性があるため未確定。
SCH000568,福岡高等学校,,福岡高等学校,,福岡高等学校,40,福岡市博多区,福岡市博多区堅粕１丁目２９－１,unknown,high_school,active,SRC000087,2026-10-02,2026年度硬式加盟校として福岡県高野連公式加盟校ページから登録。設置区分は一覧に明示がないためunknown。正式校名は加盟校表示と別表記の可能性があるため未確定。
SCH000569,東福岡高等学校,,東福岡高等学校,,東福岡高等学校,40,福岡市博多区,福岡市博多区東比恵2丁目24-1,unknown,high_school,active,SRC000087,2026-10-02,2026年度硬式加盟校として福岡県高野連公式加盟校ページから登録。設置区分は一覧に明示がないためunknown。正式校名は加盟校表示と別表記の可能性があるため未確定。
SCH000570,沖学園高等学校,,沖学園高等学校,,沖学園高等学校,40,福岡市博多区,福岡市博多区竹下２丁目1-33,unknown,high_school,active,SRC000087,2026-10-02,2026年度硬式加盟校として福岡県高野連公式加盟校ページから登録。設置区分は一覧に明示がないためunknown。正式校名は加盟校表示と別表記の可能性があるため未確定。
SCH000571,福岡中央高等学校,,福岡中央高等学校,,福岡中央高等学校,40,福岡市中央区,福岡市中央区平尾３丁目２０－５７,unknown,high_school,active,SRC000087,2026-10-02,2026年度硬式加盟校として福岡県高野連公式加盟校ページから登録。設置区分は一覧に明示がないためunknown。正式校名は加盟校表示と別表記の可能性があるため未確定。
SCH000572,福大大濠高等学校,,福大大濠高等学校,,福大大濠高等学校,40,福岡市中央区,福岡市中央区六本松1丁目12-1,unknown,high_school,active,SRC000087,2026-10-02,2026年度硬式加盟校として福岡県高野連公式加盟校ページから登録。設置区分は一覧に明示がないためunknown。正式校名は加盟校表示と別表記の可能性があるため未確定。
SCH000573,修猷館高等学校,,修猷館高等学校,,修猷館高等学校,40,福岡市早良区,福岡市早良区西新６丁目１－１０,unknown,high_school,active,SRC000087,2026-10-02,2026年度硬式加盟校として福岡県高野連公式加盟校ページから登録。設置区分は一覧に明示がないためunknown。正式校名は加盟校表示と別表記の可能性があるため未確定。
SCH000574,福岡工業高等学校,,福岡工業高等学校,,福岡工業高等学校,40,福岡市早良区,福岡市早良区荒江２丁目１９－１,unknown,high_school,active,SRC000087,2026-10-02,2026年度硬式加盟校として福岡県高野連公式加盟校ページから登録。設置区分は一覧に明示がないためunknown。正式校名は加盟校表示と別表記の可能性があるため未確定。
SCH000575,西南学院高等学校,,西南学院高等学校,,西南学院高等学校,40,福岡市早良区,福岡市早良区百道浜1-1-1,unknown,high_school,active,SRC000087,2026-10-02,2026年度硬式加盟校として福岡県高野連公式加盟校ページから登録。設置区分は一覧に明示がないためunknown。正式校名は加盟校表示と別表記の可能性があるため未確定。
SCH000576,福大若葉高等学校,,福大若葉高等学校,,福大若葉高等学校,40,福岡市中央区,福岡市中央区荒戸３丁目4-62,unknown,high_school,active,SRC000087,2026-10-02,2026年度硬式加盟校として福岡県高野連公式加盟校ページから登録。設置区分は一覧に明示がないためunknown。正式校名は加盟校表示と別表記の可能性があるため未確定。
SCH000577,福岡講倫館高等学校,,福岡講倫館高等学校,,福岡講倫館高等学校,40,福岡市早良区,福岡市早良区有田３丁目９－１,unknown,high_school,active,SRC000087,2026-10-02,2026年度硬式加盟校として福岡県高野連公式加盟校ページから登録。設置区分は一覧に明示がないためunknown。正式校名は加盟校表示と別表記の可能性があるため未確定。
SCH000578,中村学園三陽高等学校,,中村学園三陽高等学校,,中村学園三陽高等学校,40,福岡市西区,福岡市西区今宿青木1042番33号,unknown,high_school,active,SRC000087,2026-10-02,2026年度硬式加盟校として福岡県高野連公式加盟校ページから登録。設置区分は一覧に明示がないためunknown。正式校名は加盟校表示と別表記の可能性があるため未確定。
SCH000579,中村学園高等学校,,中村学園高等学校,,中村学園高等学校,40,福岡市城南区,福岡市城南区鳥飼7-10-38,unknown,high_school,active,SRC000087,2026-10-02,2026年度硬式加盟校として福岡県高野連公式加盟校ページから登録。設置区分は一覧に明示がないためunknown。正式校名は加盟校表示と別表記の可能性があるため未確定。
SCH000580,玄洋高等学校,,玄洋高等学校,,玄洋高等学校,40,福岡市西区,福岡市西区田尻東２丁目２４９０番,unknown,high_school,active,SRC000087,2026-10-02,2026年度硬式加盟校として福岡県高野連公式加盟校ページから登録。設置区分は一覧に明示がないためunknown。正式校名は加盟校表示と別表記の可能性があるため未確定。
SCH000581,福岡舞鶴高等学校,,福岡舞鶴高等学校,,福岡舞鶴高等学校,40,福岡市西区,福岡市西区徳永１１１０－２,unknown,high_school,active,SRC000087,2026-10-02,2026年度硬式加盟校として福岡県高野連公式加盟校ページから登録。設置区分は一覧に明示がないためunknown。正式校名は加盟校表示と別表記の可能性があるため未確定。
SCH000582,早良高等学校,,早良高等学校,,早良高等学校,40,福岡市早良区,福岡市早良区大字小笠木４０３,unknown,high_school,active,SRC000087,2026-10-02,2026年度硬式加盟校として福岡県高野連公式加盟校ページから登録。設置区分は一覧に明示がないためunknown。正式校名は加盟校表示と別表記の可能性があるため未確定。
SCH000583,博多工業高等学校,,博多工業高等学校,,博多工業高等学校,40,福岡市城南区,福岡市城南区東油山4-20-1,unknown,high_school,active,SRC000087,2026-10-02,2026年度硬式加盟校として福岡県高野連公式加盟校ページから登録。設置区分は一覧に明示がないためunknown。正式校名は加盟校表示と別表記の可能性があるため未確定。
SCH000584,城南高等学校,,城南高等学校,,城南高等学校,40,福岡市城南区,福岡市城南区茶山６丁目２１－１,unknown,high_school,active,SRC000087,2026-10-02,2026年度硬式加盟校として福岡県高野連公式加盟校ページから登録。設置区分は一覧に明示がないためunknown。正式校名は加盟校表示と別表記の可能性があるため未確定。
SCH000585,筑前高等学校,,筑前高等学校,,筑前高等学校,40,福岡市西区,福岡市西区大字千里１１１－１,unknown,high_school,active,SRC000087,2026-10-02,2026年度硬式加盟校として福岡県高野連公式加盟校ページから登録。設置区分は一覧に明示がないためunknown。正式校名は加盟校表示と別表記の可能性があるため未確定。
SCH000586,糸島高等学校,,糸島高等学校,,糸島高等学校,40,糸島市,糸島市前原南２丁目２１－１,unknown,high_school,active,SRC000087,2026-10-02,2026年度硬式加盟校として福岡県高野連公式加盟校ページから登録。設置区分は一覧に明示がないためunknown。正式校名は加盟校表示と別表記の可能性があるため未確定。
SCH000587,福岡西陵高等学校,,福岡西陵高等学校,,福岡西陵高等学校,40,福岡市西区,福岡市西区大字拾六町字広石,unknown,high_school,active,SRC000087,2026-10-02,2026年度硬式加盟校として福岡県高野連公式加盟校ページから登録。設置区分は一覧に明示がないためunknown。正式校名は加盟校表示と別表記の可能性があるため未確定。
SCH000588,福翔高等学校,,福翔高等学校,,福翔高等学校,40,福岡市南区,福岡市南区野多目5-31-1,unknown,high_school,active,SRC000087,2026-10-02,2026年度硬式加盟校として福岡県高野連公式加盟校ページから登録。設置区分は一覧に明示がないためunknown。正式校名は加盟校表示と別表記の可能性があるため未確定。
SCH000589,福岡第一高等学校,,福岡第一高等学校,,福岡第一高等学校,40,福岡市南区,福岡市南区玉川町22番1号,unknown,high_school,active,SRC000087,2026-10-02,2026年度硬式加盟校として福岡県高野連公式加盟校ページから登録。設置区分は一覧に明示がないためunknown。正式校名は加盟校表示と別表記の可能性があるため未確定。
SCH000590,筑紫丘高等学校,,筑紫丘高等学校,,筑紫丘高等学校,40,福岡市南区,福岡市南区野間２丁目１３－１,unknown,high_school,active,SRC000087,2026-10-02,2026年度硬式加盟校として福岡県高野連公式加盟校ページから登録。設置区分は一覧に明示がないためunknown。正式校名は加盟校表示と別表記の可能性があるため未確定。
SCH000591,純真高等学校,,純真高等学校,,純真高等学校,40,福岡市南区,福岡市南区筑紫丘1丁目１番１号,unknown,high_school,active,SRC000087,2026-10-02,2026年度硬式加盟校として福岡県高野連公式加盟校ページから登録。設置区分は一覧に明示がないためunknown。正式校名は加盟校表示と別表記の可能性があるため未確定。
SCH000592,柏陵高等学校,,柏陵高等学校,,柏陵高等学校,40,福岡市南区,福岡市南区柏原４丁目４７－１,unknown,high_school,active,SRC000087,2026-10-02,2026年度硬式加盟校として福岡県高野連公式加盟校ページから登録。設置区分は一覧に明示がないためunknown。正式校名は加盟校表示と別表記の可能性があるため未確定。
SCH000593,春日高等学校,,春日高等学校,,春日高等学校,40,春日市,春日市春日公園５丁目１７,unknown,high_school,active,SRC000087,2026-10-02,2026年度硬式加盟校として福岡県高野連公式加盟校ページから登録。設置区分は一覧に明示がないためunknown。正式校名は加盟校表示と別表記の可能性があるため未確定。
SCH000594,九産大九産高等学校,,九産大九産高等学校,,九産大九産高等学校,40,筑紫野市,筑紫野市紫2丁目5番1号,unknown,high_school,active,SRC000087,2026-10-02,2026年度硬式加盟校として福岡県高野連公式加盟校ページから登録。設置区分は一覧に明示がないためunknown。正式校名は加盟校表示と別表記の可能性があるため未確定。
SCH000595,武蔵台高等学校,,武蔵台高等学校,,武蔵台高等学校,40,筑紫野市,筑紫野市天拝坂５丁目２－１,unknown,high_school,active,SRC000087,2026-10-02,2026年度硬式加盟校として福岡県高野連公式加盟校ページから登録。設置区分は一覧に明示がないためunknown。正式校名は加盟校表示と別表記の可能性があるため未確定。
SCH000596,筑紫高等学校,,筑紫高等学校,,筑紫高等学校,40,筑紫野市,筑紫野市針摺東２丁目４－１,unknown,high_school,active,SRC000087,2026-10-02,2026年度硬式加盟校として福岡県高野連公式加盟校ページから登録。設置区分は一覧に明示がないためunknown。正式校名は加盟校表示と別表記の可能性があるため未確定。
SCH000597,筑紫台高等学校,,筑紫台高等学校,,筑紫台高等学校,40,太宰府市,太宰府市連歌屋１丁目１番１号,unknown,high_school,active,SRC000087,2026-10-02,2026年度硬式加盟校として福岡県高野連公式加盟校ページから登録。設置区分は一覧に明示がないためunknown。正式校名は加盟校表示と別表記の可能性があるため未確定。
SCH000598,筑紫中央高等学校,,筑紫中央高等学校,,筑紫中央高等学校,40,大野城市,大野城市中央2-12-1,unknown,high_school,active,SRC000087,2026-10-02,2026年度硬式加盟校として福岡県高野連公式加盟校ページから登録。設置区分は一覧に明示がないためunknown。正式校名は加盟校表示と別表記の可能性があるため未確定。
SCH000599,福岡農業高等学校,,福岡農業高等学校,,福岡農業高等学校,40,太宰府市,太宰府市大佐野２５０,unknown,high_school,active,SRC000087,2026-10-02,2026年度硬式加盟校として福岡県高野連公式加盟校ページから登録。設置区分は一覧に明示がないためunknown。正式校名は加盟校表示と別表記の可能性があるため未確定。
SCH000600,筑陽学園高等学校,,筑陽学園高等学校,,筑陽学園高等学校,40,太宰府市,太宰府市朱雀5丁目6番1号,unknown,high_school,active,SRC000087,2026-10-02,2026年度硬式加盟校として福岡県高野連公式加盟校ページから登録。設置区分は一覧に明示がないためunknown。正式校名は加盟校表示と別表記の可能性があるため未確定。
SCH000601,太宰府高等学校,,太宰府高等学校,,太宰府高等学校,40,太宰府市,太宰府市高雄３丁目４１１４,unknown,high_school,active,SRC000087,2026-10-02,2026年度硬式加盟校として福岡県高野連公式加盟校ページから登録。設置区分は一覧に明示がないためunknown。正式校名は加盟校表示と別表記の可能性があるため未確定。
SCH000602,福岡常葉高等学校,,福岡常葉高等学校,,福岡常葉高等学校,40,筑紫野市,筑紫野市大字筑紫901,unknown,high_school,active,SRC000087,2026-10-02,2026年度硬式加盟校として福岡県高野連公式加盟校ページから登録。設置区分は一覧に明示がないためunknown。正式校名は加盟校表示と別表記の可能性があるため未確定。
SCH000603,朝倉高等学校,,朝倉高等学校,,朝倉高等学校,40,朝倉市,朝倉市甘木８７６,unknown,high_school,active,SRC000087,2026-10-02,2026年度硬式加盟校として福岡県高野連公式加盟校ページから登録。設置区分は一覧に明示がないためunknown。正式校名は加盟校表示と別表記の可能性があるため未確定。
SCH000604,朝倉光陽高等学校,,朝倉光陽高等学校,,朝倉光陽高等学校,40,朝倉市,朝倉市杷木古賀１７６５,unknown,high_school,active,SRC000087,2026-10-02,2026年度硬式加盟校として福岡県高野連公式加盟校ページから登録。設置区分は一覧に明示がないためunknown。正式校名は加盟校表示と別表記の可能性があるため未確定。
SCH000605,浮羽究真館高等学校,,浮羽究真館高等学校,,浮羽究真館高等学校,40,うきは市,うきは市吉井町生葉６５８,unknown,high_school,active,SRC000087,2026-10-02,2026年度硬式加盟校として福岡県高野連公式加盟校ページから登録。設置区分は一覧に明示がないためunknown。正式校名は加盟校表示と別表記の可能性があるため未確定。
SCH000606,三井高等学校,,三井高等学校,,三井高等学校,40,小郡市,小郡市松崎６５０,unknown,high_school,active,SRC000087,2026-10-02,2026年度硬式加盟校として福岡県高野連公式加盟校ページから登録。設置区分は一覧に明示がないためunknown。正式校名は加盟校表示と別表記の可能性があるため未確定。
SCH000607,小郡高等学校,,小郡高等学校,,小郡高等学校,40,小郡市,小郡市三沢５１２８－１,unknown,high_school,active,SRC000087,2026-10-02,2026年度硬式加盟校として福岡県高野連公式加盟校ページから登録。設置区分は一覧に明示がないためunknown。正式校名は加盟校表示と別表記の可能性があるため未確定。
SCH000608,浮羽工業高等学校,,浮羽工業高等学校,,浮羽工業高等学校,40,久留米市,久留米市田主丸町田主丸395-2,unknown,high_school,active,SRC000087,2026-10-02,2026年度硬式加盟校として福岡県高野連公式加盟校ページから登録。設置区分は一覧に明示がないためunknown。正式校名は加盟校表示と別表記の可能性があるため未確定。
SCH000609,久留米高等学校,,久留米高等学校,,久留米高等学校,40,久留米市,久留米市西町鞍打４８２,unknown,high_school,active,SRC000087,2026-10-02,2026年度硬式加盟校として福岡県高野連公式加盟校ページから登録。設置区分は一覧に明示がないためunknown。正式校名は加盟校表示と別表記の可能性があるため未確定。
SCH000610,南筑高等学校,,南筑高等学校,,南筑高等学校,40,久留米市,久留米市御井町1360-5,unknown,high_school,active,SRC000087,2026-10-02,2026年度硬式加盟校として福岡県高野連公式加盟校ページから登録。設置区分は一覧に明示がないためunknown。正式校名は加盟校表示と別表記の可能性があるため未確定。
SCH000611,久留米商業高等学校,,久留米商業高等学校,,久留米商業高等学校,40,久留米市,久留米市南1丁目1-1,unknown,high_school,active,SRC000087,2026-10-02,2026年度硬式加盟校として福岡県高野連公式加盟校ページから登録。設置区分は一覧に明示がないためunknown。正式校名は加盟校表示と別表記の可能性があるため未確定。
SCH000612,祐誠高等学校,,祐誠高等学校,,祐誠高等学校,40,久留米市,久留米市上津町2192,unknown,high_school,active,SRC000087,2026-10-02,2026年度硬式加盟校として福岡県高野連公式加盟校ページから登録。設置区分は一覧に明示がないためunknown。正式校名は加盟校表示と別表記の可能性があるため未確定。
SCH000613,明善高等学校,,明善高等学校,,明善高等学校,40,久留米市,久留米市城南町９－１,unknown,high_school,active,SRC000087,2026-10-02,2026年度硬式加盟校として福岡県高野連公式加盟校ページから登録。設置区分は一覧に明示がないためunknown。正式校名は加盟校表示と別表記の可能性があるため未確定。
SCH000614,久留米工業高等専門学校,,久留米工業高等専門学校,,久留米工業高等専門学校,40,久留米市,久留米市小森野1-1-1,unknown,technical_college,active,SRC000087,2026-10-02,2026年度硬式加盟校として福岡県高野連公式加盟校ページから登録。設置区分は一覧に明示がないためunknown。正式校名は加盟校表示と別表記の可能性があるため未確定。
SCH000615,久留米筑水高等学校,,久留米筑水高等学校,,久留米筑水高等学校,40,久留米市,久留米市山川町１４９３,unknown,high_school,active,SRC000087,2026-10-02,2026年度硬式加盟校として福岡県高野連公式加盟校ページから登録。設置区分は一覧に明示がないためunknown。正式校名は加盟校表示と別表記の可能性があるため未確定。
SCH000616,久留米学園高等学校,,久留米学園高等学校,,久留米学園高等学校,40,久留米市,久留米市東町272-4,unknown,high_school,active,SRC000087,2026-10-02,2026年度硬式加盟校として福岡県高野連公式加盟校ページから登録。設置区分は一覧に明示がないためunknown。正式校名は加盟校表示と別表記の可能性があるため未確定。
SCH000617,久留米信愛高等学校,,久留米信愛高等学校,,久留米信愛高等学校,40,久留米市,久留米市御井町2278-1,unknown,high_school,active,SRC000087,2026-10-02,2026年度硬式加盟校として福岡県高野連公式加盟校ページから登録。設置区分は一覧に明示がないためunknown。正式校名は加盟校表示と別表記の可能性があるため未確定。
SCH000618,三潴高等学校,,三潴高等学校,,三潴高等学校,40,久留米市,久留米市城島町城島５９－１,unknown,high_school,active,SRC000087,2026-10-02,2026年度硬式加盟校として福岡県高野連公式加盟校ページから登録。設置区分は一覧に明示がないためunknown。正式校名は加盟校表示と別表記の可能性があるため未確定。
SCH000619,八女高等学校,,八女高等学校,,八女高等学校,40,筑後市,筑後市大字和泉２５１,unknown,high_school,active,SRC000087,2026-10-02,2026年度硬式加盟校として福岡県高野連公式加盟校ページから登録。設置区分は一覧に明示がないためunknown。正式校名は加盟校表示と別表記の可能性があるため未確定。
SCH000620,八女工業高等学校,,八女工業高等学校,,八女工業高等学校,40,筑後市,筑後市大字羽犬塚３０１－４,unknown,high_school,active,SRC000087,2026-10-02,2026年度硬式加盟校として福岡県高野連公式加盟校ページから登録。設置区分は一覧に明示がないためunknown。正式校名は加盟校表示と別表記の可能性があるため未確定。
SCH000621,福島高等学校,,福島高等学校,,福島高等学校,40,八女市,八女市吉田１５８１－２,unknown,high_school,active,SRC000087,2026-10-02,2026年度硬式加盟校として福岡県高野連公式加盟校ページから登録。設置区分は一覧に明示がないためunknown。正式校名は加盟校表示と別表記の可能性があるため未確定。
SCH000622,西日本短期大学附属高等学校,,西日本短期大学附属高等学校,,西日本短期大学附属高等学校,40,八女市,八女市亀甲61,unknown,high_school,active,SRC000087,2026-10-02,2026年度硬式加盟校として福岡県高野連公式加盟校ページから登録。設置区分は一覧に明示がないためunknown。正式校名は加盟校表示と別表記の可能性があるため未確定。
SCH000623,八女農業高等学校,,八女農業高等学校,,八女農業高等学校,40,八女市,八女市本町２－１６０,unknown,high_school,active,SRC000087,2026-10-02,2026年度硬式加盟校として福岡県高野連公式加盟校ページから登録。設置区分は一覧に明示がないためunknown。正式校名は加盟校表示と別表記の可能性があるため未確定。
SCH000624,輝翔館中等教育学校,,輝翔館中等教育学校,,輝翔館中等教育学校,40,八女市,八女市黒木町大字桑原10-2,unknown,secondary_school,active,SRC000087,2026-10-02,2026年度硬式加盟校として福岡県高野連公式加盟校ページから登録。設置区分は一覧に明示がないためunknown。正式校名は加盟校表示と別表記の可能性があるため未確定。
SCH000625,八女学院高等学校,,八女学院高等学校,,八女学院高等学校,40,八女市,八女市本村425,unknown,high_school,active,SRC000087,2026-10-02,2026年度硬式加盟校として福岡県高野連公式加盟校ページから登録。設置区分は一覧に明示がないためunknown。正式校名は加盟校表示と別表記の可能性があるため未確定。
SCH000626,山門高等学校,,山門高等学校,,山門高等学校,40,みやま市,みやま市瀬高町大字上庄1731-1,unknown,high_school,active,SRC000087,2026-10-02,2026年度硬式加盟校として福岡県高野連公式加盟校ページから登録。設置区分は一覧に明示がないためunknown。正式校名は加盟校表示と別表記の可能性があるため未確定。
SCH000627,柳川高等学校,,柳川高等学校,,柳川高等学校,40,柳川市,柳川市本城町125,unknown,high_school,active,SRC000087,2026-10-02,2026年度硬式加盟校として福岡県高野連公式加盟校ページから登録。設置区分は一覧に明示がないためunknown。正式校名は加盟校表示と別表記の可能性があるため未確定。
SCH000628,伝習館高等学校,,伝習館高等学校,,伝習館高等学校,40,柳川市,柳川市本町１４２,unknown,high_school,active,SRC000087,2026-10-02,2026年度硬式加盟校として福岡県高野連公式加盟校ページから登録。設置区分は一覧に明示がないためunknown。正式校名は加盟校表示と別表記の可能性があるため未確定。
SCH000629,大川樟風高等学校,,大川樟風高等学校,,大川樟風高等学校,40,大川市,大川市大字向島１３８２,unknown,high_school,active,SRC000087,2026-10-02,2026年度硬式加盟校として福岡県高野連公式加盟校ページから登録。設置区分は一覧に明示がないためunknown。正式校名は加盟校表示と別表記の可能性があるため未確定。
SCH000630,大牟田高等学校,,大牟田高等学校,,大牟田高等学校,40,大牟田市,大牟田市大字草木852,unknown,high_school,active,SRC000087,2026-10-02,2026年度硬式加盟校として福岡県高野連公式加盟校ページから登録。設置区分は一覧に明示がないためunknown。正式校名は加盟校表示と別表記の可能性があるため未確定。
SCH000631,三池高等学校,,三池高等学校,,三池高等学校,40,大牟田市,大牟田市大字草木２４５,unknown,high_school,active,SRC000087,2026-10-02,2026年度硬式加盟校として福岡県高野連公式加盟校ページから登録。設置区分は一覧に明示がないためunknown。正式校名は加盟校表示と別表記の可能性があるため未確定。
SCH000632,三池工業高等学校,,三池工業高等学校,,三池工業高等学校,40,大牟田市,大牟田市上官町４丁目７７,unknown,high_school,active,SRC000087,2026-10-02,2026年度硬式加盟校として福岡県高野連公式加盟校ページから登録。設置区分は一覧に明示がないためunknown。正式校名は加盟校表示と別表記の可能性があるため未確定。
SCH000633,有明工業高等専門学校,,有明工業高等専門学校,,有明工業高等専門学校,40,大牟田市,大牟田市東萩尾町150,unknown,technical_college,active,SRC000087,2026-10-02,2026年度硬式加盟校として福岡県高野連公式加盟校ページから登録。設置区分は一覧に明示がないためunknown。正式校名は加盟校表示と別表記の可能性があるため未確定。
SCH000634,ありあけ新世高等学校,,ありあけ新世高等学校,,ありあけ新世高等学校,40,大牟田市,大牟田市大字吉野１３８９－１,unknown,high_school,active,SRC000087,2026-10-02,2026年度硬式加盟校として福岡県高野連公式加盟校ページから登録。設置区分は一覧に明示がないためunknown。正式校名は加盟校表示と別表記の可能性があるため未確定。
SCH000635,足立学園高等学校,,足立学園高等学校,,足立学園高等学校,13,足立区,,unknown,high_school,active,SRC000060,2026-10-02,東京都高野連加盟校一覧（2026年5月現在）から登録。住所はPhase 1では任意のため未掲載校は空欄。
SCH000636,都立青井高等学校,,都立青井高等学校,,都立青井高等学校,13,足立区,,prefectural,high_school,active,SRC000060,2026-10-02,東京都高野連加盟校一覧（2026年5月現在）から登録。住所はPhase 1では任意のため未掲載校は空欄。
SCH000637,都立足立新田高等学校,,都立足立新田高等学校,,都立足立新田高等学校,13,足立区,,prefectural,high_school,active,SRC000060,2026-10-02,東京都高野連加盟校一覧（2026年5月現在）から登録。住所はPhase 1では任意のため未掲載校は空欄。
SCH000638,都立足立西高等学校,,都立足立西高等学校,,都立足立西高等学校,13,足立区,,prefectural,high_school,active,SRC000060,2026-10-02,東京都高野連加盟校一覧（2026年5月現在）から登録。住所はPhase 1では任意のため未掲載校は空欄。
SCH000639,都立足立東高等学校,,都立足立東高等学校,,都立足立東高等学校,13,足立区,,prefectural,high_school,active,SRC000060,2026-10-02,東京都高野連加盟校一覧（2026年5月現在）から登録。住所はPhase 1では任意のため未掲載校は空欄。
SCH000640,都立淵江高等学校,,都立淵江高等学校,,都立淵江高等学校,13,足立区,,prefectural,high_school,active,SRC000060,2026-10-02,東京都高野連加盟校一覧（2026年5月現在）から登録。住所はPhase 1では任意のため未掲載校は空欄。
SCH000641,都立足立工科高等学校,,都立足立工科高等学校,,都立足立工科高等学校,13,足立区,,prefectural,high_school,active,SRC000060,2026-10-02,東京都高野連加盟校一覧（2026年5月現在）から登録。住所はPhase 1では任意のため未掲載校は空欄。
SCH000642,開成高等学校,,開成高等学校,,開成高等学校,13,荒川区,,unknown,high_school,active,SRC000060,2026-10-02,東京都高野連加盟校一覧（2026年5月現在）から登録。住所はPhase 1では任意のため未掲載校は空欄。
SCH000643,都立荒川工科高等学校,,都立荒川工科高等学校,,都立荒川工科高等学校,13,荒川区,,prefectural,high_school,active,SRC000060,2026-10-02,東京都高野連加盟校一覧（2026年5月現在）から登録。住所はPhase 1では任意のため未掲載校は空欄。
SCH000644,都立竹台高等学校,,都立竹台高等学校,,都立竹台高等学校,13,荒川区,,prefectural,high_school,active,SRC000060,2026-10-02,東京都高野連加盟校一覧（2026年5月現在）から登録。住所はPhase 1では任意のため未掲載校は空欄。
SCH000645,淑徳高等学校,,淑徳高等学校,,淑徳高等学校,13,板橋区,,unknown,high_school,active,SRC000060,2026-10-02,東京都高野連加盟校一覧（2026年5月現在）から登録。住所はPhase 1では任意のため未掲載校は空欄。
SCH000646,城北高等学校,,城北高等学校,,城北高等学校,13,板橋区,,unknown,high_school,active,SRC000060,2026-10-02,東京都高野連加盟校一覧（2026年5月現在）から登録。住所はPhase 1では任意のため未掲載校は空欄。
SCH000647,大東文化大学第一高等学校,,大東文化大学第一高等学校,,大東文化大学第一高等学校,13,板橋区,,unknown,high_school,active,SRC000060,2026-10-02,東京都高野連加盟校一覧（2026年5月現在）から登録。住所はPhase 1では任意のため未掲載校は空欄。
SCH000648,帝京高等学校,,帝京高等学校,,帝京高等学校,13,板橋区,,unknown,high_school,active,SRC000060,2026-10-02,東京都高野連加盟校一覧（2026年5月現在）から登録。住所はPhase 1では任意のため未掲載校は空欄。
SCH000649,都立板橋高等学校,,都立板橋高等学校,,都立板橋高等学校,13,板橋区,,prefectural,high_school,active,SRC000060,2026-10-02,東京都高野連加盟校一覧（2026年5月現在）から登録。住所はPhase 1では任意のため未掲載校は空欄。
SCH000650,都立大山高等学校,,都立大山高等学校,,都立大山高等学校,13,板橋区,,prefectural,high_school,active,SRC000060,2026-10-02,東京都高野連加盟校一覧（2026年5月現在）から登録。住所はPhase 1では任意のため未掲載校は空欄。
SCH000651,都立高島高等学校,,都立高島高等学校,,都立高島高等学校,13,板橋区,,prefectural,high_school,active,SRC000060,2026-10-02,東京都高野連加盟校一覧（2026年5月現在）から登録。住所はPhase 1では任意のため未掲載校は空欄。
SCH000652,都立北豊島工科高等学校,,都立北豊島工科高等学校,,都立北豊島工科高等学校,13,板橋区,,prefectural,high_school,active,SRC000060,2026-10-02,東京都高野連加盟校一覧（2026年5月現在）から登録。住所はPhase 1では任意のため未掲載校は空欄。
SCH000653,日本ウェルネス高等学校,,日本ウェルネス高等学校,,日本ウェルネス高等学校,13,板橋区,,unknown,high_school,active,SRC000060,2026-10-02,東京都高野連加盟校一覧（2026年5月現在）から登録。住所はPhase 1では任意のため未掲載校は空欄。
SCH000654,関東第一高等学校,,関東第一高等学校,,関東第一高等学校,13,江戸川区,,unknown,high_school,active,SRC000060,2026-10-02,東京都高野連加盟校一覧（2026年5月現在）から登録。住所はPhase 1では任意のため未掲載校は空欄。
SCH000655,都立江戸川高等学校,,都立江戸川高等学校,,都立江戸川高等学校,13,江戸川区,,prefectural,high_school,active,SRC000060,2026-10-02,東京都高野連加盟校一覧（2026年5月現在）から登録。住所はPhase 1では任意のため未掲載校は空欄。
SCH000656,都立小岩高等学校,,都立小岩高等学校,,都立小岩高等学校,13,江戸川区,,prefectural,high_school,active,SRC000060,2026-10-02,東京都高野連加盟校一覧（2026年5月現在）から登録。住所はPhase 1では任意のため未掲載校は空欄。
SCH000657,都立小松川高等学校,,都立小松川高等学校,,都立小松川高等学校,13,江戸川区,,prefectural,high_school,active,SRC000060,2026-10-02,東京都高野連加盟校一覧（2026年5月現在）から登録。住所はPhase 1では任意のため未掲載校は空欄。
SCH000658,都立篠崎高等学校,,都立篠崎高等学校,,都立篠崎高等学校,13,江戸川区,,prefectural,high_school,active,SRC000060,2026-10-02,東京都高野連加盟校一覧（2026年5月現在）から登録。住所はPhase 1では任意のため未掲載校は空欄。
SCH000659,都立紅葉川高等学校,,都立紅葉川高等学校,,都立紅葉川高等学校,13,江戸川区,,prefectural,high_school,active,SRC000060,2026-10-02,東京都高野連加盟校一覧（2026年5月現在）から登録。住所はPhase 1では任意のため未掲載校は空欄。
SCH000660,都立葛西工科高等学校,,都立葛西工科高等学校,,都立葛西工科高等学校,13,江戸川区,,prefectural,high_school,active,SRC000060,2026-10-02,東京都高野連加盟校一覧（2026年5月現在）から登録。住所はPhase 1では任意のため未掲載校は空欄。
SCH000661,都立葛西南高等学校,,都立葛西南高等学校,,都立葛西南高等学校,13,江戸川区,,prefectural,high_school,active,SRC000060,2026-10-02,東京都高野連加盟校一覧（2026年5月現在）から登録。住所はPhase 1では任意のため未掲載校は空欄。
SCH000662,大森学園高等学校,,大森学園高等学校,,大森学園高等学校,13,大田区,,unknown,high_school,active,SRC000060,2026-10-02,東京都高野連加盟校一覧（2026年5月現在）から登録。住所はPhase 1では任意のため未掲載校は空欄。
SCH000663,東京高等学校,,東京高等学校,,東京高等学校,13,大田区,,unknown,high_school,active,SRC000060,2026-10-02,東京都高野連加盟校一覧（2026年5月現在）から登録。住所はPhase 1では任意のため未掲載校は空欄。
SCH000664,東京実業高等学校,,東京実業高等学校,,東京実業高等学校,13,大田区,,unknown,high_school,active,SRC000060,2026-10-02,東京都高野連加盟校一覧（2026年5月現在）から登録。住所はPhase 1では任意のため未掲載校は空欄。
SCH000665,都立大田桜台高等学校,,都立大田桜台高等学校,,都立大田桜台高等学校,13,大田区,,prefectural,high_school,active,SRC000060,2026-10-02,東京都高野連加盟校一覧（2026年5月現在）から登録。住所はPhase 1では任意のため未掲載校は空欄。
SCH000666,都立大森高等学校,,都立大森高等学校,,都立大森高等学校,13,大田区,,prefectural,high_school,active,SRC000060,2026-10-02,東京都高野連加盟校一覧（2026年5月現在）から登録。住所はPhase 1では任意のため未掲載校は空欄。
SCH000667,都立田園調布高等学校,,都立田園調布高等学校,,都立田園調布高等学校,13,大田区,,prefectural,high_school,active,SRC000060,2026-10-02,東京都高野連加盟校一覧（2026年5月現在）から登録。住所はPhase 1では任意のため未掲載校は空欄。
SCH000668,都立つばさ総合高等学校,,都立つばさ総合高等学校,,都立つばさ総合高等学校,13,大田区,,prefectural,high_school,active,SRC000060,2026-10-02,東京都高野連加盟校一覧（2026年5月現在）から登録。住所はPhase 1では任意のため未掲載校は空欄。
SCH000669,都立雪谷高等学校,,都立雪谷高等学校,,都立雪谷高等学校,13,大田区,,prefectural,high_school,active,SRC000060,2026-10-02,東京都高野連加盟校一覧（2026年5月現在）から登録。住所はPhase 1では任意のため未掲載校は空欄。
SCH000670,都立六郷工科高等学校,,都立六郷工科高等学校,,都立六郷工科高等学校,13,大田区,,prefectural,high_school,active,SRC000060,2026-10-02,東京都高野連加盟校一覧（2026年5月現在）から登録。住所はPhase 1では任意のため未掲載校は空欄。
SCH000671,日本体育大学荏原高等学校,,日本体育大学荏原高等学校,,日本体育大学荏原高等学校,13,大田区,,unknown,high_school,active,SRC000060,2026-10-02,東京都高野連加盟校一覧（2026年5月現在）から登録。住所はPhase 1では任意のため未掲載校は空欄。
SCH000672,立正大学付属立正高等学校,,立正大学付属立正高等学校,,立正大学付属立正高等学校,13,大田区,,unknown,high_school,active,SRC000060,2026-10-02,東京都高野連加盟校一覧（2026年5月現在）から登録。住所はPhase 1では任意のため未掲載校は空欄。
SCH000673,共栄学園高等学校,,共栄学園高等学校,,共栄学園高等学校,13,葛飾区,,unknown,high_school,active,SRC000060,2026-10-02,東京都高野連加盟校一覧（2026年5月現在）から登録。住所はPhase 1では任意のため未掲載校は空欄。
SCH000674,修徳高等学校,,修徳高等学校,,修徳高等学校,13,葛飾区,,unknown,high_school,active,SRC000060,2026-10-02,東京都高野連加盟校一覧（2026年5月現在）から登録。住所はPhase 1では任意のため未掲載校は空欄。
SCH000675,都立葛飾野高等学校,,都立葛飾野高等学校,,都立葛飾野高等学校,13,葛飾区,,prefectural,high_school,active,SRC000060,2026-10-02,東京都高野連加盟校一覧（2026年5月現在）から登録。住所はPhase 1では任意のため未掲載校は空欄。
SCH000676,都立葛飾商業高等学校,,都立葛飾商業高等学校,,都立葛飾商業高等学校,13,葛飾区,,prefectural,high_school,active,SRC000060,2026-10-02,東京都高野連加盟校一覧（2026年5月現在）から登録。住所はPhase 1では任意のため未掲載校は空欄。
SCH000677,都立葛飾総合高等学校,,都立葛飾総合高等学校,,都立葛飾総合高等学校,13,葛飾区,,prefectural,high_school,active,SRC000060,2026-10-02,東京都高野連加盟校一覧（2026年5月現在）から登録。住所はPhase 1では任意のため未掲載校は空欄。
SCH000678,都立農産高等学校,,都立農産高等学校,,都立農産高等学校,13,葛飾区,,prefectural,high_school,active,SRC000060,2026-10-02,東京都高野連加盟校一覧（2026年5月現在）から登録。住所はPhase 1では任意のため未掲載校は空欄。
SCH000679,都立南葛飾高等学校,,都立南葛飾高等学校,,都立南葛飾高等学校,13,葛飾区,,prefectural,high_school,active,SRC000060,2026-10-02,東京都高野連加盟校一覧（2026年5月現在）から登録。住所はPhase 1では任意のため未掲載校は空欄。
SCH000680,桜丘高等学校,,桜丘高等学校,,桜丘高等学校,13,北区,,unknown,high_school,active,SRC000060,2026-10-02,東京都高野連加盟校一覧（2026年5月現在）から登録。住所はPhase 1では任意のため未掲載校は空欄。
SCH000681,北里大学附属順天高等学校,,北里大学附属順天高等学校,,北里大学附属順天高等学校,13,北区,,unknown,high_school,active,SRC000060,2026-10-02,東京都高野連加盟校一覧（2026年5月現在）から登録。住所はPhase 1では任意のため未掲載校は空欄。
SCH000682,駿台学園高等学校,,駿台学園高等学校,,駿台学園高等学校,13,北区,,unknown,high_school,active,SRC000060,2026-10-02,東京都高野連加盟校一覧（2026年5月現在）から登録。住所はPhase 1では任意のため未掲載校は空欄。
SCH000683,聖学院高等学校,,聖学院高等学校,,聖学院高等学校,13,北区,,unknown,high_school,active,SRC000060,2026-10-02,東京都高野連加盟校一覧（2026年5月現在）から登録。住所はPhase 1では任意のため未掲載校は空欄。
SCH000684,成立学園高等学校,,成立学園高等学校,,成立学園高等学校,13,北区,,unknown,high_school,active,SRC000060,2026-10-02,東京都高野連加盟校一覧（2026年5月現在）から登録。住所はPhase 1では任意のため未掲載校は空欄。
SCH000685,東京成徳大学高等学校,,東京成徳大学高等学校,,東京成徳大学高等学校,13,北区,,unknown,high_school,active,SRC000060,2026-10-02,東京都高野連加盟校一覧（2026年5月現在）から登録。住所はPhase 1では任意のため未掲載校は空欄。
SCH000686,都立桐ヶ丘高等学校,,都立桐ヶ丘高等学校,,都立桐ヶ丘高等学校,13,北区,,prefectural,high_school,active,SRC000060,2026-10-02,東京都高野連加盟校一覧（2026年5月現在）から登録。住所はPhase 1では任意のため未掲載校は空欄。
SCH000687,都立王子総合高等学校,,都立王子総合高等学校,,都立王子総合高等学校,13,北区,,prefectural,high_school,active,SRC000060,2026-10-02,東京都高野連加盟校一覧（2026年5月現在）から登録。住所はPhase 1では任意のため未掲載校は空欄。
SCH000688,都立城東高等学校,,都立城東高等学校,,都立城東高等学校,13,江東区,,prefectural,high_school,active,SRC000060,2026-10-02,東京都高野連加盟校一覧（2026年5月現在）から登録。住所はPhase 1では任意のため未掲載校は空欄。
SCH000689,都立東高等学校,,都立東高等学校,,都立東高等学校,13,江東区,,prefectural,high_school,active,SRC000060,2026-10-02,東京都高野連加盟校一覧（2026年5月現在）から登録。住所はPhase 1では任意のため未掲載校は空欄。
SCH000690,都立深川高等学校,,都立深川高等学校,,都立深川高等学校,13,江東区,,prefectural,high_school,active,SRC000060,2026-10-02,東京都高野連加盟校一覧（2026年5月現在）から登録。住所はPhase 1では任意のため未掲載校は空欄。
SCH000691,都立科学技術高等学校,,都立科学技術高等学校,,都立科学技術高等学校,13,江東区,,prefectural,high_school,active,SRC000060,2026-10-02,東京都高野連加盟校一覧（2026年5月現在）から登録。住所はPhase 1では任意のため未掲載校は空欄。
SCH000692,都立墨田工科高等学校,,都立墨田工科高等学校,,都立墨田工科高等学校,13,江東区,,prefectural,high_school,active,SRC000060,2026-10-02,東京都高野連加盟校一覧（2026年5月現在）から登録。住所はPhase 1では任意のため未掲載校は空欄。
SCH000693,都立第三商業高等学校,,都立第三商業高等学校,,都立第三商業高等学校,13,江東区,,prefectural,high_school,active,SRC000060,2026-10-02,東京都高野連加盟校一覧（2026年5月現在）から登録。住所はPhase 1では任意のため未掲載校は空欄。
SCH000694,芝浦工業大学附属高校,,芝浦工業大学附属高校,,芝浦工業大学附属高校,13,江東区,,unknown,high_school,active,SRC000060,2026-10-02,東京都高野連加盟校一覧（2026年5月現在）から登録。住所はPhase 1では任意のため未掲載校は空欄。
SCH000695,攻玉社高等学校,,攻玉社高等学校,,攻玉社高等学校,13,品川区,,unknown,high_school,active,SRC000060,2026-10-02,東京都高野連加盟校一覧（2026年5月現在）から登録。住所はPhase 1では任意のため未掲載校は空欄。
SCH000696,青稜高等学校,,青稜高等学校,,青稜高等学校,13,品川区,,unknown,high_school,active,SRC000060,2026-10-02,東京都高野連加盟校一覧（2026年5月現在）から登録。住所はPhase 1では任意のため未掲載校は空欄。
SCH000697,都立大崎高等学校,,都立大崎高等学校,,都立大崎高等学校,13,品川区,,prefectural,high_school,active,SRC000060,2026-10-02,東京都高野連加盟校一覧（2026年5月現在）から登録。住所はPhase 1では任意のため未掲載校は空欄。
SCH000698,都立産業技術高等専門学校,,都立産業技術高等専門学校,,都立産業技術高等専門学校,13,品川区,,prefectural,technical_college,active,SRC000060,2026-10-02,東京都高野連加盟校一覧（2026年5月現在）から登録。住所はPhase 1では任意のため未掲載校は空欄。
SCH000699,都立小山台高等学校,,都立小山台高等学校,,都立小山台高等学校,13,品川区,,prefectural,high_school,active,SRC000060,2026-10-02,東京都高野連加盟校一覧（2026年5月現在）から登録。住所はPhase 1では任意のため未掲載校は空欄。
SCH000700,文教大学付属高等学校,,文教大学付属高等学校,,文教大学付属高等学校,13,品川区,,unknown,high_school,active,SRC000060,2026-10-02,東京都高野連加盟校一覧（2026年5月現在）から登録。住所はPhase 1では任意のため未掲載校は空欄。
SCH000701,朋優学院高等学校,,朋優学院高等学校,,朋優学院高等学校,13,品川区,,unknown,high_school,active,SRC000060,2026-10-02,東京都高野連加盟校一覧（2026年5月現在）から登録。住所はPhase 1では任意のため未掲載校は空欄。
SCH000702,品川翔英高等学校,,品川翔英高等学校,,品川翔英高等学校,13,品川区,,unknown,high_school,active,SRC000060,2026-10-02,東京都高野連加盟校一覧（2026年5月現在）から登録。住所はPhase 1では任意のため未掲載校は空欄。
SCH000703,青山学院高等部,,青山学院高等部,,青山学院高等部,13,渋谷区,,unknown,high_school,active,SRC000060,2026-10-02,東京都高野連加盟校一覧（2026年5月現在）から登録。住所はPhase 1では任意のため未掲載校は空欄。
SCH000704,国学院高等学校,,国学院高等学校,,国学院高等学校,13,渋谷区,,unknown,high_school,active,SRC000060,2026-10-02,東京都高野連加盟校一覧（2026年5月現在）から登録。住所はPhase 1では任意のため未掲載校は空欄。
SCH000705,渋谷教育学園渋谷高等学校,,渋谷教育学園渋谷高等学校,,渋谷教育学園渋谷高等学校,13,渋谷区,,unknown,high_school,active,SRC000060,2026-10-02,東京都高野連加盟校一覧（2026年5月現在）から登録。住所はPhase 1では任意のため未掲載校は空欄。
SCH000706,都立青山高等学校,,都立青山高等学校,,都立青山高等学校,13,渋谷区,,prefectural,high_school,active,SRC000060,2026-10-02,東京都高野連加盟校一覧（2026年5月現在）から登録。住所はPhase 1では任意のため未掲載校は空欄。
SCH000707,都立広尾高等学校,,都立広尾高等学校,,都立広尾高等学校,13,渋谷区,,prefectural,high_school,active,SRC000060,2026-10-02,東京都高野連加盟校一覧（2026年5月現在）から登録。住所はPhase 1では任意のため未掲載校は空欄。
SCH000708,海城高等学校,,海城高等学校,,海城高等学校,13,新宿区,,unknown,high_school,active,SRC000060,2026-10-02,東京都高野連加盟校一覧（2026年5月現在）から登録。住所はPhase 1では任意のため未掲載校は空欄。
SCH000709,成城高等学校,,成城高等学校,,成城高等学校,13,新宿区,,unknown,high_school,active,SRC000060,2026-10-02,東京都高野連加盟校一覧（2026年5月現在）から登録。住所はPhase 1では任意のため未掲載校は空欄。
SCH000710,都立新宿高等学校,,都立新宿高等学校,,都立新宿高等学校,13,新宿区,,prefectural,high_school,active,SRC000060,2026-10-02,東京都高野連加盟校一覧（2026年5月現在）から登録。住所はPhase 1では任意のため未掲載校は空欄。
SCH000711,都立戸山高等学校,,都立戸山高等学校,,都立戸山高等学校,13,新宿区,,prefectural,high_school,active,SRC000060,2026-10-02,東京都高野連加盟校一覧（2026年5月現在）から登録。住所はPhase 1では任意のため未掲載校は空欄。
SCH000712,目白研心高等学校,,目白研心高等学校,,目白研心高等学校,13,新宿区,,unknown,high_school,active,SRC000060,2026-10-02,東京都高野連加盟校一覧（2026年5月現在）から登録。住所はPhase 1では任意のため未掲載校は空欄。
SCH000713,早稲田高等学校,,早稲田高等学校,,早稲田高等学校,13,新宿区,,unknown,high_school,active,SRC000060,2026-10-02,東京都高野連加盟校一覧（2026年5月現在）から登録。住所はPhase 1では任意のため未掲載校は空欄。
SCH000714,佼成学園高等学校,,佼成学園高等学校,,佼成学園高等学校,13,杉並区,,unknown,high_school,active,SRC000060,2026-10-02,東京都高野連加盟校一覧（2026年5月現在）から登録。住所はPhase 1では任意のため未掲載校は空欄。
SCH000715,国学院大学久我山高等学校,,国学院大学久我山高等学校,,国学院大学久我山高等学校,13,杉並区,,unknown,high_school,active,SRC000060,2026-10-02,東京都高野連加盟校一覧（2026年5月現在）から登録。住所はPhase 1では任意のため未掲載校は空欄。
SCH000716,専修大学付属高等学校,,専修大学付属高等学校,,専修大学付属高等学校,13,杉並区,,unknown,high_school,active,SRC000060,2026-10-02,東京都高野連加盟校一覧（2026年5月現在）から登録。住所はPhase 1では任意のため未掲載校は空欄。
SCH000717,中央大学杉並高等学校,,中央大学杉並高等学校,,中央大学杉並高等学校,13,杉並区,,unknown,high_school,active,SRC000060,2026-10-02,東京都高野連加盟校一覧（2026年5月現在）から登録。住所はPhase 1では任意のため未掲載校は空欄。
SCH000718,都立杉並高等学校,,都立杉並高等学校,,都立杉並高等学校,13,杉並区,,prefectural,high_school,active,SRC000060,2026-10-02,東京都高野連加盟校一覧（2026年5月現在）から登録。住所はPhase 1では任意のため未掲載校は空欄。
SCH000719,都立豊多摩高等学校,,都立豊多摩高等学校,,都立豊多摩高等学校,13,杉並区,,prefectural,high_school,active,SRC000060,2026-10-02,東京都高野連加盟校一覧（2026年5月現在）から登録。住所はPhase 1では任意のため未掲載校は空欄。
SCH000720,都立西高等学校,,都立西高等学校,,都立西高等学校,13,杉並区,,prefectural,high_school,active,SRC000060,2026-10-02,東京都高野連加盟校一覧（2026年5月現在）から登録。住所はPhase 1では任意のため未掲載校は空欄。
SCH000721,都立杉並工科高等学校,,都立杉並工科高等学校,,都立杉並工科高等学校,13,杉並区,,prefectural,high_school,active,SRC000060,2026-10-02,東京都高野連加盟校一覧（2026年5月現在）から登録。住所はPhase 1では任意のため未掲載校は空欄。
SCH000722,日本大学第二高等学校,,日本大学第二高等学校,,日本大学第二高等学校,13,杉並区,,unknown,high_school,active,SRC000060,2026-10-02,東京都高野連加盟校一覧（2026年5月現在）から登録。住所はPhase 1では任意のため未掲載校は空欄。
SCH000723,日本大学鶴ヶ丘高等学校,,日本大学鶴ヶ丘高等学校,,日本大学鶴ヶ丘高等学校,13,杉並区,,unknown,high_school,active,SRC000060,2026-10-02,東京都高野連加盟校一覧（2026年5月現在）から登録。住所はPhase 1では任意のため未掲載校は空欄。
SCH000724,都立橘高等学校,,都立橘高等学校,,都立橘高等学校,13,墨田区,,prefectural,high_school,active,SRC000060,2026-10-02,東京都高野連加盟校一覧（2026年5月現在）から登録。住所はPhase 1では任意のため未掲載校は空欄。
SCH000725,都立日本橋高等学校,,都立日本橋高等学校,,都立日本橋高等学校,13,墨田区,,prefectural,high_school,active,SRC000060,2026-10-02,東京都高野連加盟校一覧（2026年5月現在）から登録。住所はPhase 1では任意のため未掲載校は空欄。
SCH000726,都立両国高等学校,,都立両国高等学校,,都立両国高等学校,13,墨田区,,prefectural,high_school,active,SRC000060,2026-10-02,東京都高野連加盟校一覧（2026年5月現在）から登録。住所はPhase 1では任意のため未掲載校は空欄。
SCH000727,日本大学第一高等学校,,日本大学第一高等学校,,日本大学第一高等学校,13,墨田区,,unknown,high_school,active,SRC000060,2026-10-02,東京都高野連加盟校一覧（2026年5月現在）から登録。住所はPhase 1では任意のため未掲載校は空欄。
SCH000728,安田学園高等学校,,安田学園高等学校,,安田学園高等学校,13,墨田区,,unknown,high_school,active,SRC000060,2026-10-02,東京都高野連加盟校一覧（2026年5月現在）から登録。住所はPhase 1では任意のため未掲載校は空欄。
SCH000729,立志舎高等学校,,立志舎高等学校,,立志舎高等学校,13,墨田区,,unknown,high_school,active,SRC000060,2026-10-02,東京都高野連加盟校一覧（2026年5月現在）から登録。住所はPhase 1では任意のため未掲載校は空欄。
SCH000730,国士舘高等学校,,国士舘高等学校,,国士舘高等学校,13,世田谷区,,unknown,high_school,active,SRC000060,2026-10-02,東京都高野連加盟校一覧（2026年5月現在）から登録。住所はPhase 1では任意のため未掲載校は空欄。
SCH000731,駒沢大学高等学校,,駒沢大学高等学校,,駒沢大学高等学校,13,世田谷区,,unknown,high_school,active,SRC000060,2026-10-02,東京都高野連加盟校一覧（2026年5月現在）から登録。住所はPhase 1では任意のため未掲載校は空欄。
SCH000732,駒場学園高等学校,,駒場学園高等学校,,駒場学園高等学校,13,世田谷区,,unknown,high_school,active,SRC000060,2026-10-02,東京都高野連加盟校一覧（2026年5月現在）から登録。住所はPhase 1では任意のため未掲載校は空欄。
SCH000733,松蔭高等学校,,松蔭高等学校,,松蔭高等学校,13,世田谷区,,unknown,high_school,active,SRC000060,2026-10-02,東京都高野連加盟校一覧（2026年5月現在）から登録。住所はPhase 1では任意のため未掲載校は空欄。
SCH000734,成城学園高等学校,,成城学園高等学校,,成城学園高等学校,13,世田谷区,,unknown,high_school,active,SRC000060,2026-10-02,東京都高野連加盟校一覧（2026年5月現在）から登録。住所はPhase 1では任意のため未掲載校は空欄。
SCH000735,世田谷学園高等学校,,世田谷学園高等学校,,世田谷学園高等学校,13,世田谷区,,unknown,high_school,active,SRC000060,2026-10-02,東京都高野連加盟校一覧（2026年5月現在）から登録。住所はPhase 1では任意のため未掲載校は空欄。
SCH000736,大東学園高等学校,,大東学園高等学校,,大東学園高等学校,13,世田谷区,,unknown,high_school,active,SRC000060,2026-10-02,東京都高野連加盟校一覧（2026年5月現在）から登録。住所はPhase 1では任意のため未掲載校は空欄。
SCH000737,東京都市大学付属高等学校,,東京都市大学付属高等学校,,東京都市大学付属高等学校,13,世田谷区,,unknown,high_school,active,SRC000060,2026-10-02,東京都高野連加盟校一覧（2026年5月現在）から登録。住所はPhase 1では任意のため未掲載校は空欄。
SCH000738,東京都市大等々力高等学校,,東京都市大等々力高等学校,,東京都市大等々力高等学校,13,世田谷区,,unknown,high_school,active,SRC000060,2026-10-02,東京都高野連加盟校一覧（2026年5月現在）から登録。住所はPhase 1では任意のため未掲載校は空欄。
SCH000739,東京農業大学第一高等学校,,東京農業大学第一高等学校,,東京農業大学第一高等学校,13,世田谷区,,unknown,high_school,active,SRC000060,2026-10-02,東京都高野連加盟校一覧（2026年5月現在）から登録。住所はPhase 1では任意のため未掲載校は空欄。
SCH000740,筑波大学付属駒場高等学校,,筑波大学付属駒場高等学校,,筑波大学付属駒場高等学校,13,世田谷区,,unknown,high_school,active,SRC000060,2026-10-02,東京都高野連加盟校一覧（2026年5月現在）から登録。住所はPhase 1では任意のため未掲載校は空欄。
SCH000741,東京学芸大学付属高等学校,,東京学芸大学付属高等学校,,東京学芸大学付属高等学校,13,世田谷区,,unknown,high_school,active,SRC000060,2026-10-02,東京都高野連加盟校一覧（2026年5月現在）から登録。住所はPhase 1では任意のため未掲載校は空欄。
SCH000742,都立桜町高等学校,,都立桜町高等学校,,都立桜町高等学校,13,世田谷区,,prefectural,high_school,active,SRC000060,2026-10-02,東京都高野連加盟校一覧（2026年5月現在）から登録。住所はPhase 1では任意のため未掲載校は空欄。
SCH000743,都立千歳丘高等学校,,都立千歳丘高等学校,,都立千歳丘高等学校,13,世田谷区,,prefectural,high_school,active,SRC000060,2026-10-02,東京都高野連加盟校一覧（2026年5月現在）から登録。住所はPhase 1では任意のため未掲載校は空欄。
SCH000744,都立深沢高等学校,,都立深沢高等学校,,都立深沢高等学校,13,世田谷区,,prefectural,high_school,active,SRC000060,2026-10-02,東京都高野連加盟校一覧（2026年5月現在）から登録。住所はPhase 1では任意のため未掲載校は空欄。
SCH000745,都立松原高等学校,,都立松原高等学校,,都立松原高等学校,13,世田谷区,,prefectural,high_school,active,SRC000060,2026-10-02,東京都高野連加盟校一覧（2026年5月現在）から登録。住所はPhase 1では任意のため未掲載校は空欄。
SCH000746,都立芦花高等学校,,都立芦花高等学校,,都立芦花高等学校,13,世田谷区,,prefectural,high_school,active,SRC000060,2026-10-02,東京都高野連加盟校一覧（2026年5月現在）から登録。住所はPhase 1では任意のため未掲載校は空欄。
SCH000747,都立総合工科高等学校,,都立総合工科高等学校,,都立総合工科高等学校,13,世田谷区,,prefectural,high_school,active,SRC000060,2026-10-02,東京都高野連加盟校一覧（2026年5月現在）から登録。住所はPhase 1では任意のため未掲載校は空欄。
SCH000748,明治大学附属世田谷高等学校,,明治大学附属世田谷高等学校,,明治大学附属世田谷高等学校,13,世田谷区,,unknown,high_school,active,SRC000060,2026-10-02,東京都高野連加盟校一覧（2026年5月現在）から登録。住所はPhase 1では任意のため未掲載校は空欄。
SCH000749,日本大学櫻丘高等学校,,日本大学櫻丘高等学校,,日本大学櫻丘高等学校,13,世田谷区,,unknown,high_school,active,SRC000060,2026-10-02,東京都高野連加盟校一覧（2026年5月現在）から登録。住所はPhase 1では任意のため未掲載校は空欄。
SCH000750,都立青鳥特別支援学校,,都立青鳥特別支援学校,,都立青鳥特別支援学校,13,世田谷区,,prefectural,special_school,active,SRC000060,2026-10-02,東京都高野連加盟校一覧（2026年5月現在）から登録。住所はPhase 1では任意のため未掲載校は空欄。
SCH000751,岩倉高等学校,,岩倉高等学校,,岩倉高等学校,13,台東区,,unknown,high_school,active,SRC000060,2026-10-02,東京都高野連加盟校一覧（2026年5月現在）から登録。住所はPhase 1では任意のため未掲載校は空欄。
SCH000752,上野学園高等学校,,上野学園高等学校,,上野学園高等学校,13,台東区,,unknown,high_school,active,SRC000060,2026-10-02,東京都高野連加盟校一覧（2026年5月現在）から登録。住所はPhase 1では任意のため未掲載校は空欄。
SCH000753,都立浅草高等学校,,都立浅草高等学校,,都立浅草高等学校,13,台東区,,prefectural,high_school,active,SRC000060,2026-10-02,東京都高野連加盟校一覧（2026年5月現在）から登録。住所はPhase 1では任意のため未掲載校は空欄。
SCH000754,錦城学園高等学校,,錦城学園高等学校,,錦城学園高等学校,13,千代田区,,unknown,high_school,active,SRC000060,2026-10-02,東京都高野連加盟校一覧（2026年5月現在）から登録。住所はPhase 1では任意のため未掲載校は空欄。
SCH000755,正則学園高等学校,,正則学園高等学校,,正則学園高等学校,13,千代田区,,unknown,high_school,active,SRC000060,2026-10-02,東京都高野連加盟校一覧（2026年5月現在）から登録。住所はPhase 1では任意のため未掲載校は空欄。
SCH000756,東洋高等学校,,東洋高等学校,,東洋高等学校,13,千代田区,,unknown,high_school,active,SRC000060,2026-10-02,東京都高野連加盟校一覧（2026年5月現在）から登録。住所はPhase 1では任意のため未掲載校は空欄。
SCH000757,都立日比谷高等学校,,都立日比谷高等学校,,都立日比谷高等学校,13,千代田区,,prefectural,high_school,active,SRC000060,2026-10-02,東京都高野連加盟校一覧（2026年5月現在）から登録。住所はPhase 1では任意のため未掲載校は空欄。
SCH000758,千代田区立九段中等教育学校,,千代田区立九段中等教育学校,,千代田区立九段中等教育学校,13,千代田区,,municipal,secondary_school,active,SRC000060,2026-10-02,東京都高野連加盟校一覧（2026年5月現在）から登録。住所はPhase 1では任意のため未掲載校は空欄。
SCH000759,二松学舎大学付属高等学校,,二松学舎大学付属高等学校,,二松学舎大学付属高等学校,13,千代田区,,unknown,high_school,active,SRC000060,2026-10-02,東京都高野連加盟校一覧（2026年5月現在）から登録。住所はPhase 1では任意のため未掲載校は空欄。
SCH000760,学習院高等科,,学習院高等科,,学習院高等科,13,豊島区,,unknown,high_school,active,SRC000060,2026-10-02,東京都高野連加盟校一覧（2026年5月現在）から登録。住所はPhase 1では任意のため未掲載校は空欄。
SCH000761,淑徳巣鴨高等学校,,淑徳巣鴨高等学校,,淑徳巣鴨高等学校,13,豊島区,,unknown,high_school,active,SRC000060,2026-10-02,東京都高野連加盟校一覧（2026年5月現在）から登録。住所はPhase 1では任意のため未掲載校は空欄。
SCH000762,城西大学付属城西高等学校,,城西大学付属城西高等学校,,城西大学付属城西高等学校,13,豊島区,,unknown,high_school,active,SRC000060,2026-10-02,東京都高野連加盟校一覧（2026年5月現在）から登録。住所はPhase 1では任意のため未掲載校は空欄。
SCH000763,昭和鉄道高等学校,,昭和鉄道高等学校,,昭和鉄道高等学校,13,豊島区,,unknown,high_school,active,SRC000060,2026-10-02,東京都高野連加盟校一覧（2026年5月現在）から登録。住所はPhase 1では任意のため未掲載校は空欄。
SCH000764,巣鴨高等学校,,巣鴨高等学校,,巣鴨高等学校,13,豊島区,,unknown,high_school,active,SRC000060,2026-10-02,東京都高野連加盟校一覧（2026年5月現在）から登録。住所はPhase 1では任意のため未掲載校は空欄。
SCH000765,豊島学院高等学校,,豊島学院高等学校,,豊島学院高等学校,13,豊島区,,unknown,high_school,active,SRC000060,2026-10-02,東京都高野連加盟校一覧（2026年5月現在）から登録。住所はPhase 1では任意のため未掲載校は空欄。
SCH000766,都立千早高等学校,,都立千早高等学校,,都立千早高等学校,13,豊島区,,prefectural,high_school,active,SRC000060,2026-10-02,東京都高野連加盟校一覧（2026年5月現在）から登録。住所はPhase 1では任意のため未掲載校は空欄。
SCH000767,都立文京高等学校,,都立文京高等学校,,都立文京高等学校,13,豊島区,,prefectural,high_school,active,SRC000060,2026-10-02,東京都高野連加盟校一覧（2026年5月現在）から登録。住所はPhase 1では任意のため未掲載校は空欄。
SCH000768,豊南高等学校,,豊南高等学校,,豊南高等学校,13,豊島区,,unknown,high_school,active,SRC000060,2026-10-02,東京都高野連加盟校一覧（2026年5月現在）から登録。住所はPhase 1では任意のため未掲載校は空欄。
SCH000769,本郷高等学校,,本郷高等学校,,本郷高等学校,13,豊島区,,unknown,high_school,active,SRC000060,2026-10-02,東京都高野連加盟校一覧（2026年5月現在）から登録。住所はPhase 1では任意のため未掲載校は空欄。
SCH000770,立教池袋高等学校,,立教池袋高等学校,,立教池袋高等学校,13,豊島区,,unknown,high_school,active,SRC000060,2026-10-02,東京都高野連加盟校一覧（2026年5月現在）から登録。住所はPhase 1では任意のため未掲載校は空欄。
SCH000771,実践学園高等学校,,実践学園高等学校,,実践学園高等学校,13,中野区,,unknown,high_school,active,SRC000060,2026-10-02,東京都高野連加盟校一覧（2026年5月現在）から登録。住所はPhase 1では任意のため未掲載校は空欄。
SCH000772,東亜学園高等学校,,東亜学園高等学校,,東亜学園高等学校,13,中野区,,unknown,high_school,active,SRC000060,2026-10-02,東京都高野連加盟校一覧（2026年5月現在）から登録。住所はPhase 1では任意のため未掲載校は空欄。
SCH000773,都立鷺宮高等学校,,都立鷺宮高等学校,,都立鷺宮高等学校,13,中野区,,prefectural,high_school,active,SRC000060,2026-10-02,東京都高野連加盟校一覧（2026年5月現在）から登録。住所はPhase 1では任意のため未掲載校は空欄。
SCH000774,都立富士高等学校,,都立富士高等学校,,都立富士高等学校,13,中野区,,prefectural,high_school,active,SRC000060,2026-10-02,東京都高野連加盟校一覧（2026年5月現在）から登録。住所はPhase 1では任意のため未掲載校は空欄。
SCH000775,都立武蔵丘高等学校,,都立武蔵丘高等学校,,都立武蔵丘高等学校,13,中野区,,prefectural,high_school,active,SRC000060,2026-10-02,東京都高野連加盟校一覧（2026年5月現在）から登録。住所はPhase 1では任意のため未掲載校は空欄。
SCH000776,都立中野工科高等学校,,都立中野工科高等学校,,都立中野工科高等学校,13,中野区,,prefectural,high_school,active,SRC000060,2026-10-02,東京都高野連加盟校一覧（2026年5月現在）から登録。住所はPhase 1では任意のため未掲載校は空欄。
SCH000777,堀越高等学校,,堀越高等学校,,堀越高等学校,13,中野区,,unknown,high_school,active,SRC000060,2026-10-02,東京都高野連加盟校一覧（2026年5月現在）から登録。住所はPhase 1では任意のため未掲載校は空欄。
SCH000778,明治大学付属中野高等学校,,明治大学付属中野高等学校,,明治大学付属中野高等学校,13,中野区,,unknown,high_school,active,SRC000060,2026-10-02,東京都高野連加盟校一覧（2026年5月現在）から登録。住所はPhase 1では任意のため未掲載校は空欄。
SCH000779,都立井草高等学校,,都立井草高等学校,,都立井草高等学校,13,練馬区,,prefectural,high_school,active,SRC000060,2026-10-02,東京都高野連加盟校一覧（2026年5月現在）から登録。住所はPhase 1では任意のため未掲載校は空欄。
SCH000780,都立大泉高等学校,,都立大泉高等学校,,都立大泉高等学校,13,練馬区,,prefectural,high_school,active,SRC000060,2026-10-02,東京都高野連加盟校一覧（2026年5月現在）から登録。住所はPhase 1では任意のため未掲載校は空欄。
SCH000781,都立石神井高等学校,,都立石神井高等学校,,都立石神井高等学校,13,練馬区,,prefectural,high_school,active,SRC000060,2026-10-02,東京都高野連加盟校一覧（2026年5月現在）から登録。住所はPhase 1では任意のため未掲載校は空欄。
SCH000782,都立田柄高等学校,,都立田柄高等学校,,都立田柄高等学校,13,練馬区,,prefectural,high_school,active,SRC000060,2026-10-02,東京都高野連加盟校一覧（2026年5月現在）から登録。住所はPhase 1では任意のため未掲載校は空欄。
SCH000783,都立練馬高等学校,,都立練馬高等学校,,都立練馬高等学校,13,練馬区,,prefectural,high_school,active,SRC000060,2026-10-02,東京都高野連加盟校一覧（2026年5月現在）から登録。住所はPhase 1では任意のため未掲載校は空欄。
SCH000784,都立光丘高等学校,,都立光丘高等学校,,都立光丘高等学校,13,練馬区,,prefectural,high_school,active,SRC000060,2026-10-02,東京都高野連加盟校一覧（2026年5月現在）から登録。住所はPhase 1では任意のため未掲載校は空欄。
SCH000785,都立練馬工科高等学校,,都立練馬工科高等学校,,都立練馬工科高等学校,13,練馬区,,prefectural,high_school,active,SRC000060,2026-10-02,東京都高野連加盟校一覧（2026年5月現在）から登録。住所はPhase 1では任意のため未掲載校は空欄。
SCH000786,都立第四商業高等学校,,都立第四商業高等学校,,都立第四商業高等学校,13,練馬区,,prefectural,high_school,active,SRC000060,2026-10-02,東京都高野連加盟校一覧（2026年5月現在）から登録。住所はPhase 1では任意のため未掲載校は空欄。
SCH000787,武蔵高等学校,,武蔵高等学校,,武蔵高等学校,13,練馬区,,unknown,high_school,active,SRC000060,2026-10-02,東京都高野連加盟校一覧（2026年5月現在）から登録。住所はPhase 1では任意のため未掲載校は空欄。
SCH000788,早稲田大学高等学院,,早稲田大学高等学院,,早稲田大学高等学院,13,練馬区,,unknown,high_school,active,SRC000060,2026-10-02,東京都高野連加盟校一覧（2026年5月現在）から登録。住所はPhase 1では任意のため未掲載校は空欄。
SCH000789,郁文館高等学校,,郁文館高等学校,,郁文館高等学校,13,文京区,,unknown,high_school,active,SRC000060,2026-10-02,東京都高野連加盟校一覧（2026年5月現在）から登録。住所はPhase 1では任意のため未掲載校は空欄。
SCH000790,京華高等学校,,京華高等学校,,京華高等学校,13,文京区,,unknown,high_school,active,SRC000060,2026-10-02,東京都高野連加盟校一覧（2026年5月現在）から登録。住所はPhase 1では任意のため未掲載校は空欄。
SCH000791,京華商業高等学校,,京華商業高等学校,,京華商業高等学校,13,文京区,,unknown,high_school,active,SRC000060,2026-10-02,東京都高野連加盟校一覧（2026年5月現在）から登録。住所はPhase 1では任意のため未掲載校は空欄。
SCH000792,駒込高等学校,,駒込高等学校,,駒込高等学校,13,文京区,,unknown,high_school,active,SRC000060,2026-10-02,東京都高野連加盟校一覧（2026年5月現在）から登録。住所はPhase 1では任意のため未掲載校は空欄。
SCH000793,昭和第一高等学校,,昭和第一高等学校,,昭和第一高等学校,13,文京区,,unknown,high_school,active,SRC000060,2026-10-02,東京都高野連加盟校一覧（2026年5月現在）から登録。住所はPhase 1では任意のため未掲載校は空欄。
SCH000794,獨協高等学校,,獨協高等学校,,獨協高等学校,13,文京区,,unknown,high_school,active,SRC000060,2026-10-02,東京都高野連加盟校一覧（2026年5月現在）から登録。住所はPhase 1では任意のため未掲載校は空欄。
SCH000795,筑波大学付属高等学校,,筑波大学付属高等学校,,筑波大学付属高等学校,13,文京区,,unknown,high_school,active,SRC000060,2026-10-02,東京都高野連加盟校一覧（2026年5月現在）から登録。住所はPhase 1では任意のため未掲載校は空欄。
SCH000796,日本大学豊山高等学校,,日本大学豊山高等学校,,日本大学豊山高等学校,13,文京区,,unknown,high_school,active,SRC000060,2026-10-02,東京都高野連加盟校一覧（2026年5月現在）から登録。住所はPhase 1では任意のため未掲載校は空欄。
SCH000797,麻布高等学校,,麻布高等学校,,麻布高等学校,13,港区,,unknown,high_school,active,SRC000060,2026-10-02,東京都高野連加盟校一覧（2026年5月現在）から登録。住所はPhase 1では任意のため未掲載校は空欄。
SCH000798,芝高等学校,,芝高等学校,,芝高等学校,13,港区,,unknown,high_school,active,SRC000060,2026-10-02,東京都高野連加盟校一覧（2026年5月現在）から登録。住所はPhase 1では任意のため未掲載校は空欄。
SCH000799,正則高等学校,,正則高等学校,,正則高等学校,13,港区,,unknown,high_school,active,SRC000060,2026-10-02,東京都高野連加盟校一覧（2026年5月現在）から登録。住所はPhase 1では任意のため未掲載校は空欄。
SCH000800,高輪高等学校,,高輪高等学校,,高輪高等学校,13,港区,,unknown,high_school,active,SRC000060,2026-10-02,東京都高野連加盟校一覧（2026年5月現在）から登録。住所はPhase 1では任意のため未掲載校は空欄。
SCH000801,東海大学付属高輪台高等学校,,東海大学付属高輪台高等学校,,東海大学付属高輪台高等学校,13,港区,,unknown,high_school,active,SRC000060,2026-10-02,東京都高野連加盟校一覧（2026年5月現在）から登録。住所はPhase 1では任意のため未掲載校は空欄。
SCH000802,都立三田高等学校,,都立三田高等学校,,都立三田高等学校,13,港区,,prefectural,high_school,active,SRC000060,2026-10-02,東京都高野連加盟校一覧（2026年5月現在）から登録。住所はPhase 1では任意のため未掲載校は空欄。
SCH000803,広尾学園高等学校,,広尾学園高等学校,,広尾学園高等学校,13,港区,,unknown,high_school,active,SRC000060,2026-10-02,東京都高野連加盟校一覧（2026年5月現在）から登録。住所はPhase 1では任意のため未掲載校は空欄。
SCH000804,自由ヶ丘学園高等学校,,自由ヶ丘学園高等学校,,自由ヶ丘学園高等学校,13,目黒区,,unknown,high_school,active,SRC000060,2026-10-02,東京都高野連加盟校一覧（2026年5月現在）から登録。住所はPhase 1では任意のため未掲載校は空欄。
SCH000805,多摩大学付属目黒高等学校,,多摩大学付属目黒高等学校,,多摩大学付属目黒高等学校,13,目黒区,,unknown,high_school,active,SRC000060,2026-10-02,東京都高野連加盟校一覧（2026年5月現在）から登録。住所はPhase 1では任意のため未掲載校は空欄。
SCH000806,都立桜修館中等教育学校,,都立桜修館中等教育学校,,都立桜修館中等教育学校,13,目黒区,,prefectural,secondary_school,active,SRC000060,2026-10-02,東京都高野連加盟校一覧（2026年5月現在）から登録。住所はPhase 1では任意のため未掲載校は空欄。
SCH000807,都立国際高等学校,,都立国際高等学校,,都立国際高等学校,13,目黒区,,prefectural,high_school,active,SRC000060,2026-10-02,東京都高野連加盟校一覧（2026年5月現在）から登録。住所はPhase 1では任意のため未掲載校は空欄。
SCH000808,都立駒場高等学校,,都立駒場高等学校,,都立駒場高等学校,13,目黒区,,prefectural,high_school,active,SRC000060,2026-10-02,東京都高野連加盟校一覧（2026年5月現在）から登録。住所はPhase 1では任意のため未掲載校は空欄。
SCH000809,都立目黒高等学校,,都立目黒高等学校,,都立目黒高等学校,13,目黒区,,prefectural,high_school,active,SRC000060,2026-10-02,東京都高野連加盟校一覧（2026年5月現在）から登録。住所はPhase 1では任意のため未掲載校は空欄。
SCH000810,日本工業大学駒場高等学校,,日本工業大学駒場高等学校,,日本工業大学駒場高等学校,13,目黒区,,unknown,high_school,active,SRC000060,2026-10-02,東京都高野連加盟校一覧（2026年5月現在）から登録。住所はPhase 1では任意のため未掲載校は空欄。
SCH000811,目黒学院高等学校,,目黒学院高等学校,,目黒学院高等学校,13,目黒区,,unknown,high_school,active,SRC000060,2026-10-02,東京都高野連加盟校一覧（2026年5月現在）から登録。住所はPhase 1では任意のため未掲載校は空欄。
SCH000812,目黒日本大学高等学校,,目黒日本大学高等学校,,目黒日本大学高等学校,13,目黒区,,unknown,high_school,active,SRC000060,2026-10-02,東京都高野連加盟校一覧（2026年5月現在）から登録。住所はPhase 1では任意のため未掲載校は空欄。
SCH000813,啓明学園高等学校,,啓明学園高等学校,,啓明学園高等学校,13,昭島市,,unknown,high_school,active,SRC000060,2026-10-02,東京都高野連加盟校一覧（2026年5月現在）から登録。住所はPhase 1では任意のため未掲載校は空欄。
SCH000814,都立昭和高等学校,,都立昭和高等学校,,都立昭和高等学校,13,昭島市,,prefectural,high_school,active,SRC000060,2026-10-02,東京都高野連加盟校一覧（2026年5月現在）から登録。住所はPhase 1では任意のため未掲載校は空欄。
SCH000815,都立拝島高等学校,,都立拝島高等学校,,都立拝島高等学校,13,昭島市,,prefectural,high_school,active,SRC000060,2026-10-02,東京都高野連加盟校一覧（2026年5月現在）から登録。住所はPhase 1では任意のため未掲載校は空欄。
SCH000816,東海大学菅生高等学校,,東海大学菅生高等学校,,東海大学菅生高等学校,13,あきる野市,,unknown,high_school,active,SRC000060,2026-10-02,東京都高野連加盟校一覧（2026年5月現在）から登録。住所はPhase 1では任意のため未掲載校は空欄。
SCH000817,都立秋留台高等学校,,都立秋留台高等学校,,都立秋留台高等学校,13,あきる野市,,prefectural,high_school,active,SRC000060,2026-10-02,東京都高野連加盟校一覧（2026年5月現在）から登録。住所はPhase 1では任意のため未掲載校は空欄。
SCH000818,都立五日市高等学校,,都立五日市高等学校,,都立五日市高等学校,13,あきる野市,,prefectural,high_school,active,SRC000060,2026-10-02,東京都高野連加盟校一覧（2026年5月現在）から登録。住所はPhase 1では任意のため未掲載校は空欄。
SCH000819,都立多摩高等学校,,都立多摩高等学校,,都立多摩高等学校,13,青梅市,,prefectural,high_school,active,SRC000060,2026-10-02,東京都高野連加盟校一覧（2026年5月現在）から登録。住所はPhase 1では任意のため未掲載校は空欄。
SCH000820,都立青梅総合高等学校,,都立青梅総合高等学校,,都立青梅総合高等学校,13,青梅市,,prefectural,high_school,active,SRC000060,2026-10-02,東京都高野連加盟校一覧（2026年5月現在）から登録。住所はPhase 1では任意のため未掲載校は空欄。
SCH000821,都立清瀬高等学校,,都立清瀬高等学校,,都立清瀬高等学校,13,清瀬市,,prefectural,high_school,active,SRC000060,2026-10-02,東京都高野連加盟校一覧（2026年5月現在）から登録。住所はPhase 1では任意のため未掲載校は空欄。
SCH000822,桐朋高等学校,,桐朋高等学校,,桐朋高等学校,13,国立市,,unknown,high_school,active,SRC000060,2026-10-02,東京都高野連加盟校一覧（2026年5月現在）から登録。住所はPhase 1では任意のため未掲載校は空欄。
SCH000823,都立国立高等学校,,都立国立高等学校,,都立国立高等学校,13,国立市,,prefectural,high_school,active,SRC000060,2026-10-02,東京都高野連加盟校一覧（2026年5月現在）から登録。住所はPhase 1では任意のため未掲載校は空欄。
SCH000824,都立第五商業高等学校,,都立第五商業高等学校,,都立第五商業高等学校,13,国立市,,prefectural,high_school,active,SRC000060,2026-10-02,東京都高野連加盟校一覧（2026年5月現在）から登録。住所はPhase 1では任意のため未掲載校は空欄。
SCH000825,国際基督教大学高等学校,,国際基督教大学高等学校,,国際基督教大学高等学校,13,小金井市,,unknown,high_school,active,SRC000060,2026-10-02,東京都高野連加盟校一覧（2026年5月現在）から登録。住所はPhase 1では任意のため未掲載校は空欄。
SCH000826,中央大学付属高等学校,,中央大学付属高等学校,,中央大学付属高等学校,13,小金井市,,unknown,high_school,active,SRC000060,2026-10-02,東京都高野連加盟校一覧（2026年5月現在）から登録。住所はPhase 1では任意のため未掲載校は空欄。
SCH000827,東京電機大学高等学校,,東京電機大学高等学校,,東京電機大学高等学校,13,小金井市,,unknown,high_school,active,SRC000060,2026-10-02,東京都高野連加盟校一覧（2026年5月現在）から登録。住所はPhase 1では任意のため未掲載校は空欄。
SCH000828,都立国分寺高等学校,,都立国分寺高等学校,,都立国分寺高等学校,13,国分寺市,,prefectural,high_school,active,SRC000060,2026-10-02,東京都高野連加盟校一覧（2026年5月現在）から登録。住所はPhase 1では任意のため未掲載校は空欄。
SCH000829,早大系属早稲田実業学校,,早大系属早稲田実業学校,,早大系属早稲田実業学校,13,国分寺市,,unknown,high_school,active,SRC000060,2026-10-02,東京都高野連加盟校一覧（2026年5月現在）から登録。住所はPhase 1では任意のため未掲載校は空欄。
SCH000830,錦城高等学校,,錦城高等学校,,錦城高等学校,13,小平市,,unknown,high_school,active,SRC000060,2026-10-02,東京都高野連加盟校一覧（2026年5月現在）から登録。住所はPhase 1では任意のため未掲載校は空欄。
SCH000831,創価高等学校,,創価高等学校,,創価高等学校,13,小平市,,unknown,high_school,active,SRC000060,2026-10-02,東京都高野連加盟校一覧（2026年5月現在）から登録。住所はPhase 1では任意のため未掲載校は空欄。
SCH000832,都立小平高等学校,,都立小平高等学校,,都立小平高等学校,13,小平市,,prefectural,high_school,active,SRC000060,2026-10-02,東京都高野連加盟校一覧（2026年5月現在）から登録。住所はPhase 1では任意のため未掲載校は空欄。
SCH000833,都立小平西高等学校,,都立小平西高等学校,,都立小平西高等学校,13,小平市,,prefectural,high_school,active,SRC000060,2026-10-02,東京都高野連加盟校一覧（2026年5月現在）から登録。住所はPhase 1では任意のため未掲載校は空欄。
SCH000834,都立小平南高等学校,,都立小平南高等学校,,都立小平南高等学校,13,小平市,,prefectural,high_school,active,SRC000060,2026-10-02,東京都高野連加盟校一覧（2026年5月現在）から登録。住所はPhase 1では任意のため未掲載校は空欄。
SCH000835,都立狛江高等学校,,都立狛江高等学校,,都立狛江高等学校,13,狛江市,,prefectural,high_school,active,SRC000060,2026-10-02,東京都高野連加盟校一覧（2026年5月現在）から登録。住所はPhase 1では任意のため未掲載校は空欄。
SCH000836,昭和第一学園高等学校,,昭和第一学園高等学校,,昭和第一学園高等学校,13,立川市,,unknown,high_school,active,SRC000060,2026-10-02,東京都高野連加盟校一覧（2026年5月現在）から登録。住所はPhase 1では任意のため未掲載校は空欄。
SCH000837,都立立川高等学校,,都立立川高等学校,,都立立川高等学校,13,立川市,,prefectural,high_school,active,SRC000060,2026-10-02,東京都高野連加盟校一覧（2026年5月現在）から登録。住所はPhase 1では任意のため未掲載校は空欄。
SCH000838,多摩大学付属聖ケ丘高等学校,,多摩大学付属聖ケ丘高等学校,,多摩大学付属聖ケ丘高等学校,13,多摩市,,unknown,high_school,active,SRC000060,2026-10-02,東京都高野連加盟校一覧（2026年5月現在）から登録。住所はPhase 1では任意のため未掲載校は空欄。
SCH000839,都立永山高等学校,,都立永山高等学校,,都立永山高等学校,13,多摩市,,prefectural,high_school,active,SRC000060,2026-10-02,東京都高野連加盟校一覧（2026年5月現在）から登録。住所はPhase 1では任意のため未掲載校は空欄。
SCH000840,都立神代高等学校,,都立神代高等学校,,都立神代高等学校,13,調布市,,prefectural,high_school,active,SRC000060,2026-10-02,東京都高野連加盟校一覧（2026年5月現在）から登録。住所はPhase 1では任意のため未掲載校は空欄。
SCH000841,都立調布北高等学校,,都立調布北高等学校,,都立調布北高等学校,13,調布市,,prefectural,high_school,active,SRC000060,2026-10-02,東京都高野連加盟校一覧（2026年5月現在）から登録。住所はPhase 1では任意のため未掲載校は空欄。
SCH000842,都立調布南高等学校,,都立調布南高等学校,,都立調布南高等学校,13,調布市,,prefectural,high_school,active,SRC000060,2026-10-02,東京都高野連加盟校一覧（2026年5月現在）から登録。住所はPhase 1では任意のため未掲載校は空欄。
SCH000843,明治大学付属明治高等学校,,明治大学付属明治高等学校,,明治大学付属明治高等学校,13,調布市,,unknown,high_school,active,SRC000060,2026-10-02,東京都高野連加盟校一覧（2026年5月現在）から登録。住所はPhase 1では任意のため未掲載校は空欄。
SCH000844,都立田無高等学校,,都立田無高等学校,,都立田無高等学校,13,西東京市,,prefectural,high_school,active,SRC000060,2026-10-02,東京都高野連加盟校一覧（2026年5月現在）から登録。住所はPhase 1では任意のため未掲載校は空欄。
SCH000845,都立保谷高等学校,,都立保谷高等学校,,都立保谷高等学校,13,西東京市,,prefectural,high_school,active,SRC000060,2026-10-02,東京都高野連加盟校一覧（2026年5月現在）から登録。住所はPhase 1では任意のため未掲載校は空欄。
SCH000846,都立田無工科高等学校,,都立田無工科高等学校,,都立田無工科高等学校,13,西東京市,,prefectural,high_school,active,SRC000060,2026-10-02,東京都高野連加盟校一覧（2026年5月現在）から登録。住所はPhase 1では任意のため未掲載校は空欄。
SCH000847,穎明館高等学校,,穎明館高等学校,,穎明館高等学校,13,八王子市,,unknown,high_school,active,SRC000060,2026-10-02,東京都高野連加盟校一覧（2026年5月現在）から登録。住所はPhase 1では任意のため未掲載校は空欄。
SCH000848,工学院大学付属高等学校,,工学院大学付属高等学校,,工学院大学付属高等学校,13,八王子市,,unknown,high_school,active,SRC000060,2026-10-02,東京都高野連加盟校一覧（2026年5月現在）から登録。住所はPhase 1では任意のため未掲載校は空欄。
SCH000849,聖パウロ学園高等学校,,聖パウロ学園高等学校,,聖パウロ学園高等学校,13,八王子市,,unknown,high_school,active,SRC000060,2026-10-02,東京都高野連加盟校一覧（2026年5月現在）から登録。住所はPhase 1では任意のため未掲載校は空欄。
SCH000850,帝京大学高等学校,,帝京大学高等学校,,帝京大学高等学校,13,八王子市,,unknown,high_school,active,SRC000060,2026-10-02,東京都高野連加盟校一覧（2026年5月現在）から登録。住所はPhase 1では任意のため未掲載校は空欄。
SCH000851,帝京八王子高等学校,,帝京八王子高等学校,,帝京八王子高等学校,13,八王子市,,unknown,high_school,active,SRC000060,2026-10-02,東京都高野連加盟校一覧（2026年5月現在）から登録。住所はPhase 1では任意のため未掲載校は空欄。
SCH000852,東京工科高等専門学校,,東京工科高等専門学校,,東京工科高等専門学校,13,八王子市,,unknown,technical_college,active,SRC000060,2026-10-02,東京都高野連加盟校一覧（2026年5月現在）から登録。住所はPhase 1では任意のため未掲載校は空欄。
SCH000853,都立片倉高等学校,,都立片倉高等学校,,都立片倉高等学校,13,八王子市,,prefectural,high_school,active,SRC000060,2026-10-02,東京都高野連加盟校一覧（2026年5月現在）から登録。住所はPhase 1では任意のため未掲載校は空欄。
SCH000854,都立翔陽高等学校,,都立翔陽高等学校,,都立翔陽高等学校,13,八王子市,,prefectural,high_school,active,SRC000060,2026-10-02,東京都高野連加盟校一覧（2026年5月現在）から登録。住所はPhase 1では任意のため未掲載校は空欄。
SCH000855,都立八王子北高等学校,,都立八王子北高等学校,,都立八王子北高等学校,13,八王子市,,prefectural,high_school,active,SRC000060,2026-10-02,東京都高野連加盟校一覧（2026年5月現在）から登録。住所はPhase 1では任意のため未掲載校は空欄。
SCH000856,都立八王子桑志高等学校,,都立八王子桑志高等学校,,都立八王子桑志高等学校,13,八王子市,,prefectural,high_school,active,SRC000060,2026-10-02,東京都高野連加盟校一覧（2026年5月現在）から登録。住所はPhase 1では任意のため未掲載校は空欄。
SCH000857,都立富士森高等学校,,都立富士森高等学校,,都立富士森高等学校,13,八王子市,,prefectural,high_school,active,SRC000060,2026-10-02,東京都高野連加盟校一覧（2026年5月現在）から登録。住所はPhase 1では任意のため未掲載校は空欄。
SCH000858,都立松が谷高等学校,,都立松が谷高等学校,,都立松が谷高等学校,13,八王子市,,prefectural,high_school,active,SRC000060,2026-10-02,東京都高野連加盟校一覧（2026年5月現在）から登録。住所はPhase 1では任意のため未掲載校は空欄。
SCH000859,都立南多摩中等教育学校,,都立南多摩中等教育学校,,都立南多摩中等教育学校,13,八王子市,,prefectural,secondary_school,active,SRC000060,2026-10-02,東京都高野連加盟校一覧（2026年5月現在）から登録。住所はPhase 1では任意のため未掲載校は空欄。
SCH000860,八王子高等学校,,八王子高等学校,,八王子高等学校,13,八王子市,,unknown,high_school,active,SRC000060,2026-10-02,東京都高野連加盟校一覧（2026年5月現在）から登録。住所はPhase 1では任意のため未掲載校は空欄。
SCH000861,八王子実践高等学校,,八王子実践高等学校,,八王子実践高等学校,13,八王子市,,unknown,high_school,active,SRC000060,2026-10-02,東京都高野連加盟校一覧（2026年5月現在）から登録。住所はPhase 1では任意のため未掲載校は空欄。
SCH000862,明治大学付属中野八王子高等学校,,明治大学付属中野八王子高等学校,,明治大学付属中野八王子高等学校,13,八王子市,,unknown,high_school,active,SRC000060,2026-10-02,東京都高野連加盟校一覧（2026年5月現在）から登録。住所はPhase 1では任意のため未掲載校は空欄。
SCH000863,大成高等学校,,大成高等学校,,大成高等学校,13,三鷹市,,unknown,high_school,active,SRC000060,2026-10-02,東京都高野連加盟校一覧（2026年5月現在）から登録。住所はPhase 1では任意のため未掲載校は空欄。
SCH000864,都立三鷹中等教育学校,,都立三鷹中等教育学校,,都立三鷹中等教育学校,13,三鷹市,,prefectural,secondary_school,active,SRC000060,2026-10-02,東京都高野連加盟校一覧（2026年5月現在）から登録。住所はPhase 1では任意のため未掲載校は空欄。
SCH000865,法政大学高等学校,,法政大学高等学校,,法政大学高等学校,13,三鷹市,,unknown,high_school,active,SRC000060,2026-10-02,東京都高野連加盟校一覧（2026年5月現在）から登録。住所はPhase 1では任意のため未掲載校は空欄。
SCH000866,明星学園高等学校,,明星学園高等学校,,明星学園高等学校,13,三鷹市,,unknown,high_school,active,SRC000060,2026-10-02,東京都高野連加盟校一覧（2026年5月現在）から登録。住所はPhase 1では任意のため未掲載校は空欄。
SCH000867,聖徳学園高等学校,,聖徳学園高等学校,,聖徳学園高等学校,13,武蔵野市,,unknown,high_school,active,SRC000060,2026-10-02,東京都高野連加盟校一覧（2026年5月現在）から登録。住所はPhase 1では任意のため未掲載校は空欄。
SCH000868,成蹊高等学校,,成蹊高等学校,,成蹊高等学校,13,武蔵野市,,unknown,high_school,active,SRC000060,2026-10-02,東京都高野連加盟校一覧（2026年5月現在）から登録。住所はPhase 1では任意のため未掲載校は空欄。
SCH000869,都立武蔵野北高等学校,,都立武蔵野北高等学校,,都立武蔵野北高等学校,13,武蔵野市,,prefectural,high_school,active,SRC000060,2026-10-02,東京都高野連加盟校一覧（2026年5月現在）から登録。住所はPhase 1では任意のため未掲載校は空欄。
SCH000870,拓殖大学第一高等学校,,拓殖大学第一高等学校,,拓殖大学第一高等学校,13,武蔵村山市,,unknown,high_school,active,SRC000060,2026-10-02,東京都高野連加盟校一覧（2026年5月現在）から登録。住所はPhase 1では任意のため未掲載校は空欄。
SCH000871,都立上水高等学校,,都立上水高等学校,,都立上水高等学校,13,武蔵村山市,,prefectural,high_school,active,SRC000060,2026-10-02,東京都高野連加盟校一覧（2026年5月現在）から登録。住所はPhase 1では任意のため未掲載校は空欄。
SCH000872,都立武蔵村山高等学校,,都立武蔵村山高等学校,,都立武蔵村山高等学校,13,武蔵村山市,,prefectural,high_school,active,SRC000060,2026-10-02,東京都高野連加盟校一覧（2026年5月現在）から登録。住所はPhase 1では任意のため未掲載校は空欄。
SCH000873,都立羽村高等学校,,都立羽村高等学校,,都立羽村高等学校,13,羽村市,,prefectural,high_school,active,SRC000060,2026-10-02,東京都高野連加盟校一覧（2026年5月現在）から登録。住所はPhase 1では任意のため未掲載校は空欄。
SCH000874,都立久留米西高等学校,,都立久留米西高等学校,,都立久留米西高等学校,13,東久留米市,,prefectural,high_school,active,SRC000060,2026-10-02,東京都高野連加盟校一覧（2026年5月現在）から登録。住所はPhase 1では任意のため未掲載校は空欄。
SCH000875,都立東村山高等学校,,都立東村山高等学校,,都立東村山高等学校,13,東村山市,,prefectural,high_school,active,SRC000060,2026-10-02,東京都高野連加盟校一覧（2026年5月現在）から登録。住所はPhase 1では任意のため未掲載校は空欄。
SCH000876,都立東村山西高等学校,,都立東村山西高等学校,,都立東村山西高等学校,13,東村山市,,prefectural,high_school,active,SRC000060,2026-10-02,東京都高野連加盟校一覧（2026年5月現在）から登録。住所はPhase 1では任意のため未掲載校は空欄。
SCH000877,明治学院東村山高等学校,,明治学院東村山高等学校,,明治学院東村山高等学校,13,東村山市,,unknown,high_school,active,SRC000060,2026-10-02,東京都高野連加盟校一覧（2026年5月現在）から登録。住所はPhase 1では任意のため未掲載校は空欄。
SCH000878,明法高等学校,,明法高等学校,,明法高等学校,13,東村山市,,unknown,high_school,active,SRC000060,2026-10-02,東京都高野連加盟校一覧（2026年5月現在）から登録。住所はPhase 1では任意のため未掲載校は空欄。
SCH000879,都立東大和高等学校,,都立東大和高等学校,,都立東大和高等学校,13,東大和市,,prefectural,high_school,active,SRC000060,2026-10-02,東京都高野連加盟校一覧（2026年5月現在）から登録。住所はPhase 1では任意のため未掲載校は空欄。
SCH000880,都立東大和南高等学校,,都立東大和南高等学校,,都立東大和南高等学校,13,東大和市,,prefectural,high_school,active,SRC000060,2026-10-02,東京都高野連加盟校一覧（2026年5月現在）から登録。住所はPhase 1では任意のため未掲載校は空欄。
SCH000881,都立日野高等学校,,都立日野高等学校,,都立日野高等学校,13,日野市,,prefectural,high_school,active,SRC000060,2026-10-02,東京都高野連加盟校一覧（2026年5月現在）から登録。住所はPhase 1では任意のため未掲載校は空欄。
SCH000882,都立日野台高等学校,,都立日野台高等学校,,都立日野台高等学校,13,日野市,,prefectural,high_school,active,SRC000060,2026-10-02,東京都高野連加盟校一覧（2026年5月現在）から登録。住所はPhase 1では任意のため未掲載校は空欄。
SCH000883,都立南平高等学校,,都立南平高等学校,,都立南平高等学校,13,日野市,,prefectural,high_school,active,SRC000060,2026-10-02,東京都高野連加盟校一覧（2026年5月現在）から登録。住所はPhase 1では任意のため未掲載校は空欄。
SCH000884,都立府中高等学校,,都立府中高等学校,,都立府中高等学校,13,府中市,,prefectural,high_school,active,SRC000060,2026-10-02,東京都高野連加盟校一覧（2026年5月現在）から登録。住所はPhase 1では任意のため未掲載校は空欄。
SCH000885,都立府中西高等学校,,都立府中西高等学校,,都立府中西高等学校,13,府中市,,prefectural,high_school,active,SRC000060,2026-10-02,東京都高野連加盟校一覧（2026年5月現在）から登録。住所はPhase 1では任意のため未掲載校は空欄。
SCH000886,都立府中東高等学校,,都立府中東高等学校,,都立府中東高等学校,13,府中市,,prefectural,high_school,active,SRC000060,2026-10-02,東京都高野連加盟校一覧（2026年5月現在）から登録。住所はPhase 1では任意のため未掲載校は空欄。
SCH000887,都立府中工科高等学校,,都立府中工科高等学校,,都立府中工科高等学校,13,府中市,,prefectural,high_school,active,SRC000060,2026-10-02,東京都高野連加盟校一覧（2026年5月現在）から登録。住所はPhase 1では任意のため未掲載校は空欄。
SCH000888,都立農業高等学校,,都立農業高等学校,,都立農業高等学校,13,府中市,,prefectural,high_school,active,SRC000060,2026-10-02,東京都高野連加盟校一覧（2026年5月現在）から登録。住所はPhase 1では任意のため未掲載校は空欄。
SCH000889,明星高等学校,,明星高等学校,,明星高等学校,13,府中市,,unknown,high_school,active,SRC000060,2026-10-02,東京都高野連加盟校一覧（2026年5月現在）から登録。住所はPhase 1では任意のため未掲載校は空欄。
SCH000890,都立福生高等学校,,都立福生高等学校,,都立福生高等学校,13,福生市,,prefectural,high_school,active,SRC000060,2026-10-02,東京都高野連加盟校一覧（2026年5月現在）から登録。住所はPhase 1では任意のため未掲載校は空欄。
SCH000891,都立多摩工科高等学校,,都立多摩工科高等学校,,都立多摩工科高等学校,13,福生市,,prefectural,high_school,active,SRC000060,2026-10-02,東京都高野連加盟校一覧（2026年5月現在）から登録。住所はPhase 1では任意のため未掲載校は空欄。
SCH000892,桜美林高等学校,,桜美林高等学校,,桜美林高等学校,13,町田市,,unknown,high_school,active,SRC000060,2026-10-02,東京都高野連加盟校一覧（2026年5月現在）から登録。住所はPhase 1では任意のため未掲載校は空欄。
SCH000893,玉川学園高等部,,玉川学園高等部,,玉川学園高等部,13,町田市,,unknown,high_school,active,SRC000060,2026-10-02,東京都高野連加盟校一覧（2026年5月現在）から登録。住所はPhase 1では任意のため未掲載校は空欄。
SCH000894,都立小川高等学校,,都立小川高等学校,,都立小川高等学校,13,町田市,,prefectural,high_school,active,SRC000060,2026-10-02,東京都高野連加盟校一覧（2026年5月現在）から登録。住所はPhase 1では任意のため未掲載校は空欄。
SCH000895,都立成瀬高等学校,,都立成瀬高等学校,,都立成瀬高等学校,13,町田市,,prefectural,high_school,active,SRC000060,2026-10-02,東京都高野連加盟校一覧（2026年5月現在）から登録。住所はPhase 1では任意のため未掲載校は空欄。
SCH000896,都立町田高等学校,,都立町田高等学校,,都立町田高等学校,13,町田市,,prefectural,high_school,active,SRC000060,2026-10-02,東京都高野連加盟校一覧（2026年5月現在）から登録。住所はPhase 1では任意のため未掲載校は空欄。
SCH000897,都立町田工科高等学校,,都立町田工科高等学校,,都立町田工科高等学校,13,町田市,,prefectural,high_school,active,SRC000060,2026-10-02,東京都高野連加盟校一覧（2026年5月現在）から登録。住所はPhase 1では任意のため未掲載校は空欄。
SCH000898,日本大学第三高等学校,,日本大学第三高等学校,,日本大学第三高等学校,13,町田市,,unknown,high_school,active,SRC000060,2026-10-02,東京都高野連加盟校一覧（2026年5月現在）から登録。住所はPhase 1では任意のため未掲載校は空欄。
SCH000899,和光高等学校,,和光高等学校,,和光高等学校,13,町田市,,unknown,high_school,active,SRC000060,2026-10-02,東京都高野連加盟校一覧（2026年5月現在）から登録。住所はPhase 1では任意のため未掲載校は空欄。
SCH000900,都立瑞穂農芸高等学校,,都立瑞穂農芸高等学校,,都立瑞穂農芸高等学校,13,瑞穂町,,prefectural,high_school,active,SRC000060,2026-10-02,東京都高野連加盟校一覧（2026年5月現在）から登録。住所はPhase 1では任意のため未掲載校は空欄。
SCH000901,都立大島高等学校,,都立大島高等学校,,都立大島高等学校,13,大島町,大島町元町字八重の水127,prefectural,high_school,active,SRC000060,2026-10-02,東京都高野連加盟校一覧（2026年5月現在）から登録。住所はPhase 1では任意のため未掲載校は空欄。 municipality/住所は東京都立学校公式（SRC000096）で補完。
SCH000902,都立大島海洋国際高等学校,,都立大島海洋国際高等学校,,都立大島海洋国際高等学校,13,大島町,大島町差木地字下原996,prefectural,high_school,active,SRC000060,2026-10-02,東京都高野連加盟校一覧（2026年5月現在）から登録。住所はPhase 1では任意のため未掲載校は空欄。 municipality/住所は東京都立学校公式（SRC000097）で補完。
SCH000903,都立八丈高等学校,,都立八丈高等学校,,都立八丈高等学校,13,八丈町,八丈町大賀郷3020,prefectural,high_school,active,SRC000060,2026-10-02,東京都高野連加盟校一覧（2026年5月現在）から登録。住所はPhase 1では任意のため未掲載校は空欄。 municipality/住所は東京都立学校公式（SRC000098）で補完。
SCH000904,あずさ第一,,あずさ第一,,あずさ第一,12,千葉市若葉区,千葉市若葉区西都賀3-6-24,private,high_school,active,SRC000059,2026-10-02,2026年度硬式加盟校として千葉県高野連公式加盟校一覧（8ブロック）から登録。
SCH000905,泉,,泉,,泉,12,千葉市若葉区,千葉市若葉区高根町875-1,prefectural,high_school,active,SRC000059,2026-10-02,2026年度硬式加盟校として千葉県高野連公式加盟校一覧（8ブロック）から登録。
SCH000906,磯辺,,磯辺,,磯辺,12,千葉市美浜区,千葉市美浜区磯辺2-7-1,prefectural,high_school,active,SRC000059,2026-10-02,2026年度硬式加盟校として千葉県高野連公式加盟校一覧（8ブロック）から登録。
SCH000907,市立稲毛,,市立稲毛,,市立稲毛,12,千葉市美浜区,千葉市美浜区高浜3-1-1,municipal,high_school,active,SRC000059,2026-10-02,2026年度硬式加盟校として千葉県高野連公式加盟校一覧（8ブロック）から登録。
SCH000908,市立稲毛国際中等教育学校,,市立稲毛国際中等教育学校,,市立稲毛国際中等教育学校,12,千葉市美浜区,千葉市美浜区高浜3-1-1,municipal,secondary_school,active,SRC000059,2026-10-02,2026年度硬式加盟校として千葉県高野連公式加盟校一覧（8ブロック）から登録。
SCH000909,生浜,,生浜,,生浜,12,千葉市中央区,千葉市中央区塩田町372,prefectural,high_school,active,SRC000059,2026-10-02,2026年度硬式加盟校として千葉県高野連公式加盟校一覧（8ブロック）から登録。
SCH000910,桜林,,桜林,,桜林,12,千葉市若葉区,千葉市若葉区桜木町114-21,private,high_school,active,SRC000059,2026-10-02,2026年度硬式加盟校として千葉県高野連公式加盟校一覧（8ブロック）から登録。
SCH000911,柏井,,柏井,,柏井,12,千葉市美浜区,千葉市美浜区柏井町1452,prefectural,high_school,active,SRC000059,2026-10-02,2026年度硬式加盟校として千葉県高野連公式加盟校一覧（8ブロック）から登録。
SCH000912,敬愛学園,,敬愛学園,,敬愛学園,12,千葉市稲毛区,千葉市稲毛区穴川1-5-21,private,high_school,active,SRC000059,2026-10-02,2026年度硬式加盟校として千葉県高野連公式加盟校一覧（8ブロック）から登録。
SCH000913,京葉工業,,京葉工業,,京葉工業,12,千葉市稲毛区,千葉市稲毛区穴川4-11-32,prefectural,high_school,active,SRC000059,2026-10-02,2026年度硬式加盟校として千葉県高野連公式加盟校一覧（8ブロック）から登録。
SCH000914,検見川,,検見川,,検見川,12,千葉市美浜区,千葉市美浜区真砂4-17-1,prefectural,high_school,active,SRC000059,2026-10-02,2026年度硬式加盟校として千葉県高野連公式加盟校一覧（8ブロック）から登録。
SCH000915,犢橋,,犢橋,,犢橋,12,千葉市花見川区,千葉市花見川区千種町381-1,prefectural,high_school,active,SRC000059,2026-10-02,2026年度硬式加盟校として千葉県高野連公式加盟校一覧（8ブロック）から登録。
SCH000916,渋谷学園幕張,,渋谷学園幕張,,渋谷学園幕張,12,千葉市美浜区,千葉市美浜区若葉1-3,private,high_school,active,SRC000059,2026-10-02,2026年度硬式加盟校として千葉県高野連公式加盟校一覧（8ブロック）から登録。
SCH000917,昭和学院秀英,,昭和学院秀英,,昭和学院秀英,12,千葉市美浜区,千葉市美浜区若葉1-2,private,high_school,active,SRC000059,2026-10-02,2026年度硬式加盟校として千葉県高野連公式加盟校一覧（8ブロック）から登録。
SCH000918,千城台,,千城台,,千城台,12,千葉市若葉区,千葉市若葉区千城台西2-1-1,prefectural,high_school,active,SRC000059,2026-10-02,2026年度硬式加盟校として千葉県高野連公式加盟校一覧（8ブロック）から登録。
SCH000919,千葉,,千葉,,千葉,12,千葉市中央区,千葉市中央区葛城1-5-2,prefectural,high_school,active,SRC000059,2026-10-02,2026年度硬式加盟校として千葉県高野連公式加盟校一覧（8ブロック）から登録。
SCH000920,市立千葉,,市立千葉,,市立千葉,12,千葉市稲毛区,千葉市稲毛区小仲台9-46-1,municipal,high_school,active,SRC000059,2026-10-02,2026年度硬式加盟校として千葉県高野連公式加盟校一覧（8ブロック）から登録。
SCH000921,千葉北,,千葉北,,千葉北,12,千葉市稲毛区,千葉市稲毛区長沼町153,prefectural,high_school,active,SRC000059,2026-10-02,2026年度硬式加盟校として千葉県高野連公式加盟校一覧（8ブロック）から登録。
SCH000922,千葉経済大附,,千葉経済大附,,千葉経済大附,12,千葉市稲毛区,千葉市稲毛区轟町4-3-30,private,high_school,active,SRC000059,2026-10-02,2026年度硬式加盟校として千葉県高野連公式加盟校一覧（8ブロック）から登録。
SCH000923,千葉工業,,千葉工業,,千葉工業,12,千葉市中央区,千葉市中央区今井町1478,prefectural,high_school,active,SRC000059,2026-10-02,2026年度硬式加盟校として千葉県高野連公式加盟校一覧（8ブロック）から登録。
SCH000924,千葉商業,,千葉商業,,千葉商業,12,千葉市中央区,千葉市中央区松波2-22-48,prefectural,high_school,active,SRC000059,2026-10-02,2026年度硬式加盟校として千葉県高野連公式加盟校一覧（8ブロック）から登録。
SCH000925,千葉西,,千葉西,,千葉西,12,千葉市美浜区,千葉市美浜区磯辺3-30-3,prefectural,high_school,active,SRC000059,2026-10-02,2026年度硬式加盟校として千葉県高野連公式加盟校一覧（8ブロック）から登録。
SCH000926,千葉東,,千葉東,,千葉東,12,千葉市稲毛区,千葉市稲毛区轟町1-18-52,prefectural,high_school,active,SRC000059,2026-10-02,2026年度硬式加盟校として千葉県高野連公式加盟校一覧（8ブロック）から登録。
SCH000927,千葉南,,千葉南,,千葉南,12,千葉市中央区,千葉市中央区花輪町45-3,prefectural,high_school,active,SRC000059,2026-10-02,2026年度硬式加盟校として千葉県高野連公式加盟校一覧（8ブロック）から登録。
SCH000928,千葉明徳,,千葉明徳,,千葉明徳,12,千葉市中央区,千葉市中央区南生実町1412,private,high_school,active,SRC000059,2026-10-02,2026年度硬式加盟校として千葉県高野連公式加盟校一覧（8ブロック）から登録。
SCH000929,土気,,土気,,土気,12,千葉市緑区,千葉市緑区あすみが丘東2-24-1,prefectural,high_school,active,SRC000059,2026-10-02,2026年度硬式加盟校として千葉県高野連公式加盟校一覧（8ブロック）から登録。
SCH000930,幕張総合,,幕張総合,,幕張総合,12,千葉市美浜区,千葉市美浜区若葉3-1-6,prefectural,high_school,active,SRC000059,2026-10-02,2026年度硬式加盟校として千葉県高野連公式加盟校一覧（8ブロック）から登録。
SCH000931,明聖,,明聖,,明聖,12,千葉市中央区,千葉市中央区本千葉町10-23,private,high_school,active,SRC000059,2026-10-02,2026年度硬式加盟校として千葉県高野連公式加盟校一覧（8ブロック）から登録。
SCH000932,若松,,若松,,若松,12,千葉市若葉区,千葉市若葉区若松町429,prefectural,high_school,active,SRC000059,2026-10-02,2026年度硬式加盟校として千葉県高野連公式加盟校一覧（8ブロック）から登録。
SCH000933,鎌ヶ谷,,鎌ヶ谷,,鎌ヶ谷,12,鎌ヶ谷市,鎌ヶ谷市東道野辺1-4-1,prefectural,high_school,active,SRC000059,2026-10-02,2026年度硬式加盟校として千葉県高野連公式加盟校一覧（8ブロック）から登録。
SCH000934,鎌ヶ谷西,,鎌ヶ谷西,,鎌ヶ谷西,12,鎌ヶ谷市,鎌ヶ谷市初富284-7,prefectural,high_school,active,SRC000059,2026-10-02,2026年度硬式加盟校として千葉県高野連公式加盟校一覧（8ブロック）から登録。
SCH000935,千葉日大第一,,千葉日大第一,,千葉日大第一,12,船橋市,船橋市習志野台8-34-1,private,high_school,active,SRC000059,2026-10-02,2026年度硬式加盟校として千葉県高野連公式加盟校一覧（8ブロック）から登録。
SCH000936,津田沼,,津田沼,,津田沼,12,習志野市,習志野市秋津5-9-1,prefectural,high_school,active,SRC000059,2026-10-02,2026年度硬式加盟校として千葉県高野連公式加盟校一覧（8ブロック）から登録。
SCH000937,東京学館船橋,,東京学館船橋,,東京学館船橋,12,船橋市,船橋市豊富町577,private,high_school,active,SRC000059,2026-10-02,2026年度硬式加盟校として千葉県高野連公式加盟校一覧（8ブロック）から登録。
SCH000938,東邦大付東邦,,東邦大付東邦,,東邦大付東邦,12,習志野市,習志野市泉町2-1-37,private,high_school,active,SRC000059,2026-10-02,2026年度硬式加盟校として千葉県高野連公式加盟校一覧（8ブロック）から登録。
SCH000939,東葉,,東葉,,東葉,12,船橋市,船橋市飯山満町2-665-1,private,high_school,active,SRC000059,2026-10-02,2026年度硬式加盟校として千葉県高野連公式加盟校一覧（8ブロック）から登録。
SCH000940,市立習志野,,市立習志野,,市立習志野,12,習志野市,習志野市東習志野1-2-1,municipal,high_school,active,SRC000059,2026-10-02,2026年度硬式加盟校として千葉県高野連公式加盟校一覧（8ブロック）から登録。
SCH000941,日大習志野,,日大習志野,,日大習志野,12,船橋市,船橋市習志野台8-35-1,private,high_school,active,SRC000059,2026-10-02,2026年度硬式加盟校として千葉県高野連公式加盟校一覧（8ブロック）から登録。
SCH000942,船橋,,船橋,,船橋,12,船橋市,船橋市東船橋6-1-1,prefectural,high_school,active,SRC000059,2026-10-02,2026年度硬式加盟校として千葉県高野連公式加盟校一覧（8ブロック）から登録。
SCH000943,市立船橋,,市立船橋,,市立船橋,12,船橋市,船橋市市場4-5-1,municipal,high_school,active,SRC000059,2026-10-02,2026年度硬式加盟校として千葉県高野連公式加盟校一覧（8ブロック）から登録。
SCH000944,船橋北,,船橋北,,船橋北,12,船橋市,船橋市神保町133-1,prefectural,high_school,active,SRC000059,2026-10-02,2026年度硬式加盟校として千葉県高野連公式加盟校一覧（8ブロック）から登録。
SCH000945,船橋啓明,,船橋啓明,,船橋啓明,12,船橋市,船橋市旭町333,prefectural,high_school,active,SRC000059,2026-10-02,2026年度硬式加盟校として千葉県高野連公式加盟校一覧（8ブロック）から登録。
SCH000946,船橋古和釜,,船橋古和釜,,船橋古和釜,12,船橋市,船橋市古和釜町586,prefectural,high_school,active,SRC000059,2026-10-02,2026年度硬式加盟校として千葉県高野連公式加盟校一覧（8ブロック）から登録。
SCH000947,船橋芝山,,船橋芝山,,船橋芝山,12,船橋市,船橋市芝山7-39-1,prefectural,high_school,active,SRC000059,2026-10-02,2026年度硬式加盟校として千葉県高野連公式加盟校一覧（8ブロック）から登録。
SCH000948,船橋豊富,,船橋豊富,,船橋豊富,12,船橋市,船橋市豊富町656-8,prefectural,high_school,active,SRC000059,2026-10-02,2026年度硬式加盟校として千葉県高野連公式加盟校一覧（8ブロック）から登録。
SCH000949,船橋東,,船橋東,,船橋東,12,船橋市,船橋市芝山2-13-1,prefectural,high_school,active,SRC000059,2026-10-02,2026年度硬式加盟校として千葉県高野連公式加盟校一覧（8ブロック）から登録。
SCH000950,船橋二和,,船橋二和,,船橋二和,12,船橋市,船橋市二和西1-3-1,prefectural,high_school,active,SRC000059,2026-10-02,2026年度硬式加盟校として千葉県高野連公式加盟校一覧（8ブロック）から登録。
SCH000951,船橋法典,,船橋法典,,船橋法典,12,船橋市,船橋市藤原町4-1-1,prefectural,high_school,active,SRC000059,2026-10-02,2026年度硬式加盟校として千葉県高野連公式加盟校一覧（8ブロック）から登録。
SCH000952,実籾,,実籾,,実籾,12,習志野市,習志野市実籾町本郷22-1,prefectural,high_school,active,SRC000059,2026-10-02,2026年度硬式加盟校として千葉県高野連公式加盟校一覧（8ブロック）から登録。
SCH000953,薬園台,,薬園台,,薬園台,12,船橋市,船橋市薬円台5-34-1,prefectural,high_school,active,SRC000059,2026-10-02,2026年度硬式加盟校として千葉県高野連公式加盟校一覧（8ブロック）から登録。
SCH000954,市川,,市川,,市川,12,市川市,市川市本北方2-38-1,private,high_school,active,SRC000059,2026-10-02,2026年度硬式加盟校として千葉県高野連公式加盟校一覧（8ブロック）から登録。
SCH000955,市川工業,,市川工業,,市川工業,12,市川市,市川市平田3-10-10,prefectural,high_school,active,SRC000059,2026-10-02,2026年度硬式加盟校として千葉県高野連公式加盟校一覧（8ブロック）から登録。
SCH000956,市川昴,,市川昴,,市川昴,12,市川市,市川市東国分1-1-1,prefectural,high_school,active,SRC000059,2026-10-02,2026年度硬式加盟校として千葉県高野連公式加盟校一覧（8ブロック）から登録。
SCH000957,市川東,,市川東,,市川東,12,市川市,市川市北方町4-2191,prefectural,high_school,active,SRC000059,2026-10-02,2026年度硬式加盟校として千葉県高野連公式加盟校一覧（8ブロック）から登録。
SCH000958,市川南,,市川南,,市川南,12,市川市,市川市高谷1509,prefectural,high_school,active,SRC000059,2026-10-02,2026年度硬式加盟校として千葉県高野連公式加盟校一覧（8ブロック）から登録。
SCH000959,浦安,,浦安,,浦安,12,浦安市,浦安市海楽2-36-2,prefectural,high_school,active,SRC000059,2026-10-02,2026年度硬式加盟校として千葉県高野連公式加盟校一覧（8ブロック）から登録。
SCH000960,浦安南,,浦安南,,浦安南,12,浦安市,浦安市高洲9-4-1,prefectural,high_school,active,SRC000059,2026-10-02,2026年度硬式加盟校として千葉県高野連公式加盟校一覧（8ブロック）から登録。
SCH000961,行徳,,行徳,,行徳,12,市川市,市川市塩浜4-1-1,prefectural,high_school,active,SRC000059,2026-10-02,2026年度硬式加盟校として千葉県高野連公式加盟校一覧（8ブロック）から登録。
SCH000962,光英VERITAS,,光英VERITAS,,光英VERITAS,12,松戸市,松戸市秋山600,prefectural,high_school,active,SRC000059,2026-10-02,2026年度硬式加盟校として千葉県高野連公式加盟校一覧（8ブロック）から登録。
SCH000963,国府台,,国府台,,国府台,12,市川市,市川市国府台2-4-1,prefectural,high_school,active,SRC000059,2026-10-02,2026年度硬式加盟校として千葉県高野連公式加盟校一覧（8ブロック）から登録。
SCH000964,小金,,小金,,小金,12,松戸市,松戸市新松戸北2-14-1,prefectural,high_school,active,SRC000059,2026-10-02,2026年度硬式加盟校として千葉県高野連公式加盟校一覧（8ブロック）から登録。
SCH000965,国分,,国分,,国分,12,市川市,市川市稲越町310,prefectural,high_school,active,SRC000059,2026-10-02,2026年度硬式加盟校として千葉県高野連公式加盟校一覧（8ブロック）から登録。
SCH000966,昭和学院,,昭和学院,,昭和学院,12,市川市,市川市東菅野2-17-1,private,high_school,active,SRC000059,2026-10-02,2026年度硬式加盟校として千葉県高野連公式加盟校一覧（8ブロック）から登録。
SCH000967,専修大松戸,,専修大松戸,,専修大松戸,12,松戸市,松戸市上本郷2-3621,private,high_school,active,SRC000059,2026-10-02,2026年度硬式加盟校として千葉県高野連公式加盟校一覧（8ブロック）から登録。
SCH000968,千葉商大付,,千葉商大付,,千葉商大付,12,市川市,市川市中国分2-10-1,private,high_school,active,SRC000059,2026-10-02,2026年度硬式加盟校として千葉県高野連公式加盟校一覧（8ブロック）から登録。
SCH000969,東海大付浦安,,東海大付浦安,,東海大付浦安,12,浦安市,浦安市東野3-11-1,private,high_school,active,SRC000059,2026-10-02,2026年度硬式加盟校として千葉県高野連公式加盟校一覧（8ブロック）から登録。
SCH000970,東京学館浦安,,東京学館浦安,,東京学館浦安,12,浦安市,浦安市高洲1-23-1,private,high_school,active,SRC000059,2026-10-02,2026年度硬式加盟校として千葉県高野連公式加盟校一覧（8ブロック）から登録。
SCH000971,松戸,,松戸,,松戸,12,松戸市,松戸市中和倉590-1,prefectural,high_school,active,SRC000059,2026-10-02,2026年度硬式加盟校として千葉県高野連公式加盟校一覧（8ブロック）から登録。
SCH000972,市立松戸,,市立松戸,,市立松戸,12,松戸市,松戸市紙敷2-7-5,municipal,high_school,active,SRC000059,2026-10-02,2026年度硬式加盟校として千葉県高野連公式加盟校一覧（8ブロック）から登録。
SCH000973,松戸向陽,,松戸向陽,,松戸向陽,12,松戸市,松戸市秋山682,prefectural,high_school,active,SRC000059,2026-10-02,2026年度硬式加盟校として千葉県高野連公式加盟校一覧（8ブロック）から登録。
SCH000974,松戸国際,,松戸国際,,松戸国際,12,松戸市,松戸市五香西5-6-1,prefectural,high_school,active,SRC000059,2026-10-02,2026年度硬式加盟校として千葉県高野連公式加盟校一覧（8ブロック）から登録。
SCH000975,松戸馬橋,,松戸馬橋,,松戸馬橋,12,松戸市,松戸市旭町1-7-1,prefectural,high_school,active,SRC000059,2026-10-02,2026年度硬式加盟校として千葉県高野連公式加盟校一覧（8ブロック）から登録。
SCH000976,松戸六実,,松戸六実,,松戸六実,12,松戸市,松戸市六高台5-150-1,prefectural,high_school,active,SRC000059,2026-10-02,2026年度硬式加盟校として千葉県高野連公式加盟校一覧（8ブロック）から登録。
SCH000977,柏,,柏,,柏,12,柏市,柏市布施254,prefectural,high_school,active,SRC000059,2026-10-02,2026年度硬式加盟校として千葉県高野連公式加盟校一覧（8ブロック）から登録。
SCH000978,市立柏,,市立柏,,市立柏,12,柏市,柏市船戸山高野325-1,municipal,high_school,active,SRC000059,2026-10-02,2026年度硬式加盟校として千葉県高野連公式加盟校一覧（8ブロック）から登録。
SCH000979,柏中央,,柏中央,,柏中央,12,柏市,柏市松ヶ崎884-1,prefectural,high_school,active,SRC000059,2026-10-02,2026年度硬式加盟校として千葉県高野連公式加盟校一覧（8ブロック）から登録。
SCH000980,柏の葉,,柏の葉,,柏の葉,12,柏市,柏市柏の葉6-1,prefectural,high_school,active,SRC000059,2026-10-02,2026年度硬式加盟校として千葉県高野連公式加盟校一覧（8ブロック）から登録。
SCH000981,柏南,,柏南,,柏南,12,柏市,柏市増尾1705,prefectural,high_school,active,SRC000059,2026-10-02,2026年度硬式加盟校として千葉県高野連公式加盟校一覧（8ブロック）から登録。
SCH000982,芝浦工大柏,,芝浦工大柏,,芝浦工大柏,12,柏市,柏市増尾700,private,high_school,active,SRC000059,2026-10-02,2026年度硬式加盟校として千葉県高野連公式加盟校一覧（8ブロック）から登録。
SCH000983,清水,,清水,,清水,12,野田市,野田市清水482,prefectural,high_school,active,SRC000059,2026-10-02,2026年度硬式加盟校として千葉県高野連公式加盟校一覧（8ブロック）から登録。
SCH000984,沼南,,沼南,,沼南,12,柏市,柏市岩井678-3,prefectural,high_school,active,SRC000059,2026-10-02,2026年度硬式加盟校として千葉県高野連公式加盟校一覧（8ブロック）から登録。
SCH000985,沼南高柳,,沼南高柳,,沼南高柳,12,柏市,柏市高柳995,prefectural,high_school,active,SRC000059,2026-10-02,2026年度硬式加盟校として千葉県高野連公式加盟校一覧（8ブロック）から登録。
SCH000986,西武台千葉,,西武台千葉,,西武台千葉,12,野田市,野田市尾崎2241-2,private,high_school,active,SRC000059,2026-10-02,2026年度硬式加盟校として千葉県高野連公式加盟校一覧（8ブロック）から登録。
SCH000987,関宿,,関宿,,関宿,12,野田市,野田市木間ケ瀬4376,prefectural,high_school,active,SRC000059,2026-10-02,2026年度硬式加盟校として千葉県高野連公式加盟校一覧（8ブロック）から登録。
SCH000988,流山,,流山,,流山,12,流山市,流山市東初台2-98,prefectural,high_school,active,SRC000059,2026-10-02,2026年度硬式加盟校として千葉県高野連公式加盟校一覧（8ブロック）から登録。
SCH000989,流山おおたかの森,,流山おおたかの森,,流山おおたかの森,12,流山市,流山市大畔275-5,prefectural,high_school,active,SRC000059,2026-10-02,2026年度硬式加盟校として千葉県高野連公式加盟校一覧（8ブロック）から登録。
SCH000990,流山北,,流山北,,流山北,12,流山市,流山市中野久木7-1,prefectural,high_school,active,SRC000059,2026-10-02,2026年度硬式加盟校として千葉県高野連公式加盟校一覧（8ブロック）から登録。
SCH000991,流山南,,流山南,,流山南,12,流山市,流山市流山9-800-1,prefectural,high_school,active,SRC000059,2026-10-02,2026年度硬式加盟校として千葉県高野連公式加盟校一覧（8ブロック）から登録。
SCH000992,二松学舎大附柏,,二松学舎大附柏,,二松学舎大附柏,12,柏市,柏市大井2590,private,high_school,active,SRC000059,2026-10-02,2026年度硬式加盟校として千葉県高野連公式加盟校一覧（8ブロック）から登録。
SCH000993,日体大柏,,日体大柏,,日体大柏,12,柏市,柏市戸張944,private,high_school,active,SRC000059,2026-10-02,2026年度硬式加盟校として千葉県高野連公式加盟校一覧（8ブロック）から登録。
SCH000994,野田中央,,野田中央,,野田中央,12,野田市,野田市谷津713,prefectural,high_school,active,SRC000059,2026-10-02,2026年度硬式加盟校として千葉県高野連公式加盟校一覧（8ブロック）から登録。
SCH000995,柏陵,,柏陵,,柏陵,12,柏市,柏市逆井444-1,prefectural,high_school,active,SRC000059,2026-10-02,2026年度硬式加盟校として千葉県高野連公式加盟校一覧（8ブロック）から登録。
SCH000996,東葛飾,,東葛飾,,東葛飾,12,柏市,柏市旭町3-2-1,prefectural,high_school,active,SRC000059,2026-10-02,2026年度硬式加盟校として千葉県高野連公式加盟校一覧（8ブロック）から登録。
SCH000997,流経大付柏,,流経大付柏,,流経大付柏,12,柏市,柏市十余二1-20,private,high_school,active,SRC000059,2026-10-02,2026年度硬式加盟校として千葉県高野連公式加盟校一覧（8ブロック）から登録。
SCH000998,麗澤,,麗澤,,麗澤,12,柏市,柏市光ヶ丘2-1-1,private,high_school,active,SRC000059,2026-10-02,2026年度硬式加盟校として千葉県高野連公式加盟校一覧（8ブロック）から登録。
SCH000999,我孫子,,我孫子,,我孫子,12,我孫子市,我孫子市若松18-4,prefectural,high_school,active,SRC000059,2026-10-02,2026年度硬式加盟校として千葉県高野連公式加盟校一覧（8ブロック）から登録。
SCH001000,我孫子二階堂,,我孫子二階堂,,我孫子二階堂,12,我孫子市,我孫子市久寺家479-1,private,high_school,active,SRC000059,2026-10-02,2026年度硬式加盟校として千葉県高野連公式加盟校一覧（8ブロック）から登録。
SCH001001,我孫子東,,我孫子東,,我孫子東,12,我孫子市,我孫子市新々田172,prefectural,high_school,active,SRC000059,2026-10-02,2026年度硬式加盟校として千葉県高野連公式加盟校一覧（8ブロック）から登録。
SCH001002,印旛明誠,,印旛明誠,,印旛明誠,12,印西市,印西市草深1420-9,prefectural,high_school,active,SRC000059,2026-10-02,2026年度硬式加盟校として千葉県高野連公式加盟校一覧（8ブロック）から登録。
SCH001003,佐倉,,佐倉,,佐倉,12,佐倉市,佐倉市鍋山町18,prefectural,high_school,active,SRC000059,2026-10-02,2026年度硬式加盟校として千葉県高野連公式加盟校一覧（8ブロック）から登録。
SCH001004,佐倉西,,佐倉西,,佐倉西,12,佐倉市,佐倉市下志津263,prefectural,high_school,active,SRC000059,2026-10-02,2026年度硬式加盟校として千葉県高野連公式加盟校一覧（8ブロック）から登録。
SCH001005,佐倉東,,佐倉東,,佐倉東,12,佐倉市,佐倉市城内町278,prefectural,high_school,active,SRC000059,2026-10-02,2026年度硬式加盟校として千葉県高野連公式加盟校一覧（8ブロック）から登録。
SCH001006,佐倉南,,佐倉南,,佐倉南,12,佐倉市,佐倉市太田1956,prefectural,high_school,active,SRC000059,2026-10-02,2026年度硬式加盟校として千葉県高野連公式加盟校一覧（8ブロック）から登録。
SCH001007,秀明八千代,,秀明八千代,,秀明八千代,12,八千代市,八千代市桑橋803,private,high_school,active,SRC000059,2026-10-02,2026年度硬式加盟校として千葉県高野連公式加盟校一覧（8ブロック）から登録。
SCH001008,白井,,白井,,白井,12,白井市,白井市池の上1-8-1,prefectural,high_school,active,SRC000059,2026-10-02,2026年度硬式加盟校として千葉県高野連公式加盟校一覧（8ブロック）から登録。
SCH001009,千葉英和,,千葉英和,,千葉英和,12,八千代市,八千代市村上709-1,private,high_school,active,SRC000059,2026-10-02,2026年度硬式加盟校として千葉県高野連公式加盟校一覧（8ブロック）から登録。
SCH001010,千葉敬愛,,千葉敬愛,,千葉敬愛,12,四街道市,四街道市四街道1522,private,high_school,active,SRC000059,2026-10-02,2026年度硬式加盟校として千葉県高野連公式加盟校一覧（8ブロック）から登録。
SCH001011,中央学院,,中央学院,,中央学院,12,我孫子市,我孫子市都部字向山765,private,high_school,active,SRC000059,2026-10-02,2026年度硬式加盟校として千葉県高野連公式加盟校一覧（8ブロック）から登録。
SCH001012,八千代,,八千代,,八千代,12,八千代市,八千代市勝田台南1-1-1,prefectural,high_school,active,SRC000059,2026-10-02,2026年度硬式加盟校として千葉県高野連公式加盟校一覧（8ブロック）から登録。
SCH001013,八千代松陰,,八千代松陰,,八千代松陰,12,八千代市,八千代市村上727,private,high_school,active,SRC000059,2026-10-02,2026年度硬式加盟校として千葉県高野連公式加盟校一覧（8ブロック）から登録。
SCH001014,八千代西,,八千代西,,八千代西,12,八千代市,八千代市吉橋2405-1,prefectural,high_school,active,SRC000059,2026-10-02,2026年度硬式加盟校として千葉県高野連公式加盟校一覧（8ブロック）から登録。
SCH001015,八千代東,,八千代東,,八千代東,12,八千代市,八千代市村上881-1,prefectural,high_school,active,SRC000059,2026-10-02,2026年度硬式加盟校として千葉県高野連公式加盟校一覧（8ブロック）から登録。
SCH001016,四街道,,四街道,,四街道,12,四街道市,四街道市鹿渡809-2,prefectural,high_school,active,SRC000059,2026-10-02,2026年度硬式加盟校として千葉県高野連公式加盟校一覧（8ブロック）から登録。
SCH001017,四街道北,,四街道北,,四街道北,12,四街道市,四街道市栗山1055-4,prefectural,high_school,active,SRC000059,2026-10-02,2026年度硬式加盟校として千葉県高野連公式加盟校一覧（8ブロック）から登録。
SCH001018,旭農業,,旭農業,,旭農業,12,旭市,旭市ﾛ-1,prefectural,high_school,active,SRC000059,2026-10-02,2026年度硬式加盟校として千葉県高野連公式加盟校一覧（8ブロック）から登録。
SCH001019,小見川,,小見川,,小見川,12,香取市,香取市小見川4735-1,prefectural,high_school,active,SRC000059,2026-10-02,2026年度硬式加盟校として千葉県高野連公式加盟校一覧（8ブロック）から登録。
SCH001020,佐原,,佐原,,佐原,12,香取市,香取市佐原ｲ2685,prefectural,high_school,active,SRC000059,2026-10-02,2026年度硬式加盟校として千葉県高野連公式加盟校一覧（8ブロック）から登録。
SCH001021,佐原白楊,,佐原白楊,,佐原白楊,12,香取市,香取市佐原イ861,prefectural,high_school,active,SRC000059,2026-10-02,2026年度硬式加盟校として千葉県高野連公式加盟校一覧（8ブロック）から登録。
SCH001022,下総,,下総,,下総,12,成田市,成田市名古屋247,prefectural,high_school,active,SRC000059,2026-10-02,2026年度硬式加盟校として千葉県高野連公式加盟校一覧（8ブロック）から登録。
SCH001023,匝瑳,,匝瑳,,匝瑳,12,匝瑳市,匝瑳市八日市場ｲ-1630,prefectural,high_school,active,SRC000059,2026-10-02,2026年度硬式加盟校として千葉県高野連公式加盟校一覧（8ブロック）から登録。
SCH001024,多古,,多古,,多古,12,多古町,香取郡多古町多古3236,prefectural,high_school,active,SRC000059,2026-10-02,2026年度硬式加盟校として千葉県高野連公式加盟校一覧（8ブロック）から登録。
SCH001025,千葉科学大附,,千葉科学大附,,千葉科学大附,12,銚子市,銚子市潮見町3,private,high_school,active,SRC000059,2026-10-02,2026年度硬式加盟校として千葉県高野連公式加盟校一覧（8ブロック）から登録。
SCH001026,千葉黎明,,千葉黎明,,千葉黎明,12,八街市,八街市八街ほ625,private,high_school,active,SRC000059,2026-10-02,2026年度硬式加盟校として千葉県高野連公式加盟校一覧（8ブロック）から登録。
SCH001027,銚子,,銚子,,銚子,12,銚子市,銚子市南小川町943,prefectural,high_school,active,SRC000059,2026-10-02,2026年度硬式加盟校として千葉県高野連公式加盟校一覧（8ブロック）から登録。
SCH001028,市立銚子,,市立銚子,,市立銚子,12,銚子市,銚子市野尻町1600,municipal,high_school,active,SRC000059,2026-10-02,2026年度硬式加盟校として千葉県高野連公式加盟校一覧（8ブロック）から登録。
SCH001029,銚子商業,,銚子商業,,銚子商業,12,銚子市,銚子市台町1781,prefectural,high_school,active,SRC000059,2026-10-02,2026年度硬式加盟校として千葉県高野連公式加盟校一覧（8ブロック）から登録。
SCH001030,東京学館,,東京学館,,東京学館,12,酒々井町,印旛郡酒々井町伊篠21,private,high_school,active,SRC000059,2026-10-02,2026年度硬式加盟校として千葉県高野連公式加盟校一覧（8ブロック）から登録。
SCH001031,東総工業,,東総工業,,東総工業,12,旭市,旭市鎌数字川西5146,prefectural,high_school,active,SRC000059,2026-10-02,2026年度硬式加盟校として千葉県高野連公式加盟校一覧（8ブロック）から登録。
SCH001032,富里,,富里,,富里,12,富里市,富里市七栄181-1,prefectural,high_school,active,SRC000059,2026-10-02,2026年度硬式加盟校として千葉県高野連公式加盟校一覧（8ブロック）から登録。
SCH001033,成田,,成田,,成田,12,成田市,成田市成田27,private,high_school,active,SRC000059,2026-10-02,2026年度硬式加盟校として千葉県高野連公式加盟校一覧（8ブロック）から登録。
SCH001034,成田北,,成田北,,成田北,12,成田市,成田市玉造5-1,prefectural,high_school,active,SRC000059,2026-10-02,2026年度硬式加盟校として千葉県高野連公式加盟校一覧（8ブロック）から登録。
SCH001035,成田国際,,成田国際,,成田国際,12,成田市,成田市加良部3-16,prefectural,high_school,active,SRC000059,2026-10-02,2026年度硬式加盟校として千葉県高野連公式加盟校一覧（8ブロック）から登録。
SCH001036,成田西陵,,成田西陵,,成田西陵,12,成田市,成田市松崎20,prefectural,high_school,active,SRC000059,2026-10-02,2026年度硬式加盟校として千葉県高野連公式加盟校一覧（8ブロック）から登録。
SCH001037,成東,,成東,,成東,12,山武市,山武市成東3596,prefectural,high_school,active,SRC000059,2026-10-02,2026年度硬式加盟校として千葉県高野連公式加盟校一覧（8ブロック）から登録。
SCH001038,八街,,八街,,八街,12,八街市,八街市八街ろ145-3,prefectural,high_school,active,SRC000059,2026-10-02,2026年度硬式加盟校として千葉県高野連公式加盟校一覧（8ブロック）から登録。
SCH001039,横芝敬愛,,横芝敬愛,,横芝敬愛,12,横芝光町,山武郡横芝光町栗山稔台4508,private,high_school,active,SRC000059,2026-10-02,2026年度硬式加盟校として千葉県高野連公式加盟校一覧（8ブロック）から登録。
SCH001040,わせがく,,わせがく,,わせがく,12,多古町,香取郡多古町飯笹向台252-2,private,high_school,active,SRC000059,2026-10-02,2026年度硬式加盟校として千葉県高野連公式加盟校一覧（8ブロック）から登録。
SCH001041,安房,,安房,,安房,12,館山市,館山市八幡385,prefectural,high_school,active,SRC000059,2026-10-02,2026年度硬式加盟校として千葉県高野連公式加盟校一覧（8ブロック）から登録。
SCH001042,安房拓心,,安房拓心,,安房拓心,12,南房総市,南房総市和田町海発1604,prefectural,high_school,active,SRC000059,2026-10-02,2026年度硬式加盟校として千葉県高野連公式加盟校一覧（8ブロック）から登録。
SCH001043,一宮商業,,一宮商業,,一宮商業,12,一宮町,長生郡一宮町一宮3287,prefectural,high_school,active,SRC000059,2026-10-02,2026年度硬式加盟校として千葉県高野連公式加盟校一覧（8ブロック）から登録。
SCH001044,大網,,大網,,大網,12,大網白里市,大網白里市大網435-1,prefectural,high_school,active,SRC000059,2026-10-02,2026年度硬式加盟校として千葉県高野連公式加盟校一覧（8ブロック）から登録。
SCH001045,大多喜,,大多喜,,大多喜,12,大多喜町,夷隅郡大多喜町大多喜481,prefectural,high_school,active,SRC000059,2026-10-02,2026年度硬式加盟校として千葉県高野連公式加盟校一覧（8ブロック）から登録。
SCH001046,大原,,大原,,大原,12,いすみ市,いすみ市大原7985,prefectural,high_school,active,SRC000059,2026-10-02,2026年度硬式加盟校として千葉県高野連公式加盟校一覧（8ブロック）から登録。
SCH001047,鴨川令徳,,鴨川令徳,,鴨川令徳,12,鴨川市,鴨川市横渚815,private,high_school,active,SRC000059,2026-10-02,2026年度硬式加盟校として千葉県高野連公式加盟校一覧（8ブロック）から登録。
SCH001048,九十九里,,九十九里,,九十九里,12,九十九里町,山武郡九十九里町片貝1910,prefectural,high_school,active,SRC000059,2026-10-02,2026年度硬式加盟校として千葉県高野連公式加盟校一覧（8ブロック）から登録。
SCH001049,成美学園,,成美学園,,成美学園,12,勝浦市,勝浦市松部1000-1,prefectural,high_school,active,SRC000059,2026-10-02,2026年度硬式加盟校として千葉県高野連公式加盟校一覧（8ブロック）から登録。
SCH001050,館山総合,,館山総合,,館山総合,12,館山市,館山市北条106,prefectural,high_school,active,SRC000059,2026-10-02,2026年度硬式加盟校として千葉県高野連公式加盟校一覧（8ブロック）から登録。
SCH001051,千葉学芸,,千葉学芸,,千葉学芸,12,東金市,東金市田間1999,private,high_school,active,SRC000059,2026-10-02,2026年度硬式加盟校として千葉県高野連公式加盟校一覧（8ブロック）から登録。
SCH001052,長生,,長生,,長生,12,茂原市,茂原市高師286,prefectural,high_school,active,SRC000059,2026-10-02,2026年度硬式加盟校として千葉県高野連公式加盟校一覧（8ブロック）から登録。
SCH001053,東金,,東金,,東金,12,東金市,東金市東金1410,prefectural,high_school,active,SRC000059,2026-10-02,2026年度硬式加盟校として千葉県高野連公式加盟校一覧（8ブロック）から登録。
SCH001054,東金商,,東金商,,東金商,12,東金市,東金市松之郷字久我台1641-1,prefectural,high_school,active,SRC000059,2026-10-02,2026年度硬式加盟校として千葉県高野連公式加盟校一覧（8ブロック）から登録。
SCH001055,長狭,,長狭,,長狭,12,鴨川市,鴨川市横渚100,prefectural,high_school,active,SRC000059,2026-10-02,2026年度硬式加盟校として千葉県高野連公式加盟校一覧（8ブロック）から登録。
SCH001056,茂原,,茂原,,茂原,12,茂原市,茂原市高師1300,prefectural,high_school,active,SRC000059,2026-10-02,2026年度硬式加盟校として千葉県高野連公式加盟校一覧（8ブロック）から登録。
SCH001057,茂原樟陽,,茂原樟陽,,茂原樟陽,12,茂原市,茂原市上林283,prefectural,high_school,active,SRC000059,2026-10-02,2026年度硬式加盟校として千葉県高野連公式加盟校一覧（8ブロック）から登録。
SCH001058,茂原北陵,,茂原北陵,,茂原北陵,12,茂原市,茂原市吉井上128,private,high_school,active,SRC000059,2026-10-02,2026年度硬式加盟校として千葉県高野連公式加盟校一覧（8ブロック）から登録。
SCH001059,姉崎,,姉崎,,姉崎,12,市原市,市原市姉崎2632,prefectural,high_school,active,SRC000059,2026-10-02,2026年度硬式加盟校として千葉県高野連公式加盟校一覧（8ブロック）から登録。
SCH001060,天羽,,天羽,,天羽,12,富津市,富津市数馬229,prefectural,high_school,active,SRC000059,2026-10-02,2026年度硬式加盟校として千葉県高野連公式加盟校一覧（8ブロック）から登録。
SCH001061,市原,,市原,,市原,12,市原市,市原市牛久655,prefectural,high_school,active,SRC000059,2026-10-02,2026年度硬式加盟校として千葉県高野連公式加盟校一覧（8ブロック）から登録。
SCH001062,市原中央,,市原中央,,市原中央,12,市原市,市原市土宇1481-1,private,high_school,active,SRC000059,2026-10-02,2026年度硬式加盟校として千葉県高野連公式加盟校一覧（8ブロック）から登録。
SCH001063,市原緑,,市原緑,,市原緑,12,市原市,市原市能満1531,prefectural,high_school,active,SRC000059,2026-10-02,2026年度硬式加盟校として千葉県高野連公式加盟校一覧（8ブロック）から登録。
SCH001064,市原八幡,,市原八幡,,市原八幡,12,市原市,市原市八幡1877-1,prefectural,high_school,active,SRC000059,2026-10-02,2026年度硬式加盟校として千葉県高野連公式加盟校一覧（8ブロック）から登録。
SCH001065,木更津,,木更津,,木更津,12,木更津市,木更津市文京4-1-1,prefectural,high_school,active,SRC000059,2026-10-02,2026年度硬式加盟校として千葉県高野連公式加盟校一覧（8ブロック）から登録。
SCH001066,木更津高専,,木更津高専,,木更津高専,12,木更津市,木更津市清見台東2-11-1,national,technical_college,active,SRC000059,2026-10-02,2026年度硬式加盟校として千葉県高野連公式加盟校一覧（8ブロック）から登録。
SCH001067,木更津総合,,木更津総合,,木更津総合,12,木更津市,木更津市東太田3-4-1,private,high_school,active,SRC000059,2026-10-02,2026年度硬式加盟校として千葉県高野連公式加盟校一覧（8ブロック）から登録。
SCH001068,君津,,君津,,君津,12,君津市,君津市坂田454,prefectural,high_school,active,SRC000059,2026-10-02,2026年度硬式加盟校として千葉県高野連公式加盟校一覧（8ブロック）から登録。
SCH001069,君津青葉,,君津青葉,,君津青葉,12,君津市,君津市青柳48,prefectural,high_school,active,SRC000059,2026-10-02,2026年度硬式加盟校として千葉県高野連公式加盟校一覧（8ブロック）から登録。
SCH001070,君津商業,,君津商業,,君津商業,12,富津市,富津市岩瀬1172,prefectural,high_school,active,SRC000059,2026-10-02,2026年度硬式加盟校として千葉県高野連公式加盟校一覧（8ブロック）から登録。
SCH001071,暁星国際,,暁星国際,,暁星国際,12,木更津市,木更津市矢那1083,private,high_school,active,SRC000059,2026-10-02,2026年度硬式加盟校として千葉県高野連公式加盟校一覧（8ブロック）から登録。
SCH001072,京葉,,京葉,,京葉,12,市原市,市原市島野222,prefectural,high_school,active,SRC000059,2026-10-02,2026年度硬式加盟校として千葉県高野連公式加盟校一覧（8ブロック）から登録。
SCH001073,志学館,,志学館,,志学館,12,木更津市,木更津市真舟3-29-1,private,high_school,active,SRC000059,2026-10-02,2026年度硬式加盟校として千葉県高野連公式加盟校一覧（8ブロック）から登録。
SCH001074,翔凜,,翔凜,,翔凜,12,君津市,君津市三直1348-1,private,high_school,active,SRC000059,2026-10-02,2026年度硬式加盟校として千葉県高野連公式加盟校一覧（8ブロック）から登録。
SCH001075,袖ヶ浦,,袖ヶ浦,,袖ヶ浦,12,袖ヶ浦市,袖ヶ浦市神納530,prefectural,high_school,active,SRC000059,2026-10-02,2026年度硬式加盟校として千葉県高野連公式加盟校一覧（8ブロック）から登録。
SCH001076,拓大紅陵,,拓大紅陵,,拓大紅陵,12,木更津市,木更津市桜井1403,private,high_school,active,SRC000059,2026-10-02,2026年度硬式加盟校として千葉県高野連公式加盟校一覧（8ブロック）から登録。
SCH001077,東海大付市原望洋,,東海大付市原望洋,,東海大付市原望洋,12,市原市,市原市能満1531,private,high_school,active,SRC000059,2026-10-02,2026年度硬式加盟校として千葉県高野連公式加盟校一覧（8ブロック）から登録。
SCH001078,岡山県立岡山朝日高等学校,岡山県立岡山朝日高等学校,岡山県立岡山朝日高等学校,,岡山県立岡山朝日高等学校,33,岡山市中区,岡山市中区古京町2-2-21,prefectural,high_school,active,SRC000080,2026-10-02,2026年度硬式加盟校として岡山県高野連公式加盟校一覧から登録。日本高野連2026年5月末集計の59校と一致。
SCH001079,岡山県立岡山操山高等学校,岡山県立岡山操山高等学校,岡山県立岡山操山高等学校,,岡山県立岡山操山高等学校,33,岡山市中区,岡山市中区浜412,prefectural,high_school,active,SRC000080,2026-10-02,2026年度硬式加盟校として岡山県高野連公式加盟校一覧から登録。日本高野連2026年5月末集計の59校と一致。
SCH001080,岡山県立大安寺中等教育学校,岡山県立大安寺中等教育学校,岡山県立大安寺中等教育学校,,岡山県立大安寺中等教育学校,33,岡山市北区,岡山市北区北長瀬本町19-34,prefectural,secondary_school,active,SRC000080,2026-10-02,2026年度硬式加盟校として岡山県高野連公式加盟校一覧から登録。日本高野連2026年5月末集計の59校と一致。
SCH001081,岡山県立岡山芳泉高等学校,岡山県立岡山芳泉高等学校,岡山県立岡山芳泉高等学校,,岡山県立岡山芳泉高等学校,33,岡山市南区,岡山市南区当新田51-1,prefectural,high_school,active,SRC000080,2026-10-02,2026年度硬式加盟校として岡山県高野連公式加盟校一覧から登録。日本高野連2026年5月末集計の59校と一致。
SCH001082,岡山県立岡山一宮高等学校,岡山県立岡山一宮高等学校,岡山県立岡山一宮高等学校,,岡山県立岡山一宮高等学校,33,岡山市北区,岡山市北区楢津221,prefectural,high_school,active,SRC000080,2026-10-02,2026年度硬式加盟校として岡山県高野連公式加盟校一覧から登録。日本高野連2026年5月末集計の59校と一致。
SCH001083,岡山県立岡山城東高等学校,岡山県立岡山城東高等学校,岡山県立岡山城東高等学校,,岡山県立岡山城東高等学校,33,岡山市中区,岡山市中区下110,prefectural,high_school,active,SRC000080,2026-10-02,2026年度硬式加盟校として岡山県高野連公式加盟校一覧から登録。日本高野連2026年5月末集計の59校と一致。
SCH001084,岡山県立西大寺高等学校,岡山県立西大寺高等学校,岡山県立西大寺高等学校,,岡山県立西大寺高等学校,33,岡山市東区,岡山市東区西大寺上2-1-17,prefectural,high_school,active,SRC000080,2026-10-02,2026年度硬式加盟校として岡山県高野連公式加盟校一覧から登録。日本高野連2026年5月末集計の59校と一致。
SCH001085,岡山県立岡山東商業高等学校,岡山県立岡山東商業高等学校,岡山県立岡山東商業高等学校,,岡山県立岡山東商業高等学校,33,岡山市中区,岡山市中区東山3-1-6,prefectural,high_school,active,SRC000080,2026-10-02,2026年度硬式加盟校として岡山県高野連公式加盟校一覧から登録。日本高野連2026年5月末集計の59校と一致。
SCH001086,岡山県立岡山南高等学校,岡山県立岡山南高等学校,岡山県立岡山南高等学校,,岡山県立岡山南高等学校,33,岡山市北区,岡山市北区奥田2-4-7,prefectural,high_school,active,SRC000080,2026-10-02,2026年度硬式加盟校として岡山県高野連公式加盟校一覧から登録。日本高野連2026年5月末集計の59校と一致。
SCH001087,岡山県立岡山工業高等学校,岡山県立岡山工業高等学校,岡山県立岡山工業高等学校,,岡山県立岡山工業高等学校,33,岡山市北区,岡山市北区伊福町4-3-92,prefectural,high_school,active,SRC000080,2026-10-02,2026年度硬式加盟校として岡山県高野連公式加盟校一覧から登録。日本高野連2026年5月末集計の59校と一致。
SCH001088,岡山県立東岡山工業高等学校,岡山県立東岡山工業高等学校,岡山県立東岡山工業高等学校,,岡山県立東岡山工業高等学校,33,岡山市中区,岡山市中区土田290-1,prefectural,high_school,active,SRC000080,2026-10-02,2026年度硬式加盟校として岡山県高野連公式加盟校一覧から登録。日本高野連2026年5月末集計の59校と一致。
SCH001089,岡山県立興陽高等学校,岡山県立興陽高等学校,岡山県立興陽高等学校,,岡山県立興陽高等学校,33,岡山市南区,岡山市南区藤田1500,prefectural,high_school,active,SRC000080,2026-10-02,2026年度硬式加盟校として岡山県高野連公式加盟校一覧から登録。日本高野連2026年5月末集計の59校と一致。
SCH001090,関西高等学校,関西高等学校,関西高等学校,,関西高等学校,33,岡山市北区,岡山市北区西崎本町16-1,private,high_school,active,SRC000080,2026-10-02,2026年度硬式加盟校として岡山県高野連公式加盟校一覧から登録。日本高野連2026年5月末集計の59校と一致。
SCH001091,岡山商科大学附属高等学校,岡山商科大学附属高等学校,岡山商科大学附属高等学校,,岡山商科大学附属高等学校,33,岡山市北区,岡山市北区南方5-2-45,private,high_school,active,SRC000080,2026-10-02,2026年度硬式加盟校として岡山県高野連公式加盟校一覧から登録。日本高野連2026年5月末集計の59校と一致。
SCH001092,岡山理科大学附属高等学校,岡山理科大学附属高等学校,岡山理科大学附属高等学校,,岡山理科大学附属高等学校,33,岡山市北区,岡山市北区理大町1-1,private,high_school,active,SRC000080,2026-10-02,2026年度硬式加盟校として岡山県高野連公式加盟校一覧から登録。日本高野連2026年5月末集計の59校と一致。
SCH001093,岡山高等学校,岡山高等学校,岡山高等学校,,岡山高等学校,33,岡山市南区,岡山市南区箕島1500,private,high_school,active,SRC000080,2026-10-02,2026年度硬式加盟校として岡山県高野連公式加盟校一覧から登録。日本高野連2026年5月末集計の59校と一致。
SCH001094,岡山県立邑久高等学校,岡山県立邑久高等学校,岡山県立邑久高等学校,,岡山県立邑久高等学校,33,瀬戸内市,瀬戸内市邑久町尾張404,prefectural,high_school,active,SRC000080,2026-10-02,2026年度硬式加盟校として岡山県高野連公式加盟校一覧から登録。日本高野連2026年5月末集計の59校と一致。
SCH001095,岡山県立瀬戸高等学校,岡山県立瀬戸高等学校,岡山県立瀬戸高等学校,,岡山県立瀬戸高等学校,33,岡山市東区,岡山市東区瀬戸町光明谷316-1,prefectural,high_school,active,SRC000080,2026-10-02,2026年度硬式加盟校として岡山県高野連公式加盟校一覧から登録。日本高野連2026年5月末集計の59校と一致。
SCH001096,岡山県立備前緑陽高等学校,岡山県立備前緑陽高等学校,岡山県立備前緑陽高等学校,,岡山県立備前緑陽高等学校,33,備前市,備前市西片上91-1,prefectural,high_school,active,SRC000080,2026-10-02,2026年度硬式加盟校として岡山県高野連公式加盟校一覧から登録。日本高野連2026年5月末集計の59校と一致。
SCH001097,岡山県立和気閑谷高等学校,岡山県立和気閑谷高等学校,岡山県立和気閑谷高等学校,,岡山県立和気閑谷高等学校,33,和気町,和気郡和気町尺所15,prefectural,high_school,active,SRC000080,2026-10-02,2026年度硬式加盟校として岡山県高野連公式加盟校一覧から登録。日本高野連2026年5月末集計の59校と一致。
SCH001098,岡山県立岡山御津高等学校,岡山県立岡山御津高等学校,岡山県立岡山御津高等学校,,岡山県立岡山御津高等学校,33,岡山市北区,岡山市北区御津町金川940,prefectural,high_school,active,SRC000080,2026-10-02,2026年度硬式加盟校として岡山県高野連公式加盟校一覧から登録。日本高野連2026年5月末集計の59校と一致。
SCH001099,明誠学院高等学校,明誠学院高等学校,明誠学院高等学校,,明誠学院高等学校,33,岡山市北区,岡山市北区津島西坂3-5-1,private,high_school,active,SRC000080,2026-10-02,2026年度硬式加盟校として岡山県高野連公式加盟校一覧から登録。日本高野連2026年5月末集計の59校と一致。
SCH001100,岡山学芸館高等学校,岡山学芸館高等学校,岡山学芸館高等学校,,岡山学芸館高等学校,33,岡山市東区,岡山市東区西大寺上1-19-19,private,high_school,active,SRC000080,2026-10-02,2026年度硬式加盟校として岡山県高野連公式加盟校一覧から登録。日本高野連2026年5月末集計の59校と一致。
SCH001101,岡山白陵高等学校,岡山白陵高等学校,岡山白陵高等学校,,岡山白陵高等学校,33,赤磐市,赤磐市勢力588,private,high_school,active,SRC000080,2026-10-02,2026年度硬式加盟校として岡山県高野連公式加盟校一覧から登録。日本高野連2026年5月末集計の59校と一致。
SCH001102,創志学園高等学校,創志学園高等学校,創志学園高等学校,,創志学園高等学校,33,岡山市北区,岡山市北区下伊福西町7-38,private,high_school,active,SRC000080,2026-10-02,2026年度硬式加盟校として岡山県高野連公式加盟校一覧から登録。日本高野連2026年5月末集計の59校と一致。
SCH001103,就実高等学校,就実高等学校,就実高等学校,,就実高等学校,33,岡山市北区,岡山市北区弓之町14-23,private,high_school,active,SRC000080,2026-10-02,2026年度硬式加盟校として岡山県高野連公式加盟校一覧から登録。日本高野連2026年5月末集計の59校と一致。
SCH001104,山陽学園高等学校,山陽学園高等学校,山陽学園高等学校,,山陽学園高等学校,33,岡山市中区,岡山市中区門田屋敷2-2-16,private,high_school,active,SRC000080,2026-10-02,2026年度硬式加盟校として岡山県高野連公式加盟校一覧から登録。日本高野連2026年5月末集計の59校と一致。
SCH001105,岡山県立倉敷青陵高等学校,岡山県立倉敷青陵高等学校,岡山県立倉敷青陵高等学校,,岡山県立倉敷青陵高等学校,33,倉敷市,倉敷市羽島1046-2,prefectural,high_school,active,SRC000080,2026-10-02,2026年度硬式加盟校として岡山県高野連公式加盟校一覧から登録。日本高野連2026年5月末集計の59校と一致。
SCH001106,岡山県立倉敷天城高等学校,岡山県立倉敷天城高等学校,岡山県立倉敷天城高等学校,,岡山県立倉敷天城高等学校,33,倉敷市,倉敷市藤戸町天城269,prefectural,high_school,active,SRC000080,2026-10-02,2026年度硬式加盟校として岡山県高野連公式加盟校一覧から登録。日本高野連2026年5月末集計の59校と一致。
SCH001107,岡山県立倉敷南高等学校,岡山県立倉敷南高等学校,岡山県立倉敷南高等学校,,岡山県立倉敷南高等学校,33,倉敷市,倉敷市吉岡330,prefectural,high_school,active,SRC000080,2026-10-02,2026年度硬式加盟校として岡山県高野連公式加盟校一覧から登録。日本高野連2026年5月末集計の59校と一致。
SCH001108,岡山県立倉敷古城池高等学校,岡山県立倉敷古城池高等学校,岡山県立倉敷古城池高等学校,,岡山県立倉敷古城池高等学校,33,倉敷市,倉敷市福田町古新田116-1,prefectural,high_school,active,SRC000080,2026-10-02,2026年度硬式加盟校として岡山県高野連公式加盟校一覧から登録。日本高野連2026年5月末集計の59校と一致。
SCH001109,岡山県立倉敷商業高等学校,岡山県立倉敷商業高等学校,岡山県立倉敷商業高等学校,,岡山県立倉敷商業高等学校,33,倉敷市,倉敷市白楽町545,prefectural,high_school,active,SRC000080,2026-10-02,2026年度硬式加盟校として岡山県高野連公式加盟校一覧から登録。日本高野連2026年5月末集計の59校と一致。
SCH001110,岡山県立倉敷工業高等学校,岡山県立倉敷工業高等学校,岡山県立倉敷工業高等学校,,岡山県立倉敷工業高等学校,33,倉敷市,倉敷市老松町4-9-1,prefectural,high_school,active,SRC000080,2026-10-02,2026年度硬式加盟校として岡山県高野連公式加盟校一覧から登録。日本高野連2026年5月末集計の59校と一致。
SCH001111,岡山県立水島工業高等学校,岡山県立水島工業高等学校,岡山県立水島工業高等学校,,岡山県立水島工業高等学校,33,倉敷市,倉敷市西阿知町1230,prefectural,high_school,active,SRC000080,2026-10-02,2026年度硬式加盟校として岡山県高野連公式加盟校一覧から登録。日本高野連2026年5月末集計の59校と一致。
SCH001112,岡山県立倉敷鷲羽高等学校,岡山県立倉敷鷲羽高等学校,岡山県立倉敷鷲羽高等学校,,岡山県立倉敷鷲羽高等学校,33,倉敷市,倉敷市児島味野山田町2301,prefectural,high_school,active,SRC000080,2026-10-02,2026年度硬式加盟校として岡山県高野連公式加盟校一覧から登録。日本高野連2026年5月末集計の59校と一致。
SCH001113,岡山県立玉野高等学校,岡山県立玉野高等学校,岡山県立玉野高等学校,,岡山県立玉野高等学校,33,玉野市,玉野市築港3-11-1,prefectural,high_school,active,SRC000080,2026-10-02,2026年度硬式加盟校として岡山県高野連公式加盟校一覧から登録。日本高野連2026年5月末集計の59校と一致。
SCH001114,岡山県立玉野光南高等学校,岡山県立玉野光南高等学校,岡山県立玉野光南高等学校,,岡山県立玉野光南高等学校,33,玉野市東七区,玉野市東七区244,prefectural,high_school,active,SRC000080,2026-10-02,2026年度硬式加盟校として岡山県高野連公式加盟校一覧から登録。日本高野連2026年5月末集計の59校と一致。
SCH001115,玉野市立玉野商工高等学校,玉野市立玉野商工高等学校,玉野市立玉野商工高等学校,,玉野市立玉野商工高等学校,33,玉野市,玉野市玉6-1-1,municipal,high_school,active,SRC000080,2026-10-02,2026年度硬式加盟校として岡山県高野連公式加盟校一覧から登録。日本高野連2026年5月末集計の59校と一致。
SCH001116,倉敷高等学校,倉敷高等学校,倉敷高等学校,,倉敷高等学校,33,倉敷市,倉敷市鳥羽283,private,high_school,active,SRC000080,2026-10-02,2026年度硬式加盟校として岡山県高野連公式加盟校一覧から登録。日本高野連2026年5月末集計の59校と一致。
SCH001117,岡山県立玉島商業高等学校,岡山県立玉島商業高等学校,岡山県立玉島商業高等学校,,岡山県立玉島商業高等学校,33,倉敷市,倉敷市玉島中央町2-9-30,prefectural,high_school,active,SRC000080,2026-10-02,2026年度硬式加盟校として岡山県高野連公式加盟校一覧から登録。日本高野連2026年5月末集計の59校と一致。
SCH001118,岡山県立笠岡商業高等学校,岡山県立笠岡商業高等学校,岡山県立笠岡商業高等学校,,岡山県立笠岡商業高等学校,33,笠岡市,笠岡市笠岡3203,prefectural,high_school,active,SRC000080,2026-10-02,2026年度硬式加盟校として岡山県高野連公式加盟校一覧から登録。日本高野連2026年5月末集計の59校と一致。
SCH001119,岡山県立笠岡工業高等学校,岡山県立笠岡工業高等学校,岡山県立笠岡工業高等学校,,岡山県立笠岡工業高等学校,33,笠岡市,笠岡市横島808,prefectural,high_school,active,SRC000080,2026-10-02,2026年度硬式加盟校として岡山県高野連公式加盟校一覧から登録。日本高野連2026年5月末集計の59校と一致。
SCH001120,岡山県立総社南高等学校,岡山県立総社南高等学校,岡山県立総社南高等学校,,岡山県立総社南高等学校,33,総社市,総社市三輪626-1,prefectural,high_school,active,SRC000080,2026-10-02,2026年度硬式加盟校として岡山県高野連公式加盟校一覧から登録。日本高野連2026年5月末集計の59校と一致。
SCH001121,金光学園高等学校,金光学園高等学校,金光学園高等学校,,金光学園高等学校,33,浅口市,浅口市金光町占見新田1350,private,high_school,active,SRC000080,2026-10-02,2026年度硬式加盟校として岡山県高野連公式加盟校一覧から登録。日本高野連2026年5月末集計の59校と一致。 高野連ページの旧自治体表記は現行学校公式（SRC000100）で補正。
SCH001122,おかやま山陽高等学校,おかやま山陽高等学校,おかやま山陽高等学校,,おかやま山陽高等学校,33,浅口市,浅口市鴨方町六条院中2069,private,high_school,active,SRC000080,2026-10-02,2026年度硬式加盟校として岡山県高野連公式加盟校一覧から登録。日本高野連2026年5月末集計の59校と一致。 高野連ページの旧自治体表記は現行学校公式（SRC000101）で補正。
SCH001123,興譲館高等学校,興譲館高等学校,興譲館高等学校,,興譲館高等学校,33,井原市,井原市西江原町2257-1,private,high_school,active,SRC000080,2026-10-02,2026年度硬式加盟校として岡山県高野連公式加盟校一覧から登録。日本高野連2026年5月末集計の59校と一致。
SCH001124,岡山県立高梁高等学校,岡山県立高梁高等学校,岡山県立高梁高等学校,,岡山県立高梁高等学校,33,高梁市,高梁市内山下38,prefectural,high_school,active,SRC000080,2026-10-02,2026年度硬式加盟校として岡山県高野連公式加盟校一覧から登録。日本高野連2026年5月末集計の59校と一致。
SCH001125,吉備高原学園高等学校,吉備高原学園高等学校,吉備高原学園高等学校,,吉備高原学園高等学校,33,吉備中央町,加賀郡吉備中央町上野2400,private,high_school,active,SRC000080,2026-10-02,2026年度硬式加盟校として岡山県高野連公式加盟校一覧から登録。日本高野連2026年5月末集計の59校と一致。 高野連ページの旧自治体表記は現行学校公式（SRC000102）で補正。
SCH001126,方谷學舎高等学校,方谷學舎高等学校,方谷學舎高等学校,,方谷學舎高等学校,33,高梁市,高梁市内山下150,private,high_school,active,SRC000080,2026-10-02,2026年度硬式加盟校として岡山県高野連公式加盟校一覧から登録。日本高野連2026年5月末集計の59校と一致。
SCH001127,倉敷翠松高等学校,倉敷翠松高等学校,倉敷翠松高等学校,,倉敷翠松高等学校,33,倉敷市,倉敷市平田155,private,high_school,active,SRC000080,2026-10-02,2026年度硬式加盟校として岡山県高野連公式加盟校一覧から登録。日本高野連2026年5月末集計の59校と一致。
SCH001128,作陽学園高等学校,作陽学園高等学校,作陽学園高等学校,,作陽学園高等学校,33,倉敷市,倉敷市玉島八島1541-1,private,high_school,active,SRC000080,2026-10-02,2026年度硬式加盟校として岡山県高野連公式加盟校一覧から登録。日本高野連2026年5月末集計の59校と一致。
SCH001129,岡山県立津山高等学校,岡山県立津山高等学校,岡山県立津山高等学校,,岡山県立津山高等学校,33,津山市,津山市椿高下62,prefectural,high_school,active,SRC000080,2026-10-02,2026年度硬式加盟校として岡山県高野連公式加盟校一覧から登録。日本高野連2026年5月末集計の59校と一致。
SCH001130,岡山県立津山商業高等学校,岡山県立津山商業高等学校,岡山県立津山商業高等学校,,岡山県立津山商業高等学校,33,津山市,津山市山北531,prefectural,high_school,active,SRC000080,2026-10-02,2026年度硬式加盟校として岡山県高野連公式加盟校一覧から登録。日本高野連2026年5月末集計の59校と一致。
SCH001131,岡山県立津山工業高等学校,岡山県立津山工業高等学校,岡山県立津山工業高等学校,,岡山県立津山工業高等学校,33,津山市,津山市山北411-1,prefectural,high_school,active,SRC000080,2026-10-02,2026年度硬式加盟校として岡山県高野連公式加盟校一覧から登録。日本高野連2026年5月末集計の59校と一致。
SCH001132,岡山県立津山東高等学校,岡山県立津山東高等学校,岡山県立津山東高等学校,,岡山県立津山東高等学校,33,津山市,津山市林田1200,prefectural,high_school,active,SRC000080,2026-10-02,2026年度硬式加盟校として岡山県高野連公式加盟校一覧から登録。日本高野連2026年5月末集計の59校と一致。
SCH001133,津山工業高等専門学校,津山工業高等専門学校,津山工業高等専門学校,,津山工業高等専門学校,33,津山市,津山市沼624-1,national,technical_college,active,SRC000080,2026-10-02,2026年度硬式加盟校として岡山県高野連公式加盟校一覧から登録。日本高野連2026年5月末集計の59校と一致。
SCH001134,岡山県立勝山高等学校,岡山県立勝山高等学校,岡山県立勝山高等学校,,岡山県立勝山高等学校,33,真庭市,真庭市勝山481,prefectural,high_school,active,SRC000080,2026-10-02,2026年度硬式加盟校として岡山県高野連公式加盟校一覧から登録。日本高野連2026年5月末集計の59校と一致。 高野連ページの旧自治体表記は現行学校公式（SRC000103）で補正。
SCH001135,岡山県立林野高等学校,岡山県立林野高等学校,岡山県立林野高等学校,,岡山県立林野高等学校,33,美作市,美作市三倉田58-1,prefectural,high_school,active,SRC000080,2026-10-02,2026年度硬式加盟校として岡山県高野連公式加盟校一覧から登録。日本高野連2026年5月末集計の59校と一致。
SCH001136,岡山県美作高等学校,岡山県美作高等学校,岡山県美作高等学校,,岡山県美作高等学校,33,津山市,津山市山北500,private,high_school,active,SRC000080,2026-10-02,2026年度硬式加盟校として岡山県高野連公式加盟校一覧から登録。日本高野連2026年5月末集計の59校と一致。
SCH001137,徳島県立城東高等学校,徳島県立城東高等学校,徳島県立城東高等学校,,徳島県立城東高等学校,36,徳島市,徳島市中徳島町1-5,prefectural,high_school,active,SRC000083,2026-10-02,2026年度硬式加盟校として徳島県高野連の令和8年度加盟校導線と加盟校一覧を照合して登録。日本高野連2026年5月末集計30校と一致。
SCH001138,徳島県立城南高等学校,徳島県立城南高等学校,徳島県立城南高等学校,,徳島県立城南高等学校,36,徳島市,徳島市城南町2-2-88,prefectural,high_school,active,SRC000083,2026-10-02,2026年度硬式加盟校として徳島県高野連の令和8年度加盟校導線と加盟校一覧を照合して登録。日本高野連2026年5月末集計30校と一致。
SCH001139,徳島県立城北高等学校,徳島県立城北高等学校,徳島県立城北高等学校,,徳島県立城北高等学校,36,徳島市,徳島市北田宮4-13-6,prefectural,high_school,active,SRC000083,2026-10-02,2026年度硬式加盟校として徳島県高野連の令和8年度加盟校導線と加盟校一覧を照合して登録。日本高野連2026年5月末集計30校と一致。
SCH001140,徳島県立城ノ内中等教育学校,徳島県立城ノ内中等教育学校,徳島県立城ノ内中等教育学校,,徳島県立城ノ内中等教育学校,36,徳島市,徳島市北田宮1-9-30,prefectural,secondary_school,active,SRC000083,2026-10-02,2026年度硬式加盟校として徳島県高野連の令和8年度加盟校導線と加盟校一覧を照合して登録。日本高野連2026年5月末集計30校と一致。 旧一覧の城ノ内高校表記は現行校公式（SRC000104）により現校名へ補正。
SCH001141,徳島県立徳島北高等学校,徳島県立徳島北高等学校,徳島県立徳島北高等学校,,徳島県立徳島北高等学校,36,徳島市,徳島市応神町吉成字中ノ瀬40-6,prefectural,high_school,active,SRC000083,2026-10-02,2026年度硬式加盟校として徳島県高野連の令和8年度加盟校導線と加盟校一覧を照合して登録。日本高野連2026年5月末集計30校と一致。
SCH001142,徳島市立高等学校,徳島市立高等学校,徳島市立高等学校,,徳島市立高等学校,36,徳島市,徳島市北沖洲1-15-60,municipal,high_school,active,SRC000083,2026-10-02,2026年度硬式加盟校として徳島県高野連の令和8年度加盟校導線と加盟校一覧を照合して登録。日本高野連2026年5月末集計30校と一致。
SCH001143,徳島県立城西高等学校,徳島県立城西高等学校,徳島県立城西高等学校,,徳島県立城西高等学校,36,徳島市,徳島市鮎喰町2-1,prefectural,high_school,active,SRC000083,2026-10-02,2026年度硬式加盟校として徳島県高野連の令和8年度加盟校導線と加盟校一覧を照合して登録。日本高野連2026年5月末集計30校と一致。
SCH001144,徳島県立徳島科学技術高等学校,徳島県立徳島科学技術高等学校,徳島県立徳島科学技術高等学校,,徳島県立徳島科学技術高等学校,36,徳島市,徳島市北矢三町2-1-1,prefectural,high_school,active,SRC000083,2026-10-02,2026年度硬式加盟校として徳島県高野連の令和8年度加盟校導線と加盟校一覧を照合して登録。日本高野連2026年5月末集計30校と一致。
SCH001145,徳島県立徳島商業高等学校,徳島県立徳島商業高等学校,徳島県立徳島商業高等学校,,徳島県立徳島商業高等学校,36,徳島市,徳島市城東町1-4-1,prefectural,high_school,active,SRC000083,2026-10-02,2026年度硬式加盟校として徳島県高野連の令和8年度加盟校導線と加盟校一覧を照合して登録。日本高野連2026年5月末集計30校と一致。
SCH001146,徳島県立小松島高等学校,徳島県立小松島高等学校,徳島県立小松島高等学校,,徳島県立小松島高等学校,36,小松島市,小松島市日開野町字高須47-1,prefectural,high_school,active,SRC000083,2026-10-02,2026年度硬式加盟校として徳島県高野連の令和8年度加盟校導線と加盟校一覧を照合して登録。日本高野連2026年5月末集計30校と一致。
SCH001147,徳島県立小松島西高等学校,徳島県立小松島西高等学校,徳島県立小松島西高等学校,,徳島県立小松島西高等学校,36,小松島市,小松島市中田町字原ノ下28-1,prefectural,high_school,active,SRC000083,2026-10-02,2026年度硬式加盟校として徳島県高野連の令和8年度加盟校導線と加盟校一覧を照合して登録。日本高野連2026年5月末集計30校と一致。
SCH001148,徳島県立富岡西高等学校,徳島県立富岡西高等学校,徳島県立富岡西高等学校,,徳島県立富岡西高等学校,36,阿南市,阿南市富岡町小山18-3,prefectural,high_school,active,SRC000083,2026-10-02,2026年度硬式加盟校として徳島県高野連の令和8年度加盟校導線と加盟校一覧を照合して登録。日本高野連2026年5月末集計30校と一致。
SCH001149,徳島県立阿南光高等学校,徳島県立阿南光高等学校,徳島県立阿南光高等学校,,徳島県立阿南光高等学校,36,阿南市,阿南市宝田町今市中新開10-6,prefectural,high_school,active,SRC000083,2026-10-02,2026年度硬式加盟校として徳島県高野連の令和8年度加盟校導線と加盟校一覧を照合して登録。日本高野連2026年5月末集計30校と一致。
SCH001150,徳島県立那賀高等学校,徳島県立那賀高等学校,徳島県立那賀高等学校,,徳島県立那賀高等学校,36,那賀町,那賀郡那賀町小仁宇字大坪179-1,prefectural,high_school,active,SRC000083,2026-10-02,2026年度硬式加盟校として徳島県高野連の令和8年度加盟校導線と加盟校一覧を照合して登録。日本高野連2026年5月末集計30校と一致。
SCH001151,徳島県立海部高等学校,徳島県立海部高等学校,徳島県立海部高等学校,,徳島県立海部高等学校,36,海陽町,海部郡海陽町大里字古畑58-2,prefectural,high_school,active,SRC000083,2026-10-02,2026年度硬式加盟校として徳島県高野連の令和8年度加盟校導線と加盟校一覧を照合して登録。日本高野連2026年5月末集計30校と一致。
SCH001152,徳島県立鳴門高等学校,徳島県立鳴門高等学校,徳島県立鳴門高等学校,,徳島県立鳴門高等学校,36,鳴門市,鳴門市撫養町斎田字岩崎135-1,prefectural,high_school,active,SRC000083,2026-10-02,2026年度硬式加盟校として徳島県高野連の令和8年度加盟校導線と加盟校一覧を照合して登録。日本高野連2026年5月末集計30校と一致。
SCH001153,徳島県立鳴門渦潮高等学校,徳島県立鳴門渦潮高等学校,徳島県立鳴門渦潮高等学校,,徳島県立鳴門渦潮高等学校,36,鳴門市,鳴門市大津町吉永595,prefectural,high_school,active,SRC000083,2026-10-02,2026年度硬式加盟校として徳島県高野連の令和8年度加盟校導線と加盟校一覧を照合して登録。日本高野連2026年5月末集計30校と一致。
SCH001154,徳島県立板野高等学校,徳島県立板野高等学校,徳島県立板野高等学校,,徳島県立板野高等学校,36,板野町,板野郡板野町川端字関ノ本47,prefectural,high_school,active,SRC000083,2026-10-02,2026年度硬式加盟校として徳島県高野連の令和8年度加盟校導線と加盟校一覧を照合して登録。日本高野連2026年5月末集計30校と一致。
SCH001155,徳島県立名西高等学校,徳島県立名西高等学校,徳島県立名西高等学校,,徳島県立名西高等学校,36,石井町,名西郡石井町石井字石井21-11,prefectural,high_school,active,SRC000083,2026-10-02,2026年度硬式加盟校として徳島県高野連の令和8年度加盟校導線と加盟校一覧を照合して登録。日本高野連2026年5月末集計30校と一致。
SCH001156,徳島県立吉野川高等学校,徳島県立吉野川高等学校,徳島県立吉野川高等学校,,徳島県立吉野川高等学校,36,吉野川市,吉野川市鴨島町喜来681-9,prefectural,high_school,active,SRC000083,2026-10-02,2026年度硬式加盟校として徳島県高野連の令和8年度加盟校導線と加盟校一覧を照合して登録。日本高野連2026年5月末集計30校と一致。
SCH001157,徳島県立川島高等学校,徳島県立川島高等学校,徳島県立川島高等学校,,徳島県立川島高等学校,36,吉野川市,吉野川市川島町桑村字岡山367,prefectural,high_school,active,SRC000083,2026-10-02,2026年度硬式加盟校として徳島県高野連の令和8年度加盟校導線と加盟校一覧を照合して登録。日本高野連2026年5月末集計30校と一致。
SCH001158,徳島県立阿波高等学校,徳島県立阿波高等学校,徳島県立阿波高等学校,,徳島県立阿波高等学校,36,阿波市,阿波市吉野町柿原字ヒロナカ180,prefectural,high_school,active,SRC000083,2026-10-02,2026年度硬式加盟校として徳島県高野連の令和8年度加盟校導線と加盟校一覧を照合して登録。日本高野連2026年5月末集計30校と一致。
SCH001159,徳島県立阿波西高等学校,徳島県立阿波西高等学校,徳島県立阿波西高等学校,,徳島県立阿波西高等学校,36,阿波市,阿波市阿波町下喜来南228-1,prefectural,high_school,active,SRC000083,2026-10-02,2026年度硬式加盟校として徳島県高野連の令和8年度加盟校導線と加盟校一覧を照合して登録。日本高野連2026年5月末集計30校と一致。
SCH001160,徳島県立穴吹高等学校,徳島県立穴吹高等学校,徳島県立穴吹高等学校,,徳島県立穴吹高等学校,36,美馬市,美馬市穴吹町穴吹字岡33,prefectural,high_school,active,SRC000083,2026-10-02,2026年度硬式加盟校として徳島県高野連の令和8年度加盟校導線と加盟校一覧を照合して登録。日本高野連2026年5月末集計30校と一致。
SCH001161,徳島県立脇町高等学校,徳島県立脇町高等学校,徳島県立脇町高等学校,,徳島県立脇町高等学校,36,美馬市,美馬市脇町大字脇町1270-2,prefectural,high_school,active,SRC000083,2026-10-02,2026年度硬式加盟校として徳島県高野連の令和8年度加盟校導線と加盟校一覧を照合して登録。日本高野連2026年5月末集計30校と一致。
SCH001162,徳島県立つるぎ高等学校,徳島県立つるぎ高等学校,徳島県立つるぎ高等学校,,徳島県立つるぎ高等学校,36,つるぎ町,美馬郡つるぎ町貞光字馬出63-2,prefectural,high_school,active,SRC000083,2026-10-02,2026年度硬式加盟校として徳島県高野連の令和8年度加盟校導線と加盟校一覧を照合して登録。日本高野連2026年5月末集計30校と一致。 住所は現行校公式（SRC000105）で補正。
SCH001163,徳島県立池田高等学校辻校,徳島県立池田高等学校辻校,徳島県立池田高等学校辻校,,徳島県立池田高等学校辻校,36,三好市,三好市井川町御領田61-1,prefectural,high_school,active,SRC000083,2026-10-02,2026年度硬式加盟校として徳島県高野連の令和8年度加盟校導線と加盟校一覧を照合して登録。日本高野連2026年5月末集計30校と一致。
SCH001164,徳島県立池田高等学校,徳島県立池田高等学校,徳島県立池田高等学校,,徳島県立池田高等学校,36,三好市,三好市池田町ウヱノ2834,prefectural,high_school,active,SRC000083,2026-10-02,2026年度硬式加盟校として徳島県高野連の令和8年度加盟校導線と加盟校一覧を照合して登録。日本高野連2026年5月末集計30校と一致。
SCH001165,生光学園高等学校,生光学園高等学校,生光学園高等学校,,生光学園高等学校,36,徳島市,徳島市応神町中原38,private,high_school,active,SRC000083,2026-10-02,2026年度硬式加盟校として徳島県高野連の令和8年度加盟校導線と加盟校一覧を照合して登録。日本高野連2026年5月末集計30校と一致。
SCH001166,阿南工業高等専門学校,阿南工業高等専門学校,阿南工業高等専門学校,,阿南工業高等専門学校,36,阿南市,阿南市見能林町青木265,national,technical_college,active,SRC000083,2026-10-02,2026年度硬式加盟校として徳島県高野連の令和8年度加盟校導線と加盟校一覧を照合して登録。日本高野連2026年5月末集計30校と一致。
SCH001167,橋本高校,和歌山県立橋本高等学校,橋本,,橋本高校,30,橋本市,橋本市古佐田4-10-1,prefectural,high_school,active,SRC000077,2026-10-02,2026年度硬式加盟校として和歌山県高野連公式加盟校紹介（SRC000077）から登録。所在地・正式名称は補完出典 SRC000106 を使用。
SCH001168,初芝橋本高校,初芝橋本高等学校,初芝橋本,,初芝橋本高校,30,橋本市,橋本市小峰台2丁目6番地の1,private,high_school,active,SRC000077,2026-10-02,2026年度硬式加盟校として和歌山県高野連公式加盟校紹介（SRC000077）から登録。所在地・正式名称は補完出典 SRC000107 を使用。
SCH001169,紀北工業高校,和歌山県立紀北工業高等学校,紀北工業,,紀北工業高校,30,橋本市,橋本市神野々809,prefectural,high_school,active,SRC000077,2026-10-02,2026年度硬式加盟校として和歌山県高野連公式加盟校紹介（SRC000077）から登録。所在地・正式名称は補完出典 SRC000106 を使用。
SCH001170,高野山高校,高野山高等学校,高野山,,高野山高校,30,高野町,伊都郡高野町高野山212,private,high_school,active,SRC000077,2026-10-02,2026年度硬式加盟校として和歌山県高野連公式加盟校紹介（SRC000077）から登録。所在地・正式名称は補完出典 SRC000107 を使用。
SCH001171,紀北農芸高校,和歌山県立紀北農芸高等学校,紀北農芸,,紀北農芸高校,30,かつらぎ町,伊都郡かつらぎ町妙寺1781,prefectural,high_school,active,SRC000077,2026-10-02,2026年度硬式加盟校として和歌山県高野連公式加盟校紹介（SRC000077）から登録。所在地・正式名称は補完出典 SRC000106 を使用。
SCH001172,笠田高校,和歌山県立笠田高等学校,笠田,,笠田高校,30,かつらぎ町,伊都郡かつらぎ町笠田東825,prefectural,high_school,active,SRC000077,2026-10-02,2026年度硬式加盟校として和歌山県高野連公式加盟校紹介（SRC000077）から登録。所在地・正式名称は補完出典 SRC000106 を使用。
SCH001173,粉河高校,和歌山県立粉河高等学校,粉河,,粉河高校,30,紀の川市,紀の川市粉河4632,prefectural,high_school,active,SRC000077,2026-10-02,2026年度硬式加盟校として和歌山県高野連公式加盟校紹介（SRC000077）から登録。所在地・正式名称は補完出典 SRC000106 を使用。
SCH001174,那賀高校,和歌山県立那賀高等学校,那賀,,那賀高校,30,岩出市,岩出市高塚115,prefectural,high_school,active,SRC000077,2026-10-02,2026年度硬式加盟校として和歌山県高野連公式加盟校紹介（SRC000077）から登録。所在地・正式名称は補完出典 SRC000106 を使用。
SCH001175,貴志川高校,和歌山県立貴志川高等学校,貴志川,,貴志川高校,30,紀の川市,紀の川市貴志川町長原400,prefectural,high_school,active,SRC000077,2026-10-02,2026年度硬式加盟校として和歌山県高野連公式加盟校紹介（SRC000077）から登録。所在地・正式名称は補完出典 SRC000106 を使用。
SCH001176,県立和歌山高校,和歌山県立和歌山高等学校,県立和歌山,,県立和歌山高校,30,和歌山市,和歌山市新庄188,prefectural,high_school,active,SRC000077,2026-10-02,2026年度硬式加盟校として和歌山県高野連公式加盟校紹介（SRC000077）から登録。所在地・正式名称は補完出典 SRC000106 を使用。
SCH001177,向陽高校,和歌山県立向陽高等学校,向陽,,向陽高校,30,和歌山市,和歌山市太田127,prefectural,high_school,active,SRC000077,2026-10-02,2026年度硬式加盟校として和歌山県高野連公式加盟校紹介（SRC000077）から登録。所在地・正式名称は補完出典 SRC000106 を使用。
SCH001178,和歌山東高校,和歌山県立和歌山東高等学校,和歌山東,,和歌山東高校,30,和歌山市,和歌山市森小手穂136,prefectural,high_school,active,SRC000077,2026-10-02,2026年度硬式加盟校として和歌山県高野連公式加盟校紹介（SRC000077）から登録。所在地・正式名称は補完出典 SRC000106 を使用。
SCH001179,市立和歌山高校,和歌山市立和歌山高等学校,市立和歌山,,市立和歌山高校,30,和歌山市,和歌山市六十谷45,municipal,high_school,active,SRC000077,2026-10-02,2026年度硬式加盟校として和歌山県高野連公式加盟校紹介（SRC000077）から登録。所在地・正式名称は補完出典 SRC000106 を使用。
SCH001180,和歌山北高校,和歌山県立和歌山北高等学校,和歌山北,,和歌山北高校,30,和歌山市,和歌山市市小路388,prefectural,high_school,active,SRC000077,2026-10-02,2026年度硬式加盟校として和歌山県高野連公式加盟校紹介（SRC000077）から登録。所在地・正式名称は補完出典 SRC000106 を使用。 住所は北校舎所在地を採用。
SCH001181,桐蔭高校,和歌山県立桐蔭高等学校,桐蔭,,桐蔭高校,30,和歌山市,和歌山市吹上5-6-18,prefectural,high_school,active,SRC000077,2026-10-02,2026年度硬式加盟校として和歌山県高野連公式加盟校紹介（SRC000077）から登録。所在地・正式名称は補完出典 SRC000106 を使用。
SCH001182,和歌山商業高校,和歌山県立和歌山商業高等学校,和歌山商業,,和歌山商業高校,30,和歌山市,和歌山市砂山南3-3-94,prefectural,high_school,active,SRC000077,2026-10-02,2026年度硬式加盟校として和歌山県高野連公式加盟校紹介（SRC000077）から登録。所在地・正式名称は補完出典 SRC000106 を使用。
SCH001183,和歌山工業高校,和歌山県立和歌山工業高等学校,和歌山工業,,和歌山工業高校,30,和歌山市,和歌山市西浜3-6-1,prefectural,high_school,active,SRC000077,2026-10-02,2026年度硬式加盟校として和歌山県高野連公式加盟校紹介（SRC000077）から登録。所在地・正式名称は補完出典 SRC000106 を使用。
SCH001184,星林高校,和歌山県立星林高等学校,星林,,星林高校,30,和歌山市,和歌山市西浜2-9-9,prefectural,high_school,active,SRC000077,2026-10-02,2026年度硬式加盟校として和歌山県高野連公式加盟校紹介（SRC000077）から登録。所在地・正式名称は補完出典 SRC000106 を使用。
SCH001185,智辯和歌山高校,智辯学園和歌山高等学校,智辯和歌山,,智辯和歌山高校,30,和歌山市,和歌山市冬野2066番地の1,private,high_school,active,SRC000077,2026-10-02,2026年度硬式加盟校として和歌山県高野連公式加盟校紹介（SRC000077）から登録。所在地・正式名称は補完出典 SRC000107 を使用。
SCH001186,海南高校,和歌山県立海南高等学校,海南,,海南高校,30,海南市,海南市大野中651,prefectural,high_school,active,SRC000077,2026-10-02,2026年度硬式加盟校として和歌山県高野連公式加盟校紹介（SRC000077）から登録。所在地・正式名称は補完出典 SRC000106 を使用。
SCH001187,慶風高校,慶風高等学校,慶風,,慶風高校,30,紀美野町,海草郡紀美野町田64番地,private,high_school,active,SRC000077,2026-10-02,2026年度硬式加盟校として和歌山県高野連公式加盟校紹介（SRC000077）から登録。所在地・正式名称は補完出典 SRC000107 を使用。
SCH001188,箕島高校,和歌山県立箕島高等学校,箕島,,箕島高校,30,有田市,有田市箕島55,prefectural,high_school,active,SRC000077,2026-10-02,2026年度硬式加盟校として和歌山県高野連公式加盟校紹介（SRC000077）から登録。所在地・正式名称は補完出典 SRC000106 を使用。
SCH001189,有田中央高校,和歌山県立有田中央高等学校,有田中央,,有田中央高校,30,有田川町,有田郡有田川町下津野459,prefectural,high_school,active,SRC000077,2026-10-02,2026年度硬式加盟校として和歌山県高野連公式加盟校紹介（SRC000077）から登録。所在地・正式名称は補完出典 SRC000106 を使用。
SCH001190,耐久高校,和歌山県立耐久高等学校,耐久,,耐久高校,30,湯浅町,有田郡湯浅町湯浅1985,prefectural,high_school,active,SRC000077,2026-10-02,2026年度硬式加盟校として和歌山県高野連公式加盟校紹介（SRC000077）から登録。所在地・正式名称は補完出典 SRC000106 を使用。
SCH001191,紀央館高校,和歌山県立紀央館高等学校,紀央館,,紀央館高校,30,御坊市,御坊市湯川町小松原43-1,prefectural,high_school,active,SRC000077,2026-10-02,2026年度硬式加盟校として和歌山県高野連公式加盟校紹介（SRC000077）から登録。所在地・正式名称は補完出典 SRC000106 を使用。
SCH001192,日高高校,和歌山県立日高高等学校,日高,,日高高校,30,御坊市,御坊市島45,prefectural,high_school,active,SRC000077,2026-10-02,2026年度硬式加盟校として和歌山県高野連公式加盟校紹介（SRC000077）から登録。所在地・正式名称は補完出典 SRC000106 を使用。
SCH001193,日高中津分校,和歌山県立日高高等学校中津分校,日高中津分校,,日高中津分校,30,日高川町,日高郡日高川町西原357,prefectural,high_school,active,SRC000077,2026-10-02,2026年度硬式加盟校として和歌山県高野連公式加盟校紹介（SRC000077）から登録。所在地・正式名称は補完出典 SRC000106 を使用。
SCH001194,和歌山南陵高校,和歌山南陵高等学校,和歌山南陵,,和歌山南陵高校,30,日高川町,日高郡日高川町和佐2223-5,private,high_school,active,SRC000077,2026-10-02,2026年度硬式加盟校として和歌山県高野連公式加盟校紹介（SRC000077）から登録。所在地・正式名称は補完出典 SRC000107 を使用。
SCH001195,和歌山高専,和歌山工業高等専門学校,和歌山高専,,和歌山高専,30,御坊市,御坊市名田町野島77,national,technical_college,active,SRC000077,2026-10-02,2026年度硬式加盟校として和歌山県高野連公式加盟校紹介（SRC000077）から登録。所在地・正式名称は補完出典 SRC000108 を使用。
SCH001196,南部高校,和歌山県立南部高等学校,南部,,南部高校,30,みなべ町,日高郡みなべ町芝407,prefectural,high_school,active,SRC000077,2026-10-02,2026年度硬式加盟校として和歌山県高野連公式加盟校紹介（SRC000077）から登録。所在地・正式名称は補完出典 SRC000106 を使用。
SCH001197,南部龍神分校,和歌山県立南部高等学校龍神分校,南部龍神分校,,南部龍神分校,30,田辺市,田辺市龍神村安井469,prefectural,high_school,active,SRC000077,2026-10-02,2026年度硬式加盟校として和歌山県高野連公式加盟校紹介（SRC000077）から登録。所在地・正式名称は補完出典 SRC000106 を使用。
SCH001198,田辺高校,和歌山県立田辺高等学校,田辺,,田辺高校,30,田辺市,田辺市学園1-71,prefectural,high_school,active,SRC000077,2026-10-02,2026年度硬式加盟校として和歌山県高野連公式加盟校紹介（SRC000077）から登録。所在地・正式名称は補完出典 SRC000106 を使用。
SCH001199,神島高校,和歌山県立神島高等学校,神島,,神島高校,30,田辺市,田辺市文里2-33-12,prefectural,high_school,active,SRC000077,2026-10-02,2026年度硬式加盟校として和歌山県高野連公式加盟校紹介（SRC000077）から登録。所在地・正式名称は補完出典 SRC000106 を使用。
SCH001200,田辺工業高校,和歌山県立田辺工業高等学校,田辺工業,,田辺工業高校,30,田辺市,田辺市あけぼの51-1,prefectural,high_school,active,SRC000077,2026-10-02,2026年度硬式加盟校として和歌山県高野連公式加盟校紹介（SRC000077）から登録。所在地・正式名称は補完出典 SRC000106 を使用。
SCH001201,熊野高校,和歌山県立熊野高等学校,熊野,,熊野高校,30,上富田町,西牟婁郡上富田町朝来670,prefectural,high_school,active,SRC000077,2026-10-02,2026年度硬式加盟校として和歌山県高野連公式加盟校紹介（SRC000077）から登録。所在地・正式名称は補完出典 SRC000106 を使用。
SCH001202,串本古座高校,和歌山県立串本古座高等学校,串本古座,,串本古座高校,30,串本町,東牟婁郡串本町串本1522,prefectural,high_school,active,SRC000077,2026-10-02,2026年度硬式加盟校として和歌山県高野連公式加盟校紹介（SRC000077）から登録。所在地・正式名称は補完出典 SRC000106 を使用。
SCH001203,新翔高校,和歌山県立新翔高等学校,新翔,,新翔高校,30,新宮市,新宮市佐野1005,prefectural,high_school,active,SRC000077,2026-10-02,2026年度硬式加盟校として和歌山県高野連公式加盟校紹介（SRC000077）から登録。所在地・正式名称は補完出典 SRC000106 を使用。
SCH001204,新宮高校,和歌山県立新宮高等学校,新宮,,新宮高校,30,新宮市,新宮市神倉3-2-39,prefectural,high_school,active,SRC000077,2026-10-02,2026年度硬式加盟校として和歌山県高野連公式加盟校紹介（SRC000077）から登録。所在地・正式名称は補完出典 SRC000106 を使用。
SCH001205,近大附属新宮高校,近畿大学附属新宮高等学校,近大附属新宮,,近大附属新宮高校,30,新宮市,新宮市新宮4966番地,private,high_school,active,SRC000077,2026-10-02,2026年度硬式加盟校として和歌山県高野連公式加盟校紹介（SRC000077）から登録。所在地・正式名称は補完出典 SRC000107 を使用。
SCH001206,川之江高等学校,愛媛県立川之江高等学校,川之江高等学校,,川之江高等学校,38,四国中央市,四国中央市川之江町2257番地,prefectural,high_school,active,SRC000085,2026-10-02,2026年度硬式加盟校として愛媛県高野連公式加盟校一覧から登録。 県立区分は愛媛県公式=SRC000106等で確認。
SCH001207,三島高等学校,愛媛県立三島高等学校,三島高等学校,,三島高等学校,38,四国中央市,四国中央市三島中央5-11-30,prefectural,high_school,active,SRC000085,2026-10-02,2026年度硬式加盟校として愛媛県高野連公式加盟校一覧から登録。 県立区分は愛媛県公式=SRC000106等で確認。
SCH001208,土居高等学校,愛媛県立土居高等学校,土居高等学校,,土居高等学校,38,四国中央市,四国中央市土居町中村892番地,prefectural,high_school,active,SRC000085,2026-10-02,2026年度硬式加盟校として愛媛県高野連公式加盟校一覧から登録。 県立区分は愛媛県公式=SRC000106等で確認。
SCH001209,新居浜東高等学校,愛媛県立新居浜東高等学校,新居浜東高等学校,,新居浜東高等学校,38,新居浜市,新居浜市東雲町2-9-1,prefectural,high_school,active,SRC000085,2026-10-02,2026年度硬式加盟校として愛媛県高野連公式加盟校一覧から登録。 県立区分は愛媛県公式=SRC000106等で確認。
SCH001210,新居浜西高等学校,愛媛県立新居浜西高等学校,新居浜西高等学校,,新居浜西高等学校,38,新居浜市,新居浜市宮西町4番46号,prefectural,high_school,active,SRC000085,2026-10-02,2026年度硬式加盟校として愛媛県高野連公式加盟校一覧から登録。 県立区分は愛媛県公式=SRC000106等で確認。
SCH001211,新居浜南高等学校,愛媛県立新居浜南高等学校,新居浜南高等学校,,新居浜南高等学校,38,新居浜市,新居浜市篠場町1番32号,prefectural,high_school,active,SRC000085,2026-10-02,2026年度硬式加盟校として愛媛県高野連公式加盟校一覧から登録。 県立区分は愛媛県公式=SRC000106等で確認。
SCH001212,新居浜工業高等学校,愛媛県立新居浜工業高等学校,新居浜工業高等学校,,新居浜工業高等学校,38,新居浜市,新居浜市北新町8番1号,prefectural,high_school,active,SRC000085,2026-10-02,2026年度硬式加盟校として愛媛県高野連公式加盟校一覧から登録。 県立区分は愛媛県公式=SRC000106等で確認。
SCH001213,新居浜商業高等学校,愛媛県立新居浜商業高等学校,新居浜商業高等学校,,新居浜商業高等学校,38,新居浜市,新居浜市瀬戸町2番16号,prefectural,high_school,active,SRC000085,2026-10-02,2026年度硬式加盟校として愛媛県高野連公式加盟校一覧から登録。 県立区分は愛媛県公式=SRC000106等で確認。
SCH001214,新居浜工業高等専門学校,新居浜工業高等専門学校,新居浜工業高等専門学校,,新居浜工業高等専門学校,38,新居浜市,新居浜市八雲町7-1,national,technical_college,active,SRC000085,2026-10-02,2026年度硬式加盟校として愛媛県高野連公式加盟校一覧から登録。
SCH001215,西条高等学校,愛媛県立西条高等学校,西条高等学校,,西条高等学校,38,西条市,西条市明屋敷234番地,prefectural,high_school,active,SRC000085,2026-10-02,2026年度硬式加盟校として愛媛県高野連公式加盟校一覧から登録。 県立区分は愛媛県公式=SRC000106等で確認。
SCH001216,西条農業高等学校,愛媛県立西条農業高等学校,西条農業高等学校,,西条農業高等学校,38,西条市,西条市福武甲2093番地,prefectural,high_school,active,SRC000085,2026-10-02,2026年度硬式加盟校として愛媛県高野連公式加盟校一覧から登録。 県立区分は愛媛県公式=SRC000106等で確認。
SCH001217,小松高等学校,愛媛県立小松高等学校,小松高等学校,,小松高等学校,38,西条市,西条市小松町新屋敷乙42番1,prefectural,high_school,active,SRC000085,2026-10-02,2026年度硬式加盟校として愛媛県高野連公式加盟校一覧から登録。 令和8年度の県立高校再編移行対象。補助出典=SRC000108。 県立区分は愛媛県公式=SRC000106等で確認。
SCH001218,（新）小松高等学校,愛媛県立小松高等学校,（新）小松高等学校,,(新)小松高等学校,38,西条市,西条市小松町新屋敷乙42番1,prefectural,high_school,active,SRC000085,2026-10-02,2026年度硬式加盟校として愛媛県高野連公式加盟校一覧から登録。 令和8年度の県立高校再編移行対象。補助出典=SRC000108。 県立区分は愛媛県公式=SRC000106等で確認。
SCH001219,東予高等学校,愛媛県立東予高等学校,東予高等学校,,東予高等学校,38,西条市,西条市周布650番地,prefectural,high_school,active,SRC000085,2026-10-02,2026年度硬式加盟校として愛媛県高野連公式加盟校一覧から登録。 令和8年度の県立高校再編移行対象。補助出典=SRC000108。 県立区分は愛媛県公式=SRC000106等で確認。
SCH001220,東予総合高等学校,愛媛県立東予総合高等学校,東予総合高等学校,,東予総合高等学校,38,西条市,西条市周布650番地,prefectural,high_school,active,SRC000085,2026-10-02,2026年度硬式加盟校として愛媛県高野連公式加盟校一覧から登録。 令和8年度の県立高校再編移行対象。補助出典=SRC000108。 県立区分は愛媛県公式=SRC000106等で確認。
SCH001221,丹原高等学校,愛媛県立丹原高等学校,丹原高等学校,,丹原高等学校,38,西条市,西条市丹原町願連寺163番地,prefectural,high_school,active,SRC000085,2026-10-02,2026年度硬式加盟校として愛媛県高野連公式加盟校一覧から登録。 県立区分は愛媛県公式=SRC000106等で確認。
SCH001222,今治東中等教育学校,愛媛県立今治東中等教育学校,今治東中等教育学校,,今治東中等教育学校,38,今治市,今治市桜井2丁目9番1号,prefectural,secondary_school,active,SRC000085,2026-10-02,2026年度硬式加盟校として愛媛県高野連公式加盟校一覧から登録。 県立区分は愛媛県公式=SRC000106等で確認。
SCH001223,今治西高等学校,愛媛県立今治西高等学校,今治西高等学校,,今治西高等学校,38,今治市,今治市中日吉町3丁目5-47,prefectural,high_school,active,SRC000085,2026-10-02,2026年度硬式加盟校として愛媛県高野連公式加盟校一覧から登録。 県立区分は愛媛県公式=SRC000106等で確認。
SCH001224,今治南高等学校,愛媛県立今治南高等学校,今治南高等学校,,今治南高等学校,38,今治市,今治市常盤町7丁目2番17号,prefectural,high_school,active,SRC000085,2026-10-02,2026年度硬式加盟校として愛媛県高野連公式加盟校一覧から登録。 県立区分は愛媛県公式=SRC000106等で確認。
SCH001225,今治北高等学校,愛媛県立今治北高等学校,今治北高等学校,,今治北高等学校,38,今治市,今治市宮下町2丁目2番14号,prefectural,high_school,active,SRC000085,2026-10-02,2026年度硬式加盟校として愛媛県高野連公式加盟校一覧から登録。 県立区分は愛媛県公式=SRC000106等で確認。
SCH001226,今治北高等学校大三島分校,愛媛県立今治北高等学校大三島分校,今治北高等学校大三島分校,,今治北高等学校大三島分校,38,今治市,今治市大三島町宮浦5297番地2,prefectural,high_school,active,SRC000085,2026-10-02,2026年度硬式加盟校として愛媛県高野連公式加盟校一覧から登録。 令和8年度の県立高校再編移行対象。補助出典=SRC000108。 県立区分は愛媛県公式=SRC000106等で確認。
SCH001227,しまなみ高等学校,愛媛県立しまなみ高等学校,しまなみ高等学校,,しまなみ高等学校,38,今治市,今治市大三島町宮浦5297番地2,prefectural,high_school,active,SRC000085,2026-10-02,2026年度硬式加盟校として愛媛県高野連公式加盟校一覧から登録。 令和8年度の県立高校再編移行対象。補助出典=SRC000108。 県立区分は愛媛県公式=SRC000106等で確認。
SCH001228,今治工業高等学校,愛媛県立今治工業高等学校,今治工業高等学校,,今治工業高等学校,38,今治市,今治市河南町1丁目1-36,prefectural,high_school,active,SRC000085,2026-10-02,2026年度硬式加盟校として愛媛県高野連公式加盟校一覧から登録。 県立区分は愛媛県公式=SRC000106等で確認。
SCH001229,弓削商船高等専門学校,弓削商船高等専門学校,弓削商船高等専門学校,,弓削商船高等専門学校,38,上島町,越智郡上島町弓削下弓削1000,national,technical_college,active,SRC000085,2026-10-02,2026年度硬式加盟校として愛媛県高野連公式加盟校一覧から登録。
SCH001230,北条高等学校,愛媛県立北条高等学校,北条高等学校,,北条高等学校,38,松山市,松山市北条辻600番地1,prefectural,high_school,active,SRC000085,2026-10-02,2026年度硬式加盟校として愛媛県高野連公式加盟校一覧から登録。 令和8年度の県立高校再編移行対象。補助出典=SRC000108。 県立区分は愛媛県公式=SRC000106等で確認。
SCH001231,北条清新高等学校,愛媛県立北条清新高等学校,北条清新高等学校,,北条清新高等学校,38,松山市,松山市北条辻600番地1,prefectural,high_school,active,SRC000085,2026-10-02,2026年度硬式加盟校として愛媛県高野連公式加盟校一覧から登録。 令和8年度の県立高校再編移行対象。補助出典=SRC000108。 県立区分は愛媛県公式=SRC000106等で確認。
SCH001232,松山東高等学校,愛媛県立松山東高等学校,松山東高等学校,,松山東高等学校,38,松山市,松山市持田町2丁目2番12号,prefectural,high_school,active,SRC000085,2026-10-02,2026年度硬式加盟校として愛媛県高野連公式加盟校一覧から登録。 県立区分は愛媛県公式=SRC000106等で確認。
SCH001233,松山西中等教育学校,愛媛県立松山西中等教育学校,松山西中等教育学校,,松山西中等教育学校,38,松山市,松山市久万ノ台甲1485-4,prefectural,secondary_school,active,SRC000085,2026-10-02,2026年度硬式加盟校として愛媛県高野連公式加盟校一覧から登録。 県立区分は愛媛県公式=SRC000106等で確認。
SCH001234,松山南高等学校,愛媛県立松山南高等学校,松山南高等学校,,松山南高等学校,38,松山市,松山市末広町11-1,prefectural,high_school,active,SRC000085,2026-10-02,2026年度硬式加盟校として愛媛県高野連公式加盟校一覧から登録。 県立区分は愛媛県公式=SRC000106等で確認。
SCH001235,松山北高等学校,愛媛県立松山北高等学校,松山北高等学校,,松山北高等学校,38,松山市,松山市文京町4番地1,prefectural,high_school,active,SRC000085,2026-10-02,2026年度硬式加盟校として愛媛県高野連公式加盟校一覧から登録。 県立区分は愛媛県公式=SRC000106等で確認。
SCH001236,松山中央高等学校,愛媛県立松山中央高等学校,松山中央高等学校,,松山中央高等学校,38,松山市,松山市井門町1220,prefectural,high_school,active,SRC000085,2026-10-02,2026年度硬式加盟校として愛媛県高野連公式加盟校一覧から登録。 県立区分は愛媛県公式=SRC000106等で確認。
SCH001237,松山工業高等学校,愛媛県立松山工業高等学校,松山工業高等学校,,松山工業高等学校,38,松山市,松山市真砂町1番地,prefectural,high_school,active,SRC000085,2026-10-02,2026年度硬式加盟校として愛媛県高野連公式加盟校一覧から登録。 県立区分は愛媛県公式=SRC000106等で確認。
SCH001238,松山商業高等学校,愛媛県立松山商業高等学校,松山商業高等学校,,松山商業高等学校,38,松山市,松山市旭町71番地,prefectural,high_school,active,SRC000085,2026-10-02,2026年度硬式加盟校として愛媛県高野連公式加盟校一覧から登録。 県立区分は愛媛県公式=SRC000106等で確認。
SCH001239,愛媛大学附属高等学校,愛媛大学附属高等学校,愛媛大学附属高等学校,,愛媛大学附属高等学校,38,松山市,松山市樽味3丁目2番40号,national,high_school,active,SRC000085,2026-10-02,2026年度硬式加盟校として愛媛県高野連公式加盟校一覧から登録。
SCH001240,新田高等学校,新田高等学校,新田高等学校,,新田高等学校,38,松山市,松山市山西町663,private,high_school,active,SRC000085,2026-10-02,2026年度硬式加盟校として愛媛県高野連公式加盟校一覧から登録。 私立区分は愛媛県公式=SRC000107で確認。
SCH001241,松山学院高等学校,松山学院高等学校,松山学院高等学校,,松山学院高等学校,38,松山市,松山市北久米町815番地,private,high_school,active,SRC000085,2026-10-02,2026年度硬式加盟校として愛媛県高野連公式加盟校一覧から登録。 私立区分は愛媛県公式=SRC000107で確認。
SCH001242,松山聖陵高等学校,松山聖陵高等学校,松山聖陵高等学校,,松山聖陵高等学校,38,松山市,松山市久万ノ台1112,private,high_school,active,SRC000085,2026-10-02,2026年度硬式加盟校として愛媛県高野連公式加盟校一覧から登録。 私立区分は愛媛県公式=SRC000107で確認。
SCH001243,済美高等学校,済美高等学校,済美高等学校,,済美高等学校,38,松山市,松山市湊町7丁目9番地1,private,high_school,active,SRC000085,2026-10-02,2026年度硬式加盟校として愛媛県高野連公式加盟校一覧から登録。 私立区分は愛媛県公式=SRC000107で確認。
SCH001244,済美平成中等教育学校,済美平成中等教育学校,済美平成中等教育学校,,済美平成中等教育学校,38,松山市,松山市空港通5丁目6番3号,private,secondary_school,active,SRC000085,2026-10-02,2026年度硬式加盟校として愛媛県高野連公式加盟校一覧から登録。 私立区分は愛媛県公式=SRC000107で確認。
SCH001245,聖カタリナ学園高等学校,聖カタリナ学園高等学校,聖カタリナ学園高等学校,,聖カタリナ学園高等学校,38,松山市,松山市藤原町468番地,private,high_school,active,SRC000085,2026-10-02,2026年度硬式加盟校として愛媛県高野連公式加盟校一覧から登録。 私立区分は愛媛県公式=SRC000107で確認。
SCH001246,東温高等学校,愛媛県立東温高等学校,東温高等学校,,東温高等学校,38,東温市,東温市志津川960,prefectural,high_school,active,SRC000085,2026-10-02,2026年度硬式加盟校として愛媛県高野連公式加盟校一覧から登録。 県立区分は愛媛県公式=SRC000106等で確認。
SCH001247,上浮穴高等学校,愛媛県立上浮穴高等学校,上浮穴高等学校,,上浮穴高等学校,38,久万高原町,上浮穴郡久万高原町上野尻甲486番地,prefectural,high_school,active,SRC000085,2026-10-02,2026年度硬式加盟校として愛媛県高野連公式加盟校一覧から登録。 県立区分は愛媛県公式=SRC000106等で確認。
SCH001248,伊予農業高等学校,愛媛県立伊予農業高等学校,伊予農業高等学校,,伊予農業高等学校,38,伊予市,伊予市下吾川1433,prefectural,high_school,active,SRC000085,2026-10-02,2026年度硬式加盟校として愛媛県高野連公式加盟校一覧から登録。 県立区分は愛媛県公式=SRC000106等で確認。
SCH001249,伊予高等学校,愛媛県立伊予高等学校,伊予高等学校,,伊予高等学校,38,松前町,伊予郡松前町大字北黒田119番地2,prefectural,high_school,active,SRC000085,2026-10-02,2026年度硬式加盟校として愛媛県高野連公式加盟校一覧から登録。 県立区分は愛媛県公式=SRC000106等で確認。
SCH001250,内子高等学校,愛媛県立内子高等学校,内子高等学校,,内子高等学校,38,内子町,喜多郡内子町内子3397番地,prefectural,high_school,active,SRC000085,2026-10-02,2026年度硬式加盟校として愛媛県高野連公式加盟校一覧から登録。 県立区分は愛媛県公式=SRC000106等で確認。
SCH001251,内子高等学校小田分校,愛媛県立内子高等学校小田分校,内子高等学校小田分校,,内子高等学校小田分校,38,内子町,喜多郡内子町寺村978番地,prefectural,high_school,active,SRC000085,2026-10-02,2026年度硬式加盟校として愛媛県高野連公式加盟校一覧から登録。 県立区分は愛媛県公式=SRC000106等で確認。
SCH001252,大洲高等学校,愛媛県立大洲高等学校,大洲高等学校,,大洲高等学校,38,大洲市,大洲市大洲737,prefectural,high_school,active,SRC000085,2026-10-02,2026年度硬式加盟校として愛媛県高野連公式加盟校一覧から登録。 県立区分は愛媛県公式=SRC000106等で確認。
SCH001253,大洲農業高等学校,愛媛県立大洲農業高等学校,大洲農業高等学校,,大洲農業高等学校,38,大洲市,大洲市東大洲15番地1,prefectural,high_school,active,SRC000085,2026-10-02,2026年度硬式加盟校として愛媛県高野連公式加盟校一覧から登録。 県立区分は愛媛県公式=SRC000106等で確認。
SCH001254,帝京第五高等学校,帝京第五高等学校,帝京第五高等学校,,帝京第五高等学校,38,大洲市,大洲市新谷甲233番地,private,high_school,active,SRC000085,2026-10-02,2026年度硬式加盟校として愛媛県高野連公式加盟校一覧から登録。 私立区分は愛媛県公式=SRC000107で確認。
SCH001255,八幡浜高等学校,愛媛県立八幡浜高等学校,八幡浜高等学校,,八幡浜高等学校,38,八幡浜市,八幡浜市松柏丙654,prefectural,high_school,active,SRC000085,2026-10-02,2026年度硬式加盟校として愛媛県高野連公式加盟校一覧から登録。 令和8年度の県立高校再編移行対象。補助出典=SRC000108。 県立区分は愛媛県公式=SRC000106等で確認。
SCH001256,（新）八幡浜高等学校,愛媛県立八幡浜高等学校,（新）八幡浜高等学校,,(新)八幡浜高等学校,38,八幡浜市,八幡浜市松柏丙654,prefectural,high_school,active,SRC000085,2026-10-02,2026年度硬式加盟校として愛媛県高野連公式加盟校一覧から登録。 令和8年度の県立高校再編移行対象。補助出典=SRC000108。 県立区分は愛媛県公式=SRC000106等で確認。
SCH001257,八幡浜工業高等学校,愛媛県立八幡浜工業高等学校,八幡浜工業高等学校,,八幡浜工業高等学校,38,八幡浜市,八幡浜市古町2丁目3番1号,prefectural,high_school,active,SRC000085,2026-10-02,2026年度硬式加盟校として愛媛県高野連公式加盟校一覧から登録。 県立区分は愛媛県公式=SRC000106等で確認。
SCH001258,川之石高等学校,愛媛県立川之石高等学校,川之石高等学校,,川之石高等学校,38,八幡浜市,八幡浜市保内町川之石1番耕112番地,prefectural,high_school,active,SRC000085,2026-10-02,2026年度硬式加盟校として愛媛県高野連公式加盟校一覧から登録。 県立区分は愛媛県公式=SRC000106等で確認。
SCH001259,宇和高等学校,愛媛県立宇和高等学校,宇和高等学校,,宇和高等学校,38,西予市,西予市宇和町卯之町4丁目190-1,prefectural,high_school,active,SRC000085,2026-10-02,2026年度硬式加盟校として愛媛県高野連公式加盟校一覧から登録。 県立区分は愛媛県公式=SRC000106等で確認。
SCH001260,野村高等学校,愛媛県立野村高等学校,野村高等学校,,野村高等学校,38,西予市,西予市野村町阿下6-2,prefectural,high_school,active,SRC000085,2026-10-02,2026年度硬式加盟校として愛媛県高野連公式加盟校一覧から登録。 県立区分は愛媛県公式=SRC000106等で確認。
SCH001261,宇和島東高等学校,愛媛県立宇和島東高等学校,宇和島東高等学校,,宇和島東高等学校,38,宇和島市,宇和島市文京町1番1号,prefectural,high_school,active,SRC000085,2026-10-02,2026年度硬式加盟校として愛媛県高野連公式加盟校一覧から登録。 県立区分は愛媛県公式=SRC000106等で確認。
SCH001262,宇和島南中等教育学校,愛媛県立宇和島南中等教育学校,宇和島南中等教育学校,,宇和島南中等教育学校,38,宇和島市,宇和島市文京町5番1号,prefectural,secondary_school,active,SRC000085,2026-10-02,2026年度硬式加盟校として愛媛県高野連公式加盟校一覧から登録。 令和8年度の県立高校再編移行対象。補助出典=SRC000108。 県立区分は愛媛県公式=SRC000106等で確認。
SCH001263,吉田高等学校,愛媛県立吉田高等学校,吉田高等学校,,吉田高等学校,38,宇和島市,宇和島市吉田町北小路甲10番地,prefectural,high_school,active,SRC000085,2026-10-02,2026年度硬式加盟校として愛媛県高野連公式加盟校一覧から登録。 県立区分は愛媛県公式=SRC000106等で確認。
SCH001264,北宇和高等学校,愛媛県立北宇和高等学校,北宇和高等学校,,北宇和高等学校,38,鬼北町,北宇和郡鬼北町大字近永942番地,prefectural,high_school,active,SRC000085,2026-10-02,2026年度硬式加盟校として愛媛県高野連公式加盟校一覧から登録。 県立区分は愛媛県公式=SRC000106等で確認。
SCH001265,南宇和高等学校,愛媛県立南宇和高等学校,南宇和高等学校,,南宇和高等学校,38,愛南町,南宇和郡愛南町御荘平城3269,prefectural,high_school,active,SRC000085,2026-10-02,2026年度硬式加盟校として愛媛県高野連公式加盟校一覧から登録。 県立区分は愛媛県公式=SRC000106等で確認。
SCH001266,中津南,大分県立中津南高等学校,中津南,,中津南,44,中津市,中津市高畑2093,prefectural,high_school,active,SRC000091,2026-10-02,大分県高野連加盟校一覧から抽出し、県公式の閉校情報で旧6校を除外して2026年44校に整合。 閉校確認=SRC000112。
SCH001267,中津北,大分県立中津北高等学校,中津北,,中津北,44,中津市,中津市中央町1-6-83,prefectural,high_school,active,SRC000091,2026-10-02,大分県高野連加盟校一覧から抽出し、県公式の閉校情報で旧6校を除外して2026年44校に整合。 閉校確認=SRC000112。
SCH001268,中津東,大分県立中津東高等学校,中津東,,中津東,44,中津市,中津市上如水145-3,prefectural,high_school,active,SRC000091,2026-10-02,大分県高野連加盟校一覧から抽出し、県公式の閉校情報で旧6校を除外して2026年44校に整合。 閉校確認=SRC000112。
SCH001269,宇佐産業科学,大分県立宇佐産業科学高等学校,宇佐産業科学,,宇佐産業科学,44,宇佐市,宇佐市大字四日市292,prefectural,high_school,active,SRC000091,2026-10-02,大分県高野連加盟校一覧から抽出し、県公式の閉校情報で旧6校を除外して2026年44校に整合。 閉校確認=SRC000112。
SCH001270,宇佐,大分県立宇佐高等学校,宇佐,,宇佐,44,宇佐市,宇佐市大字南宇佐1543,prefectural,high_school,active,SRC000091,2026-10-02,大分県高野連加盟校一覧から抽出し、県公式の閉校情報で旧6校を除外して2026年44校に整合。 閉校確認=SRC000112。
SCH001271,柳ヶ浦,柳ヶ浦高等学校,柳ヶ浦,,柳ヶ浦,44,宇佐市,宇佐市大字江須賀939,private,high_school,active,SRC000091,2026-10-02,大分県高野連加盟校一覧から抽出し、県公式の閉校情報で旧6校を除外して2026年44校に整合。 閉校確認=SRC000112。
SCH001272,高田,大分県立高田高等学校,高田,,高田,44,豊後高田市,豊後高田市大字玉津1834-1,prefectural,high_school,active,SRC000091,2026-10-02,大分県高野連加盟校一覧から抽出し、県公式の閉校情報で旧6校を除外して2026年44校に整合。 閉校確認=SRC000112。
SCH001273,安心院,大分県立安心院高等学校,安心院,,安心院,44,宇佐市,宇佐市安心院町大字折敷田64,prefectural,high_school,active,SRC000091,2026-10-02,大分県高野連加盟校一覧から抽出し、県公式の閉校情報で旧6校を除外して2026年44校に整合。 閉校確認=SRC000112。
SCH001274,日田,大分県立日田高等学校,日田,,日田,44,日田市,日田市田島2-9-30,prefectural,high_school,active,SRC000091,2026-10-02,大分県高野連加盟校一覧から抽出し、県公式の閉校情報で旧6校を除外して2026年44校に整合。 閉校確認=SRC000112。
SCH001275,日田三隈,大分県立日田三隈高等学校,日田三隈,,日田三隈,44,日田市,日田市大字友田1546-1,prefectural,high_school,active,SRC000091,2026-10-02,大分県高野連加盟校一覧から抽出し、県公式の閉校情報で旧6校を除外して2026年44校に整合。 閉校確認=SRC000112。
SCH001276,藤蔭,藤蔭高等学校,藤蔭,,藤蔭,44,日田市,日田市田島本町5-41,private,high_school,active,SRC000091,2026-10-02,大分県高野連加盟校一覧から抽出し、県公式の閉校情報で旧6校を除外して2026年44校に整合。 閉校確認=SRC000112。
SCH001277,日田林工,大分県立日田林工高等学校,日田林工,,日田林工,44,日田市,日田市吹上町30,prefectural,high_school,active,SRC000091,2026-10-02,大分県高野連加盟校一覧から抽出し、県公式の閉校情報で旧6校を除外して2026年44校に整合。 閉校確認=SRC000112。
SCH001278,玖珠美山,大分県立玖珠美山高等学校,玖珠美山,,玖珠美山,44,玖珠町,玖珠郡玖珠町大字帆足160,prefectural,high_school,active,SRC000091,2026-10-02,大分県高野連加盟校一覧から抽出し、県公式の閉校情報で旧6校を除外して2026年44校に整合。 閉校確認=SRC000112。
SCH001279,国東,大分県立国東高等学校,国東,,国東,44,国東市,国東市国東町鶴川1974番地,prefectural,high_school,active,SRC000091,2026-10-02,大分県高野連加盟校一覧から抽出し、県公式の閉校情報で旧6校を除外して2026年44校に整合。 閉校確認=SRC000112。
SCH001280,杵築,大分県立杵築高等学校,杵築,,杵築,44,杵築市,杵築市大字本庄2379,prefectural,high_school,active,SRC000091,2026-10-02,大分県高野連加盟校一覧から抽出し、県公式の閉校情報で旧6校を除外して2026年44校に整合。 閉校確認=SRC000112。
SCH001281,日出総合,大分県立日出総合高等学校,日出総合,,日出総合,44,日出町,速見郡日出町大字大神1396-43,prefectural,high_school,active,SRC000091,2026-10-02,大分県高野連加盟校一覧から抽出し、県公式の閉校情報で旧6校を除外して2026年44校に整合。 閉校確認=SRC000112。
SCH001282,明豊,明豊高等学校,明豊,,明豊,44,別府市,別府市野口原3088,private,high_school,active,SRC000091,2026-10-02,大分県高野連加盟校一覧から抽出し、県公式の閉校情報で旧6校を除外して2026年44校に整合。 閉校確認=SRC000112。
SCH001283,別府翔青,大分県立別府翔青高等学校,別府翔青,,別府翔青,44,別府市,別府市野口原3088-91,prefectural,high_school,active,SRC000091,2026-10-02,大分県高野連加盟校一覧から抽出し、県公式の閉校情報で旧6校を除外して2026年44校に整合。 閉校確認=SRC000112。
SCH001284,別府鶴見丘,大分県立別府鶴見丘高等学校,別府鶴見丘,,別府鶴見丘,44,別府市,別府市大字鶴見字横打4433-2,prefectural,high_school,active,SRC000091,2026-10-02,大分県高野連加盟校一覧から抽出し、県公式の閉校情報で旧6校を除外して2026年44校に整合。 閉校確認=SRC000112。
SCH001285,大分東明,大分東明高等学校,大分東明,,大分東明,44,大分市,大分市千代町2-4-4,private,high_school,active,SRC000091,2026-10-02,大分県高野連加盟校一覧から抽出し、県公式の閉校情報で旧6校を除外して2026年44校に整合。 閉校確認=SRC000112。
SCH001286,大分舞鶴,大分県立大分舞鶴高等学校,大分舞鶴,,大分舞鶴,44,大分市,大分市今津留1-19-1,prefectural,high_school,active,SRC000091,2026-10-02,大分県高野連加盟校一覧から抽出し、県公式の閉校情報で旧6校を除外して2026年44校に整合。 閉校確認=SRC000112。
SCH001287,大分商業,大分県立大分商業高等学校,大分商業,,大分商業,44,大分市,大分市西浜4-2,prefectural,high_school,active,SRC000091,2026-10-02,大分県高野連加盟校一覧から抽出し、県公式の閉校情報で旧6校を除外して2026年44校に整合。 閉校確認=SRC000112。
SCH001288,楊志館,楊志館高等学校,楊志館,,楊志館,44,大分市,大分市桜ヶ丘7-8,private,high_school,active,SRC000091,2026-10-02,大分県高野連加盟校一覧から抽出し、県公式の閉校情報で旧6校を除外して2026年44校に整合。 閉校確認=SRC000112。
SCH001289,大分上野丘,大分県立大分上野丘高等学校,大分上野丘,,大分上野丘,44,大分市,大分市上野丘2-10-1,prefectural,high_school,active,SRC000091,2026-10-02,大分県高野連加盟校一覧から抽出し、県公式の閉校情報で旧6校を除外して2026年44校に整合。 閉校確認=SRC000112。
SCH001290,大分豊府,大分県立大分豊府高等学校,大分豊府,,大分豊府,44,大分市,大分市大字羽屋600-1,prefectural,high_school,active,SRC000091,2026-10-02,大分県高野連加盟校一覧から抽出し、県公式の閉校情報で旧6校を除外して2026年44校に整合。 閉校確認=SRC000112。
SCH001291,大分雄城台,大分県立大分雄城台高等学校,大分雄城台,,大分雄城台,44,大分市,大分市大字玉沢1250,prefectural,high_school,active,SRC000091,2026-10-02,大分県高野連加盟校一覧から抽出し、県公式の閉校情報で旧6校を除外して2026年44校に整合。 閉校確認=SRC000112。
SCH001292,大分工業,大分県立大分工業高等学校,大分工業,,大分工業,44,大分市,大分市芳河原台12-1,prefectural,high_school,active,SRC000091,2026-10-02,大分県高野連加盟校一覧から抽出し、県公式の閉校情報で旧6校を除外して2026年44校に整合。 閉校確認=SRC000112。
SCH001293,大分南,大分県立大分南高等学校,大分南,,大分南,44,大分市,大分市中判田2373-1,prefectural,high_school,active,SRC000091,2026-10-02,大分県高野連加盟校一覧から抽出し、県公式の閉校情報で旧6校を除外して2026年44校に整合。 閉校確認=SRC000112。
SCH001294,由布,大分県立由布高等学校,由布,,由布,44,由布市,由布市庄内町大龍2674-1,prefectural,high_school,active,SRC000091,2026-10-02,大分県高野連加盟校一覧から抽出し、県公式の閉校情報で旧6校を除外して2026年44校に整合。 閉校確認=SRC000112。
SCH001295,大分工業高等専門学校,大分工業高等専門学校,大分工業高等専門学校,,大分工業高等専門学校,44,大分市,大分市大字牧1666,national,technical_college,active,SRC000091,2026-10-02,大分県高野連加盟校一覧から抽出し、県公式の閉校情報で旧6校を除外して2026年44校に整合。 閉校確認=SRC000112。
SCH001296,大分,大分高等学校,大分,,大分,44,大分市,大分市明野高尾1-6-1,private,high_school,active,SRC000091,2026-10-02,大分県高野連加盟校一覧から抽出し、県公式の閉校情報で旧6校を除外して2026年44校に整合。 閉校確認=SRC000112。
SCH001297,鶴崎工業,大分県立鶴崎工業高等学校,鶴崎工業,,鶴崎工業,44,大分市,大分市大字葛木509,prefectural,high_school,active,SRC000091,2026-10-02,大分県高野連加盟校一覧から抽出し、県公式の閉校情報で旧6校を除外して2026年44校に整合。 閉校確認=SRC000112。
SCH001298,大分鶴崎,大分県立大分鶴崎高等学校,大分鶴崎,,大分鶴崎,44,大分市,大分市南鶴崎3-5-1,prefectural,high_school,active,SRC000091,2026-10-02,大分県高野連加盟校一覧から抽出し、県公式の閉校情報で旧6校を除外して2026年44校に整合。 閉校確認=SRC000112。
SCH001299,情報科学,大分県立情報科学高等学校,情報科学,,情報科学,44,大分市,大分市大字横尾1605,prefectural,high_school,active,SRC000091,2026-10-02,大分県高野連加盟校一覧から抽出し、県公式の閉校情報で旧6校を除外して2026年44校に整合。 閉校確認=SRC000112。
SCH001300,大分東,大分県立大分東高等学校,大分東,,大分東,44,大分市,大分市大字屋山2009,prefectural,high_school,active,SRC000091,2026-10-02,大分県高野連加盟校一覧から抽出し、県公式の閉校情報で旧6校を除外して2026年44校に整合。 閉校確認=SRC000112。
SCH001301,大分西,大分県立大分西高等学校,大分西,,大分西,44,大分市,大分市新春日町2-1-1,prefectural,high_school,active,SRC000091,2026-10-02,大分県高野連加盟校一覧から抽出し、県公式の閉校情報で旧6校を除外して2026年44校に整合。 閉校確認=SRC000112。
SCH001302,大分国際情報,大分国際情報高等学校,大分国際情報,,大分国際情報,44,大分市,大分市新貝11-40,private,high_school,active,SRC000091,2026-10-02,大分県高野連加盟校一覧から抽出し、県公式の閉校情報で旧6校を除外して2026年44校に整合。 閉校確認=SRC000112。
SCH001303,三重総合,大分県立三重総合高等学校,三重総合,,三重総合,44,豊後大野市,豊後大野市三重町秋葉1010,prefectural,high_school,active,SRC000091,2026-10-02,大分県高野連加盟校一覧から抽出し、県公式の閉校情報で旧6校を除外して2026年44校に整合。 閉校確認=SRC000112。
SCH001304,竹田,大分県立竹田高等学校,竹田,,竹田,44,竹田市,竹田市大字竹田2642,prefectural,high_school,active,SRC000091,2026-10-02,大分県高野連加盟校一覧から抽出し、県公式の閉校情報で旧6校を除外して2026年44校に整合。 閉校確認=SRC000112。
SCH001305,臼杵,大分県立臼杵高等学校,臼杵,,臼杵,44,臼杵市,臼杵市海添2521,prefectural,high_school,active,SRC000091,2026-10-02,大分県高野連加盟校一覧から抽出し、県公式の閉校情報で旧6校を除外して2026年44校に整合。 閉校確認=SRC000112。
SCH001306,津久見,大分県立津久見高等学校,津久見,,津久見,44,津久見市,津久見市大字津久見3485-1,prefectural,high_school,active,SRC000091,2026-10-02,大分県高野連加盟校一覧から抽出し、県公式の閉校情報で旧6校を除外して2026年44校に整合。 閉校確認=SRC000112。
SCH001307,佐伯鶴城,大分県立佐伯鶴城高等学校,佐伯鶴城,,佐伯鶴城,44,佐伯市,佐伯市城下東町7-1,prefectural,high_school,active,SRC000091,2026-10-02,大分県高野連加盟校一覧から抽出し、県公式の閉校情報で旧6校を除外して2026年44校に整合。 閉校確認=SRC000112。
SCH001308,日本文理大学附属,日本文理大学附属高等学校,日本文理大学附属,,日本文理大学附属,44,佐伯市,佐伯市鶴谷町2-1-10,private,high_school,active,SRC000091,2026-10-02,大分県高野連加盟校一覧から抽出し、県公式の閉校情報で旧6校を除外して2026年44校に整合。 閉校確認=SRC000112。
SCH001309,佐伯豊南,大分県立佐伯豊南高等学校,佐伯豊南,,佐伯豊南,44,佐伯市,佐伯市大字鶴望2851-1,prefectural,high_school,active,SRC000091,2026-10-02,大分県高野連加盟校一覧から抽出し、県公式の閉校情報で旧6校を除外して2026年44校に整合。 閉校確認=SRC000112。 県高野連旧ページの「新佐伯豊南」を現行名称へ正規化。2026現行校確認=SRC000113。
SCH001310,山城,京都府立山城高等学校,山城,,山城,26,京都市北区,京都市北区大将軍坂田町29,prefectural,high_school,active,SRC000073,2026-10-02,令和8年度京都府高野連硬式加盟校一覧から登録。所在地補完出典=SRC000114。
SCH001311,鴨沂,京都府立鴨沂高等学校,鴨沂,,鴨沂,26,京都市上京区,京都市上京区寺町通荒神口下ル松蔭町131,prefectural,high_school,active,SRC000073,2026-10-02,令和8年度京都府高野連硬式加盟校一覧から登録。所在地補完出典=SRC000114。
SCH001312,洛北,京都府立洛北高等学校,洛北,,洛北,26,京都市左京区,京都市左京区下鴨梅ノ木町59,prefectural,high_school,active,SRC000073,2026-10-02,令和8年度京都府高野連硬式加盟校一覧から登録。所在地補完出典=SRC000114。
SCH001313,北稜,京都府立北稜高等学校,北稜,,北稜,26,京都市左京区,京都市左京区岩倉幡枝町2105番地,prefectural,high_school,active,SRC000073,2026-10-02,令和8年度京都府高野連硬式加盟校一覧から登録。所在地補完出典=SRC000114。
SCH001314,朱雀,京都府立朱雀高等学校,朱雀,,朱雀,26,京都市中京区,京都市中京区西ノ京式部町1,prefectural,high_school,active,SRC000073,2026-10-02,令和8年度京都府高野連硬式加盟校一覧から登録。所在地補完出典=SRC000114。
SCH001315,洛東,京都府立洛東高等学校,洛東,,洛東,26,京都市山科区,京都市山科区安朱川向町10,prefectural,high_school,active,SRC000073,2026-10-02,令和8年度京都府高野連硬式加盟校一覧から登録。所在地補完出典=SRC000114。
SCH001316,鳥羽,京都府立鳥羽高等学校,鳥羽,,鳥羽,26,京都市南区,京都市南区西九条大国町1,prefectural,high_school,active,SRC000073,2026-10-02,令和8年度京都府高野連硬式加盟校一覧から登録。所在地補完出典=SRC000114。
SCH001317,嵯峨野,京都府立嵯峨野高等学校,嵯峨野,,嵯峨野,26,京都市右京区,京都市右京区常盤段ノ上町15,prefectural,high_school,active,SRC000073,2026-10-02,令和8年度京都府高野連硬式加盟校一覧から登録。所在地補完出典=SRC000114。
SCH001318,北嵯峨,京都府立北嵯峨高等学校,北嵯峨,,北嵯峨,26,京都市右京区,京都市右京区嵯峨大沢柳井手町,prefectural,high_school,active,SRC000073,2026-10-02,令和8年度京都府高野連硬式加盟校一覧から登録。所在地補完出典=SRC000114。
SCH001319,北桑田,京都府立北桑田高等学校,北桑田,,北桑田,26,京都市右京区,京都市右京区京北下弓削町沢ノ奥15番地,prefectural,high_school,active,SRC000073,2026-10-02,令和8年度京都府高野連硬式加盟校一覧から登録。所在地補完出典=SRC000114。
SCH001320,桂,京都府立桂高等学校,桂,,桂,26,京都市西京区,京都市西京区川島松ノ木本町27,prefectural,high_school,active,SRC000073,2026-10-02,令和8年度京都府高野連硬式加盟校一覧から登録。所在地補完出典=SRC000114。
SCH001321,洛西,京都府立洛西高等学校,洛西,,洛西,26,京都市西京区,京都市西京区大原野西境谷町一丁目12-1・2,prefectural,high_school,active,SRC000073,2026-10-02,令和8年度京都府高野連硬式加盟校一覧から登録。所在地補完出典=SRC000114。
SCH001322,桃山,京都府立桃山高等学校,桃山,,桃山,26,京都市伏見区,京都市伏見区桃山毛利長門東町8,prefectural,high_school,active,SRC000073,2026-10-02,令和8年度京都府高野連硬式加盟校一覧から登録。所在地補完出典=SRC000114。
SCH001323,東稜,京都府立東稜高等学校,東稜,,東稜,26,京都市伏見区,京都市伏見区醍醐新町裏町25-1,prefectural,high_school,active,SRC000073,2026-10-02,令和8年度京都府高野連硬式加盟校一覧から登録。所在地補完出典=SRC000114。
SCH001324,洛水,京都府立洛水高等学校,洛水,,洛水,26,京都市伏見区,京都市伏見区横大路向ヒ18,prefectural,high_school,active,SRC000073,2026-10-02,令和8年度京都府高野連硬式加盟校一覧から登録。所在地補完出典=SRC000114。
SCH001325,京都すばる,京都府立京都すばる高等学校,京都すばる,,京都すばる,26,京都市伏見区,京都市伏見区向島西定請120,prefectural,high_school,active,SRC000073,2026-10-02,令和8年度京都府高野連硬式加盟校一覧から登録。所在地補完出典=SRC000114。
SCH001326,向陽,京都府立向陽高等学校,向陽,,向陽,26,向日市,向日市上植野町西大田,prefectural,high_school,active,SRC000073,2026-10-02,令和8年度京都府高野連硬式加盟校一覧から登録。所在地補完出典=SRC000114。
SCH001327,乙訓,京都府立乙訓高等学校,乙訓,,乙訓,26,長岡京市,長岡京市友岡1丁目1-1,prefectural,high_school,active,SRC000073,2026-10-02,令和8年度京都府高野連硬式加盟校一覧から登録。所在地補完出典=SRC000114。
SCH001328,西乙訓,京都府立西乙訓高等学校,西乙訓,,西乙訓,26,長岡京市,長岡京市下海印寺西明寺41,prefectural,high_school,active,SRC000073,2026-10-02,令和8年度京都府高野連硬式加盟校一覧から登録。所在地補完出典=SRC000114。
SCH001329,東宇治,京都府立東宇治高等学校,東宇治,,東宇治,26,宇治市,宇治市木幡平尾43-2,prefectural,high_school,active,SRC000073,2026-10-02,令和8年度京都府高野連硬式加盟校一覧から登録。所在地補完出典=SRC000114。
SCH001330,城南菱創,京都府立城南菱創高等学校,城南菱創,,城南菱創,26,宇治市,宇治市小倉町南堀池,prefectural,high_school,active,SRC000073,2026-10-02,令和8年度京都府高野連硬式加盟校一覧から登録。所在地補完出典=SRC000114。
SCH001331,莵道,京都府立莵道高等学校,莵道,,莵道,26,宇治市,宇治市五ケ庄五雲峰4-1,prefectural,high_school,active,SRC000073,2026-10-02,令和8年度京都府高野連硬式加盟校一覧から登録。所在地補完出典=SRC000114。
SCH001332,城陽,京都府立城陽高等学校,城陽,,城陽,26,城陽市,城陽市寺田宮ノ平1,prefectural,high_school,active,SRC000073,2026-10-02,令和8年度京都府高野連硬式加盟校一覧から登録。所在地補完出典=SRC000114。
SCH001333,西城陽,京都府立西城陽高等学校,西城陽,,西城陽,26,城陽市,城陽市枇杷庄京縄手46-1,prefectural,high_school,active,SRC000073,2026-10-02,令和8年度京都府高野連硬式加盟校一覧から登録。所在地補完出典=SRC000114。
SCH001334,京都八幡,京都府立京都八幡高等学校,京都八幡,,京都八幡,26,八幡市,八幡市男山吉井7,prefectural,high_school,active,SRC000073,2026-10-02,令和8年度京都府高野連硬式加盟校一覧から登録。所在地補完出典=SRC000114。
SCH001335,久御山,京都府立久御山高等学校,久御山,,久御山,26,久御山町,久世郡久御山町林,prefectural,high_school,active,SRC000073,2026-10-02,令和8年度京都府高野連硬式加盟校一覧から登録。所在地補完出典=SRC000114。
SCH001336,田辺,京都府立田辺高等学校,田辺,,田辺,26,京田辺市,京田辺市河原神谷24,prefectural,high_school,active,SRC000073,2026-10-02,令和8年度京都府高野連硬式加盟校一覧から登録。所在地補完出典=SRC000114。
SCH001337,木津,京都府立木津高等学校,木津,,木津,26,木津川市,木津川市木津内田山34,prefectural,high_school,active,SRC000073,2026-10-02,令和8年度京都府高野連硬式加盟校一覧から登録。所在地補完出典=SRC000114。
SCH001338,南陽,京都府立南陽高等学校,南陽,,南陽,26,木津川市,木津川市兜台6-2,prefectural,high_school,active,SRC000073,2026-10-02,令和8年度京都府高野連硬式加盟校一覧から登録。所在地補完出典=SRC000114。
SCH001339,亀岡,京都府立亀岡高等学校,亀岡,,亀岡,26,亀岡市,亀岡市横町23,prefectural,high_school,active,SRC000073,2026-10-02,令和8年度京都府高野連硬式加盟校一覧から登録。所在地補完出典=SRC000114。
SCH001340,南丹,京都府立南丹高等学校,南丹,,南丹,26,亀岡市,亀岡市馬路町中島1,prefectural,high_school,active,SRC000073,2026-10-02,令和8年度京都府高野連硬式加盟校一覧から登録。所在地補完出典=SRC000114。
SCH001341,園部,京都府立園部高等学校,園部,,園部,26,南丹市,南丹市園部町小桜町97,prefectural,high_school,active,SRC000073,2026-10-02,令和8年度京都府高野連硬式加盟校一覧から登録。所在地補完出典=SRC000114。
SCH001342,農芸,京都府立農芸高等学校,農芸,,農芸,26,南丹市,南丹市園部町南大谷,prefectural,high_school,active,SRC000073,2026-10-02,令和8年度京都府高野連硬式加盟校一覧から登録。所在地補完出典=SRC000114。
SCH001343,須知,京都府立須知高等学校,須知,,須知,26,京丹波町,船井郡京丹波町豊田下川原166-1,prefectural,high_school,active,SRC000073,2026-10-02,令和8年度京都府高野連硬式加盟校一覧から登録。所在地補完出典=SRC000114。
SCH001344,西京,京都市立西京高等学校,西京,,西京,26,京都市中京区,京都市中京区西ノ京東中合町1,municipal,high_school,active,SRC000073,2026-10-02,令和8年度京都府高野連硬式加盟校一覧から登録。所在地補完出典=SRC000116。
SCH001345,堀川,京都市立堀川高等学校,堀川,,堀川,26,京都市中京区,京都市中京区東堀川通錦小路上ル四坊堀川町622-2,municipal,high_school,active,SRC000073,2026-10-02,令和8年度京都府高野連硬式加盟校一覧から登録。所在地補完出典=SRC000116。
SCH001346,日吉ケ丘,京都市立日吉ケ丘高等学校,日吉ケ丘,,日吉ケ丘,26,京都市東山区,京都市東山区今熊野悲田院山町5-22,municipal,high_school,active,SRC000073,2026-10-02,令和8年度京都府高野連硬式加盟校一覧から登録。所在地補完出典=SRC000116。
SCH001347,紫野,京都市立紫野高等学校,紫野,,紫野,26,京都市北区,京都市北区紫野大徳寺町22,municipal,high_school,active,SRC000073,2026-10-02,令和8年度京都府高野連硬式加盟校一覧から登録。所在地補完出典=SRC000116。
SCH001348,開建,京都市立開建高等学校,開建,,開建,26,京都市南区,京都市南区唐橋大宮尻町22,municipal,high_school,active,SRC000073,2026-10-02,令和8年度京都府高野連硬式加盟校一覧から登録。所在地補完出典=SRC000116。
SCH001349,京都工学院,京都市立京都工学院高等学校,京都工学院,,京都工学院,26,京都市伏見区,京都市伏見区深草西出山町23番地,municipal,high_school,active,SRC000073,2026-10-02,令和8年度京都府高野連硬式加盟校一覧から登録。所在地補完出典=SRC000116。
SCH001350,京都教育大学附属,京都教育大学附属高等学校,京都教育大学附属,,京都教育大学附属,26,京都市伏見区,京都市伏見区深草越後屋敷町111,national,high_school,active,SRC000073,2026-10-02,令和8年度京都府高野連硬式加盟校一覧から登録。所在地補完出典=SRC000117。
SCH001351,洛星,洛星高等学校,洛星,,洛星,26,京都市北区,京都市北区小松原南町33,private,high_school,active,SRC000073,2026-10-02,令和8年度京都府高野連硬式加盟校一覧から登録。所在地補完出典=SRC000115。
SCH001352,立命館,立命館高等学校,立命館,,立命館,26,長岡京市,長岡京市調子一丁目1番1号,private,high_school,active,SRC000073,2026-10-02,令和8年度京都府高野連硬式加盟校一覧から登録。所在地補完出典=SRC000115。
SCH001353,京都両洋,京都両洋高等学校,京都両洋,,京都両洋,26,京都市中京区,京都市中京区壬生上大竹町13,private,high_school,active,SRC000073,2026-10-02,令和8年度京都府高野連硬式加盟校一覧から登録。所在地補完出典=SRC000115。
SCH001354,龍谷大学付属平安,龍谷大学付属平安高等学校,龍谷大学付属平安,,龍谷大学付属平安,26,京都市下京区,京都市下京区大宮通七条上ル御器屋町30,private,high_school,active,SRC000073,2026-10-02,令和8年度京都府高野連硬式加盟校一覧から登録。所在地補完出典=SRC000115。
SCH001355,同志社,同志社高等学校,同志社,,同志社,26,京都市左京区,京都市左京区岩倉大鷺町89,private,high_school,active,SRC000073,2026-10-02,令和8年度京都府高野連硬式加盟校一覧から登録。所在地補完出典=SRC000115。
SCH001356,東山,東山高等学校,東山,,東山,26,京都市左京区,京都市左京区永観堂町51,private,high_school,active,SRC000073,2026-10-02,令和8年度京都府高野連硬式加盟校一覧から登録。所在地補完出典=SRC000115。
SCH001357,大谷,大谷高等学校,大谷,,大谷,26,京都市東山区,京都市東山区今熊野池田町12,private,high_school,active,SRC000073,2026-10-02,令和8年度京都府高野連硬式加盟校一覧から登録。所在地補完出典=SRC000115。
SCH001358,京都先端科学大学附属,京都先端科学大学附属高等学校,京都先端科学大学附属,,京都先端科学大学附属,26,京都市右京区,京都市右京区花園寺ノ中町8,private,high_school,active,SRC000073,2026-10-02,令和8年度京都府高野連硬式加盟校一覧から登録。所在地補完出典=SRC000115。
SCH001359,京都外大西,京都外大西高等学校,京都外大西,,京都外大西,26,京都市右京区,京都市右京区山ノ内苗町37,private,high_school,active,SRC000073,2026-10-02,令和8年度京都府高野連硬式加盟校一覧から登録。所在地補完出典=SRC000115。
SCH001360,花園,花園高等学校,花園,,花園,26,京都市右京区,京都市右京区花園木辻北町1,private,high_school,active,SRC000073,2026-10-02,令和8年度京都府高野連硬式加盟校一覧から登録。所在地補完出典=SRC000115。
SCH001361,京都成章,京都成章高等学校,京都成章,,京都成章,26,京都市西京区,京都市西京区大枝沓掛町26,private,high_school,active,SRC000073,2026-10-02,令和8年度京都府高野連硬式加盟校一覧から登録。所在地補完出典=SRC000119。
SCH001362,京都国際,京都国際高等学校,京都国際,,京都国際,26,京都市東山区,京都市東山区今熊野本多山町1,private,high_school,active,SRC000073,2026-10-02,令和8年度京都府高野連硬式加盟校一覧から登録。所在地補完出典=SRC000115。
SCH001363,京都明徳,京都明徳高等学校,京都明徳,,京都明徳,26,京都市西京区,京都市西京区大枝東長町3-8,private,high_school,active,SRC000073,2026-10-02,令和8年度京都府高野連硬式加盟校一覧から登録。所在地補完出典=SRC000115。
SCH001364,京都産業大学附属,京都産業大学附属高等学校,京都産業大学附属,,京都産業大学附属,26,京都市下京区,京都市下京区中堂寺命婦町1-10,private,high_school,active,SRC000073,2026-10-02,令和8年度京都府高野連硬式加盟校一覧から登録。所在地補完出典=SRC000115。
SCH001365,京都文教,京都文教高等学校,京都文教,,京都文教,26,京都市左京区,京都市左京区岡崎円勝寺町5,private,high_school,active,SRC000073,2026-10-02,令和8年度京都府高野連硬式加盟校一覧から登録。所在地補完出典=SRC000115。
SCH001366,洛南,洛南高等学校,洛南,,洛南,26,京都市南区,京都市南区壬生通八条下ル東寺町559,private,high_school,active,SRC000073,2026-10-02,令和8年度京都府高野連硬式加盟校一覧から登録。所在地補完出典=SRC000115。
SCH001367,京都精華学園,京都精華学園高等学校,京都精華学園,,京都精華学園,26,京都市左京区,京都市左京区吉田河原町5-1,private,high_school,active,SRC000073,2026-10-02,令和8年度京都府高野連硬式加盟校一覧から登録。所在地補完出典=SRC000115。
SCH001368,立命館宇治,立命館宇治高等学校,立命館宇治,,立命館宇治,26,宇治市,宇治市広野町八軒屋谷33番1,private,high_school,active,SRC000073,2026-10-02,令和8年度京都府高野連硬式加盟校一覧から登録。所在地補完出典=SRC000115。
SCH001369,同志社国際,同志社国際高等学校,同志社国際,,同志社国際,26,京田辺市,京田辺市多々羅都谷60-1,private,high_school,active,SRC000073,2026-10-02,令和8年度京都府高野連硬式加盟校一覧から登録。所在地補完出典=SRC000115。
SCH001370,京都廣学館,京都廣学館高等学校,京都廣学館,,京都廣学館,26,精華町,相楽郡精華町大字下狛小字中垣内48,private,high_school,active,SRC000073,2026-10-02,令和8年度京都府高野連硬式加盟校一覧から登録。所在地補完出典=SRC000115。
SCH001371,京都翔英,京都翔英高等学校,京都翔英,,京都翔英,26,宇治市,宇治市莵道大垣内33-10,private,high_school,active,SRC000073,2026-10-02,令和8年度京都府高野連硬式加盟校一覧から登録。所在地補完出典=SRC000115。
SCH001372,綾部,京都府立綾部高等学校,綾部,,綾部,26,綾部市,綾部市岡町長田18,prefectural,high_school,active,SRC000073,2026-10-02,令和8年度京都府高野連硬式加盟校一覧から登録。所在地補完出典=SRC000114。
SCH001373,福知山,京都府立福知山高等学校,福知山,,福知山,26,福知山市,福知山市土師650,prefectural,high_school,active,SRC000073,2026-10-02,令和8年度京都府高野連硬式加盟校一覧から登録。所在地補完出典=SRC000114。
SCH001374,工業,京都府立工業高等学校,工業,,工業,26,福知山市,福知山市石原上野45,prefectural,high_school,active,SRC000073,2026-10-02,令和8年度京都府高野連硬式加盟校一覧から登録。所在地補完出典=SRC000114。
SCH001375,東舞鶴,京都府立東舞鶴高等学校,東舞鶴,,東舞鶴,26,舞鶴市,舞鶴市字泉源寺766,prefectural,high_school,active,SRC000073,2026-10-02,令和8年度京都府高野連硬式加盟校一覧から登録。所在地補完出典=SRC000114。
SCH001376,西舞鶴,京都府立西舞鶴高等学校,西舞鶴,,西舞鶴,26,舞鶴市,舞鶴市字引土145,prefectural,high_school,active,SRC000073,2026-10-02,令和8年度京都府高野連硬式加盟校一覧から登録。所在地補完出典=SRC000114。
SCH001377,大江,京都府立大江高等学校,大江,,大江,26,福知山市,福知山市大江町金屋578,prefectural,high_school,active,SRC000073,2026-10-02,令和8年度京都府高野連硬式加盟校一覧から登録。所在地補完出典=SRC000114。
SCH001378,宮津天橋,京都府立宮津天橋高等学校,宮津天橋,,宮津天橋,26,宮津市,宮津市字滝馬23,prefectural,high_school,active,SRC000073,2026-10-02,令和8年度京都府高野連硬式加盟校一覧から登録。所在地補完出典=SRC000114。
SCH001379,海洋,京都府立海洋高等学校,海洋,,海洋,26,宮津市,宮津市字上司1567-1,prefectural,high_school,active,SRC000073,2026-10-02,令和8年度京都府高野連硬式加盟校一覧から登録。所在地補完出典=SRC000114。
SCH001380,峰山,京都府立峰山高等学校,峰山,,峰山,26,京丹後市,京丹後市峰山町古殿1185,prefectural,high_school,active,SRC000073,2026-10-02,令和8年度京都府高野連硬式加盟校一覧から登録。所在地補完出典=SRC000114。
SCH001381,丹後緑風,京都府立丹後緑風高等学校,丹後緑風,,丹後緑風,26,京丹後市,京丹後市網野町網野2820,prefectural,high_school,active,SRC000073,2026-10-02,令和8年度京都府高野連硬式加盟校一覧から登録。所在地補完出典=SRC000114。
SCH001382,舞鶴工業高等専門学校,舞鶴工業高等専門学校,舞鶴工業高等専門学校,,舞鶴工業高等専門学校,26,舞鶴市,舞鶴市字白屋234番地,national,technical_college,active,SRC000073,2026-10-02,令和8年度京都府高野連硬式加盟校一覧から登録。所在地補完出典=SRC000118。
SCH001383,京都共栄学園,京都共栄学園高等学校,京都共栄学園,,京都共栄学園,26,福知山市,福知山市字篠尾小字稲子谷62-5,private,high_school,active,SRC000073,2026-10-02,令和8年度京都府高野連硬式加盟校一覧から登録。所在地補完出典=SRC000115。
SCH001384,福知山成美,福知山成美高等学校,福知山成美,,福知山成美,26,福知山市,福知山市字堀3471-1番地,private,high_school,active,SRC000073,2026-10-02,令和8年度京都府高野連硬式加盟校一覧から登録。所在地補完出典=SRC000115。
SCH001385,日星,日星高等学校,日星,,日星,26,舞鶴市,舞鶴市字上安久381,private,high_school,active,SRC000073,2026-10-02,令和8年度京都府高野連硬式加盟校一覧から登録。所在地補完出典=SRC000115。
SCH001386,旭丘高校,愛知県立旭丘高等学校,旭丘,,旭丘高校,23,名古屋市東区,名古屋市東区出来町3-6-15,prefectural,high_school,active,SRC000070,2026-10-02,愛知県高野連2026-04-01硬式加盟校一覧（通し番号1）から登録。所在地補完出典=SRC000121。
SCH001387,旭野高校,愛知県立旭野高等学校,旭野,,旭野高校,23,尾張旭市,尾張旭市東印場町3丁目4番地1,prefectural,high_school,active,SRC000070,2026-10-02,愛知県高野連2026-04-01硬式加盟校一覧（通し番号2）から登録。所在地補完出典=SRC000121。
SCH001388,惟信高校,愛知県立惟信高等学校,惟信,,惟信高校,23,名古屋市港区,名古屋市港区惟信町2丁目262番地,prefectural,high_school,active,SRC000070,2026-10-02,愛知県高野連2026-04-01硬式加盟校一覧（通し番号3）から登録。所在地補完出典=SRC000121。
SCH001389,春日井高校,愛知県立春日井高等学校,春日井,,春日井高校,23,春日井市,春日井市鳥居松町1丁目55番地,prefectural,high_school,active,SRC000070,2026-10-02,愛知県高野連2026-04-01硬式加盟校一覧（通し番号4）から登録。所在地補完出典=SRC000121。
SCH001390,春日井西高校,愛知県立春日井西高等学校,春日井西,,春日井西高校,23,春日井市,春日井市田楽町1320番地,prefectural,high_school,active,SRC000070,2026-10-02,愛知県高野連2026-04-01硬式加盟校一覧（通し番号5）から登録。所在地補完出典=SRC000121。
SCH001391,高蔵寺高校,愛知県立高蔵寺高等学校,高蔵寺,,高蔵寺高校,23,春日井市,春日井市藤山台1-3-2,prefectural,high_school,active,SRC000070,2026-10-02,愛知県高野連2026-04-01硬式加盟校一覧（通し番号6）から登録。所在地補完出典=SRC000121。
SCH001392,松蔭高校,愛知県立松蔭高等学校,松蔭,,松蔭高校,23,名古屋市中村区,名古屋市中村区烏森町2-2,prefectural,high_school,active,SRC000070,2026-10-02,愛知県高野連2026-04-01硬式加盟校一覧（通し番号7）から登録。所在地補完出典=SRC000121。
SCH001393,昭和高校,愛知県立昭和高等学校,昭和,,昭和高校,23,名古屋市瑞穂区,名古屋市瑞穂区玉水町1-18,prefectural,high_school,active,SRC000070,2026-10-02,愛知県高野連2026-04-01硬式加盟校一覧（通し番号8）から登録。所在地補完出典=SRC000121。
SCH001394,瑞陵高校,愛知県立瑞陵高等学校,瑞陵,,瑞陵高校,23,名古屋市瑞穂区,名古屋市瑞穂区北原町2丁目1番地,prefectural,high_school,active,SRC000070,2026-10-02,愛知県高野連2026-04-01硬式加盟校一覧（通し番号9）から登録。所在地補完出典=SRC000121。
SCH001395,瀬戸高校,愛知県立瀬戸高等学校,瀬戸,,瀬戸高校,23,瀬戸市,瀬戸市東山町1丁目5番地,prefectural,high_school,active,SRC000070,2026-10-02,愛知県高野連2026-04-01硬式加盟校一覧（通し番号10）から登録。所在地補完出典=SRC000121。
SCH001396,瀬戸北総合高校,愛知県立瀬戸北総合高等学校,瀬戸北総合,,瀬戸北総合高校,23,瀬戸市,瀬戸市本郷町260,prefectural,high_school,active,SRC000070,2026-10-02,愛知県高野連2026-04-01硬式加盟校一覧（通し番号11）から登録。所在地補完出典=SRC000121。
SCH001397,千種高校,愛知県立千種高等学校,千種,,千種高校,23,名古屋市名東区,名古屋市名東区社台2-206,prefectural,high_school,active,SRC000070,2026-10-02,愛知県高野連2026-04-01硬式加盟校一覧（通し番号12）から登録。所在地補完出典=SRC000121。
SCH001398,天白高校,愛知県立天白高等学校,天白,,天白高校,23,名古屋市天白区,名古屋市天白区植田東一丁目601番地,prefectural,high_school,active,SRC000070,2026-10-02,愛知県高野連2026-04-01硬式加盟校一覧（通し番号13）から登録。所在地補完出典=SRC000121。
SCH001399,東郷高校,愛知県立東郷高等学校,東郷,,東郷高校,23,東郷町,愛知郡東郷町大字春木字狐塚3801の2,prefectural,high_school,active,SRC000070,2026-10-02,愛知県高野連2026-04-01硬式加盟校一覧（通し番号14）から登録。所在地補完出典=SRC000121。
SCH001400,豊明高校,愛知県立豊明高等学校,豊明,,豊明高校,23,豊明市,豊明市沓掛町海老池10,prefectural,high_school,active,SRC000070,2026-10-02,愛知県高野連2026-04-01硬式加盟校一覧（通し番号15）から登録。所在地補完出典=SRC000121。
SCH001401,長久手高校,愛知県立長久手高等学校,長久手,,長久手高校,23,長久手市,長久手市岩作高山38,prefectural,high_school,active,SRC000070,2026-10-02,愛知県高野連2026-04-01硬式加盟校一覧（通し番号16）から登録。所在地補完出典=SRC000121。
SCH001402,中村高校,愛知県立中村高等学校,中村,,中村高校,23,名古屋市中村区,名古屋市中村区菊水町1-2-18,prefectural,high_school,active,SRC000070,2026-10-02,愛知県高野連2026-04-01硬式加盟校一覧（通し番号17）から登録。所在地補完出典=SRC000121。
SCH001403,名古屋南高校,愛知県立名古屋南高等学校,名古屋南,,名古屋南高校,23,名古屋市南区,名古屋市南区東又兵ヱ町5-1-11,prefectural,high_school,active,SRC000070,2026-10-02,愛知県高野連2026-04-01硬式加盟校一覧（通し番号18）から登録。所在地補完出典=SRC000121。
SCH001404,鳴海高校,愛知県立鳴海高等学校,鳴海,,鳴海高校,23,名古屋市緑区,名古屋市緑区左京山801,prefectural,high_school,active,SRC000070,2026-10-02,愛知県高野連2026-04-01硬式加盟校一覧（通し番号19）から登録。所在地補完出典=SRC000121。
SCH001405,南陽高校,愛知県立南陽高等学校,南陽,,南陽高校,23,名古屋市港区,名古屋市港区大西二丁目99番地,prefectural,high_school,active,SRC000070,2026-10-02,愛知県高野連2026-04-01硬式加盟校一覧（通し番号20）から登録。所在地補完出典=SRC000121。
SCH001406,日進高校,愛知県立日進高等学校,日進,,日進高校,23,日進市,日進市米野木町三ヶ峯4-18,prefectural,high_school,active,SRC000070,2026-10-02,愛知県高野連2026-04-01硬式加盟校一覧（通し番号21）から登録。所在地補完出典=SRC000121。
SCH001407,日進西高校,愛知県立日進西高等学校,日進西,,日進西高校,23,日進市,日進市浅田町上小深田8番地の4,prefectural,high_school,active,SRC000070,2026-10-02,愛知県高野連2026-04-01硬式加盟校一覧（通し番号22）から登録。所在地補完出典=SRC000121。
SCH001408,明和高校,愛知県立明和高等学校,明和,,明和高校,23,名古屋市東区,名古屋市東区白壁二丁目32番6号,prefectural,high_school,active,SRC000070,2026-10-02,愛知県高野連2026-04-01硬式加盟校一覧（通し番号23）から登録。所在地補完出典=SRC000121。
SCH001409,守山高校,愛知県立守山高等学校,守山,,守山高校,23,名古屋市守山区,名古屋市守山区中志段味字元屋敷1267,prefectural,high_school,active,SRC000070,2026-10-02,愛知県高野連2026-04-01硬式加盟校一覧（通し番号24）から登録。所在地補完出典=SRC000121。
SCH001410,愛知商業高校,愛知県立愛知商業高等学校,愛知商業,,愛知商業高校,23,名古屋市東区,名古屋市東区徳川一丁目12番地1,prefectural,high_school,active,SRC000070,2026-10-02,愛知県高野連2026-04-01硬式加盟校一覧（通し番号25）から登録。所在地補完出典=SRC000121。
SCH001411,春日井泉高校,愛知県立春日井泉高等学校,春日井泉,,春日井泉高校,23,春日井市,春日井市大泉寺町1059-1,prefectural,high_school,active,SRC000070,2026-10-02,愛知県高野連2026-04-01硬式加盟校一覧（通し番号26）から登録。所在地補完出典=SRC000121。
SCH001412,緑丘高校,愛知県立緑丘高等学校,緑丘,,緑丘高校,23,名古屋市守山区,名古屋市守山区緑ヶ丘1008番地,prefectural,high_school,active,SRC000070,2026-10-02,愛知県高野連2026-04-01硬式加盟校一覧（通し番号27）から登録。所在地補完出典=SRC000121。
SCH001413,春日井工科高校,愛知県立春日井工科高等学校,春日井工科,,春日井工科高校,23,春日井市,春日井市熊野町五反田1180-1,prefectural,high_school,active,SRC000070,2026-10-02,愛知県高野連2026-04-01硬式加盟校一覧（通し番号28）から登録。所在地補完出典=SRC000121。
SCH001414,名古屋工科高校,愛知県立名古屋工科高等学校,名古屋工科,,名古屋工科高校,23,名古屋市南区,名古屋市南区阿原町1番,prefectural,high_school,active,SRC000070,2026-10-02,愛知県高野連2026-04-01硬式加盟校一覧（通し番号29）から登録。所在地補完出典=SRC000121。
SCH001415,愛知総合工科高校,愛知県立愛知総合工科高等学校,愛知総合工科,,愛知総合工科高校,23,名古屋市千種区,名古屋市千種区星が丘山手107,prefectural,high_school,active,SRC000070,2026-10-02,愛知県高野連2026-04-01硬式加盟校一覧（通し番号30）から登録。所在地補完出典=SRC000121。
SCH001416,瀬戸工科高校,愛知県立瀬戸工科高等学校,瀬戸工科,,瀬戸工科高校,23,瀬戸市,瀬戸市東権現町22-1,prefectural,high_school,active,SRC000070,2026-10-02,愛知県高野連2026-04-01硬式加盟校一覧（通し番号31）から登録。所在地補完出典=SRC000121。
SCH001417,菊里高校,名古屋市立菊里高等学校,菊里,,菊里高校,23,名古屋市千種区,名古屋市千種区星が丘元町13-7,municipal,high_school,active,SRC000070,2026-10-02,愛知県高野連2026-04-01硬式加盟校一覧（通し番号32）から登録。所在地補完出典=SRC000121。
SCH001418,向陽高校,名古屋市立向陽高等学校,向陽,,向陽高校,23,名古屋市昭和区,名古屋市昭和区広池町47,municipal,high_school,active,SRC000070,2026-10-02,愛知県高野連2026-04-01硬式加盟校一覧（通し番号33）から登録。所在地補完出典=SRC000121。
SCH001419,桜台高校,名古屋市立桜台高等学校,桜台,,桜台高校,23,名古屋市南区,名古屋市南区霞町21,municipal,high_school,active,SRC000070,2026-10-02,愛知県高野連2026-04-01硬式加盟校一覧（通し番号34）から登録。所在地補完出典=SRC000121。
SCH001420,富田高校,名古屋市立富田高等学校,富田,,富田高校,23,名古屋市中川区,名古屋市中川区富田町榎津字上鵜垂111,municipal,high_school,active,SRC000070,2026-10-02,愛知県高野連2026-04-01硬式加盟校一覧（通し番号35）から登録。所在地補完出典=SRC000121。
SCH001421,名東高校,名古屋市立名東高等学校,名東,,名東高校,23,名古屋市名東区,名古屋市名東区大針一丁目351,municipal,high_school,active,SRC000070,2026-10-02,愛知県高野連2026-04-01硬式加盟校一覧（通し番号36）から登録。所在地補完出典=SRC000121。
SCH001422,山田高校,名古屋市立山田高等学校,山田,,山田高校,23,名古屋市西区,名古屋市西区二方町19-1,municipal,high_school,active,SRC000070,2026-10-02,愛知県高野連2026-04-01硬式加盟校一覧（通し番号37）から登録。所在地補完出典=SRC000121。
SCH001423,工業高校,名古屋市立工業高等学校,工業,,工業高校,23,名古屋市中川区,名古屋市中川区北江町3-13,municipal,high_school,active,SRC000070,2026-10-02,愛知県高野連2026-04-01硬式加盟校一覧（通し番号38）から登録。所在地補完出典=SRC000121。
SCH001424,工芸高校,名古屋市立工芸高等学校,工芸,,工芸高校,23,名古屋市東区,名古屋市東区芳野二丁目7-51,municipal,high_school,active,SRC000070,2026-10-02,愛知県高野連2026-04-01硬式加盟校一覧（通し番号39）から登録。所在地補完出典=SRC000121。
SCH001425,愛知高校,愛知高等学校,愛知,,愛知高校,23,名古屋市千種区,名古屋市千種区光が丘2-11-41,private,high_school,active,SRC000070,2026-10-02,愛知県高野連2026-04-01硬式加盟校一覧（通し番号40）から登録。所在地補完出典=SRC000123。
SCH001426,栄徳高校,栄徳高等学校,栄徳,,栄徳高校,23,長久手市,長久手市岩作三ヶ峯1-32,private,high_school,active,SRC000070,2026-10-02,愛知県高野連2026-04-01硬式加盟校一覧（通し番号41）から登録。所在地補完出典=SRC000123。
SCH001427,享栄高校,享栄高等学校,享栄,,享栄高校,23,名古屋市瑞穂区,名古屋市瑞穂区汐路町1-26,private,high_school,active,SRC000070,2026-10-02,愛知県高野連2026-04-01硬式加盟校一覧（通し番号42）から登録。所在地補完出典=SRC000123。
SCH001428,星城高校,星城高等学校,星城,,星城高校,23,豊明市,豊明市栄町新左山20,private,high_school,active,SRC000070,2026-10-02,愛知県高野連2026-04-01硬式加盟校一覧（通し番号43）から登録。所在地補完出典=SRC000123。
SCH001429,大同大学大同高校,大同大学大同高等学校,大同大学大同,,大同大学大同高校,23,名古屋市南区,名古屋市南区大同町2-21,private,high_school,active,SRC000070,2026-10-02,愛知県高野連2026-04-01硬式加盟校一覧（通し番号44）から登録。所在地補完出典=SRC000123。
SCH001430,中京大学附属中京高校,中京大学附属中京高等学校,中京大学附属中京,,中京大学附属中京高校,23,名古屋市昭和区,名古屋市昭和区川名山町122,private,high_school,active,SRC000070,2026-10-02,愛知県高野連2026-04-01硬式加盟校一覧（通し番号45）から登録。所在地補完出典=SRC000123。
SCH001431,東海高校,東海高等学校,東海,,東海高校,23,名古屋市東区,名古屋市東区筒井1-2-35,private,high_school,active,SRC000070,2026-10-02,愛知県高野連2026-04-01硬式加盟校一覧（通し番号46）から登録。所在地補完出典=SRC000123。
SCH001432,東邦高校,東邦高等学校,東邦,,東邦高校,23,名古屋市名東区,名古屋市名東区平和が丘3-11,private,high_school,active,SRC000070,2026-10-02,愛知県高野連2026-04-01硬式加盟校一覧（通し番号47）から登録。所在地補完出典=SRC000123。
SCH001433,同朋高校,同朋高等学校,同朋,,同朋高校,23,名古屋市中村区,名古屋市中村区稲葉地町7-1,private,high_school,active,SRC000070,2026-10-02,愛知県高野連2026-04-01硬式加盟校一覧（通し番号48）から登録。所在地補完出典=SRC000123。
SCH001434,名古屋大谷高校,名古屋大谷高等学校,名古屋大谷,,名古屋大谷高校,23,名古屋市瑞穂区,名古屋市瑞穂区高田町4-19,private,high_school,active,SRC000070,2026-10-02,愛知県高野連2026-04-01硬式加盟校一覧（通し番号49）から登録。所在地補完出典=SRC000123。
SCH001435,名古屋高校,名古屋高等学校,名古屋,,名古屋高校,23,名古屋市東区,名古屋市東区砂田橋2-1-58,private,high_school,active,SRC000070,2026-10-02,愛知県高野連2026-04-01硬式加盟校一覧（通し番号50）から登録。所在地補完出典=SRC000123。
SCH001436,中部大学第一高校,中部大学第一高等学校,中部大学第一,,中部大学第一高校,23,日進市,日進市三本木町細廻間425,private,high_school,active,SRC000070,2026-10-02,愛知県高野連2026-04-01硬式加盟校一覧（通し番号51）から登録。所在地補完出典=SRC000123。
SCH001437,南山高校,南山高等学校,南山,,南山高校,23,名古屋市昭和区,名古屋市昭和区五軒家町6,private,high_school,active,SRC000070,2026-10-02,愛知県高野連2026-04-01硬式加盟校一覧（通し番号52）から登録。所在地補完出典=SRC000123。
SCH001438,中部大学春日丘高校,中部大学春日丘高等学校,中部大学春日丘,,中部大学春日丘高校,23,春日井市,春日井市松本町1105,private,high_school,active,SRC000070,2026-10-02,愛知県高野連2026-04-01硬式加盟校一覧（通し番号53）から登録。所在地補完出典=SRC000123。
SCH001439,名城大学附属高校,名城大学附属高等学校,名城大学附属,,名城大学附属高校,23,名古屋市中村区,名古屋市中村区新富町1-3-16,private,high_school,active,SRC000070,2026-10-02,愛知県高野連2026-04-01硬式加盟校一覧（通し番号54）から登録。所在地補完出典=SRC000123。
SCH001440,愛知工業大学名電高校,愛知工業大学名電高等学校,愛知工業大学名電,,愛知工業大学名電高校,23,名古屋市千種区,名古屋市千種区若水3-2-12,private,high_school,active,SRC000070,2026-10-02,愛知県高野連2026-04-01硬式加盟校一覧（通し番号55）から登録。所在地補完出典=SRC000123。
SCH001441,名古屋たちばな高校,名古屋たちばな高等学校,名古屋たちばな,,名古屋たちばな高校,23,名古屋市中区,名古屋市中区伊勢山1-2-29,private,high_school,active,SRC000070,2026-10-02,愛知県高野連2026-04-01硬式加盟校一覧（通し番号56）から登録。所在地補完出典=SRC000123。 愛知県高野連では「旧・愛知産業大学工業高校」の注記あり。
SCH001442,名古屋工業高校,名古屋工業高等学校,名古屋工業,,名古屋工業高校,23,名古屋市昭和区,名古屋市昭和区円上町22-38,private,high_school,active,SRC000070,2026-10-02,愛知県高野連2026-04-01硬式加盟校一覧（通し番号57）から登録。所在地補完出典=SRC000123。
SCH001443,名古屋国際高校,名古屋国際高等学校,名古屋国際,,名古屋国際高校,23,名古屋市昭和区,名古屋市昭和区広路本町1-16,private,high_school,active,SRC000070,2026-10-02,愛知県高野連2026-04-01硬式加盟校一覧（通し番号58）から登録。所在地補完出典=SRC000123。
SCH001444,菊華高校,菊華高等学校,菊華,,菊華高校,23,名古屋市守山区,名古屋市守山区小幡5-8-13,private,high_school,active,SRC000070,2026-10-02,愛知県高野連2026-04-01硬式加盟校一覧（通し番号59）から登録。所在地補完出典=SRC000123。
SCH001445,名古屋経済大学市邨高校,名古屋経済大学市邨高等学校,名古屋経済大学市邨,,名古屋経済大学市邨高校,23,名古屋市千種区,名古屋市千種区北千種3-1-37,private,high_school,active,SRC000070,2026-10-02,愛知県高野連2026-04-01硬式加盟校一覧（通し番号60）から登録。所在地補完出典=SRC000123。
SCH001446,至学館高校,至学館高等学校,至学館,,至学館高校,23,名古屋市東区,名古屋市東区大幸南2-1-10,private,high_school,active,SRC000070,2026-10-02,愛知県高野連2026-04-01硬式加盟校一覧（通し番号61）から登録。所在地補完出典=SRC000123。
SCH001447,名古屋経済大学高蔵高校,名古屋経済大学高蔵高等学校,名古屋経済大学高蔵,,名古屋経済大学高蔵高校,23,名古屋市瑞穂区,名古屋市瑞穂区高田町3-28-1,private,high_school,active,SRC000070,2026-10-02,愛知県高野連2026-04-01硬式加盟校一覧（通し番号62）から登録。所在地補完出典=SRC000123。
SCH001448,蒲郡高校,愛知県立蒲郡高等学校,蒲郡,,蒲郡高校,23,蒲郡市,蒲郡市上本町8-9,prefectural,high_school,active,SRC000070,2026-10-02,愛知県高野連2026-04-01硬式加盟校一覧（通し番号63）から登録。所在地補完出典=SRC000121。
SCH001449,蒲郡東高校,愛知県立蒲郡東高等学校,蒲郡東,,蒲郡東高校,23,蒲郡市,蒲郡市大塚町上千尾12-2,prefectural,high_school,active,SRC000070,2026-10-02,愛知県高野連2026-04-01硬式加盟校一覧（通し番号64）から登録。所在地補完出典=SRC000121。
SCH001450,国府高校,愛知県立国府高等学校,国府,,国府高校,23,豊川市,豊川市国府町下坊入10-1,prefectural,high_school,active,SRC000070,2026-10-02,愛知県高野連2026-04-01硬式加盟校一覧（通し番号65）から登録。所在地補完出典=SRC000121。
SCH001451,小坂井高校,愛知県立小坂井高等学校,小坂井,,小坂井高校,23,豊川市,豊川市小坂井町欠田100-1,prefectural,high_school,active,SRC000070,2026-10-02,愛知県高野連2026-04-01硬式加盟校一覧（通し番号66）から登録。所在地補完出典=SRC000121。
SCH001452,時習館高校,愛知県立時習館高等学校,時習館,,時習館高校,23,豊橋市,豊橋市富本町,prefectural,high_school,active,SRC000070,2026-10-02,愛知県高野連2026-04-01硬式加盟校一覧（通し番号67）から登録。所在地補完出典=SRC000121。
SCH001453,新城有教館高校,愛知県立新城有教館高等学校,新城有教館,,新城有教館高校,23,新城市,新城市桜渕・中野合併地,prefectural,high_school,active,SRC000070,2026-10-02,愛知県高野連2026-04-01硬式加盟校一覧（通し番号68）から登録。所在地補完出典=SRC000121。
SCH001454,成章高校,愛知県立成章高等学校,成章,,成章高校,23,田原市,田原市田原町池ノ原1,prefectural,high_school,active,SRC000070,2026-10-02,愛知県高野連2026-04-01硬式加盟校一覧（通し番号69）から登録。所在地補完出典=SRC000121。
SCH001455,豊橋西高校,愛知県立豊橋西高等学校,豊橋西,,豊橋西高校,23,豊橋市,豊橋市牟呂町西明治新右前4,prefectural,high_school,active,SRC000070,2026-10-02,愛知県高野連2026-04-01硬式加盟校一覧（通し番号70）から登録。所在地補完出典=SRC000121。
SCH001456,豊橋東高校,愛知県立豊橋東高等学校,豊橋東,,豊橋東高校,23,豊橋市,豊橋市向山町西猿22,prefectural,high_school,active,SRC000070,2026-10-02,愛知県高野連2026-04-01硬式加盟校一覧（通し番号71）から登録。所在地補完出典=SRC000121。
SCH001457,豊橋南高校,愛知県立豊橋南高等学校,豊橋南,,豊橋南高校,23,豊橋市,豊橋市南大清水町元町450,prefectural,high_school,active,SRC000070,2026-10-02,愛知県高野連2026-04-01硬式加盟校一覧（通し番号72）から登録。所在地補完出典=SRC000121。
SCH001458,福江高校,愛知県立福江高等学校,福江,,福江高校,23,田原市,田原市古田町岡ノ越6,prefectural,high_school,active,SRC000070,2026-10-02,愛知県高野連2026-04-01硬式加盟校一覧（通し番号73）から登録。所在地補完出典=SRC000121。
SCH001459,豊丘高校,愛知県立豊丘高等学校,豊丘,,豊丘高校,23,豊橋市,豊橋市豊岡町74,prefectural,high_school,active,SRC000070,2026-10-02,愛知県高野連2026-04-01硬式加盟校一覧（通し番号74）から登録。所在地補完出典=SRC000121。
SCH001460,御津あおば高校,愛知県立御津あおば高等学校,御津あおば,,御津あおば高校,23,豊川市,豊川市御津町豊沢松ノ下1,prefectural,high_school,active,SRC000070,2026-10-02,愛知県高野連2026-04-01硬式加盟校一覧（通し番号75）から登録。所在地補完出典=SRC000121。
SCH001461,豊橋商業高校,愛知県立豊橋商業高等学校,豊橋商業,,豊橋商業高校,23,豊橋市,豊橋市向山町官有地,prefectural,high_school,active,SRC000070,2026-10-02,愛知県高野連2026-04-01硬式加盟校一覧（通し番号76）から登録。所在地補完出典=SRC000121。
SCH001462,豊川工科高校,愛知県立豊川工科高等学校,豊川工科,,豊川工科高校,23,豊川市,豊川市新道町1-3,prefectural,high_school,active,SRC000070,2026-10-02,愛知県高野連2026-04-01硬式加盟校一覧（通し番号77）から登録。所在地補完出典=SRC000121。
SCH001463,豊橋工科高校,愛知県立豊橋工科高等学校,豊橋工科,,豊橋工科高校,23,豊橋市,豊橋市草間町官有地,prefectural,high_school,active,SRC000070,2026-10-02,愛知県高野連2026-04-01硬式加盟校一覧（通し番号78）から登録。所在地補完出典=SRC000121。
SCH001464,渥美農業高校,愛知県立渥美農業高等学校,渥美農業,,渥美農業高校,23,田原市,田原市加治町奥恩中1-1,prefectural,high_school,active,SRC000070,2026-10-02,愛知県高野連2026-04-01硬式加盟校一覧（通し番号79）から登録。所在地補完出典=SRC000121。
SCH001465,三谷水産高校,愛知県立三谷水産高等学校,三谷水産,,三谷水産高校,23,蒲郡市,蒲郡市三谷町水神町通2-1,prefectural,high_school,active,SRC000070,2026-10-02,愛知県高野連2026-04-01硬式加盟校一覧（通し番号80）から登録。所在地補完出典=SRC000121。
SCH001466,桜丘高校,桜丘高等学校,桜丘,,桜丘高校,23,豊橋市,豊橋市南牛川2-1-11,private,high_school,active,SRC000070,2026-10-02,愛知県高野連2026-04-01硬式加盟校一覧（通し番号81）から登録。所在地補完出典=SRC000123。
SCH001467,豊川高校,豊川高等学校,豊川,,豊川高校,23,豊川市,豊川市末広通1-37,private,high_school,active,SRC000070,2026-10-02,愛知県高野連2026-04-01硬式加盟校一覧（通し番号82）から登録。所在地補完出典=SRC000123。
SCH001468,豊橋中央高校,豊橋中央高等学校,豊橋中央,,豊橋中央高校,23,豊橋市,豊橋市鍵田町106,private,high_school,active,SRC000070,2026-10-02,愛知県高野連2026-04-01硬式加盟校一覧（通し番号83）から登録。所在地補完出典=SRC000123。
SCH001469,海陽学園,海陽中等教育学校,海陽学園,,海陽学園,23,蒲郡市,蒲郡市海陽町三丁目12番地1,private,secondary_school,active,SRC000070,2026-10-02,愛知県高野連2026-04-01硬式加盟校一覧（通し番号84）から登録。所在地補完出典=SRC000124。
SCH001470,安城高校,愛知県立安城高等学校,安城,,安城高校,23,安城市,安城市赤松町大北103,prefectural,high_school,active,SRC000070,2026-10-02,愛知県高野連2026-04-01硬式加盟校一覧（通し番号85）から登録。所在地補完出典=SRC000121。
SCH001471,安城東高校,愛知県立安城東高等学校,安城東,,安城東高校,23,安城市,安城市北山崎町大土塚10,prefectural,high_school,active,SRC000070,2026-10-02,愛知県高野連2026-04-01硬式加盟校一覧（通し番号86）から登録。所在地補完出典=SRC000121。
SCH001472,安城南高校,愛知県立安城南高等学校,安城南,,安城南高校,23,安城市,安城市桜井町門原1,prefectural,high_school,active,SRC000070,2026-10-02,愛知県高野連2026-04-01硬式加盟校一覧（通し番号87）から登録。所在地補完出典=SRC000121。
SCH001473,一色高校,愛知県立一色高等学校,一色,,一色高校,23,西尾市,西尾市一色町赤羽上郷中14,prefectural,high_school,active,SRC000070,2026-10-02,愛知県高野連2026-04-01硬式加盟校一覧（通し番号88）から登録。所在地補完出典=SRC000121。
SCH001474,岩津高校,愛知県立岩津高等学校,岩津,,岩津高校,23,岡崎市,岡崎市東蔵前町馬場5,prefectural,high_school,active,SRC000070,2026-10-02,愛知県高野連2026-04-01硬式加盟校一覧（通し番号89）から登録。所在地補完出典=SRC000121。
SCH001475,岡崎高校,愛知県立岡崎高等学校,岡崎,,岡崎高校,23,岡崎市,岡崎市明大寺町伝馬1,prefectural,high_school,active,SRC000070,2026-10-02,愛知県高野連2026-04-01硬式加盟校一覧（通し番号90）から登録。所在地補完出典=SRC000121。
SCH001476,岡崎北高校,愛知県立岡崎北高等学校,岡崎北,,岡崎北高校,23,岡崎市,岡崎市石神町17-1,prefectural,high_school,active,SRC000070,2026-10-02,愛知県高野連2026-04-01硬式加盟校一覧（通し番号91）から登録。所在地補完出典=SRC000121。
SCH001477,岡崎西高校,愛知県立岡崎西高等学校,岡崎西,,岡崎西高校,23,岡崎市,岡崎市日名南町7,prefectural,high_school,active,SRC000070,2026-10-02,愛知県高野連2026-04-01硬式加盟校一覧（通し番号92）から登録。所在地補完出典=SRC000121。
SCH001478,岡崎東高校,愛知県立岡崎東高等学校,岡崎東,,岡崎東高校,23,岡崎市,岡崎市竜泉寺町後山27,prefectural,high_school,active,SRC000070,2026-10-02,愛知県高野連2026-04-01硬式加盟校一覧（通し番号93）から登録。所在地補完出典=SRC000121。
SCH001479,加茂丘高校,愛知県立加茂丘高等学校,加茂丘,,加茂丘高校,23,豊田市,豊田市藤岡飯野町太田代1137-30,prefectural,high_school,active,SRC000070,2026-10-02,愛知県高野連2026-04-01硬式加盟校一覧（通し番号94）から登録。所在地補完出典=SRC000121。
SCH001480,刈谷高校,愛知県立刈谷高等学校,刈谷,,刈谷高校,23,刈谷市,刈谷市寿町5-101,prefectural,high_school,active,SRC000070,2026-10-02,愛知県高野連2026-04-01硬式加盟校一覧（通し番号95）から登録。所在地補完出典=SRC000121。
SCH001481,刈谷北高校,愛知県立刈谷北高等学校,刈谷北,,刈谷北高校,23,刈谷市,刈谷市寺横町1-67,prefectural,high_school,active,SRC000070,2026-10-02,愛知県高野連2026-04-01硬式加盟校一覧（通し番号96）から登録。所在地補完出典=SRC000121。
SCH001482,吉良高校,愛知県立吉良高等学校,吉良,,吉良高校,23,西尾市,西尾市吉良町白浜新田南切1-4,prefectural,high_school,active,SRC000070,2026-10-02,愛知県高野連2026-04-01硬式加盟校一覧（通し番号97）から登録。所在地補完出典=SRC000121。
SCH001483,幸田高校,愛知県立幸田高等学校,幸田,,幸田高校,23,幸田町,額田郡幸田町大字高力字神山78,prefectural,high_school,active,SRC000070,2026-10-02,愛知県高野連2026-04-01硬式加盟校一覧（通し番号98）から登録。所在地補完出典=SRC000121。
SCH001484,衣台高校,愛知県立衣台高等学校,衣台,,衣台高校,23,豊田市,豊田市太平町平山5,prefectural,high_school,active,SRC000070,2026-10-02,愛知県高野連2026-04-01硬式加盟校一覧（通し番号99）から登録。所在地補完出典=SRC000121。
SCH001485,高浜高校,愛知県立高浜高等学校,高浜,,高浜高校,23,高浜市,高浜市本郷町1-6-1,prefectural,high_school,active,SRC000070,2026-10-02,愛知県高野連2026-04-01硬式加盟校一覧（通し番号100）から登録。所在地補完出典=SRC000121。
SCH001486,知立高校,愛知県立知立高等学校,知立,,知立高校,23,知立市,知立市弘法2-5-8,prefectural,high_school,active,SRC000070,2026-10-02,愛知県高野連2026-04-01硬式加盟校一覧（通し番号101）から登録。所在地補完出典=SRC000121。
SCH001487,知立東高校,愛知県立知立東高等学校,知立東,,知立東高校,23,知立市,知立市長篠町大山18-6,prefectural,high_school,active,SRC000070,2026-10-02,愛知県高野連2026-04-01硬式加盟校一覧（通し番号102）から登録。所在地補完出典=SRC000121。
SCH001488,豊田高校,愛知県立豊田高等学校,豊田,,豊田高校,23,豊田市,豊田市伊保町三本松1,prefectural,high_school,active,SRC000070,2026-10-02,愛知県高野連2026-04-01硬式加盟校一覧（通し番号103）から登録。所在地補完出典=SRC000121。
SCH001489,豊田北高校,愛知県立豊田北高等学校,豊田北,,豊田北高校,23,豊田市,豊田市千石町2-100-1,prefectural,high_school,active,SRC000070,2026-10-02,愛知県高野連2026-04-01硬式加盟校一覧（通し番号104）から登録。所在地補完出典=SRC000121。
SCH001490,豊田西高校,愛知県立豊田西高等学校,豊田西,,豊田西高校,23,豊田市,豊田市小坂町14-65,prefectural,high_school,active,SRC000070,2026-10-02,愛知県高野連2026-04-01硬式加盟校一覧（通し番号105）から登録。所在地補完出典=SRC000121。
SCH001491,豊田南高校,愛知県立豊田南高等学校,豊田南,,豊田南高校,23,豊田市,豊田市若林東町中外根1-1,prefectural,high_school,active,SRC000070,2026-10-02,愛知県高野連2026-04-01硬式加盟校一覧（通し番号106）から登録。所在地補完出典=SRC000121。
SCH001492,西尾高校,愛知県立西尾高等学校,西尾,,西尾高校,23,西尾市,西尾市桜町奥新田2-2,prefectural,high_school,active,SRC000070,2026-10-02,愛知県高野連2026-04-01硬式加盟校一覧（通し番号107）から登録。所在地補完出典=SRC000121。
SCH001493,西尾東高校,愛知県立西尾東高等学校,西尾東,,西尾東高校,23,西尾市,西尾市小島町大郷1-4,prefectural,high_school,active,SRC000070,2026-10-02,愛知県高野連2026-04-01硬式加盟校一覧（通し番号108）から登録。所在地補完出典=SRC000121。
SCH001494,碧南高校,愛知県立碧南高等学校,碧南,,碧南高校,23,碧南市,碧南市向陽町4-12,prefectural,high_school,active,SRC000070,2026-10-02,愛知県高野連2026-04-01硬式加盟校一覧（通し番号109）から登録。所在地補完出典=SRC000121。
SCH001495,松平高校,愛知県立松平高等学校,松平,,松平高校,23,豊田市,豊田市鵜ケ瀬町桐山1,prefectural,high_school,active,SRC000070,2026-10-02,愛知県高野連2026-04-01硬式加盟校一覧（通し番号110）から登録。所在地補完出典=SRC000121。
SCH001496,三好高校,愛知県立三好高等学校,三好,,三好高校,23,みよし市,みよし市三好町東山110-1,prefectural,high_school,active,SRC000070,2026-10-02,愛知県高野連2026-04-01硬式加盟校一覧（通し番号111）から登録。所在地補完出典=SRC000121。
SCH001497,豊野高校,愛知県立豊野高等学校,豊野,,豊野高校,23,豊田市,豊田市渡刈町3-3-1,prefectural,high_school,active,SRC000070,2026-10-02,愛知県高野連2026-04-01硬式加盟校一覧（通し番号112）から登録。所在地補完出典=SRC000121。
SCH001498,岡崎商業高校,愛知県立岡崎商業高等学校,岡崎商業,,岡崎商業高校,23,岡崎市,岡崎市栄町3-76,prefectural,high_school,active,SRC000070,2026-10-02,愛知県高野連2026-04-01硬式加盟校一覧（通し番号113）から登録。所在地補完出典=SRC000121。
SCH001499,岡崎工科高校,愛知県立岡崎工科高等学校,岡崎工科,,岡崎工科高校,23,岡崎市,岡崎市羽根町陣場47,prefectural,high_school,active,SRC000070,2026-10-02,愛知県高野連2026-04-01硬式加盟校一覧（通し番号114）から登録。所在地補完出典=SRC000121。
SCH001500,刈谷工科高校,愛知県立刈谷工科高等学校,刈谷工科,,刈谷工科高校,23,刈谷市,刈谷市矢場町2-210,prefectural,high_school,active,SRC000070,2026-10-02,愛知県高野連2026-04-01硬式加盟校一覧（通し番号115）から登録。所在地補完出典=SRC000121。
SCH001501,豊田工科高校,愛知県立豊田工科高等学校,豊田工科,,豊田工科高校,23,豊田市,豊田市竹元町南細畔3,prefectural,high_school,active,SRC000070,2026-10-02,愛知県高野連2026-04-01硬式加盟校一覧（通し番号116）から登録。所在地補完出典=SRC000121。
SCH001502,碧南工科高校,愛知県立碧南工科高等学校,碧南工科,,碧南工科高校,23,碧南市,碧南市丸山町3-10,prefectural,high_school,active,SRC000070,2026-10-02,愛知県高野連2026-04-01硬式加盟校一覧（通し番号117）から登録。所在地補完出典=SRC000121。
SCH001503,鶴城丘高校,愛知県立鶴城丘高等学校,鶴城丘,,鶴城丘高校,23,西尾市,西尾市亀沢町300,prefectural,high_school,active,SRC000070,2026-10-02,愛知県高野連2026-04-01硬式加盟校一覧（通し番号118）から登録。所在地補完出典=SRC000121。
SCH001504,安城農林高校,愛知県立安城農林高等学校,安城農林,,安城農林高校,23,安城市,安城市池浦町茶筅木1,prefectural,high_school,active,SRC000070,2026-10-02,愛知県高野連2026-04-01硬式加盟校一覧（通し番号119）から登録。所在地補完出典=SRC000121。
SCH001505,猿投農林高校,愛知県立猿投農林高等学校,猿投農林,,猿投農林高校,23,豊田市,豊田市井上町12-179,prefectural,high_school,active,SRC000070,2026-10-02,愛知県高野連2026-04-01硬式加盟校一覧（通し番号120）から登録。所在地補完出典=SRC000121。
SCH001506,豊田工業高等専門学校,豊田工業高等専門学校,豊田工業高等専門学校,,豊田工業高等専門学校,23,豊田市,豊田市栄生町2-1,national,technical_college,active,SRC000070,2026-10-02,愛知県高野連2026-04-01硬式加盟校一覧（通し番号121）から登録。所在地補完出典=SRC000125。
SCH001507,岡崎城西高校,岡崎城西高等学校,岡崎城西,,岡崎城西高校,23,岡崎市,岡崎市中園町川成98,private,high_school,active,SRC000070,2026-10-02,愛知県高野連2026-04-01硬式加盟校一覧（通し番号122）から登録。所在地補完出典=SRC000123。
SCH001508,杜若高校,杜若高等学校,杜若,,杜若高校,23,豊田市,豊田市平戸橋町波岩87-1,private,high_school,active,SRC000070,2026-10-02,愛知県高野連2026-04-01硬式加盟校一覧（通し番号123）から登録。所在地補完出典=SRC000123。
SCH001509,愛知産業大学三河高校,愛知産業大学三河高等学校,愛知産業大学三河,,愛知産業大学三河高校,23,岡崎市,岡崎市岡町原山12-10,private,high_school,active,SRC000070,2026-10-02,愛知県高野連2026-04-01硬式加盟校一覧（通し番号124）から登録。所在地補完出典=SRC000123。
SCH001510,科学技術学園高校豊田,科学技術学園高等学校,科学技術学園高校豊田,,科学技術学園高校豊田,23,豊田市,豊田市保見町井ノ向57-28,private,high_school,active,SRC000070,2026-10-02,愛知県高野連2026-04-01硬式加盟校一覧（通し番号125）から登録。所在地補完出典=SRC000126。 愛知県高野連登録名。法的な学校名は科学技術学園高等学校。愛知県内の技能連携先トヨタ工業学園（豊田市保見町井ノ向57-28）を活動所在地として登録。
SCH001511,豊田大谷高校,豊田大谷高等学校,豊田大谷,,豊田大谷高校,23,豊田市,豊田市保見町南山1,private,high_school,active,SRC000070,2026-10-02,愛知県高野連2026-04-01硬式加盟校一覧（通し番号126）から登録。所在地補完出典=SRC000123。
SCH001512,安城学園高校,安城学園高等学校,安城学園,,安城学園高校,23,安城市,安城市小堤町4-25,private,high_school,active,SRC000070,2026-10-02,愛知県高野連2026-04-01硬式加盟校一覧（通し番号127）から登録。所在地補完出典=SRC000123。
SCH001513,人間環境大学附属岡崎高校,人間環境大学附属岡崎高等学校,人間環境大学附属岡崎,,人間環境大学附属岡崎高校,23,岡崎市,岡崎市稲熊町3-110,private,high_school,active,SRC000070,2026-10-02,愛知県高野連2026-04-01硬式加盟校一覧（通し番号128）から登録。所在地補完出典=SRC000123。
SCH001514,阿久比高校,愛知県立阿久比高等学校,阿久比,,阿久比高校,23,阿久比町,知多郡阿久比町大字阿久比字尾社2-1,prefectural,high_school,active,SRC000070,2026-10-02,愛知県高野連2026-04-01硬式加盟校一覧（通し番号129）から登録。所在地補完出典=SRC000121。
SCH001515,内海高校,愛知県立内海高等学校,内海,,内海高校,23,南知多町,知多郡南知多町大字内海字奥鈴ヶ谷1-1,prefectural,high_school,active,SRC000070,2026-10-02,愛知県高野連2026-04-01硬式加盟校一覧（通し番号130）から登録。所在地補完出典=SRC000121。
SCH001516,大府高校,愛知県立大府高等学校,大府,,大府高校,23,大府市,大府市月見町6-180,prefectural,high_school,active,SRC000070,2026-10-02,愛知県高野連2026-04-01硬式加盟校一覧（通し番号131）から登録。所在地補完出典=SRC000121。
SCH001517,大府東高校,愛知県立大府東高等学校,大府東,,大府東高校,23,大府市,大府市横根町膝折1番地の4,prefectural,high_school,active,SRC000070,2026-10-02,愛知県高野連2026-04-01硬式加盟校一覧（通し番号132）から登録。所在地補完出典=SRC000121。
SCH001518,武豊高校,愛知県立武豊高等学校,武豊,,武豊高校,23,武豊町,知多郡武豊町字ヲヲガケ8,prefectural,high_school,active,SRC000070,2026-10-02,愛知県高野連2026-04-01硬式加盟校一覧（通し番号133）から登録。所在地補完出典=SRC000121。
SCH001519,知多翔洋高校,愛知県立知多翔洋高等学校,知多翔洋,,知多翔洋高校,23,知多市,知多市八幡字堂ヶ島50番地の1,prefectural,high_school,active,SRC000070,2026-10-02,愛知県高野連2026-04-01硬式加盟校一覧（通し番号134）から登録。所在地補完出典=SRC000121。
SCH001520,東海南高校,愛知県立東海南高等学校,東海南,,東海南高校,23,東海市,東海市加木屋町社山55番地,prefectural,high_school,active,SRC000070,2026-10-02,愛知県高野連2026-04-01硬式加盟校一覧（通し番号135）から登録。所在地補完出典=SRC000121。
SCH001521,常滑高校,愛知県立常滑高等学校,常滑,,常滑高校,23,常滑市,常滑市金山字四井池10,prefectural,high_school,active,SRC000070,2026-10-02,愛知県高野連2026-04-01硬式加盟校一覧（通し番号136）から登録。所在地補完出典=SRC000121。
SCH001522,半田高校,愛知県立半田高等学校,半田,,半田高校,23,半田市,半田市出口町1-30,prefectural,high_school,active,SRC000070,2026-10-02,愛知県高野連2026-04-01硬式加盟校一覧（通し番号137）から登録。所在地補完出典=SRC000121。
SCH001523,半田東高校,愛知県立半田東高等学校,半田東,,半田東高校,23,半田市,半田市西生見町30,prefectural,high_school,active,SRC000070,2026-10-02,愛知県高野連2026-04-01硬式加盟校一覧（通し番号138）から登録。所在地補完出典=SRC000121。
SCH001524,東浦高校,愛知県立東浦高等学校,東浦,,東浦高校,23,東浦町,知多郡東浦町大字生路字冨士塚20,prefectural,high_school,active,SRC000070,2026-10-02,愛知県高野連2026-04-01硬式加盟校一覧（通し番号139）から登録。所在地補完出典=SRC000121。
SCH001525,横須賀高校,愛知県立横須賀高等学校,横須賀,,横須賀高校,23,東海市,東海市高横須賀町広脇1,prefectural,high_school,active,SRC000070,2026-10-02,愛知県高野連2026-04-01硬式加盟校一覧（通し番号140）から登録。所在地補完出典=SRC000121。
SCH001526,東海樟風高校,愛知県立東海樟風高等学校,東海樟風,,東海樟風高校,23,東海市,東海市大田町曽根1番地,prefectural,high_school,active,SRC000070,2026-10-02,愛知県高野連2026-04-01硬式加盟校一覧（通し番号141）から登録。所在地補完出典=SRC000121。
SCH001527,半田商業高校,愛知県立半田商業高等学校,半田商業,,半田商業高校,23,半田市,半田市白山町2-30,prefectural,high_school,active,SRC000070,2026-10-02,愛知県高野連2026-04-01硬式加盟校一覧（通し番号142）から登録。所在地補完出典=SRC000121。
SCH001528,半田工科高校,愛知県立半田工科高等学校,半田工科,,半田工科高校,23,半田市,半田市柊町3-1,prefectural,high_school,active,SRC000070,2026-10-02,愛知県高野連2026-04-01硬式加盟校一覧（通し番号143）から登録。所在地補完出典=SRC000121。
SCH001529,半田農業高校,愛知県立半田農業高等学校,半田農業,,半田農業高校,23,半田市,半田市柊町1-1,prefectural,high_school,active,SRC000070,2026-10-02,愛知県高野連2026-04-01硬式加盟校一覧（通し番号144）から登録。所在地補完出典=SRC000121。
SCH001530,日本福祉大学付属高校,日本福祉大学付属高等学校,日本福祉大学付属,,日本福祉大学付属高校,23,美浜町,知多郡美浜町大字奥田字中之谷2-1,private,high_school,active,SRC000070,2026-10-02,愛知県高野連2026-04-01硬式加盟校一覧（通し番号145）から登録。所在地補完出典=SRC000123。
SCH001531,一宮高校,愛知県立一宮高等学校,一宮,,一宮高校,23,一宮市,一宮市北園通6-9,prefectural,high_school,active,SRC000070,2026-10-02,愛知県高野連2026-04-01硬式加盟校一覧（通し番号146）から登録。所在地補完出典=SRC000121。
SCH001532,一宮北高校,愛知県立一宮北高等学校,一宮北,,一宮北高校,23,一宮市,一宮市笹野字氏神東1番地,prefectural,high_school,active,SRC000070,2026-10-02,愛知県高野連2026-04-01硬式加盟校一覧（通し番号147）から登録。所在地補完出典=SRC000121。
SCH001533,一宮興道高校,愛知県立一宮興道高等学校,一宮興道,,一宮興道高校,23,一宮市,一宮市大和町於保字十二1-1,prefectural,high_school,active,SRC000070,2026-10-02,愛知県高野連2026-04-01硬式加盟校一覧（通し番号148）から登録。所在地補完出典=SRC000121。
SCH001534,一宮西高校,愛知県立一宮西高等学校,一宮西,,一宮西高校,23,一宮市,一宮市萩原町串作字河田1,prefectural,high_school,active,SRC000070,2026-10-02,愛知県高野連2026-04-01硬式加盟校一覧（通し番号149）から登録。所在地補完出典=SRC000121。
SCH001535,一宮南高校,愛知県立一宮南高等学校,一宮南,,一宮南高校,23,一宮市,一宮市千秋町町屋字平松6-1,prefectural,high_school,active,SRC000070,2026-10-02,愛知県高野連2026-04-01硬式加盟校一覧（通し番号150）から登録。所在地補完出典=SRC000121。
SCH001536,稲沢緑風館高校,愛知県立稲沢緑風館高等学校,稲沢緑風館,,稲沢緑風館高校,23,稲沢市,稲沢市平野町加世11,prefectural,high_school,active,SRC000070,2026-10-02,愛知県高野連2026-04-01硬式加盟校一覧（通し番号151）から登録。所在地補完出典=SRC000121。 愛知県高野連では「R5.新加盟」の注記あり。
SCH001537,犬山高校,愛知県立犬山高等学校,犬山,,犬山高校,23,犬山市,犬山市大字犬山字北首塚2番地,prefectural,high_school,active,SRC000070,2026-10-02,愛知県高野連2026-04-01硬式加盟校一覧（通し番号152）から登録。所在地補完出典=SRC000121。
SCH001538,犬山総合高校,愛知県立犬山総合高等学校,犬山総合,,犬山総合高校,23,犬山市,犬山市蓮池2番地21,prefectural,high_school,active,SRC000070,2026-10-02,愛知県高野連2026-04-01硬式加盟校一覧（通し番号153）から登録。所在地補完出典=SRC000121。 愛知県高野連では「旧・犬山南高校」の注記あり。
SCH001539,岩倉総合高校,愛知県立岩倉総合高等学校,岩倉総合,,岩倉総合高校,23,岩倉市,岩倉市北島町川田1,prefectural,high_school,active,SRC000070,2026-10-02,愛知県高野連2026-04-01硬式加盟校一覧（通し番号154）から登録。所在地補完出典=SRC000121。
SCH001540,木曽川高校,愛知県立木曽川高等学校,木曽川,,木曽川高校,23,一宮市,一宮市開明字樋西11-1,prefectural,high_school,active,SRC000070,2026-10-02,愛知県高野連2026-04-01硬式加盟校一覧（通し番号155）から登録。所在地補完出典=SRC000121。
SCH001541,江南高校,愛知県立江南高等学校,江南,,江南高校,23,江南市,江南市北野町川石25-2,prefectural,high_school,active,SRC000070,2026-10-02,愛知県高野連2026-04-01硬式加盟校一覧（通し番号156）から登録。所在地補完出典=SRC000121。
SCH001542,小牧高校,愛知県立小牧高等学校,小牧,,小牧高校,23,小牧市,小牧市小牧1-321,prefectural,high_school,active,SRC000070,2026-10-02,愛知県高野連2026-04-01硬式加盟校一覧（通し番号157）から登録。所在地補完出典=SRC000121。
SCH001543,小牧南高校,愛知県立小牧南高等学校,小牧南,,小牧南高校,23,小牧市,小牧市小木東2-183,prefectural,high_school,active,SRC000070,2026-10-02,愛知県高野連2026-04-01硬式加盟校一覧（通し番号158）から登録。所在地補完出典=SRC000121。
SCH001544,新川高校,愛知県立新川高等学校,新川,,新川高校,23,清須市,清須市阿原北野18,prefectural,high_school,active,SRC000070,2026-10-02,愛知県高野連2026-04-01硬式加盟校一覧（通し番号159）から登録。所在地補完出典=SRC000121。
SCH001545,杏和高校,愛知県立杏和高等学校,杏和,,杏和高校,23,稲沢市,稲沢市祖父江町二俣宮西1-1,prefectural,high_school,active,SRC000070,2026-10-02,愛知県高野連2026-04-01硬式加盟校一覧（通し番号160）から登録。所在地補完出典=SRC000121。
SCH001546,津島高校,愛知県立津島高等学校,津島,,津島高校,23,津島市,津島市宮川町3-80,prefectural,high_school,active,SRC000070,2026-10-02,愛知県高野連2026-04-01硬式加盟校一覧（通し番号161）から登録。所在地補完出典=SRC000121。
SCH001547,津島北高校,愛知県立津島北高等学校,津島北,,津島北高校,23,津島市,津島市又吉町4-1,prefectural,high_school,active,SRC000070,2026-10-02,愛知県高野連2026-04-01硬式加盟校一覧（通し番号162）から登録。所在地補完出典=SRC000121。
SCH001548,津島北翔高校,愛知県立津島北翔高等学校,津島北翔,,津島北翔高校,23,津島市,津島市又吉町4-1,prefectural,high_school,active,SRC000070,2026-10-02,愛知県高野連2026-04-01硬式加盟校一覧（通し番号163）から登録。所在地補完出典=SRC000121。 愛知県高野連では「R7.新加盟」の注記あり。
SCH001549,津島東高校,愛知県立津島東高等学校,津島東,,津島東高校,23,津島市,津島市蛭間町弁日1,prefectural,high_school,active,SRC000070,2026-10-02,愛知県高野連2026-04-01硬式加盟校一覧（通し番号164）から登録。所在地補完出典=SRC000121。
SCH001550,西春高校,愛知県立西春高等学校,西春,,西春高校,23,北名古屋市,北名古屋市弥勒寺西二丁目1番地,prefectural,high_school,active,SRC000070,2026-10-02,愛知県高野連2026-04-01硬式加盟校一覧（通し番号165）から登録。所在地補完出典=SRC000121。
SCH001551,丹羽高校,愛知県立丹羽高等学校,丹羽,,丹羽高校,23,扶桑町,丹羽郡扶桑町大字高雄字柳前95,prefectural,high_school,active,SRC000070,2026-10-02,愛知県高野連2026-04-01硬式加盟校一覧（通し番号166）から登録。所在地補完出典=SRC000121。
SCH001552,尾北高校,愛知県立尾北高等学校,尾北,,尾北高校,23,江南市,江南市北山町西4,prefectural,high_school,active,SRC000070,2026-10-02,愛知県高野連2026-04-01硬式加盟校一覧（通し番号167）から登録。所在地補完出典=SRC000121。
SCH001553,美和高校,愛知県立美和高等学校,美和,,美和高校,23,あま市,あま市篠田五ツ藤1,prefectural,high_school,active,SRC000070,2026-10-02,愛知県高野連2026-04-01硬式加盟校一覧（通し番号168）から登録。所在地補完出典=SRC000121。
SCH001554,五条高校,愛知県立五条高等学校,五条,,五条高校,23,あま市,あま市西今宿阿弥陀寺56番地,prefectural,high_school,active,SRC000070,2026-10-02,愛知県高野連2026-04-01硬式加盟校一覧（通し番号169）から登録。所在地補完出典=SRC000121。
SCH001555,一宮商業高校,愛知県立一宮商業高等学校,一宮商業,,一宮商業高校,23,一宮市,一宮市文京2-1-7,prefectural,high_school,active,SRC000070,2026-10-02,愛知県高野連2026-04-01硬式加盟校一覧（通し番号170）から登録。所在地補完出典=SRC000121。
SCH001556,一宮工科高校,愛知県立一宮工科高等学校,一宮工科,,一宮工科高校,23,一宮市,一宮市千秋町佐野字辻田2112,prefectural,high_school,active,SRC000070,2026-10-02,愛知県高野連2026-04-01硬式加盟校一覧（通し番号171）から登録。所在地補完出典=SRC000121。
SCH001557,一宮起工科高校,愛知県立一宮起工科高等学校,一宮起工科,,一宮起工科高校,23,一宮市,一宮市小信中島字郷南2,prefectural,high_school,active,SRC000070,2026-10-02,愛知県高野連2026-04-01硬式加盟校一覧（通し番号172）から登録。所在地補完出典=SRC000121。
SCH001558,小牧工科高校,愛知県立小牧工科高等学校,小牧工科,,小牧工科高校,23,小牧市,小牧市久保一色3737-1,prefectural,high_school,active,SRC000070,2026-10-02,愛知県高野連2026-04-01硬式加盟校一覧（通し番号173）から登録。所在地補完出典=SRC000121。
SCH001559,愛西工科高校,愛知県立愛西工科高等学校,愛西工科,,愛西工科高校,23,愛西市,愛西市渕高町蔭島1,prefectural,high_school,active,SRC000070,2026-10-02,愛知県高野連2026-04-01硬式加盟校一覧（通し番号174）から登録。所在地補完出典=SRC000121。
SCH001560,誉高校,誉高等学校,誉,,誉高校,23,小牧市,小牧市大字本庄字郷浦2613-2,private,high_school,active,SRC000070,2026-10-02,愛知県高野連2026-04-01硬式加盟校一覧（通し番号175）から登録。所在地補完出典=SRC000123。
SCH001561,誠信高校,誠信高等学校,誠信,,誠信高校,23,扶桑町,丹羽郡扶桑町大字斉藤字本新須1,private,high_school,active,SRC000070,2026-10-02,愛知県高野連2026-04-01硬式加盟校一覧（通し番号176）から登録。所在地補完出典=SRC000123。
SCH001562,滝高校,滝高等学校,滝,,滝高校,23,江南市,江南市東野町米野1,private,high_school,active,SRC000070,2026-10-02,愛知県高野連2026-04-01硬式加盟校一覧（通し番号177）から登録。所在地補完出典=SRC000123。
SCH001563,愛知黎明高校,愛知黎明高等学校,愛知黎明,,愛知黎明高校,23,弥富市,弥富市稲吉2-52,private,high_school,active,SRC000070,2026-10-02,愛知県高野連2026-04-01硬式加盟校一覧（通し番号178）から登録。所在地補完出典=SRC000123。
SCH001564,愛知啓成高校,愛知啓成高等学校,愛知啓成,,愛知啓成高校,23,稲沢市,稲沢市西町1-1-41,private,high_school,active,SRC000070,2026-10-02,愛知県高野連2026-04-01硬式加盟校一覧（通し番号179）から登録。所在地補完出典=SRC000123。
SCH001565,清林館高校,清林館高等学校,清林館,,清林館高校,23,愛西市,愛西市持中町八町88,private,high_school,active,SRC000070,2026-10-02,愛知県高野連2026-04-01硬式加盟校一覧（通し番号180）から登録。所在地補完出典=SRC000123。
SCH001566,大成高校,大成高等学校,大成,,大成高校,23,一宮市,一宮市千秋町小山字大福田1878-2,private,high_school,active,SRC000070,2026-10-02,愛知県高野連2026-04-01硬式加盟校一覧（通し番号181）から登録。所在地補完出典=SRC000123。
SCH001567,修文学院高校,修文学院高等学校,修文学院,,修文学院高校,23,一宮市,一宮市日光町6-1,private,high_school,active,SRC000070,2026-10-02,愛知県高野連2026-04-01硬式加盟校一覧（通し番号182）から登録。所在地補完出典=SRC000123。
SCH001568,熊野青藍高等学校,三重県立熊野青藍高等学校,熊野青藍,くまのせいらん,熊野青藍高等学校,24,熊野市,熊野市木本町1101-4,prefectural,high_school,active,SRC000131,2026-10-02,木本高校と紀南高校を統合して2025年4月開校。木本校舎を主所在地として登録。紀南校舎は南牟婁郡御浜町阿田和1960。2026春季大会で木本・紀南・熊野青藍の連合出場を確認（SRC000132）。
SCH001569,福島高等学校,福島県立福島高等学校,福島高等学校,,福島高等学校,07,福島市,福島市森合町5-72,prefectural,high_school,active,SRC000054,2026-10-02,2026年度硬式加盟校として福島県高野連公式加盟校名簿から登録。住所・設置区分も同資料で確認。
SCH001570,橘高等学校,福島県立橘高等学校,橘高等学校,,橘高等学校,07,福島市,福島市宮下町7-41,prefectural,high_school,active,SRC000054,2026-10-02,2026年度硬式加盟校として福島県高野連公式加盟校名簿から登録。住所・設置区分も同資料で確認。
SCH001571,福島商業高等学校,福島県立福島商業高等学校,福島商業高等学校,,福島商業高等学校,07,福島市,福島市丸子字辰ノ尾1,prefectural,high_school,active,SRC000054,2026-10-02,2026年度硬式加盟校として福島県高野連公式加盟校名簿から登録。住所・設置区分も同資料で確認。
SCH001572,福島明成高等学校,福島県立福島明成高等学校,福島明成高等学校,,福島明成高等学校,07,福島市,福島市永井川字北原田1,prefectural,high_school,active,SRC000054,2026-10-02,2026年度硬式加盟校として福島県高野連公式加盟校名簿から登録。住所・設置区分も同資料で確認。
SCH001573,福島工業高等学校,福島県立福島工業高等学校,福島工業高等学校,,福島工業高等学校,07,福島市,福島市森合字小松原1,prefectural,high_school,active,SRC000054,2026-10-02,2026年度硬式加盟校として福島県高野連公式加盟校名簿から登録。住所・設置区分も同資料で確認。
SCH001574,福島西高等学校,福島県立福島西高等学校,福島西高等学校,,福島西高等学校,07,福島市,福島市方木田字上原37,prefectural,high_school,active,SRC000054,2026-10-02,2026年度硬式加盟校として福島県高野連公式加盟校名簿から登録。住所・設置区分も同資料で確認。
SCH001575,福島北高等学校,福島県立福島北高等学校,福島北高等学校,,福島北高等学校,07,福島市,福島市飯坂町字後畑1,prefectural,high_school,active,SRC000054,2026-10-02,2026年度硬式加盟校として福島県高野連公式加盟校名簿から登録。住所・設置区分も同資料で確認。
SCH001576,福島東高等学校,福島県立福島東高等学校,福島東高等学校,,福島東高等学校,07,福島市,福島市浜田町12-21,prefectural,high_school,active,SRC000054,2026-10-02,2026年度硬式加盟校として福島県高野連公式加盟校名簿から登録。住所・設置区分も同資料で確認。
SCH001577,伊達高等学校,福島県立伊達高等学校,伊達高等学校,,伊達高等学校,07,伊達市,伊達市保原町字元木23,prefectural,high_school,active,SRC000054,2026-10-02,2026年度硬式加盟校として福島県高野連公式加盟校名簿から登録。住所・設置区分も同資料で確認。
SCH001578,安達高等学校,福島県立安達高等学校,安達高等学校,,安達高等学校,07,二本松市,二本松市郭内2-347,prefectural,high_school,active,SRC000054,2026-10-02,2026年度硬式加盟校として福島県高野連公式加盟校名簿から登録。住所・設置区分も同資料で確認。
SCH001579,二本松実業高等学校,福島県立二本松実業高等学校,二本松実業高等学校,,二本松実業高等学校,07,二本松市,二本松市榎戸1-58-2,prefectural,high_school,active,SRC000054,2026-10-02,2026年度硬式加盟校として福島県高野連公式加盟校名簿から登録。住所・設置区分も同資料で確認。
SCH001580,本宮高等学校,福島県立本宮高等学校,本宮高等学校,,本宮高等学校,07,本宮市,本宮市高木字井戸上45,prefectural,high_school,active,SRC000054,2026-10-02,2026年度硬式加盟校として福島県高野連公式加盟校名簿から登録。住所・設置区分も同資料で確認。
SCH001581,学法福島高等学校,学法福島高等学校,学法福島高等学校,,学法福島高等学校,07,福島市,福島市御山町9-1,private,high_school,active,SRC000054,2026-10-02,2026年度硬式加盟校として福島県高野連公式加盟校名簿から登録。住所・設置区分も同資料で確認。
SCH001582,福島成蹊高等学校,福島成蹊高等学校,福島成蹊高等学校,,福島成蹊高等学校,07,福島市,福島市上浜町5-10,private,high_school,active,SRC000054,2026-10-02,2026年度硬式加盟校として福島県高野連公式加盟校名簿から登録。住所・設置区分も同資料で確認。
SCH001583,聖光学院高等学校,聖光学院高等学校,聖光学院高等学校,,聖光学院高等学校,07,伊達市,伊達市六角3,private,high_school,active,SRC000054,2026-10-02,2026年度硬式加盟校として福島県高野連公式加盟校名簿から登録。住所・設置区分も同資料で確認。
SCH001584,安積高等学校,福島県立安積高等学校,安積高等学校,,安積高等学校,07,郡山市,郡山市開成5-25-63,prefectural,high_school,active,SRC000054,2026-10-02,2026年度硬式加盟校として福島県高野連公式加盟校名簿から登録。住所・設置区分も同資料で確認。
SCH001585,安積黎明高等学校,福島県立安積黎明高等学校,安積黎明高等学校,,安積黎明高等学校,07,郡山市,郡山市長者2-3-3,prefectural,high_school,active,SRC000054,2026-10-02,2026年度硬式加盟校として福島県高野連公式加盟校名簿から登録。住所・設置区分も同資料で確認。
SCH001586,郡山東高等学校,福島県立郡山東高等学校,郡山東高等学校,,郡山東高等学校,07,郡山市,郡山市山根町13-45,prefectural,high_school,active,SRC000054,2026-10-02,2026年度硬式加盟校として福島県高野連公式加盟校名簿から登録。住所・設置区分も同資料で確認。
SCH001587,郡山商業高等学校,福島県立郡山商業高等学校,郡山商業高等学校,,郡山商業高等学校,07,郡山市,郡山市菜根5-6-7,prefectural,high_school,active,SRC000054,2026-10-02,2026年度硬式加盟校として福島県高野連公式加盟校名簿から登録。住所・設置区分も同資料で確認。
SCH001588,郡山北工業高等学校,福島県立郡山北工業高等学校,郡山北工業高等学校,,郡山北工業高等学校,07,郡山市,郡山市八山田2-224,prefectural,high_school,active,SRC000054,2026-10-02,2026年度硬式加盟校として福島県高野連公式加盟校名簿から登録。住所・設置区分も同資料で確認。
SCH001589,郡山高等学校,福島県立郡山高等学校,郡山高等学校,,郡山高等学校,07,郡山市,郡山市大槻町上篠林3,prefectural,high_school,active,SRC000054,2026-10-02,2026年度硬式加盟校として福島県高野連公式加盟校名簿から登録。住所・設置区分も同資料で確認。
SCH001590,田村高等学校,福島県立田村高等学校,田村高等学校,,田村高等学校,07,三春町,田村郡三春町持合畑88-1,prefectural,high_school,active,SRC000054,2026-10-02,2026年度硬式加盟校として福島県高野連公式加盟校名簿から登録。住所・設置区分も同資料で確認。
SCH001591,あぶくま柏鵬高等学校,福島県立あぶくま柏鵬高等学校,あぶくま柏鵬高等学校,,あぶくま柏鵬高等学校,07,田村市,田村市船引町船引字石崎15-3,prefectural,high_school,active,SRC000054,2026-10-02,2026年度硬式加盟校として福島県高野連公式加盟校名簿から登録。住所・設置区分も同資料で確認。
SCH001592,帝京安積高等学校,帝京安積高等学校,帝京安積高等学校,,帝京安積高等学校,07,郡山市,郡山市安積町日出山字神明下43,private,high_school,active,SRC000054,2026-10-02,2026年度硬式加盟校として福島県高野連公式加盟校名簿から登録。住所・設置区分も同資料で確認。
SCH001593,尚志高等学校,尚志高等学校,尚志高等学校,,尚志高等学校,07,郡山市,郡山市大槻町字坦ノ腰2,private,high_school,active,SRC000054,2026-10-02,2026年度硬式加盟校として福島県高野連公式加盟校名簿から登録。住所・設置区分も同資料で確認。
SCH001594,日本大学東北高等学校,日本大学東北高等学校,日本大学東北高等学校,,日本大学東北高等学校,07,郡山市,郡山市田村町徳定字中河原1,private,high_school,active,SRC000054,2026-10-02,2026年度硬式加盟校として福島県高野連公式加盟校名簿から登録。住所・設置区分も同資料で確認。
SCH001595,須賀川創英館高等学校,福島県立須賀川創英館高等学校,須賀川創英館高等学校,,須賀川創英館高等学校,07,須賀川市,須賀川市緑町88,prefectural,high_school,active,SRC000054,2026-10-02,2026年度硬式加盟校として福島県高野連公式加盟校名簿から登録。住所・設置区分も同資料で確認。
SCH001596,須賀川桐陽高等学校,福島県立須賀川桐陽高等学校,須賀川桐陽高等学校,,須賀川桐陽高等学校,07,須賀川市,須賀川市陣場町128,prefectural,high_school,active,SRC000054,2026-10-02,2026年度硬式加盟校として福島県高野連公式加盟校名簿から登録。住所・設置区分も同資料で確認。
SCH001597,清陵情報高等学校,福島県立清陵情報高等学校,清陵情報高等学校,,清陵情報高等学校,07,須賀川市,須賀川市滑川字西町179-6,prefectural,high_school,active,SRC000054,2026-10-02,2026年度硬式加盟校として福島県高野連公式加盟校名簿から登録。住所・設置区分も同資料で確認。
SCH001598,岩瀬農業高等学校,福島県立岩瀬農業高等学校,岩瀬農業高等学校,,岩瀬農業高等学校,07,鏡石町,岩瀬郡鏡石町字桜町207,prefectural,high_school,active,SRC000054,2026-10-02,2026年度硬式加盟校として福島県高野連公式加盟校名簿から登録。住所・設置区分も同資料で確認。
SCH001599,光南高等学校,福島県立光南高等学校,光南高等学校,,光南高等学校,07,矢吹町,西白河郡矢吹町田町532,prefectural,high_school,active,SRC000054,2026-10-02,2026年度硬式加盟校として福島県高野連公式加盟校名簿から登録。住所・設置区分も同資料で確認。
SCH001600,白河高等学校,福島県立白河高等学校,白河高等学校,,白河高等学校,07,白河市,白河市南登リ町54,prefectural,high_school,active,SRC000054,2026-10-02,2026年度硬式加盟校として福島県高野連公式加盟校名簿から登録。住所・設置区分も同資料で確認。
SCH001601,白河旭高等学校,福島県立白河旭高等学校,白河旭高等学校,,白河旭高等学校,07,白河市,白河市旭町1-3,prefectural,high_school,active,SRC000054,2026-10-02,2026年度硬式加盟校として福島県高野連公式加盟校名簿から登録。住所・設置区分も同資料で確認。
SCH001602,白河実業高等学校,福島県立白河実業高等学校,白河実業高等学校,,白河実業高等学校,07,白河市,白河市瀬戸原6-1,prefectural,high_school,active,SRC000054,2026-10-02,2026年度硬式加盟校として福島県高野連公式加盟校名簿から登録。住所・設置区分も同資料で確認。
SCH001603,修明高等学校,福島県立修明高等学校,修明高等学校,,修明高等学校,07,棚倉町,東白川郡棚倉町棚倉字東中居63,prefectural,high_school,active,SRC000054,2026-10-02,2026年度硬式加盟校として福島県高野連公式加盟校名簿から登録。住所・設置区分も同資料で確認。
SCH001604,石川高等学校,福島県立石川高等学校,石川高等学校,,石川高等学校,07,石川町,石川郡石川町字高田200-1,prefectural,high_school,active,SRC000054,2026-10-02,2026年度硬式加盟校として福島県高野連公式加盟校名簿から登録。住所・設置区分も同資料で確認。
SCH001605,学法石川高等学校,学法石川高等学校,学法石川高等学校,,学法石川高等学校,07,石川町,石川郡石川町字大室502,private,high_school,active,SRC000054,2026-10-02,2026年度硬式加盟校として福島県高野連公式加盟校名簿から登録。住所・設置区分も同資料で確認。
SCH001606,会津高等学校,福島県立会津高等学校,会津高等学校,,会津高等学校,07,会津若松市,会津若松市表町3-1,prefectural,high_school,active,SRC000054,2026-10-02,2026年度硬式加盟校として福島県高野連公式加盟校名簿から登録。住所・設置区分も同資料で確認。
SCH001607,葵高等学校,福島県立葵高等学校,葵高等学校,,葵高等学校,07,会津若松市,会津若松市西栄町4-61,prefectural,high_school,active,SRC000054,2026-10-02,2026年度硬式加盟校として福島県高野連公式加盟校名簿から登録。住所・設置区分も同資料で確認。
SCH001608,会津学鳳高等学校,福島県立会津学鳳高等学校,会津学鳳高等学校,,会津学鳳高等学校,07,会津若松市,会津若松市一箕町八幡字八幡1-1,prefectural,high_school,active,SRC000054,2026-10-02,2026年度硬式加盟校として福島県高野連公式加盟校名簿から登録。住所・設置区分も同資料で確認。
SCH001609,若松商業高等学校,福島県立若松商業高等学校,若松商業高等学校,,若松商業高等学校,07,会津若松市,会津若松市米代1-3-31,prefectural,high_school,active,SRC000054,2026-10-02,2026年度硬式加盟校として福島県高野連公式加盟校名簿から登録。住所・設置区分も同資料で確認。
SCH001610,会津工業高等学校,福島県立会津工業高等学校,会津工業高等学校,,会津工業高等学校,07,会津若松市,会津若松市徒之町1-37,prefectural,high_school,active,SRC000054,2026-10-02,2026年度硬式加盟校として福島県高野連公式加盟校名簿から登録。住所・設置区分も同資料で確認。
SCH001611,喜多方高等学校,福島県立喜多方高等学校,喜多方高等学校,,喜多方高等学校,07,喜多方市,喜多方市字桜ガ丘1-129,prefectural,high_school,active,SRC000054,2026-10-02,2026年度硬式加盟校として福島県高野連公式加盟校名簿から登録。住所・設置区分も同資料で確認。
SCH001612,喜多方桐桜高等学校,福島県立喜多方桐桜高等学校,喜多方桐桜高等学校,,喜多方桐桜高等学校,07,喜多方市,喜多方市豊川町米室字高吉4344-5,prefectural,high_school,active,SRC000054,2026-10-02,2026年度硬式加盟校として福島県高野連公式加盟校名簿から登録。住所・設置区分も同資料で確認。
SCH001613,会津農林高等学校,福島県立会津農林高等学校,会津農林高等学校,,会津農林高等学校,07,会津坂下町,河沼郡会津坂下町曲田1391,prefectural,high_school,active,SRC000054,2026-10-02,2026年度硬式加盟校として福島県高野連公式加盟校名簿から登録。住所・設置区分も同資料で確認。
SCH001614,南会津高等学校,福島県立南会津高等学校,南会津高等学校,,南会津高等学校,07,南会津町,南会津郡南会津町田島字田部原260,prefectural,high_school,active,SRC000054,2026-10-02,2026年度硬式加盟校として福島県高野連公式加盟校名簿から登録。住所・設置区分も同資料で確認。
SCH001615,只見高等学校,福島県立只見高等学校,只見高等学校,,只見高等学校,07,只見町,南会津郡只見町大字只見字根岸2358,prefectural,high_school,active,SRC000054,2026-10-02,2026年度硬式加盟校として福島県高野連公式加盟校名簿から登録。住所・設置区分も同資料で確認。
SCH001616,会津若松ザベリオ学園高等学校,会津若松ザベリオ学園高等学校,会津若松ザベリオ学園高等学校,,会津若松ザベリオ学園高等学校,07,会津若松市,会津若松市西栄町1-18,private,high_school,active,SRC000054,2026-10-02,2026年度硬式加盟校として福島県高野連公式加盟校名簿から登録。住所・設置区分も同資料で確認。
SCH001617,会津北嶺高等学校,会津北嶺高等学校,会津北嶺高等学校,,会津北嶺高等学校,07,会津若松市,会津若松市相生町3-2,private,high_school,active,SRC000054,2026-10-02,2026年度硬式加盟校として福島県高野連公式加盟校名簿から登録。住所・設置区分も同資料で確認。
SCH001618,磐城高等学校,福島県立磐城高等学校,磐城高等学校,,磐城高等学校,07,いわき市,いわき市平字高月7,prefectural,high_school,active,SRC000054,2026-10-02,2026年度硬式加盟校として福島県高野連公式加盟校名簿から登録。住所・設置区分も同資料で確認。
SCH001619,磐城桜が丘高等学校,福島県立磐城桜が丘高等学校,磐城桜が丘高等学校,,磐城桜が丘高等学校,07,いわき市,いわき市平字桜町5,prefectural,high_school,active,SRC000054,2026-10-02,2026年度硬式加盟校として福島県高野連公式加盟校名簿から登録。住所・設置区分も同資料で確認。
SCH001620,平工業高等学校,福島県立平工業高等学校,平工業高等学校,,平工業高等学校,07,いわき市,いわき市平下荒川字中剃1-3,prefectural,high_school,active,SRC000054,2026-10-02,2026年度硬式加盟校として福島県高野連公式加盟校名簿から登録。住所・設置区分も同資料で確認。
SCH001621,いわき商業情報高等学校,福島県立いわき商業情報高等学校,いわき商業情報高等学校,,いわき商業情報高等学校,07,いわき市,いわき市平中塩字一水口37-1,prefectural,high_school,active,SRC000054,2026-10-02,2026年度硬式加盟校として福島県高野連公式加盟校名簿から登録。住所・設置区分も同資料で確認。
SCH001622,いわき総合高等学校,福島県立いわき総合高等学校,いわき総合高等学校,,いわき総合高等学校,07,いわき市,いわき市内郷内町駒谷3-1,prefectural,high_school,active,SRC000054,2026-10-02,2026年度硬式加盟校として福島県高野連公式加盟校名簿から登録。住所・設置区分も同資料で確認。
SCH001623,いわき光洋高等学校,福島県立いわき光洋高等学校,いわき光洋高等学校,,いわき光洋高等学校,07,いわき市,いわき市中央台高久4-1,prefectural,high_school,active,SRC000054,2026-10-02,2026年度硬式加盟校として福島県高野連公式加盟校名簿から登録。住所・設置区分も同資料で確認。
SCH001624,いわき湯本高等学校,福島県立いわき湯本高等学校,いわき湯本高等学校,,いわき湯本高等学校,07,いわき市,いわき市常磐上湯長谷町五反田55,prefectural,high_school,active,SRC000054,2026-10-02,2026年度硬式加盟校として福島県高野連公式加盟校名簿から登録。住所・設置区分も同資料で確認。
SCH001625,小名浜海星高等学校,福島県立小名浜海星高等学校,小名浜海星高等学校,,小名浜海星高等学校,07,いわき市,いわき市小名浜下神白字武城23,prefectural,high_school,active,SRC000054,2026-10-02,2026年度硬式加盟校として福島県高野連公式加盟校名簿から登録。住所・設置区分も同資料で確認。
SCH001626,磐城農業高等学校,福島県立磐城農業高等学校,磐城農業高等学校,,磐城農業高等学校,07,いわき市,いわき市植田町小名田60,prefectural,high_school,active,SRC000054,2026-10-02,2026年度硬式加盟校として福島県高野連公式加盟校名簿から登録。住所・設置区分も同資料で確認。
SCH001627,勿来工業高等学校,福島県立勿来工業高等学校,勿来工業高等学校,,勿来工業高等学校,07,いわき市,いわき市植田町堂ノ作10,prefectural,high_school,active,SRC000054,2026-10-02,2026年度硬式加盟校として福島県高野連公式加盟校名簿から登録。住所・設置区分も同資料で確認。
SCH001628,福島工業高等専門学校,福島工業高等専門学校,福島工業高等専門学校,,福島工業高等専門学校,07,いわき市,いわき市平上荒川字長尾30,national,technical_college,active,SRC000054,2026-10-02,2026年度硬式加盟校として福島県高野連公式加盟校名簿から登録。住所・設置区分も同資料で確認。
SCH001629,東日本国際大学附属昌平高等学校,東日本国際大学附属昌平高等学校,東日本国際大学附属昌平高等学校,,東日本国際大学附属昌平高等学校,07,いわき市,いわき市平上片寄字上ノ内152,private,high_school,active,SRC000054,2026-10-02,2026年度硬式加盟校として福島県高野連公式加盟校名簿から登録。住所・設置区分も同資料で確認。
SCH001630,相馬高等学校,福島県立相馬高等学校,相馬高等学校,,相馬高等学校,07,相馬市,相馬市中村字大手先57-1,prefectural,high_school,active,SRC000054,2026-10-02,2026年度硬式加盟校として福島県高野連公式加盟校名簿から登録。住所・設置区分も同資料で確認。
SCH001631,相馬総合高等学校,福島県立相馬総合高等学校,相馬総合高等学校,,相馬総合高等学校,07,相馬市,相馬市北飯渕阿弥陀堂200,prefectural,high_school,active,SRC000054,2026-10-02,2026年度硬式加盟校として福島県高野連公式加盟校名簿から登録。住所・設置区分も同資料で確認。
SCH001632,原町高等学校,福島県立原町高等学校,原町高等学校,,原町高等学校,07,南相馬市,南相馬市原町区西町3-380,prefectural,high_school,active,SRC000054,2026-10-02,2026年度硬式加盟校として福島県高野連公式加盟校名簿から登録。住所・設置区分も同資料で確認。
SCH001633,相馬農業高等学校,福島県立相馬農業高等学校,相馬農業高等学校,,相馬農業高等学校,07,南相馬市,南相馬市原町区三島町1-65,prefectural,high_school,active,SRC000054,2026-10-02,2026年度硬式加盟校として福島県高野連公式加盟校名簿から登録。住所・設置区分も同資料で確認。
SCH001634,小高産業技術高等学校,福島県立小高産業技術高等学校,小高産業技術高等学校,,小高産業技術高等学校,07,南相馬市,南相馬市小高区吉名字玉ノ木平78,prefectural,high_school,active,SRC000054,2026-10-02,2026年度硬式加盟校として福島県高野連公式加盟校名簿から登録。住所・設置区分も同資料で確認。
SCH001635,ふたば未来学園高等学校,福島県立ふたば未来学園高等学校,ふたば未来学園高等学校,,ふたば未来学園高等学校,07,広野町,双葉郡広野町中央台1-6-3,prefectural,high_school,active,SRC000054,2026-10-02,2026年度硬式加盟校として福島県高野連公式加盟校名簿から登録。住所・設置区分も同資料で確認。
SCH001636,飯山高等学校,長野県飯山高等学校,飯山高等学校,,飯山高等学校,20,飯山市,飯山市飯山2610,prefectural,high_school,active,SRC000067,2026-10-02,2026年度硬式加盟校として長野県高野連公式加盟校名簿から登録。住所・設置区分も同資料で確認。
SCH001637,下高井農林高等学校,長野県下高井農林高等学校,下高井農林高等学校,,下高井農林高等学校,20,木島平村,木島平村穂高2975,prefectural,high_school,active,SRC000067,2026-10-02,2026年度硬式加盟校として長野県高野連公式加盟校名簿から登録。住所・設置区分も同資料で確認。
SCH001638,中野立志館高等学校,長野県中野立志館高等学校,中野立志館高等学校,,中野立志館高等学校,20,中野市,中野市三好町2-1-53,prefectural,high_school,active,SRC000067,2026-10-02,2026年度硬式加盟校として長野県高野連公式加盟校名簿から登録。住所・設置区分も同資料で確認。
SCH001639,中野西高等学校,長野県中野西高等学校,中野西高等学校,,中野西高等学校,20,中野市,中野市西条544-1,prefectural,high_school,active,SRC000067,2026-10-02,2026年度硬式加盟校として長野県高野連公式加盟校名簿から登録。住所・設置区分も同資料で確認。
SCH001640,須坂高等学校,長野県須坂高等学校,須坂高等学校,,須坂高等学校,20,須坂市,須坂市須坂1518-2,prefectural,high_school,active,SRC000067,2026-10-02,2026年度硬式加盟校として長野県高野連公式加盟校名簿から登録。住所・設置区分も同資料で確認。
SCH001641,須坂創成高等学校,長野県須坂創成高等学校,須坂創成高等学校,,須坂創成高等学校,20,須坂市,須坂市須坂1616,prefectural,high_school,active,SRC000067,2026-10-02,2026年度硬式加盟校として長野県高野連公式加盟校名簿から登録。住所・設置区分も同資料で確認。
SCH001642,北部高等学校,長野県北部高等学校,北部高等学校,,北部高等学校,20,飯綱町,飯綱町普光寺156,prefectural,high_school,active,SRC000067,2026-10-02,2026年度硬式加盟校として長野県高野連公式加盟校名簿から登録。住所・設置区分も同資料で確認。
SCH001643,長野吉田高等学校,長野県長野吉田高等学校,長野吉田高等学校,,長野吉田高等学校,20,長野市,長野市吉田2-12-9,prefectural,high_school,active,SRC000067,2026-10-02,2026年度硬式加盟校として長野県高野連公式加盟校名簿から登録。住所・設置区分も同資料で確認。
SCH001644,長野高等学校,長野県長野高等学校,長野高等学校,,長野高等学校,20,長野市,長野市上松1-16-12,prefectural,high_school,active,SRC000067,2026-10-02,2026年度硬式加盟校として長野県高野連公式加盟校名簿から登録。住所・設置区分も同資料で確認。
SCH001645,長野西高等学校,長野県長野西高等学校,長野西高等学校,,長野西高等学校,20,長野市,長野市箱清水3-8-5,prefectural,high_school,active,SRC000067,2026-10-02,2026年度硬式加盟校として長野県高野連公式加盟校名簿から登録。住所・設置区分も同資料で確認。
SCH001646,長野商業高等学校,長野県長野商業高等学校,長野商業高等学校,,長野商業高等学校,20,長野市,長野市妻科243,prefectural,high_school,active,SRC000067,2026-10-02,2026年度硬式加盟校として長野県高野連公式加盟校名簿から登録。住所・設置区分も同資料で確認。
SCH001647,長野東高等学校,長野県長野東高等学校,長野東高等学校,,長野東高等学校,20,長野市,長野市大豆島2743-1,prefectural,high_school,active,SRC000067,2026-10-02,2026年度硬式加盟校として長野県高野連公式加盟校名簿から登録。住所・設置区分も同資料で確認。
SCH001648,長野工業高等学校,長野県長野工業高等学校,長野工業高等学校,,長野工業高等学校,20,長野市,長野市差出南3-9-1,prefectural,high_school,active,SRC000067,2026-10-02,2026年度硬式加盟校として長野県高野連公式加盟校名簿から登録。住所・設置区分も同資料で確認。
SCH001649,長野南高等学校,長野県長野南高等学校,長野南高等学校,,長野南高等学校,20,長野市,長野市稲里町田牧大北236-2,prefectural,high_school,active,SRC000067,2026-10-02,2026年度硬式加盟校として長野県高野連公式加盟校名簿から登録。住所・設置区分も同資料で確認。
SCH001650,篠ノ井高等学校,長野県篠ノ井高等学校,篠ノ井高等学校,,篠ノ井高等学校,20,長野市,長野市篠ノ井布施高田1161-2,prefectural,high_school,active,SRC000067,2026-10-02,2026年度硬式加盟校として長野県高野連公式加盟校名簿から登録。住所・設置区分も同資料で確認。
SCH001651,更級農業高等学校,長野県更級農業高等学校,更級農業高等学校,,更級農業高等学校,20,長野市,長野市篠ノ井布施高田200,prefectural,high_school,active,SRC000067,2026-10-02,2026年度硬式加盟校として長野県高野連公式加盟校名簿から登録。住所・設置区分も同資料で確認。
SCH001652,松代高等学校,長野県松代高等学校,松代高等学校,,松代高等学校,20,長野市,長野市松代町西条4065,prefectural,high_school,active,SRC000067,2026-10-02,2026年度硬式加盟校として長野県高野連公式加盟校名簿から登録。住所・設置区分も同資料で確認。
SCH001653,屋代高等学校,長野県屋代高等学校,屋代高等学校,,屋代高等学校,20,千曲市,千曲市屋代1000,prefectural,high_school,active,SRC000067,2026-10-02,2026年度硬式加盟校として長野県高野連公式加盟校名簿から登録。住所・設置区分も同資料で確認。
SCH001654,坂城高等学校,長野県坂城高等学校,坂城高等学校,,坂城高等学校,20,坂城町,坂城町坂城6727,prefectural,high_school,active,SRC000067,2026-10-02,2026年度硬式加盟校として長野県高野連公式加盟校名簿から登録。住所・設置区分も同資料で確認。
SCH001655,長野日本大学高等学校,長野日本大学高等学校,長野日本大学高等学校,,長野日本大学高等学校,20,長野市,長野市東和田253,private,high_school,active,SRC000067,2026-10-02,2026年度硬式加盟校として長野県高野連公式加盟校名簿から登録。住所・設置区分も同資料で確認。
SCH001656,長野俊英高等学校,長野俊英高等学校,長野俊英高等学校,,長野俊英高等学校,20,長野市,長野市篠ノ井御幣川1045,private,high_school,active,SRC000067,2026-10-02,2026年度硬式加盟校として長野県高野連公式加盟校名簿から登録。住所・設置区分も同資料で確認。
SCH001657,長野工業高等専門学校,長野工業高等専門学校,長野工業高等専門学校,,長野工業高等専門学校,20,長野市,長野市徳間716,national,technical_college,active,SRC000067,2026-10-02,2026年度硬式加盟校として長野県高野連公式加盟校名簿から登録。住所・設置区分も同資料で確認。
SCH001658,上田千曲高等学校,長野県上田千曲高等学校,上田千曲高等学校,,上田千曲高等学校,20,上田市,上田市中之条626,prefectural,high_school,active,SRC000067,2026-10-02,2026年度硬式加盟校として長野県高野連公式加盟校名簿から登録。住所・設置区分も同資料で確認。
SCH001659,上田高等学校,長野県上田高等学校,上田高等学校,,上田高等学校,20,上田市,上田市大手1-4-32,prefectural,high_school,active,SRC000067,2026-10-02,2026年度硬式加盟校として長野県高野連公式加盟校名簿から登録。住所・設置区分も同資料で確認。
SCH001660,上田染谷丘高等学校,長野県上田染谷丘高等学校,上田染谷丘高等学校,,上田染谷丘高等学校,20,上田市,上田市上田1710,prefectural,high_school,active,SRC000067,2026-10-02,2026年度硬式加盟校として長野県高野連公式加盟校名簿から登録。住所・設置区分も同資料で確認。
SCH001661,上田東高等学校,長野県上田東高等学校,上田東高等学校,,上田東高等学校,20,上田市,上田市常田3-5-68,prefectural,high_school,active,SRC000067,2026-10-02,2026年度硬式加盟校として長野県高野連公式加盟校名簿から登録。住所・設置区分も同資料で確認。
SCH001662,丸子修学館高等学校,長野県丸子修学館高等学校,丸子修学館高等学校,,丸子修学館高等学校,20,上田市,上田市中丸子810-2,prefectural,high_school,active,SRC000067,2026-10-02,2026年度硬式加盟校として長野県高野連公式加盟校名簿から登録。住所・設置区分も同資料で確認。
SCH001663,蓼科高等学校,長野県蓼科高等学校,蓼科高等学校,,蓼科高等学校,20,立科町,立科町芦田3652,prefectural,high_school,active,SRC000067,2026-10-02,2026年度硬式加盟校として長野県高野連公式加盟校名簿から登録。住所・設置区分も同資料で確認。
SCH001664,小諸義塾高等学校,長野県小諸義塾高等学校,小諸義塾高等学校,,小諸義塾高等学校,20,小諸市,小諸市田町3-1-1,prefectural,high_school,active,SRC000067,2026-10-02,2026年度硬式加盟校として長野県高野連公式加盟校名簿から登録。住所・設置区分も同資料で確認。
SCH001665,軽井沢高等学校,長野県軽井沢高等学校,軽井沢高等学校,,軽井沢高等学校,20,軽井沢町,軽井沢町軽井沢1323-43,prefectural,high_school,active,SRC000067,2026-10-02,2026年度硬式加盟校として長野県高野連公式加盟校名簿から登録。住所・設置区分も同資料で確認。
SCH001666,佐久平総合技術高等学校,長野県佐久平総合技術高等学校,佐久平総合技術高等学校,,佐久平総合技術高等学校,20,佐久市,佐久市岩村田991,prefectural,high_school,active,SRC000067,2026-10-02,2026年度硬式加盟校として長野県高野連公式加盟校名簿から登録。住所・設置区分も同資料で確認。
SCH001667,岩村田高等学校,長野県岩村田高等学校,岩村田高等学校,,岩村田高等学校,20,佐久市,佐久市岩村田1248-1,prefectural,high_school,active,SRC000067,2026-10-02,2026年度硬式加盟校として長野県高野連公式加盟校名簿から登録。住所・設置区分も同資料で確認。
SCH001668,野沢北高等学校,長野県野沢北高等学校,野沢北高等学校,,野沢北高等学校,20,佐久市,佐久市野沢449-2,prefectural,high_school,active,SRC000067,2026-10-02,2026年度硬式加盟校として長野県高野連公式加盟校名簿から登録。住所・設置区分も同資料で確認。
SCH001669,野沢南高等学校,長野県野沢南高等学校,野沢南高等学校,,野沢南高等学校,20,佐久市,佐久市原86-1,prefectural,high_school,active,SRC000067,2026-10-02,2026年度硬式加盟校として長野県高野連公式加盟校名簿から登録。住所・設置区分も同資料で確認。
SCH001670,小海高等学校,長野県小海高等学校,小海高等学校,,小海高等学校,20,小海町,小海町千代里1006-2,prefectural,high_school,active,SRC000067,2026-10-02,2026年度硬式加盟校として長野県高野連公式加盟校名簿から登録。住所・設置区分も同資料で確認。
SCH001671,上田西高等学校,上田西高等学校,上田西高等学校,,上田西高等学校,20,上田市,上田市下塩尻868,private,high_school,active,SRC000067,2026-10-02,2026年度硬式加盟校として長野県高野連公式加盟校名簿から登録。住所・設置区分も同資料で確認。
SCH001672,佐久長聖高等学校,佐久長聖高等学校,佐久長聖高等学校,,佐久長聖高等学校,20,佐久市,佐久市岩村田951,private,high_school,active,SRC000067,2026-10-02,2026年度硬式加盟校として長野県高野連公式加盟校名簿から登録。住所・設置区分も同資料で確認。
SCH001673,地球環境高等学校,地球環境高等学校,地球環境高等学校,,地球環境高等学校,20,佐久市,佐久市中込2923-1,private,high_school,active,SRC000067,2026-10-02,2026年度硬式加盟校として長野県高野連公式加盟校名簿から登録。住所・設置区分も同資料で確認。
SCH001674,富士見高等学校,長野県富士見高等学校,富士見高等学校,,富士見高等学校,20,富士見町,富士見町富士見3330,prefectural,high_school,active,SRC000067,2026-10-02,2026年度硬式加盟校として長野県高野連公式加盟校名簿から登録。住所・設置区分も同資料で確認。
SCH001675,茅野高等学校,長野県茅野高等学校,茅野高等学校,,茅野高等学校,20,茅野市,茅野市宮川11395,prefectural,high_school,active,SRC000067,2026-10-02,2026年度硬式加盟校として長野県高野連公式加盟校名簿から登録。住所・設置区分も同資料で確認。
SCH001676,諏訪実業高等学校,長野県諏訪実業高等学校,諏訪実業高等学校,,諏訪実業高等学校,20,諏訪市,諏訪市清水3-3663-3,prefectural,high_school,active,SRC000067,2026-10-02,2026年度硬式加盟校として長野県高野連公式加盟校名簿から登録。住所・設置区分も同資料で確認。
SCH001677,諏訪清陵高等学校,長野県諏訪清陵高等学校,諏訪清陵高等学校,,諏訪清陵高等学校,20,諏訪市,諏訪市清水1-10-1,prefectural,high_school,active,SRC000067,2026-10-02,2026年度硬式加盟校として長野県高野連公式加盟校名簿から登録。住所・設置区分も同資料で確認。
SCH001678,諏訪二葉高等学校,長野県諏訪二葉高等学校,諏訪二葉高等学校,,諏訪二葉高等学校,20,諏訪市,諏訪市岡村2-13-28,prefectural,high_school,active,SRC000067,2026-10-02,2026年度硬式加盟校として長野県高野連公式加盟校名簿から登録。住所・設置区分も同資料で確認。
SCH001679,下諏訪向陽高等学校,長野県下諏訪向陽高等学校,下諏訪向陽高等学校,,下諏訪向陽高等学校,20,下諏訪町,下諏訪町7401,prefectural,high_school,active,SRC000067,2026-10-02,2026年度硬式加盟校として長野県高野連公式加盟校名簿から登録。住所・設置区分も同資料で確認。
SCH001680,岡谷南高等学校,長野県岡谷南高等学校,岡谷南高等学校,,岡谷南高等学校,20,岡谷市,岡谷市湖畔3-3-30,prefectural,high_school,active,SRC000067,2026-10-02,2026年度硬式加盟校として長野県高野連公式加盟校名簿から登録。住所・設置区分も同資料で確認。
SCH001681,岡谷工業高等学校,長野県岡谷工業高等学校,岡谷工業高等学校,,岡谷工業高等学校,20,岡谷市,岡谷市神明町2-10-3,prefectural,high_school,active,SRC000067,2026-10-02,2026年度硬式加盟校として長野県高野連公式加盟校名簿から登録。住所・設置区分も同資料で確認。
SCH001682,辰野高等学校,長野県辰野高等学校,辰野高等学校,,辰野高等学校,20,辰野町,辰野町伊那富3644-2,prefectural,high_school,active,SRC000067,2026-10-02,2026年度硬式加盟校として長野県高野連公式加盟校名簿から登録。住所・設置区分も同資料で確認。
SCH001683,箕輪進修高等学校,長野県箕輪進修高等学校,箕輪進修高等学校,,箕輪進修高等学校,20,箕輪町,箕輪町大字中箕輪13238,prefectural,high_school,active,SRC000067,2026-10-02,2026年度硬式加盟校として長野県高野連公式加盟校名簿から登録。住所・設置区分も同資料で確認。
SCH001684,上伊那農業高等学校,長野県上伊那農業高等学校,上伊那農業高等学校,,上伊那農業高等学校,20,南箕輪村,南箕輪村9110,prefectural,high_school,active,SRC000067,2026-10-02,2026年度硬式加盟校として長野県高野連公式加盟校名簿から登録。住所・設置区分も同資料で確認。
SCH001685,高遠高等学校,長野県高遠高等学校,高遠高等学校,,高遠高等学校,20,伊那市,伊那市高遠町小原824,prefectural,high_school,active,SRC000067,2026-10-02,2026年度硬式加盟校として長野県高野連公式加盟校名簿から登録。住所・設置区分も同資料で確認。
SCH001686,伊那北高等学校,長野県伊那北高等学校,伊那北高等学校,,伊那北高等学校,20,伊那市,伊那市山寺2165,prefectural,high_school,active,SRC000067,2026-10-02,2026年度硬式加盟校として長野県高野連公式加盟校名簿から登録。住所・設置区分も同資料で確認。
SCH001687,伊那弥生ヶ丘高等学校,長野県伊那弥生ヶ丘高等学校,伊那弥生ヶ丘高等学校,,伊那弥生ヶ丘高等学校,20,伊那市,伊那市西町5703,prefectural,high_school,active,SRC000067,2026-10-02,2026年度硬式加盟校として長野県高野連公式加盟校名簿から登録。住所・設置区分も同資料で確認。
SCH001688,赤穂高等学校,長野県赤穂高等学校,赤穂高等学校,,赤穂高等学校,20,駒ヶ根市,駒ヶ根市赤穂11041-4,prefectural,high_school,active,SRC000067,2026-10-02,2026年度硬式加盟校として長野県高野連公式加盟校名簿から登録。住所・設置区分も同資料で確認。
SCH001689,駒ヶ根工業高等学校,長野県駒ヶ根工業高等学校,駒ヶ根工業高等学校,,駒ヶ根工業高等学校,20,駒ヶ根市,駒ヶ根市赤穂14-2,prefectural,high_school,active,SRC000067,2026-10-02,2026年度硬式加盟校として長野県高野連公式加盟校名簿から登録。住所・設置区分も同資料で確認。
SCH001690,松川高等学校,長野県松川高等学校,松川高等学校,,松川高等学校,20,松川町,松川町上片桐919-1,prefectural,high_school,active,SRC000067,2026-10-02,2026年度硬式加盟校として長野県高野連公式加盟校名簿から登録。住所・設置区分も同資料で確認。
SCH001691,飯田高等学校,長野県飯田高等学校,飯田高等学校,,飯田高等学校,20,飯田市,飯田市上郷黒田450,prefectural,high_school,active,SRC000067,2026-10-02,2026年度硬式加盟校として長野県高野連公式加盟校名簿から登録。住所・設置区分も同資料で確認。
SCH001692,飯田風越高等学校,長野県飯田風越高等学校,飯田風越高等学校,,飯田風越高等学校,20,飯田市,飯田市上郷黒田6462,prefectural,high_school,active,SRC000067,2026-10-02,2026年度硬式加盟校として長野県高野連公式加盟校名簿から登録。住所・設置区分も同資料で確認。
SCH001693,飯田OIDE長姫高等学校,長野県飯田OIDE長姫高等学校,飯田OIDE長姫高等学校,,飯田OIDE長姫高等学校,20,飯田市,飯田市鼎名古熊2535-2,prefectural,high_school,active,SRC000067,2026-10-02,2026年度硬式加盟校として長野県高野連公式加盟校名簿から登録。住所・設置区分も同資料で確認。
SCH001694,下伊那農業高等学校,長野県下伊那農業高等学校,下伊那農業高等学校,,下伊那農業高等学校,20,飯田市,飯田市鼎名古熊2366-4,prefectural,high_school,active,SRC000067,2026-10-02,2026年度硬式加盟校として長野県高野連公式加盟校名簿から登録。住所・設置区分も同資料で確認。
SCH001695,阿智高等学校,長野県阿智高等学校,阿智高等学校,,阿智高等学校,20,阿智村,阿智村春日2840,prefectural,high_school,active,SRC000067,2026-10-02,2026年度硬式加盟校として長野県高野連公式加盟校名簿から登録。住所・設置区分も同資料で確認。
SCH001696,東海大学付属諏訪高等学校,東海大学付属諏訪高等学校,東海大学付属諏訪高等学校,,東海大学付属諏訪高等学校,20,茅野市,茅野市玉川675,private,high_school,active,SRC000067,2026-10-02,2026年度硬式加盟校として長野県高野連公式加盟校名簿から登録。住所・設置区分も同資料で確認。
SCH001697,蘇南高等学校,長野県蘇南高等学校,蘇南高等学校,,蘇南高等学校,20,南木曽町,南木曽町読書2937-45,prefectural,high_school,active,SRC000067,2026-10-02,2026年度硬式加盟校として長野県高野連公式加盟校名簿から登録。住所・設置区分も同資料で確認。
SCH001698,木曽青峰高等学校,長野県木曽青峰高等学校,木曽青峰高等学校,,木曽青峰高等学校,20,木曽町,木曽町福島1827-2,prefectural,high_school,active,SRC000067,2026-10-02,2026年度硬式加盟校として長野県高野連公式加盟校名簿から登録。住所・設置区分も同資料で確認。
SCH001699,塩尻志学館高等学校,長野県塩尻志学館高等学校,塩尻志学館高等学校,,塩尻志学館高等学校,20,塩尻市,塩尻市広丘高出4-4,prefectural,high_school,active,SRC000067,2026-10-02,2026年度硬式加盟校として長野県高野連公式加盟校名簿から登録。住所・設置区分も同資料で確認。
SCH001700,田川高等学校,長野県田川高等学校,田川高等学校,,田川高等学校,20,塩尻市,塩尻市広丘吉田2645,prefectural,high_school,active,SRC000067,2026-10-02,2026年度硬式加盟校として長野県高野連公式加盟校名簿から登録。住所・設置区分も同資料で確認。
SCH001701,梓川高等学校,長野県梓川高等学校,梓川高等学校,,梓川高等学校,20,松本市,松本市波田10000-1,prefectural,high_school,active,SRC000067,2026-10-02,2026年度硬式加盟校として長野県高野連公式加盟校名簿から登録。住所・設置区分も同資料で確認。
SCH001702,松本工業高等学校,長野県松本工業高等学校,松本工業高等学校,,松本工業高等学校,20,松本市,松本市筑摩4-11-1,prefectural,high_school,active,SRC000067,2026-10-02,2026年度硬式加盟校として長野県高野連公式加盟校名簿から登録。住所・設置区分も同資料で確認。
SCH001703,松本県ケ丘高等学校,長野県松本県ケ丘高等学校,松本県ケ丘高等学校,,松本県ケ丘高等学校,20,松本市,松本市県2-1-1,prefectural,high_school,active,SRC000067,2026-10-02,2026年度硬式加盟校として長野県高野連公式加盟校名簿から登録。住所・設置区分も同資料で確認。
SCH001704,松本美須々ケ丘高等学校,長野県松本美須々ケ丘高等学校,松本美須々ケ丘高等学校,,松本美須々ケ丘高等学校,20,松本市,松本市美須々2-1,prefectural,high_school,active,SRC000067,2026-10-02,2026年度硬式加盟校として長野県高野連公式加盟校名簿から登録。住所・設置区分も同資料で確認。
SCH001705,松本深志高等学校,長野県松本深志高等学校,松本深志高等学校,,松本深志高等学校,20,松本市,松本市蟻ケ崎3-8-1,prefectural,high_school,active,SRC000067,2026-10-02,2026年度硬式加盟校として長野県高野連公式加盟校名簿から登録。住所・設置区分も同資料で確認。
SCH001706,松本蟻ケ崎高等学校,長野県松本蟻ケ崎高等学校,松本蟻ケ崎高等学校,,松本蟻ケ崎高等学校,20,松本市,松本市蟻ケ崎1-1-54,prefectural,high_school,active,SRC000067,2026-10-02,2026年度硬式加盟校として長野県高野連公式加盟校名簿から登録。住所・設置区分も同資料で確認。
SCH001707,明科高等学校,長野県明科高等学校,明科高等学校,,明科高等学校,20,安曇野市,安曇野市明科東川手100,prefectural,high_school,active,SRC000067,2026-10-02,2026年度硬式加盟校として長野県高野連公式加盟校名簿から登録。住所・設置区分も同資料で確認。
SCH001708,豊科高等学校,長野県豊科高等学校,豊科高等学校,,豊科高等学校,20,安曇野市,安曇野市豊科2341,prefectural,high_school,active,SRC000067,2026-10-02,2026年度硬式加盟校として長野県高野連公式加盟校名簿から登録。住所・設置区分も同資料で確認。
SCH001709,南安曇農業高等学校,長野県南安曇農業高等学校,南安曇農業高等学校,,南安曇農業高等学校,20,安曇野市,安曇野市豊科4537,prefectural,high_school,active,SRC000067,2026-10-02,2026年度硬式加盟校として長野県高野連公式加盟校名簿から登録。住所・設置区分も同資料で確認。
SCH001710,穂高商業高等学校,長野県穂高商業高等学校,穂高商業高等学校,,穂高商業高等学校,20,安曇野市,安曇野市穂高6839,prefectural,high_school,active,SRC000067,2026-10-02,2026年度硬式加盟校として長野県高野連公式加盟校名簿から登録。住所・設置区分も同資料で確認。
SCH001711,池田工業高等学校,長野県池田工業高等学校,池田工業高等学校,,池田工業高等学校,20,池田町,池田町池田2524,prefectural,high_school,active,SRC000067,2026-10-02,2026年度硬式加盟校として長野県高野連公式加盟校名簿から登録。住所・設置区分も同資料で確認。
SCH001712,大町岳陽高等学校,長野県大町岳陽高等学校,大町岳陽高等学校,,大町岳陽高等学校,20,大町市,大町市大町3691-2,prefectural,high_school,active,SRC000067,2026-10-02,2026年度硬式加盟校として長野県高野連公式加盟校名簿から登録。住所・設置区分も同資料で確認。
SCH001713,松商学園高等学校,松商学園高等学校,松商学園高等学校,,松商学園高等学校,20,松本市,松本市県3-6-1,private,high_school,active,SRC000067,2026-10-02,2026年度硬式加盟校として長野県高野連公式加盟校名簿から登録。住所・設置区分も同資料で確認。
SCH001714,松本国際高等学校,松本国際高等学校,松本国際高等学校,,松本国際高等学校,20,松本市,松本市村井町南3-6-25,private,high_school,active,SRC000067,2026-10-02,2026年度硬式加盟校として長野県高野連公式加盟校名簿から登録。住所・設置区分も同資料で確認。
SCH001715,東京都市大学塩尻高等学校,東京都市大学塩尻高等学校,東京都市大学塩尻高等学校,,東京都市大学塩尻高等学校,20,塩尻市,塩尻市広丘高出2081,private,high_school,active,SRC000067,2026-10-02,2026年度硬式加盟校として長野県高野連公式加盟校名簿から登録。住所・設置区分も同資料で確認。
SCH001716,松本第一高等学校,松本第一高等学校,松本第一高等学校,,松本第一高等学校,20,松本市,松本市浅間温泉1-4-17,private,high_school,active,SRC000067,2026-10-02,2026年度硬式加盟校として長野県高野連公式加盟校名簿から登録。住所・設置区分も同資料で確認。
SCH001717,日本ウェルネス長野高等学校,日本ウェルネス長野高等学校,日本ウェルネス長野高等学校,,日本ウェルネス長野高等学校,20,筑北村,筑北村西条4228,private,high_school,active,SRC000067,2026-10-02,2026年度硬式加盟校として長野県高野連公式加盟校名簿から登録。住所・設置区分も同資料で確認。
SCH001718,石川県立大聖寺高等学校,石川県立大聖寺高等学校,石川県立大聖寺高等学校,,石川県立大聖寺高等学校,17,加賀市,加賀市大聖寺永町33-1,prefectural,high_school,active,SRC000136,2026-10-02,2026硬式加盟校として登録。現行Omyu県連盟一覧を2025県高野連公式50校名簿・JHBF 2026公式50校と照合。住所・設置区分はSRC000137で確認。国際高等専門学校は2026公式50校との件数整合上、対象外。
SCH001719,石川県立大聖寺実業高等学校,石川県立大聖寺実業高等学校,石川県立大聖寺実業高等学校,,石川県立大聖寺実業高等学校,17,加賀市,加賀市熊坂町ヲ77,prefectural,high_school,active,SRC000136,2026-10-02,2026硬式加盟校として登録。現行Omyu県連盟一覧を2025県高野連公式50校名簿・JHBF 2026公式50校と照合。住所・設置区分はSRC000137で確認。国際高等専門学校は2026公式50校との件数整合上、対象外。
SCH001720,石川県立加賀高等学校,石川県立加賀高等学校,石川県立加賀高等学校,,石川県立加賀高等学校,17,加賀市,加賀市動橋町ム53,prefectural,high_school,active,SRC000136,2026-10-02,2026硬式加盟校として登録。現行Omyu県連盟一覧を2025県高野連公式50校名簿・JHBF 2026公式50校と照合。住所・設置区分はSRC000137で確認。国際高等専門学校は2026公式50校との件数整合上、対象外。
SCH001721,石川県立小松高等学校,石川県立小松高等学校,石川県立小松高等学校,,石川県立小松高等学校,17,小松市,小松市丸内町二ノ丸15,prefectural,high_school,active,SRC000136,2026-10-02,2026硬式加盟校として登録。現行Omyu県連盟一覧を2025県高野連公式50校名簿・JHBF 2026公式50校と照合。住所・設置区分はSRC000137で確認。国際高等専門学校は2026公式50校との件数整合上、対象外。
SCH001722,石川県立小松明峰高等学校,石川県立小松明峰高等学校,石川県立小松明峰高等学校,,石川県立小松明峰高等学校,17,小松市,小松市平面町ヘ72,prefectural,high_school,active,SRC000136,2026-10-02,2026硬式加盟校として登録。現行Omyu県連盟一覧を2025県高野連公式50校名簿・JHBF 2026公式50校と照合。住所・設置区分はSRC000137で確認。国際高等専門学校は2026公式50校との件数整合上、対象外。
SCH001723,石川県立小松工業高等学校,石川県立小松工業高等学校,石川県立小松工業高等学校,,石川県立小松工業高等学校,17,小松市,小松市打越町丙67,prefectural,high_school,active,SRC000136,2026-10-02,2026硬式加盟校として登録。現行Omyu県連盟一覧を2025県高野連公式50校名簿・JHBF 2026公式50校と照合。住所・設置区分はSRC000137で確認。国際高等専門学校は2026公式50校との件数整合上、対象外。
SCH001724,小松市立高等学校,小松市立高等学校,小松市立高等学校,,小松市立高等学校,17,小松市,小松市八幡ト1,municipal,high_school,active,SRC000136,2026-10-02,2026硬式加盟校として登録。現行Omyu県連盟一覧を2025県高野連公式50校名簿・JHBF 2026公式50校と照合。住所・設置区分はSRC000137で確認。国際高等専門学校は2026公式50校との件数整合上、対象外。
SCH001725,石川県立小松商業高等学校,石川県立小松商業高等学校,石川県立小松商業高等学校,,石川県立小松商業高等学校,17,小松市,小松市希望丘10,prefectural,high_school,active,SRC000136,2026-10-02,2026硬式加盟校として登録。現行Omyu県連盟一覧を2025県高野連公式50校名簿・JHBF 2026公式50校と照合。住所・設置区分はSRC000137で確認。国際高等専門学校は2026公式50校との件数整合上、対象外。
SCH001726,小松大谷高等学校,小松大谷高等学校,小松大谷高等学校,,小松大谷高等学校,17,小松市,小松市津波倉町チ1,private,high_school,active,SRC000136,2026-10-02,2026硬式加盟校として登録。現行Omyu県連盟一覧を2025県高野連公式50校名簿・JHBF 2026公式50校と照合。住所・設置区分はSRC000137で確認。国際高等専門学校は2026公式50校との件数整合上、対象外。
SCH001727,石川県立寺井高等学校,石川県立寺井高等学校,石川県立寺井高等学校,,石川県立寺井高等学校,17,能美市,能美市吉光町ト90,prefectural,high_school,active,SRC000136,2026-10-02,2026硬式加盟校として登録。現行Omyu県連盟一覧を2025県高野連公式50校名簿・JHBF 2026公式50校と照合。住所・設置区分はSRC000137で確認。国際高等専門学校は2026公式50校との件数整合上、対象外。
SCH001728,石川県立鶴来高等学校,石川県立鶴来高等学校,石川県立鶴来高等学校,,石川県立鶴来高等学校,17,白山市,白山市月橋町710,prefectural,high_school,active,SRC000136,2026-10-02,2026硬式加盟校として登録。現行Omyu県連盟一覧を2025県高野連公式50校名簿・JHBF 2026公式50校と照合。住所・設置区分はSRC000137で確認。国際高等専門学校は2026公式50校との件数整合上、対象外。
SCH001729,石川県立松任高等学校,石川県立松任高等学校,石川県立松任高等学校,,石川県立松任高等学校,17,白山市,白山市馬場1-100,prefectural,high_school,active,SRC000136,2026-10-02,2026硬式加盟校として登録。現行Omyu県連盟一覧を2025県高野連公式50校名簿・JHBF 2026公式50校と照合。住所・設置区分はSRC000137で確認。国際高等専門学校は2026公式50校との件数整合上、対象外。
SCH001730,石川県立翠星高等学校,石川県立翠星高等学校,石川県立翠星高等学校,,石川県立翠星高等学校,17,白山市,白山市三浦町500-1,prefectural,high_school,active,SRC000136,2026-10-02,2026硬式加盟校として登録。現行Omyu県連盟一覧を2025県高野連公式50校名簿・JHBF 2026公式50校と照合。住所・設置区分はSRC000137で確認。国際高等専門学校は2026公式50校との件数整合上、対象外。
SCH001731,石川県立野々市明倫高等学校,石川県立野々市明倫高等学校,石川県立野々市明倫高等学校,,石川県立野々市明倫高等学校,17,野々市市,野々市市下林3-309,prefectural,high_school,active,SRC000136,2026-10-02,2026硬式加盟校として登録。現行Omyu県連盟一覧を2025県高野連公式50校名簿・JHBF 2026公式50校と照合。住所・設置区分はSRC000137で確認。国際高等専門学校は2026公式50校との件数整合上、対象外。
SCH001732,石川県立金沢錦丘高等学校,石川県立金沢錦丘高等学校,石川県立金沢錦丘高等学校,,石川県立金沢錦丘高等学校,17,金沢市,金沢市窪6-218,prefectural,high_school,active,SRC000136,2026-10-02,2026硬式加盟校として登録。現行Omyu県連盟一覧を2025県高野連公式50校名簿・JHBF 2026公式50校と照合。住所・設置区分はSRC000137で確認。国際高等専門学校は2026公式50校との件数整合上、対象外。
SCH001733,石川県立金沢泉丘高等学校,石川県立金沢泉丘高等学校,石川県立金沢泉丘高等学校,,石川県立金沢泉丘高等学校,17,金沢市,金沢市泉野出町3-10-10,prefectural,high_school,active,SRC000136,2026-10-02,2026硬式加盟校として登録。現行Omyu県連盟一覧を2025県高野連公式50校名簿・JHBF 2026公式50校と照合。住所・設置区分はSRC000137で確認。国際高等専門学校は2026公式50校との件数整合上、対象外。
SCH001734,石川県立金沢二水高等学校,石川県立金沢二水高等学校,石川県立金沢二水高等学校,,石川県立金沢二水高等学校,17,金沢市,金沢市緑が丘20-15,prefectural,high_school,active,SRC000136,2026-10-02,2026硬式加盟校として登録。現行Omyu県連盟一覧を2025県高野連公式50校名簿・JHBF 2026公式50校と照合。住所・設置区分はSRC000137で確認。国際高等専門学校は2026公式50校との件数整合上、対象外。
SCH001735,金沢大学附属高等学校,金沢大学附属高等学校,金沢大学附属高等学校,,金沢大学附属高等学校,17,金沢市,金沢市平和町1-1-15,national,high_school,active,SRC000136,2026-10-02,2026硬式加盟校として登録。現行Omyu県連盟一覧を2025県高野連公式50校名簿・JHBF 2026公式50校と照合。住所・設置区分はSRC000137で確認。国際高等専門学校は2026公式50校との件数整合上、対象外。
SCH001736,金沢高等学校,金沢高等学校,金沢高等学校,,金沢高等学校,17,金沢市,金沢市泉本町3-111,private,high_school,active,SRC000136,2026-10-02,2026硬式加盟校として登録。現行Omyu県連盟一覧を2025県高野連公式50校名簿・JHBF 2026公式50校と照合。住所・設置区分はSRC000137で確認。国際高等専門学校は2026公式50校との件数整合上、対象外。
SCH001737,石川県立金沢伏見高等学校,石川県立金沢伏見高等学校,石川県立金沢伏見高等学校,,石川県立金沢伏見高等学校,17,金沢市,金沢市米泉町5-85,prefectural,high_school,active,SRC000136,2026-10-02,2026硬式加盟校として登録。現行Omyu県連盟一覧を2025県高野連公式50校名簿・JHBF 2026公式50校と照合。住所・設置区分はSRC000137で確認。国際高等専門学校は2026公式50校との件数整合上、対象外。
SCH001738,石川県立工業高等学校,石川県立工業高等学校,石川県立工業高等学校,,石川県立工業高等学校,17,金沢市,金沢市本多町2-3-6,prefectural,high_school,active,SRC000136,2026-10-02,2026硬式加盟校として登録。現行Omyu県連盟一覧を2025県高野連公式50校名簿・JHBF 2026公式50校と照合。住所・設置区分はSRC000137で確認。国際高等専門学校は2026公式50校との件数整合上、対象外。
SCH001739,遊学館高等学校,遊学館高等学校,遊学館高等学校,,遊学館高等学校,17,金沢市,金沢市本多町2-2-3,private,high_school,active,SRC000136,2026-10-02,2026硬式加盟校として登録。現行Omyu県連盟一覧を2025県高野連公式50校名簿・JHBF 2026公式50校と照合。住所・設置区分はSRC000137で確認。国際高等専門学校は2026公式50校との件数整合上、対象外。
SCH001740,北陸学院高等学校,北陸学院高等学校,北陸学院高等学校,,北陸学院高等学校,17,金沢市,金沢市飛梅町1-10,private,high_school,active,SRC000136,2026-10-02,2026硬式加盟校として登録。現行Omyu県連盟一覧を2025県高野連公式50校名簿・JHBF 2026公式50校と照合。住所・設置区分はSRC000137で確認。国際高等専門学校は2026公式50校との件数整合上、対象外。
SCH001741,石川県立金沢商業高等学校,石川県立金沢商業高等学校,石川県立金沢商業高等学校,,石川県立金沢商業高等学校,17,金沢市,金沢市小立野5-4-1,prefectural,high_school,active,SRC000136,2026-10-02,2026硬式加盟校として登録。現行Omyu県連盟一覧を2025県高野連公式50校名簿・JHBF 2026公式50校と照合。住所・設置区分はSRC000137で確認。国際高等専門学校は2026公式50校との件数整合上、対象外。
SCH001742,石川県立金沢辰巳丘高等学校,石川県立金沢辰巳丘高等学校,石川県立金沢辰巳丘高等学校,,石川県立金沢辰巳丘高等学校,17,金沢市,金沢市末町ニ18,prefectural,high_school,active,SRC000136,2026-10-02,2026硬式加盟校として登録。現行Omyu県連盟一覧を2025県高野連公式50校名簿・JHBF 2026公式50校と照合。住所・設置区分はSRC000137で確認。国際高等専門学校は2026公式50校との件数整合上、対象外。
SCH001743,金沢学院大学附属高等学校,金沢学院大学附属高等学校,金沢学院大学附属高等学校,,金沢学院大学附属高等学校,17,金沢市,金沢市末町10,private,high_school,active,SRC000136,2026-10-02,2026硬式加盟校として登録。現行Omyu県連盟一覧を2025県高野連公式50校名簿・JHBF 2026公式50校と照合。住所・設置区分はSRC000137で確認。国際高等専門学校は2026公式50校との件数整合上、対象外。
SCH001744,石川県立金沢西高等学校,石川県立金沢西高等学校,石川県立金沢西高等学校,,石川県立金沢西高等学校,17,金沢市,金沢市畝田東3-526,prefectural,high_school,active,SRC000136,2026-10-02,2026硬式加盟校として登録。現行Omyu県連盟一覧を2025県高野連公式50校名簿・JHBF 2026公式50校と照合。住所・設置区分はSRC000137で確認。国際高等専門学校は2026公式50校との件数整合上、対象外。
SCH001745,金沢市立工業高等学校,金沢市立工業高等学校,金沢市立工業高等学校,,金沢市立工業高等学校,17,金沢市,金沢市畝田東1-1-1,municipal,high_school,active,SRC000136,2026-10-02,2026硬式加盟校として登録。現行Omyu県連盟一覧を2025県高野連公式50校名簿・JHBF 2026公式50校と照合。住所・設置区分はSRC000137で確認。国際高等専門学校は2026公式50校との件数整合上、対象外。
SCH001746,金沢龍谷高等学校,金沢龍谷高等学校,金沢龍谷高等学校,,金沢龍谷高等学校,17,金沢市,金沢市上安原町169-1,private,high_school,active,SRC000136,2026-10-02,2026硬式加盟校として登録。現行Omyu県連盟一覧を2025県高野連公式50校名簿・JHBF 2026公式50校と照合。住所・設置区分はSRC000137で確認。国際高等専門学校は2026公式50校との件数整合上、対象外。
SCH001747,石川県立金沢桜丘高等学校,石川県立金沢桜丘高等学校,石川県立金沢桜丘高等学校,,石川県立金沢桜丘高等学校,17,金沢市,金沢市大樋町16-1,prefectural,high_school,active,SRC000136,2026-10-02,2026硬式加盟校として登録。現行Omyu県連盟一覧を2025県高野連公式50校名簿・JHBF 2026公式50校と照合。住所・設置区分はSRC000137で確認。国際高等専門学校は2026公式50校との件数整合上、対象外。
SCH001748,星稜高等学校,星稜高等学校,星稜高等学校,,星稜高等学校,17,金沢市,金沢市小坂町南206,private,high_school,active,SRC000136,2026-10-02,2026硬式加盟校として登録。現行Omyu県連盟一覧を2025県高野連公式50校名簿・JHBF 2026公式50校と照合。住所・設置区分はSRC000137で確認。国際高等専門学校は2026公式50校との件数整合上、対象外。
SCH001749,石川県立金沢向陽高等学校,石川県立金沢向陽高等学校,石川県立金沢向陽高等学校,,石川県立金沢向陽高等学校,17,金沢市,金沢市大場町東590,prefectural,high_school,active,SRC000136,2026-10-02,2026硬式加盟校として登録。現行Omyu県連盟一覧を2025県高野連公式50校名簿・JHBF 2026公式50校と照合。住所・設置区分はSRC000137で確認。国際高等専門学校は2026公式50校との件数整合上、対象外。
SCH001750,石川県立金沢北陵高等学校,石川県立金沢北陵高等学校,石川県立金沢北陵高等学校,,石川県立金沢北陵高等学校,17,金沢市,金沢市吉原町ワ21,prefectural,high_school,active,SRC000136,2026-10-02,2026硬式加盟校として登録。現行Omyu県連盟一覧を2025県高野連公式50校名簿・JHBF 2026公式50校と照合。住所・設置区分はSRC000137で確認。国際高等専門学校は2026公式50校との件数整合上、対象外。
SCH001751,石川県立津幡高等学校,石川県立津幡高等学校,石川県立津幡高等学校,,石川県立津幡高等学校,17,津幡町,河北郡津幡町加賀爪ヲ45,prefectural,high_school,active,SRC000136,2026-10-02,2026硬式加盟校として登録。現行Omyu県連盟一覧を2025県高野連公式50校名簿・JHBF 2026公式50校と照合。住所・設置区分はSRC000137で確認。国際高等専門学校は2026公式50校との件数整合上、対象外。
SCH001752,石川工業高等専門学校,石川工業高等専門学校,石川工業高等専門学校,,石川工業高等専門学校,17,津幡町,河北郡津幡町北中条タ1,national,technical_college,active,SRC000136,2026-10-02,2026硬式加盟校として登録。現行Omyu県連盟一覧を2025県高野連公式50校名簿・JHBF 2026公式50校と照合。住所・設置区分はSRC000137で確認。国際高等専門学校は2026公式50校との件数整合上、対象外。
SCH001753,石川県立内灘高等学校,石川県立内灘高等学校,石川県立内灘高等学校,,石川県立内灘高等学校,17,内灘町,河北郡内灘町字千鳥台3-1,prefectural,high_school,active,SRC000136,2026-10-02,2026硬式加盟校として登録。現行Omyu県連盟一覧を2025県高野連公式50校名簿・JHBF 2026公式50校と照合。住所・設置区分はSRC000137で確認。国際高等専門学校は2026公式50校との件数整合上、対象外。
SCH001754,石川県立宝達高等学校,石川県立宝達高等学校,石川県立宝達高等学校,,石川県立宝達高等学校,17,宝達志水町,羽咋郡宝達志水町今浜ト80,prefectural,high_school,active,SRC000136,2026-10-02,2026硬式加盟校として登録。現行Omyu県連盟一覧を2025県高野連公式50校名簿・JHBF 2026公式50校と照合。住所・設置区分はSRC000137で確認。国際高等専門学校は2026公式50校との件数整合上、対象外。
SCH001755,石川県立羽咋高等学校,石川県立羽咋高等学校,石川県立羽咋高等学校,,石川県立羽咋高等学校,17,羽咋市,羽咋市柳橋町柳橋1,prefectural,high_school,active,SRC000136,2026-10-02,2026硬式加盟校として登録。現行Omyu県連盟一覧を2025県高野連公式50校名簿・JHBF 2026公式50校と照合。住所・設置区分はSRC000137で確認。国際高等専門学校は2026公式50校との件数整合上、対象外。
SCH001756,石川県立羽咋工業高等学校,石川県立羽咋工業高等学校,石川県立羽咋工業高等学校,,石川県立羽咋工業高等学校,17,羽咋市,羽咋市西釜屋町ク21,prefectural,high_school,active,SRC000136,2026-10-02,2026硬式加盟校として登録。現行Omyu県連盟一覧を2025県高野連公式50校名簿・JHBF 2026公式50校と照合。住所・設置区分はSRC000137で確認。国際高等専門学校は2026公式50校との件数整合上、対象外。
SCH001757,石川県立志賀高等学校,石川県立志賀高等学校,石川県立志賀高等学校,,石川県立志賀高等学校,17,志賀町,羽咋郡志賀町高浜町ノ170,prefectural,high_school,active,SRC000136,2026-10-02,2026硬式加盟校として登録。現行Omyu県連盟一覧を2025県高野連公式50校名簿・JHBF 2026公式50校と照合。住所・設置区分はSRC000137で確認。国際高等専門学校は2026公式50校との件数整合上、対象外。
SCH001758,石川県立鹿西高等学校,石川県立鹿西高等学校,石川県立鹿西高等学校,,石川県立鹿西高等学校,17,中能登町,鹿島郡中能登町能登部上ヲ部1,prefectural,high_school,active,SRC000136,2026-10-02,2026硬式加盟校として登録。現行Omyu県連盟一覧を2025県高野連公式50校名簿・JHBF 2026公式50校と照合。住所・設置区分はSRC000137で確認。国際高等専門学校は2026公式50校との件数整合上、対象外。
SCH001759,石川県立七尾高等学校,石川県立七尾高等学校,石川県立七尾高等学校,,石川県立七尾高等学校,17,七尾市,七尾市西藤橋町エ1-1,prefectural,high_school,active,SRC000136,2026-10-02,2026硬式加盟校として登録。現行Omyu県連盟一覧を2025県高野連公式50校名簿・JHBF 2026公式50校と照合。住所・設置区分はSRC000137で確認。国際高等専門学校は2026公式50校との件数整合上、対象外。
SCH001760,石川県立七尾東雲高等学校,石川県立七尾東雲高等学校,石川県立七尾東雲高等学校,,石川県立七尾東雲高等学校,17,七尾市,七尾市下町戊部12-1,prefectural,high_school,active,SRC000136,2026-10-02,2026硬式加盟校として登録。現行Omyu県連盟一覧を2025県高野連公式50校名簿・JHBF 2026公式50校と照合。住所・設置区分はSRC000137で確認。国際高等専門学校は2026公式50校との件数整合上、対象外。
SCH001761,鵬学園高等学校,鵬学園高等学校,鵬学園高等学校,,鵬学園高等学校,17,七尾市,七尾市天神川原町ハ32,private,high_school,active,SRC000136,2026-10-02,2026硬式加盟校として登録。現行Omyu県連盟一覧を2025県高野連公式50校名簿・JHBF 2026公式50校と照合。住所・設置区分はSRC000137で確認。国際高等専門学校は2026公式50校との件数整合上、対象外。
SCH001762,石川県立穴水高等学校,石川県立穴水高等学校,石川県立穴水高等学校,,石川県立穴水高等学校,17,穴水町,鳳珠郡穴水町字由比ケ丘い-33,prefectural,high_school,active,SRC000136,2026-10-02,2026硬式加盟校として登録。現行Omyu県連盟一覧を2025県高野連公式50校名簿・JHBF 2026公式50校と照合。住所・設置区分はSRC000137で確認。国際高等専門学校は2026公式50校との件数整合上、対象外。
SCH001763,石川県立門前高等学校,石川県立門前高等学校,石川県立門前高等学校,,石川県立門前高等学校,17,輪島市,輪島市門前町広岡5-3,prefectural,high_school,active,SRC000136,2026-10-02,2026硬式加盟校として登録。現行Omyu県連盟一覧を2025県高野連公式50校名簿・JHBF 2026公式50校と照合。住所・設置区分はSRC000137で確認。国際高等専門学校は2026公式50校との件数整合上、対象外。
SCH001764,日本航空高等学校石川,日本航空高等学校石川,日本航空高等学校石川,,日本航空高等学校石川,17,輪島市,輪島市三井町洲衛9部27-7,private,high_school,active,SRC000136,2026-10-02,2026硬式加盟校として登録。現行Omyu県連盟一覧を2025県高野連公式50校名簿・JHBF 2026公式50校と照合。住所・設置区分はSRC000137で確認。国際高等専門学校は2026公式50校との件数整合上、対象外。
SCH001765,石川県立輪島高等学校,石川県立輪島高等学校,石川県立輪島高等学校,,石川県立輪島高等学校,17,輪島市,輪島市河井町18部42-2,prefectural,high_school,active,SRC000136,2026-10-02,2026硬式加盟校として登録。現行Omyu県連盟一覧を2025県高野連公式50校名簿・JHBF 2026公式50校と照合。住所・設置区分はSRC000137で確認。国際高等専門学校は2026公式50校との件数整合上、対象外。
SCH001766,石川県立能登高等学校,石川県立能登高等学校,石川県立能登高等学校,,石川県立能登高等学校,17,能登町,鳳珠郡能登町字宇出津マ字106-7,prefectural,high_school,active,SRC000136,2026-10-02,2026硬式加盟校として登録。現行Omyu県連盟一覧を2025県高野連公式50校名簿・JHBF 2026公式50校と照合。住所・設置区分はSRC000137で確認。国際高等専門学校は2026公式50校との件数整合上、対象外。
SCH001767,石川県立飯田高等学校,石川県立飯田高等学校,石川県立飯田高等学校,,石川県立飯田高等学校,17,珠洲市,珠洲市野々江町1-1,prefectural,high_school,active,SRC000136,2026-10-02,2026硬式加盟校として登録。現行Omyu県連盟一覧を2025県高野連公式50校名簿・JHBF 2026公式50校と照合。住所・設置区分はSRC000137で確認。国際高等専門学校は2026公式50校との件数整合上、対象外。
SCH001768,並木学院高等学校,並木学院高等学校,並木学院高等学校,,並木学院高等学校,34,広島市,,private,high_school,active,SRC000138,2026-10-02,2026硬式加盟校として登録。現行Omyu広島県高野連加盟校一覧88校に掲載。2026夏大会側の差分6校を加えた和集合94校が県高野連・JHBF公式加盟校数94校と一致。
SCH001769,修道高等学校,修道高等学校,修道高等学校,,修道高等学校,34,広島市,,private,high_school,active,SRC000138,2026-10-02,2026硬式加盟校として登録。現行Omyu広島県高野連加盟校一覧88校に掲載。2026夏大会側の差分6校を加えた和集合94校が県高野連・JHBF公式加盟校数94校と一致。
SCH001770,呉市立呉高等学校,呉市立呉高等学校,呉市立呉高等学校,,呉市立呉高等学校,34,呉市,,municipal,high_school,active,SRC000138,2026-10-02,2026硬式加盟校として登録。現行Omyu広島県高野連加盟校一覧88校に掲載。2026夏大会側の差分6校を加えた和集合94校が県高野連・JHBF公式加盟校数94校と一致。
SCH001771,呉港高等学校,呉港高等学校,呉港高等学校,,呉港高等学校,34,呉市,,private,high_school,active,SRC000138,2026-10-02,2026硬式加盟校として登録。現行Omyu広島県高野連加盟校一覧88校に掲載。2026夏大会側の差分6校を加えた和集合94校が県高野連・JHBF公式加盟校数94校と一致。
SCH001772,如水館高等学校,如水館高等学校,如水館高等学校,,如水館高等学校,34,三原市,,private,high_school,active,SRC000138,2026-10-02,2026硬式加盟校として登録。現行Omyu広島県高野連加盟校一覧88校に掲載。2026夏大会側の差分6校を加えた和集合94校が県高野連・JHBF公式加盟校数94校と一致。
SCH001773,尾道高等学校,尾道高等学校,尾道高等学校,,尾道高等学校,34,尾道市,,private,high_school,active,SRC000138,2026-10-02,2026硬式加盟校として登録。現行Omyu広島県高野連加盟校一覧88校に掲載。2026夏大会側の差分6校を加えた和集合94校が県高野連・JHBF公式加盟校数94校と一致。
SCH001774,山陽高等学校,山陽高等学校,山陽高等学校,,山陽高等学校,34,広島市,,private,high_school,active,SRC000138,2026-10-02,2026硬式加盟校として登録。現行Omyu広島県高野連加盟校一覧88校に掲載。2026夏大会側の差分6校を加えた和集合94校が県高野連・JHBF公式加盟校数94校と一致。
SCH001775,崇徳高等学校,崇徳高等学校,崇徳高等学校,,崇徳高等学校,34,広島市,,private,high_school,active,SRC000138,2026-10-02,2026硬式加盟校として登録。現行Omyu広島県高野連加盟校一覧88校に掲載。2026夏大会側の差分6校を加えた和集合94校が県高野連・JHBF公式加盟校数94校と一致。
SCH001776,広島国際学院高等学校,広島国際学院高等学校,広島国際学院高等学校,,広島国際学院高等学校,34,広島市,,private,high_school,active,SRC000138,2026-10-02,2026硬式加盟校として登録。現行Omyu広島県高野連加盟校一覧88校に掲載。2026夏大会側の差分6校を加えた和集合94校が県高野連・JHBF公式加盟校数94校と一致。
SCH001777,広島城北高等学校,広島城北高等学校,広島城北高等学校,,広島城北高等学校,34,広島市,,private,high_school,active,SRC000138,2026-10-02,2026硬式加盟校として登録。現行Omyu広島県高野連加盟校一覧88校に掲載。2026夏大会側の差分6校を加えた和集合94校が県高野連・JHBF公式加盟校数94校と一致。
SCH001778,広島工業大学高等学校,広島工業大学高等学校,広島工業大学高等学校,,広島工業大学高等学校,34,広島市,,private,high_school,active,SRC000138,2026-10-02,2026硬式加盟校として登録。現行Omyu広島県高野連加盟校一覧88校に掲載。2026夏大会側の差分6校を加えた和集合94校が県高野連・JHBF公式加盟校数94校と一致。
SCH001779,広島市立基町高等学校,広島市立基町高等学校,広島市立基町高等学校,,広島市立基町高等学校,34,広島市,,municipal,high_school,active,SRC000138,2026-10-02,2026硬式加盟校として登録。現行Omyu広島県高野連加盟校一覧88校に掲載。2026夏大会側の差分6校を加えた和集合94校が県高野連・JHBF公式加盟校数94校と一致。
SCH001780,広島市立広島中等教育学校,広島市立広島中等教育学校,広島市立広島中等教育学校,,広島市立広島中等教育学校,34,広島市,,municipal,secondary_school,active,SRC000138,2026-10-02,2026硬式加盟校として登録。現行Omyu広島県高野連加盟校一覧88校に掲載。2026夏大会側の差分6校を加えた和集合94校が県高野連・JHBF公式加盟校数94校と一致。
SCH001781,広島市立広島工業高等学校,広島市立広島工業高等学校,広島市立広島工業高等学校,,広島市立広島工業高等学校,34,広島市,,municipal,high_school,active,SRC000138,2026-10-02,2026硬式加盟校として登録。現行Omyu広島県高野連加盟校一覧88校に掲載。2026夏大会側の差分6校を加えた和集合94校が県高野連・JHBF公式加盟校数94校と一致。
SCH001782,広島市立沼田高等学校,広島市立沼田高等学校,広島市立沼田高等学校,,広島市立沼田高等学校,34,広島市,,municipal,high_school,active,SRC000138,2026-10-02,2026硬式加盟校として登録。現行Omyu広島県高野連加盟校一覧88校に掲載。2026夏大会側の差分6校を加えた和集合94校が県高野連・JHBF公式加盟校数94校と一致。
SCH001783,広島市立美鈴が丘高等学校,広島市立美鈴が丘高等学校,広島市立美鈴が丘高等学校,,広島市立美鈴が丘高等学校,34,広島市,,municipal,high_school,active,SRC000138,2026-10-02,2026硬式加盟校として登録。現行Omyu広島県高野連加盟校一覧88校に掲載。2026夏大会側の差分6校を加えた和集合94校が県高野連・JHBF公式加盟校数94校と一致。
SCH001784,広島市立舟入高等学校,広島市立舟入高等学校,広島市立舟入高等学校,,広島市立舟入高等学校,34,広島市,,municipal,high_school,active,SRC000138,2026-10-02,2026硬式加盟校として登録。現行Omyu広島県高野連加盟校一覧88校に掲載。2026夏大会側の差分6校を加えた和集合94校が県高野連・JHBF公式加盟校数94校と一致。
SCH001785,広島新庄高等学校,広島新庄高等学校,広島新庄高等学校,,広島新庄高等学校,34,北広島町,,private,high_school,active,SRC000138,2026-10-02,2026硬式加盟校として登録。現行Omyu広島県高野連加盟校一覧88校に掲載。2026夏大会側の差分6校を加えた和集合94校が県高野連・JHBF公式加盟校数94校と一致。
SCH001786,広島県瀬戸内高等学校,広島県瀬戸内高等学校,広島県瀬戸内高等学校,,広島県瀬戸内高等学校,34,広島市,,private,high_school,active,SRC000138,2026-10-02,2026硬式加盟校として登録。現行Omyu広島県高野連加盟校一覧88校に掲載。2026夏大会側の差分6校を加えた和集合94校が県高野連・JHBF公式加盟校数94校と一致。
SCH001787,広島県立三原東高等学校,広島県立三原東高等学校,広島県立三原東高等学校,,広島県立三原東高等学校,34,三原市,,prefectural,high_school,active,SRC000138,2026-10-02,2026硬式加盟校として登録。現行Omyu広島県高野連加盟校一覧88校に掲載。2026夏大会側の差分6校を加えた和集合94校が県高野連・JHBF公式加盟校数94校と一致。
SCH001788,広島県立三原高等学校,広島県立三原高等学校,広島県立三原高等学校,,広島県立三原高等学校,34,三原市,,prefectural,high_school,active,SRC000138,2026-10-02,2026硬式加盟校として登録。現行Omyu広島県高野連加盟校一覧88校に掲載。2026夏大会側の差分6校を加えた和集合94校が県高野連・JHBF公式加盟校数94校と一致。
SCH001789,広島県立三次青陵高等学校,広島県立三次青陵高等学校,広島県立三次青陵高等学校,,広島県立三次青陵高等学校,34,三次市,,prefectural,high_school,active,SRC000138,2026-10-02,2026硬式加盟校として登録。現行Omyu広島県高野連加盟校一覧88校に掲載。2026夏大会側の差分6校を加えた和集合94校が県高野連・JHBF公式加盟校数94校と一致。
SCH001790,広島県立三次高等学校,広島県立三次高等学校,広島県立三次高等学校,,広島県立三次高等学校,34,三次市,,prefectural,high_school,active,SRC000138,2026-10-02,2026硬式加盟校として登録。現行Omyu広島県高野連加盟校一覧88校に掲載。2026夏大会側の差分6校を加えた和集合94校が県高野連・JHBF公式加盟校数94校と一致。
SCH001791,広島県立上下高等学校,広島県立上下高等学校,広島県立上下高等学校,,広島県立上下高等学校,34,府中市,,prefectural,high_school,active,SRC000138,2026-10-02,2026硬式加盟校として登録。現行Omyu広島県高野連加盟校一覧88校に掲載。2026夏大会側の差分6校を加えた和集合94校が県高野連・JHBF公式加盟校数94校と一致。
SCH001792,広島県立世羅高等学校,広島県立世羅高等学校,広島県立世羅高等学校,,広島県立世羅高等学校,34,世羅町,,prefectural,high_school,active,SRC000138,2026-10-02,2026硬式加盟校として登録。現行Omyu広島県高野連加盟校一覧88校に掲載。2026夏大会側の差分6校を加えた和集合94校が県高野連・JHBF公式加盟校数94校と一致。
SCH001793,広島県立五日市高等学校,広島県立五日市高等学校,広島県立五日市高等学校,,広島県立五日市高等学校,34,広島市,,prefectural,high_school,active,SRC000138,2026-10-02,2026硬式加盟校として登録。現行Omyu広島県高野連加盟校一覧88校に掲載。2026夏大会側の差分6校を加えた和集合94校が県高野連・JHBF公式加盟校数94校と一致。
SCH001794,広島県立加計高等学校,広島県立加計高等学校,広島県立加計高等学校,,広島県立加計高等学校,34,安芸太田町,,prefectural,high_school,active,SRC000138,2026-10-02,2026硬式加盟校として登録。現行Omyu広島県高野連加盟校一覧88校に掲載。2026夏大会側の差分6校を加えた和集合94校が県高野連・JHBF公式加盟校数94校と一致。
SCH001795,広島県立加計高等学校芸北分校,広島県立加計高等学校芸北分校,広島県立加計高等学校芸北分校,,広島県立加計高等学校芸北分校,34,北広島町,,prefectural,high_school,active,SRC000138,2026-10-02,2026硬式加盟校として登録。現行Omyu広島県高野連加盟校一覧88校に掲載。2026夏大会側の差分6校を加えた和集合94校が県高野連・JHBF公式加盟校数94校と一致。
SCH001796,広島県立千代田高等学校,広島県立千代田高等学校,広島県立千代田高等学校,,広島県立千代田高等学校,34,北広島町,,prefectural,high_school,active,SRC000138,2026-10-02,2026硬式加盟校として登録。現行Omyu広島県高野連加盟校一覧88校に掲載。2026夏大会側の差分6校を加えた和集合94校が県高野連・JHBF公式加盟校数94校と一致。
SCH001797,広島県立可部高等学校,広島県立可部高等学校,広島県立可部高等学校,,広島県立可部高等学校,34,広島市,,prefectural,high_school,active,SRC000138,2026-10-02,2026硬式加盟校として登録。現行Omyu広島県高野連加盟校一覧88校に掲載。2026夏大会側の差分6校を加えた和集合94校が県高野連・JHBF公式加盟校数94校と一致。
SCH001798,広島県立吉田高等学校,広島県立吉田高等学校,広島県立吉田高等学校,,広島県立吉田高等学校,34,安芸高田市,,prefectural,high_school,active,SRC000138,2026-10-02,2026硬式加盟校として登録。現行Omyu広島県高野連加盟校一覧88校に掲載。2026夏大会側の差分6校を加えた和集合94校が県高野連・JHBF公式加盟校数94校と一致。
SCH001799,広島県立向原高等学校,広島県立向原高等学校,広島県立向原高等学校,,広島県立向原高等学校,34,安芸高田市,,prefectural,high_school,active,SRC000138,2026-10-02,2026硬式加盟校として登録。現行Omyu広島県高野連加盟校一覧88校に掲載。2026夏大会側の差分6校を加えた和集合94校が県高野連・JHBF公式加盟校数94校と一致。
SCH001800,広島県立呉三津田高等学校,広島県立呉三津田高等学校,広島県立呉三津田高等学校,,広島県立呉三津田高等学校,34,呉市,,prefectural,high_school,active,SRC000138,2026-10-02,2026硬式加盟校として登録。現行Omyu広島県高野連加盟校一覧88校に掲載。2026夏大会側の差分6校を加えた和集合94校が県高野連・JHBF公式加盟校数94校と一致。
SCH001801,広島県立呉商業高等学校,広島県立呉商業高等学校,広島県立呉商業高等学校,,広島県立呉商業高等学校,34,呉市,,prefectural,high_school,active,SRC000138,2026-10-02,2026硬式加盟校として登録。現行Omyu広島県高野連加盟校一覧88校に掲載。2026夏大会側の差分6校を加えた和集合94校が県高野連・JHBF公式加盟校数94校と一致。
SCH001802,広島県立呉宮原高等学校,広島県立呉宮原高等学校,広島県立呉宮原高等学校,,広島県立呉宮原高等学校,34,呉市,,prefectural,high_school,active,SRC000138,2026-10-02,2026硬式加盟校として登録。現行Omyu広島県高野連加盟校一覧88校に掲載。2026夏大会側の差分6校を加えた和集合94校が県高野連・JHBF公式加盟校数94校と一致。
SCH001803,広島県立呉工業高等学校,広島県立呉工業高等学校,広島県立呉工業高等学校,,広島県立呉工業高等学校,34,呉市,,prefectural,high_school,active,SRC000138,2026-10-02,2026硬式加盟校として登録。現行Omyu広島県高野連加盟校一覧88校に掲載。2026夏大会側の差分6校を加えた和集合94校が県高野連・JHBF公式加盟校数94校と一致。
SCH001804,広島県立大柿高等学校,広島県立大柿高等学校,広島県立大柿高等学校,,広島県立大柿高等学校,34,江田島市,,prefectural,high_school,active,SRC000138,2026-10-02,2026硬式加盟校として登録。現行Omyu広島県高野連加盟校一覧88校に掲載。2026夏大会側の差分6校を加えた和集合94校が県高野連・JHBF公式加盟校数94校と一致。
SCH001805,広島県立大竹高等学校,広島県立大竹高等学校,広島県立大竹高等学校,,広島県立大竹高等学校,34,大竹市,,prefectural,high_school,active,SRC000138,2026-10-02,2026硬式加盟校として登録。現行Omyu広島県高野連加盟校一覧88校に掲載。2026夏大会側の差分6校を加えた和集合94校が県高野連・JHBF公式加盟校数94校と一致。
SCH001806,広島県立大門高等学校,広島県立大門高等学校,広島県立大門高等学校,,広島県立大門高等学校,34,福山市,,prefectural,high_school,active,SRC000138,2026-10-02,2026硬式加盟校として登録。現行Omyu広島県高野連加盟校一覧88校に掲載。2026夏大会側の差分6校を加えた和集合94校が県高野連・JHBF公式加盟校数94校と一致。
SCH001807,広島県立安芸南高等学校,広島県立安芸南高等学校,広島県立安芸南高等学校,,広島県立安芸南高等学校,34,広島市,,prefectural,high_school,active,SRC000138,2026-10-02,2026硬式加盟校として登録。現行Omyu広島県高野連加盟校一覧88校に掲載。2026夏大会側の差分6校を加えた和集合94校が県高野連・JHBF公式加盟校数94校と一致。
SCH001808,広島県立安芸府中高等学校,広島県立安芸府中高等学校,広島県立安芸府中高等学校,,広島県立安芸府中高等学校,34,府中町,,prefectural,high_school,active,SRC000138,2026-10-02,2026硬式加盟校として登録。現行Omyu広島県高野連加盟校一覧88校に掲載。2026夏大会側の差分6校を加えた和集合94校が県高野連・JHBF公式加盟校数94校と一致。
SCH001809,広島県立安西高等学校,広島県立安西高等学校,広島県立安西高等学校,,広島県立安西高等学校,34,広島市,,prefectural,high_school,active,SRC000138,2026-10-02,2026硬式加盟校として登録。現行Omyu広島県高野連加盟校一覧88校に掲載。2026夏大会側の差分6校を加えた和集合94校が県高野連・JHBF公式加盟校数94校と一致。
SCH001810,広島県立宮島工業高等学校,広島県立宮島工業高等学校,広島県立宮島工業高等学校,,広島県立宮島工業高等学校,34,廿日市市,,prefectural,high_school,active,SRC000138,2026-10-02,2026硬式加盟校として登録。現行Omyu広島県高野連加盟校一覧88校に掲載。2026夏大会側の差分6校を加えた和集合94校が県高野連・JHBF公式加盟校数94校と一致。
SCH001811,広島県立尾道北高等学校,広島県立尾道北高等学校,広島県立尾道北高等学校,,広島県立尾道北高等学校,34,尾道市,,prefectural,high_school,active,SRC000138,2026-10-02,2026硬式加盟校として登録。現行Omyu広島県高野連加盟校一覧88校に掲載。2026夏大会側の差分6校を加えた和集合94校が県高野連・JHBF公式加盟校数94校と一致。
SCH001812,広島県立尾道商業高等学校,広島県立尾道商業高等学校,広島県立尾道商業高等学校,,広島県立尾道商業高等学校,34,尾道市,,prefectural,high_school,active,SRC000138,2026-10-02,2026硬式加盟校として登録。現行Omyu広島県高野連加盟校一覧88校に掲載。2026夏大会側の差分6校を加えた和集合94校が県高野連・JHBF公式加盟校数94校と一致。
SCH001813,広島県立尾道東高等学校,広島県立尾道東高等学校,広島県立尾道東高等学校,,広島県立尾道東高等学校,34,尾道市,,prefectural,high_school,active,SRC000138,2026-10-02,2026硬式加盟校として登録。現行Omyu広島県高野連加盟校一覧88校に掲載。2026夏大会側の差分6校を加えた和集合94校が県高野連・JHBF公式加盟校数94校と一致。
SCH001814,広島県立広島井口高等学校,広島県立広島井口高等学校,広島県立広島井口高等学校,,広島県立広島井口高等学校,34,広島市,,prefectural,high_school,active,SRC000138,2026-10-02,2026硬式加盟校として登録。現行Omyu広島県高野連加盟校一覧88校に掲載。2026夏大会側の差分6校を加えた和集合94校が県高野連・JHBF公式加盟校数94校と一致。
SCH001815,広島県立広島商業高等学校,広島県立広島商業高等学校,広島県立広島商業高等学校,,広島県立広島商業高等学校,34,広島市,,prefectural,high_school,active,SRC000138,2026-10-02,2026硬式加盟校として登録。現行Omyu広島県高野連加盟校一覧88校に掲載。2026夏大会側の差分6校を加えた和集合94校が県高野連・JHBF公式加盟校数94校と一致。
SCH001816,広島県立広島国泰寺高等学校,広島県立広島国泰寺高等学校,広島県立広島国泰寺高等学校,,広島県立広島国泰寺高等学校,34,広島市,,prefectural,high_school,active,SRC000138,2026-10-02,2026硬式加盟校として登録。現行Omyu広島県高野連加盟校一覧88校に掲載。2026夏大会側の差分6校を加えた和集合94校が県高野連・JHBF公式加盟校数94校と一致。
SCH001817,広島県立広島工業高等学校,広島県立広島工業高等学校,広島県立広島工業高等学校,,広島県立広島工業高等学校,34,広島市,,prefectural,high_school,active,SRC000138,2026-10-02,2026硬式加盟校として登録。現行Omyu広島県高野連加盟校一覧88校に掲載。2026夏大会側の差分6校を加えた和集合94校が県高野連・JHBF公式加盟校数94校と一致。
SCH001818,広島県立広島観音高等学校,広島県立広島観音高等学校,広島県立広島観音高等学校,,広島県立広島観音高等学校,34,広島市,,prefectural,high_school,active,SRC000138,2026-10-02,2026硬式加盟校として登録。現行Omyu広島県高野連加盟校一覧88校に掲載。2026夏大会側の差分6校を加えた和集合94校が県高野連・JHBF公式加盟校数94校と一致。
SCH001819,広島県立広高等学校,広島県立広高等学校,広島県立広高等学校,,広島県立広高等学校,34,呉市,,prefectural,high_school,active,SRC000138,2026-10-02,2026硬式加盟校として登録。現行Omyu広島県高野連加盟校一覧88校に掲載。2026夏大会側の差分6校を加えた和集合94校が県高野連・JHBF公式加盟校数94校と一致。
SCH001820,広島県立庄原実業高等学校,広島県立庄原実業高等学校,広島県立庄原実業高等学校,,広島県立庄原実業高等学校,34,庄原市,,prefectural,high_school,active,SRC000138,2026-10-02,2026硬式加盟校として登録。現行Omyu広島県高野連加盟校一覧88校に掲載。2026夏大会側の差分6校を加えた和集合94校が県高野連・JHBF公式加盟校数94校と一致。
SCH001821,広島県立庄原格致高等学校,広島県立庄原格致高等学校,広島県立庄原格致高等学校,,広島県立庄原格致高等学校,34,庄原市,,prefectural,high_school,active,SRC000138,2026-10-02,2026硬式加盟校として登録。現行Omyu広島県高野連加盟校一覧88校に掲載。2026夏大会側の差分6校を加えた和集合94校が県高野連・JHBF公式加盟校数94校と一致。
SCH001822,広島県立府中東高等学校,広島県立府中東高等学校,広島県立府中東高等学校,,広島県立府中東高等学校,34,府中市,,prefectural,high_school,active,SRC000138,2026-10-02,2026硬式加盟校として登録。現行Omyu広島県高野連加盟校一覧88校に掲載。2026夏大会側の差分6校を加えた和集合94校が県高野連・JHBF公式加盟校数94校と一致。
SCH001823,広島県立府中高等学校,広島県立府中高等学校,広島県立府中高等学校,,広島県立府中高等学校,34,府中市,,prefectural,high_school,active,SRC000138,2026-10-02,2026硬式加盟校として登録。現行Omyu広島県高野連加盟校一覧88校に掲載。2026夏大会側の差分6校を加えた和集合94校が県高野連・JHBF公式加盟校数94校と一致。
SCH001824,広島県立廿日市西高等学校,広島県立廿日市西高等学校,広島県立廿日市西高等学校,,広島県立廿日市西高等学校,34,廿日市市,,prefectural,high_school,active,SRC000138,2026-10-02,2026硬式加盟校として登録。現行Omyu広島県高野連加盟校一覧88校に掲載。2026夏大会側の差分6校を加えた和集合94校が県高野連・JHBF公式加盟校数94校と一致。
SCH001825,広島県立廿日市高等学校,広島県立廿日市高等学校,広島県立廿日市高等学校,,広島県立廿日市高等学校,34,廿日市市,,prefectural,high_school,active,SRC000138,2026-10-02,2026硬式加盟校として登録。現行Omyu広島県高野連加盟校一覧88校に掲載。2026夏大会側の差分6校を加えた和集合94校が県高野連・JHBF公式加盟校数94校と一致。
SCH001826,広島県立忠海高等学校,広島県立忠海高等学校,広島県立忠海高等学校,,広島県立忠海高等学校,34,竹原市,,prefectural,high_school,active,SRC000138,2026-10-02,2026硬式加盟校として登録。現行Omyu広島県高野連加盟校一覧88校に掲載。2026夏大会側の差分6校を加えた和集合94校が県高野連・JHBF公式加盟校数94校と一致。
SCH001827,広島県立戸手高等学校,広島県立戸手高等学校,広島県立戸手高等学校,,広島県立戸手高等学校,34,福山市,,prefectural,high_school,active,SRC000138,2026-10-02,2026硬式加盟校として登録。現行Omyu広島県高野連加盟校一覧88校に掲載。2026夏大会側の差分6校を加えた和集合94校が県高野連・JHBF公式加盟校数94校と一致。
SCH001828,広島県立日彰館高等学校,広島県立日彰館高等学校,広島県立日彰館高等学校,,広島県立日彰館高等学校,34,三次市,,prefectural,high_school,active,SRC000138,2026-10-02,2026硬式加盟校として登録。現行Omyu広島県高野連加盟校一覧88校に掲載。2026夏大会側の差分6校を加えた和集合94校が県高野連・JHBF公式加盟校数94校と一致。
SCH001829,広島県立松永高等学校,広島県立松永高等学校,広島県立松永高等学校,,広島県立松永高等学校,34,福山市,,prefectural,high_school,active,SRC000138,2026-10-02,2026硬式加盟校として登録。現行Omyu広島県高野連加盟校一覧88校に掲載。2026夏大会側の差分6校を加えた和集合94校が県高野連・JHBF公式加盟校数94校と一致。
SCH001830,広島県立河内高等学校,広島県立河内高等学校,広島県立河内高等学校,,広島県立河内高等学校,34,東広島市,,prefectural,high_school,active,SRC000138,2026-10-02,2026硬式加盟校として登録。現行Omyu広島県高野連加盟校一覧88校に掲載。2026夏大会側の差分6校を加えた和集合94校が県高野連・JHBF公式加盟校数94校と一致。
SCH001831,広島県立油木高等学校,広島県立油木高等学校,広島県立油木高等学校,,広島県立油木高等学校,34,神石高原町,,prefectural,high_school,active,SRC000138,2026-10-02,2026硬式加盟校として登録。現行Omyu広島県高野連加盟校一覧88校に掲載。2026夏大会側の差分6校を加えた和集合94校が県高野連・JHBF公式加盟校数94校と一致。
SCH001832,広島県立海田高等学校,広島県立海田高等学校,広島県立海田高等学校,,広島県立海田高等学校,34,海田町,,prefectural,high_school,active,SRC000138,2026-10-02,2026硬式加盟校として登録。現行Omyu広島県高野連加盟校一覧88校に掲載。2026夏大会側の差分6校を加えた和集合94校が県高野連・JHBF公式加盟校数94校と一致。
SCH001833,広島県立湯来南高等学校,広島県立湯来南高等学校,広島県立湯来南高等学校,,広島県立湯来南高等学校,34,広島市,,prefectural,high_school,active,SRC000138,2026-10-02,2026硬式加盟校として登録。現行Omyu広島県高野連加盟校一覧88校に掲載。2026夏大会側の差分6校を加えた和集合94校が県高野連・JHBF公式加盟校数94校と一致。
SCH001834,広島県立熊野高等学校,広島県立熊野高等学校,広島県立熊野高等学校,,広島県立熊野高等学校,34,熊野町,,prefectural,high_school,active,SRC000138,2026-10-02,2026硬式加盟校として登録。現行Omyu広島県高野連加盟校一覧88校に掲載。2026夏大会側の差分6校を加えた和集合94校が県高野連・JHBF公式加盟校数94校と一致。
SCH001835,広島県立祇園北高等学校,広島県立祇園北高等学校,広島県立祇園北高等学校,,広島県立祇園北高等学校,34,広島市,,prefectural,high_school,active,SRC000138,2026-10-02,2026硬式加盟校として登録。現行Omyu広島県高野連加盟校一覧88校に掲載。2026夏大会側の差分6校を加えた和集合94校が県高野連・JHBF公式加盟校数94校と一致。
SCH001836,広島県立神辺旭高等学校,広島県立神辺旭高等学校,広島県立神辺旭高等学校,,広島県立神辺旭高等学校,34,福山市,,prefectural,high_school,active,SRC000138,2026-10-02,2026硬式加盟校として登録。現行Omyu広島県高野連加盟校一覧88校に掲載。2026夏大会側の差分6校を加えた和集合94校が県高野連・JHBF公式加盟校数94校と一致。
SCH001837,広島県立神辺高等学校,広島県立神辺高等学校,広島県立神辺高等学校,,広島県立神辺高等学校,34,福山市,,prefectural,high_school,active,SRC000138,2026-10-02,2026硬式加盟校として登録。現行Omyu広島県高野連加盟校一覧88校に掲載。2026夏大会側の差分6校を加えた和集合94校が県高野連・JHBF公式加盟校数94校と一致。
SCH001838,広島県立福山商業高等学校,広島県立福山商業高等学校,広島県立福山商業高等学校,,広島県立福山商業高等学校,34,福山市,,prefectural,high_school,active,SRC000138,2026-10-02,2026硬式加盟校として登録。現行Omyu広島県高野連加盟校一覧88校に掲載。2026夏大会側の差分6校を加えた和集合94校が県高野連・JHBF公式加盟校数94校と一致。
SCH001839,広島県立福山工業高等学校,広島県立福山工業高等学校,広島県立福山工業高等学校,,広島県立福山工業高等学校,34,福山市,,prefectural,high_school,active,SRC000138,2026-10-02,2026硬式加盟校として登録。現行Omyu広島県高野連加盟校一覧88校に掲載。2026夏大会側の差分6校を加えた和集合94校が県高野連・JHBF公式加盟校数94校と一致。
SCH001840,広島県立福山明王台高等学校,広島県立福山明王台高等学校,広島県立福山明王台高等学校,,広島県立福山明王台高等学校,34,福山市,,prefectural,high_school,active,SRC000138,2026-10-02,2026硬式加盟校として登録。現行Omyu広島県高野連加盟校一覧88校に掲載。2026夏大会側の差分6校を加えた和集合94校が県高野連・JHBF公式加盟校数94校と一致。
SCH001841,広島県立福山葦陽高等学校,広島県立福山葦陽高等学校,広島県立福山葦陽高等学校,,広島県立福山葦陽高等学校,34,福山市,,prefectural,high_school,active,SRC000138,2026-10-02,2026硬式加盟校として登録。現行Omyu広島県高野連加盟校一覧88校に掲載。2026夏大会側の差分6校を加えた和集合94校が県高野連・JHBF公式加盟校数94校と一致。
SCH001842,広島県立福山誠之館高等学校,広島県立福山誠之館高等学校,広島県立福山誠之館高等学校,,広島県立福山誠之館高等学校,34,福山市,,prefectural,high_school,active,SRC000138,2026-10-02,2026硬式加盟校として登録。現行Omyu広島県高野連加盟校一覧88校に掲載。2026夏大会側の差分6校を加えた和集合94校が県高野連・JHBF公式加盟校数94校と一致。
SCH001843,広島県立竹原高等学校,広島県立竹原高等学校,広島県立竹原高等学校,,広島県立竹原高等学校,34,竹原市,,prefectural,high_school,active,SRC000138,2026-10-02,2026硬式加盟校として登録。現行Omyu広島県高野連加盟校一覧88校に掲載。2026夏大会側の差分6校を加えた和集合94校が県高野連・JHBF公式加盟校数94校と一致。
SCH001844,広島県立総合技術高等学校,広島県立総合技術高等学校,広島県立総合技術高等学校,,広島県立総合技術高等学校,34,三原市,,prefectural,high_school,active,SRC000138,2026-10-02,2026硬式加盟校として登録。現行Omyu広島県高野連加盟校一覧88校に掲載。2026夏大会側の差分6校を加えた和集合94校が県高野連・JHBF公式加盟校数94校と一致。
SCH001845,広島県立西条農業高等学校,広島県立西条農業高等学校,広島県立西条農業高等学校,,広島県立西条農業高等学校,34,東広島市,,prefectural,high_school,active,SRC000138,2026-10-02,2026硬式加盟校として登録。現行Omyu広島県高野連加盟校一覧88校に掲載。2026夏大会側の差分6校を加えた和集合94校が県高野連・JHBF公式加盟校数94校と一致。
SCH001846,広島県立賀茂北高等学校,広島県立賀茂北高等学校,広島県立賀茂北高等学校,,広島県立賀茂北高等学校,34,東広島市,,prefectural,high_school,active,SRC000138,2026-10-02,2026硬式加盟校として登録。現行Omyu広島県高野連加盟校一覧88校に掲載。2026夏大会側の差分6校を加えた和集合94校が県高野連・JHBF公式加盟校数94校と一致。
SCH001847,広島県立賀茂高等学校,広島県立賀茂高等学校,広島県立賀茂高等学校,,広島県立賀茂高等学校,34,東広島市,,prefectural,high_school,active,SRC000138,2026-10-02,2026硬式加盟校として登録。現行Omyu広島県高野連加盟校一覧88校に掲載。2026夏大会側の差分6校を加えた和集合94校が県高野連・JHBF公式加盟校数94校と一致。
SCH001848,広島県立高陽東高等学校,広島県立高陽東高等学校,広島県立高陽東高等学校,,広島県立高陽東高等学校,34,広島市,,prefectural,high_school,active,SRC000138,2026-10-02,2026硬式加盟校として登録。現行Omyu広島県高野連加盟校一覧88校に掲載。2026夏大会側の差分6校を加えた和集合94校が県高野連・JHBF公式加盟校数94校と一致。
SCH001849,広島県立黒瀬高等学校,広島県立黒瀬高等学校,広島県立黒瀬高等学校,,広島県立黒瀬高等学校,34,東広島市,,prefectural,high_school,active,SRC000138,2026-10-02,2026硬式加盟校として登録。現行Omyu広島県高野連加盟校一覧88校に掲載。2026夏大会側の差分6校を加えた和集合94校が県高野連・JHBF公式加盟校数94校と一致。
SCH001850,広陵高等学校,広陵高等学校,広陵高等学校,,広陵高等学校,34,広島市,,private,high_school,active,SRC000138,2026-10-02,2026硬式加盟校として登録。現行Omyu広島県高野連加盟校一覧88校に掲載。2026夏大会側の差分6校を加えた和集合94校が県高野連・JHBF公式加盟校数94校と一致。
SCH001851,武田高等学校,武田高等学校,武田高等学校,,武田高等学校,34,東広島市,,private,high_school,active,SRC000138,2026-10-02,2026硬式加盟校として登録。現行Omyu広島県高野連加盟校一覧88校に掲載。2026夏大会側の差分6校を加えた和集合94校が県高野連・JHBF公式加盟校数94校と一致。
SCH001852,盈進高等学校,盈進高等学校,盈進高等学校,,盈進高等学校,34,福山市,,private,high_school,active,SRC000138,2026-10-02,2026硬式加盟校として登録。現行Omyu広島県高野連加盟校一覧88校に掲載。2026夏大会側の差分6校を加えた和集合94校が県高野連・JHBF公式加盟校数94校と一致。
SCH001853,福山市立福山高等学校,福山市立福山高等学校,福山市立福山高等学校,,福山市立福山高等学校,34,福山市,,municipal,high_school,active,SRC000138,2026-10-02,2026硬式加盟校として登録。現行Omyu広島県高野連加盟校一覧88校に掲載。2026夏大会側の差分6校を加えた和集合94校が県高野連・JHBF公式加盟校数94校と一致。
SCH001854,英数学館高等学校,英数学館高等学校,英数学館高等学校,,英数学館高等学校,34,福山市,,private,high_school,active,SRC000138,2026-10-02,2026硬式加盟校として登録。現行Omyu広島県高野連加盟校一覧88校に掲載。2026夏大会側の差分6校を加えた和集合94校が県高野連・JHBF公式加盟校数94校と一致。
SCH001855,近畿大学附属広島高等学校福山校,近畿大学附属広島高等学校福山校,近畿大学附属広島高等学校福山校,,近畿大学附属広島高等学校福山校,34,福山市,,private,high_school,active,SRC000138,2026-10-02,2026硬式加盟校として登録。現行Omyu広島県高野連加盟校一覧88校に掲載。2026夏大会側の差分6校を加えた和集合94校が県高野連・JHBF公式加盟校数94校と一致。
SCH001856,広島県立因島高等学校,広島県立因島高等学校,広島県立因島高等学校,,広島県立因島高等学校,34,尾道市,,prefectural,high_school,active,SRC000139,2026-10-02,2026硬式加盟校として登録。広島県高野連公式加盟校数94校に対し、現行Omyu加盟校88校には未表示だが、県高野連が速報配信する2026選手権広島大会の出場校で確認した6校の一つ。88校との和集合で94校に一致。
SCH001857,広島商船高等専門学校,広島商船高等専門学校,広島商船高等専門学校,,広島商船高等専門学校,34,大崎上島町,豊田郡大崎上島町東野4272-1,national,technical_college,active,SRC000139,2026-10-02,2026硬式加盟校として登録。広島県高野連公式加盟校数94校に対し、現行Omyu加盟校88校には未表示だが、県高野連が速報配信する2026選手権広島大会の出場校で確認した6校の一つ。88校との和集合で94校に一致。
SCH001858,呉工業高等専門学校,呉工業高等専門学校,呉工業高等専門学校,,呉工業高等専門学校,34,呉市,呉市阿賀南2-2-11,national,technical_college,active,SRC000139,2026-10-02,2026硬式加盟校として登録。広島県高野連公式加盟校数94校に対し、現行Omyu加盟校88校には未表示だが、県高野連が速報配信する2026選手権広島大会の出場校で確認した6校の一つ。88校との和集合で94校に一致。
SCH001859,広島修道大学ひろしま協創高等学校,広島修道大学ひろしま協創高等学校,広島修道大学ひろしま協創高等学校,,広島修道大学ひろしま協創高等学校,34,広島市,広島市西区井口4-6-18,private,high_school,active,SRC000139,2026-10-02,2026硬式加盟校として登録。広島県高野連公式加盟校数94校に対し、現行Omyu加盟校88校には未表示だが、県高野連が速報配信する2026選手権広島大会の出場校で確認した6校の一つ。88校との和集合で94校に一致。
SCH001860,広島桜が丘高等学校,広島桜が丘高等学校,広島桜が丘高等学校,,広島桜が丘高等学校,34,広島市,,private,high_school,active,SRC000139,2026-10-02,2026硬式加盟校として登録。広島県高野連公式加盟校数94校に対し、現行Omyu加盟校88校には未表示だが、県高野連が速報配信する2026選手権広島大会の出場校で確認した6校の一つ。88校との和集合で94校に一致。
SCH001861,広島県立黒瀬特別支援学校のみのお分校,広島県立黒瀬特別支援学校のみのお分校,広島県立黒瀬特別支援学校のみのお分校,,広島県立黒瀬特別支援学校のみのお分校,34,東広島市,東広島市黒瀬町乃美尾10001,prefectural,special_school,active,SRC000139,2026-10-02,2026硬式加盟校として登録。広島県高野連公式加盟校数94校に対し、現行Omyu加盟校88校には未表示だが、県高野連が速報配信する2026選手権広島大会の出場校で確認した6校の一つ。88校との和集合で94校に一致。
SCH001862,宮城県名取高等学校,宮城県名取高等学校,宮城県名取高等学校,,宮城県名取高等学校,04,岩沼市,岩沼市字朝日50,prefectural,high_school,active,SRC000051,2026-10-02,2026硬式加盟校。SRC000051は69校表記の旧状態のため、SRC000099/SRC000143/SRC000144/SRC000145/SRC000146で65校へ再照合。所在地・設置区分はSRC000142で確認。
SCH001863,宮城県仙台第一高等学校,宮城県仙台第一高等学校,宮城県仙台第一高等学校,,宮城県仙台第一高等学校,04,仙台市,仙台市若林区元茶畑4,prefectural,high_school,active,SRC000051,2026-10-02,2026硬式加盟校。SRC000051は69校表記の旧状態のため、SRC000099/SRC000143/SRC000144/SRC000145/SRC000146で65校へ再照合。所在地・設置区分はSRC000142で確認。
SCH001864,宮城県石巻高等学校,宮城県石巻高等学校,宮城県石巻高等学校,,宮城県石巻高等学校,04,石巻市,石巻市大手町3-15,prefectural,high_school,active,SRC000051,2026-10-02,2026硬式加盟校。SRC000051は69校表記の旧状態のため、SRC000099/SRC000143/SRC000144/SRC000145/SRC000146で65校へ再照合。所在地・設置区分はSRC000142で確認。
SCH001865,宮城県古川高等学校,宮城県古川高等学校,宮城県古川高等学校,,宮城県古川高等学校,04,大崎市,大崎市古川南町2-3-17,prefectural,high_school,active,SRC000051,2026-10-02,2026硬式加盟校。SRC000051は69校表記の旧状態のため、SRC000099/SRC000143/SRC000144/SRC000145/SRC000146で65校へ再照合。所在地・設置区分はSRC000142で確認。
SCH001866,宮城県仙台第二高等学校,宮城県仙台第二高等学校,宮城県仙台第二高等学校,,宮城県仙台第二高等学校,04,仙台市,仙台市青葉区川内澱橋通1,prefectural,high_school,active,SRC000051,2026-10-02,2026硬式加盟校。SRC000051は69校表記の旧状態のため、SRC000099/SRC000143/SRC000144/SRC000145/SRC000146で65校へ再照合。所在地・設置区分はSRC000142で確認。
SCH001867,宮城県石巻商業高等学校,宮城県石巻商業高等学校,宮城県石巻商業高等学校,,宮城県石巻商業高等学校,04,石巻市,石巻市南境字大樋20,prefectural,high_school,active,SRC000051,2026-10-02,2026硬式加盟校。SRC000051は69校表記の旧状態のため、SRC000099/SRC000143/SRC000144/SRC000145/SRC000146で65校へ再照合。所在地・設置区分はSRC000142で確認。 2026夏大会不参加だが加盟校として保持。
SCH001868,古川学園高等学校,古川学園高等学校,古川学園高等学校,,古川学園高等学校,04,大崎市,大崎市古川中里六丁目2番8号,private,high_school,active,SRC000051,2026-10-02,2026硬式加盟校。SRC000051は69校表記の旧状態のため、SRC000099/SRC000143/SRC000144/SRC000145/SRC000146で65校へ再照合。所在地・設置区分はSRC000147で確認。
SCH001869,宮城県白石高等学校,宮城県白石高等学校,宮城県白石高等学校,,宮城県白石高等学校,04,白石市,白石市八幡町9-10,prefectural,high_school,active,SRC000051,2026-10-02,2026硬式加盟校。SRC000051は69校表記の旧状態のため、SRC000099/SRC000143/SRC000144/SRC000145/SRC000146で65校へ再照合。所在地・設置区分はSRC000142で確認。
SCH001870,宮城県仙台第三高等学校,宮城県仙台第三高等学校,宮城県仙台第三高等学校,,宮城県仙台第三高等学校,04,仙台市,仙台市宮城野区鶴ケ谷1-19,prefectural,high_school,active,SRC000051,2026-10-02,2026硬式加盟校。SRC000051は69校表記の旧状態のため、SRC000099/SRC000143/SRC000144/SRC000145/SRC000146で65校へ再照合。所在地・設置区分はSRC000142で確認。
SCH001871,宮城県石巻工業高等学校,宮城県石巻工業高等学校,宮城県石巻工業高等学校,,宮城県石巻工業高等学校,04,石巻市,石巻市貞山5-1-1,prefectural,high_school,active,SRC000051,2026-10-02,2026硬式加盟校。SRC000051は69校表記の旧状態のため、SRC000099/SRC000143/SRC000144/SRC000145/SRC000146で65校へ再照合。所在地・設置区分はSRC000142で確認。
SCH001872,宮城県古川黎明高等学校,宮城県古川黎明高等学校,宮城県古川黎明高等学校,,宮城県古川黎明高等学校,04,大崎市,大崎市古川諏訪1-4-26,prefectural,high_school,active,SRC000051,2026-10-02,2026硬式加盟校。SRC000051は69校表記の旧状態のため、SRC000099/SRC000143/SRC000144/SRC000145/SRC000146で65校へ再照合。所在地・設置区分はSRC000142で確認。
SCH001873,宮城県白石工業高等学校,宮城県白石工業高等学校,宮城県白石工業高等学校,,宮城県白石工業高等学校,04,白石市,白石市郡山字鹿野43,prefectural,high_school,active,SRC000051,2026-10-02,2026硬式加盟校。SRC000051は69校表記の旧状態のため、SRC000099/SRC000143/SRC000144/SRC000145/SRC000146で65校へ再照合。所在地・設置区分はSRC000142で確認。
SCH001874,宮城県工業高等学校,宮城県工業高等学校,宮城県工業高等学校,,宮城県工業高等学校,04,仙台市,仙台市青葉区米ケ袋3-2-1,prefectural,high_school,active,SRC000051,2026-10-02,2026硬式加盟校。SRC000051は69校表記の旧状態のため、SRC000099/SRC000143/SRC000144/SRC000145/SRC000146で65校へ再照合。所在地・設置区分はSRC000142で確認。
SCH001875,宮城県水産高等学校,宮城県水産高等学校,宮城県水産高等学校,,宮城県水産高等学校,04,石巻市,石巻市宇田川町1-24,prefectural,high_school,active,SRC000051,2026-10-02,2026硬式加盟校。SRC000051は69校表記の旧状態のため、SRC000099/SRC000143/SRC000144/SRC000145/SRC000146で65校へ再照合。所在地・設置区分はSRC000142で確認。
SCH001876,宮城県小牛田農林高等学校,宮城県小牛田農林高等学校,宮城県小牛田農林高等学校,,宮城県小牛田農林高等学校,04,美里町,美里町牛飼字伊勢堂裏30,prefectural,high_school,active,SRC000051,2026-10-02,2026硬式加盟校。SRC000051は69校表記の旧状態のため、SRC000099/SRC000143/SRC000144/SRC000145/SRC000146で65校へ再照合。所在地・設置区分はSRC000142で確認。
SCH001877,宮城県大河原産業高等学校,宮城県大河原産業高等学校,宮城県大河原産業高等学校,,宮城県大河原産業高等学校,04,大河原町,大河原町字上川原7-2,prefectural,high_school,active,SRC000051,2026-10-02,2026硬式加盟校。SRC000051は69校表記の旧状態のため、SRC000099/SRC000143/SRC000144/SRC000145/SRC000146で65校へ再照合。所在地・設置区分はSRC000142で確認。
SCH001878,宮城県泉高等学校,宮城県泉高等学校,宮城県泉高等学校,,宮城県泉高等学校,04,仙台市,仙台市泉区将監10-39-1,prefectural,high_school,active,SRC000051,2026-10-02,2026硬式加盟校。SRC000051は69校表記の旧状態のため、SRC000099/SRC000143/SRC000144/SRC000145/SRC000146で65校へ再照合。所在地・設置区分はSRC000142で確認。
SCH001879,宮城県涌谷高等学校,宮城県涌谷高等学校,宮城県涌谷高等学校,,宮城県涌谷高等学校,04,涌谷町,涌谷町涌谷字八方谷三・1,prefectural,high_school,active,SRC000051,2026-10-02,2026硬式加盟校。SRC000051は69校表記の旧状態のため、SRC000099/SRC000143/SRC000144/SRC000145/SRC000146で65校へ再照合。所在地・設置区分はSRC000142で確認。
SCH001880,宮城県加美農業高等学校,宮城県加美農業高等学校,宮城県加美農業高等学校,,宮城県加美農業高等学校,04,色麻町,色麻町黒沢字北條152,prefectural,high_school,active,SRC000051,2026-10-02,2026硬式加盟校。SRC000051は69校表記の旧状態のため、SRC000099/SRC000143/SRC000144/SRC000145/SRC000146で65校へ再照合。所在地・設置区分はSRC000142で確認。
SCH001881,宮城県泉松陵高等学校,宮城県泉松陵高等学校,宮城県泉松陵高等学校,,宮城県泉松陵高等学校,04,仙台市,仙台市泉区鶴が丘4-26-1,prefectural,high_school,active,SRC000051,2026-10-02,2026硬式加盟校。SRC000051は69校表記の旧状態のため、SRC000099/SRC000143/SRC000144/SRC000145/SRC000146で65校へ再照合。所在地・設置区分はSRC000142で確認。
SCH001882,宮城県石巻北高等学校,宮城県石巻北高等学校,宮城県石巻北高等学校,,宮城県石巻北高等学校,04,石巻市,石巻市鹿又字用水向126,prefectural,high_school,active,SRC000051,2026-10-02,2026硬式加盟校。SRC000051は69校表記の旧状態のため、SRC000099/SRC000143/SRC000144/SRC000145/SRC000146で65校へ再照合。所在地・設置区分はSRC000142で確認。
SCH001883,宮城県黒川高等学校,宮城県黒川高等学校,宮城県黒川高等学校,,宮城県黒川高等学校,04,大和町,大和町吉岡字東柴崎62,prefectural,high_school,active,SRC000051,2026-10-02,2026硬式加盟校。SRC000051は69校表記の旧状態のため、SRC000099/SRC000143/SRC000144/SRC000145/SRC000146で65校へ再照合。所在地・設置区分はSRC000142で確認。
SCH001884,宮城県村田高等学校,宮城県村田高等学校,宮城県村田高等学校,,宮城県村田高等学校,04,村田町,村田町村田字金谷1,prefectural,high_school,active,SRC000051,2026-10-02,2026硬式加盟校。SRC000051は69校表記の旧状態のため、SRC000099/SRC000143/SRC000144/SRC000145/SRC000146で65校へ再照合。所在地・設置区分はSRC000142で確認。 2026夏大会不参加だが加盟校として保持。
SCH001885,仙台市立仙台高等学校,仙台市立仙台高等学校,仙台市立仙台高等学校,,仙台市立仙台高等学校,04,仙台市,仙台市青葉区国見6-52-1,municipal,high_school,active,SRC000051,2026-10-02,2026硬式加盟校。SRC000051は69校表記の旧状態のため、SRC000099/SRC000143/SRC000144/SRC000145/SRC000146で65校へ再照合。所在地・設置区分はSRC000142で確認。
SCH001886,宮城県石巻西高等学校,宮城県石巻西高等学校,宮城県石巻西高等学校,,宮城県石巻西高等学校,04,東松島市,東松島市赤井字七反谷地27,prefectural,high_school,active,SRC000051,2026-10-02,2026硬式加盟校。SRC000051は69校表記の旧状態のため、SRC000099/SRC000143/SRC000144/SRC000145/SRC000146で65校へ再照合。所在地・設置区分はSRC000142で確認。
SCH001887,宮城県利府高等学校,宮城県利府高等学校,宮城県利府高等学校,,宮城県利府高等学校,04,利府町,利府町青葉台1-1-1,prefectural,high_school,active,SRC000051,2026-10-02,2026硬式加盟校。SRC000051は69校表記の旧状態のため、SRC000099/SRC000143/SRC000144/SRC000145/SRC000146で65校へ再照合。所在地・設置区分はSRC000142で確認。
SCH001888,宮城県角田高等学校,宮城県角田高等学校,宮城県角田高等学校,,宮城県角田高等学校,04,角田市,角田市角田字牛舘1,prefectural,high_school,active,SRC000051,2026-10-02,2026硬式加盟校。SRC000051は69校表記の旧状態のため、SRC000099/SRC000143/SRC000144/SRC000145/SRC000146で65校へ再照合。所在地・設置区分はSRC000142で確認。
SCH001889,仙台市立仙台工業高等学校,仙台市立仙台工業高等学校,仙台市立仙台工業高等学校,,仙台市立仙台工業高等学校,04,仙台市,仙台市宮城野区東宮城野3-1,municipal,high_school,active,SRC000051,2026-10-02,2026硬式加盟校。SRC000051は69校表記の旧状態のため、SRC000099/SRC000143/SRC000144/SRC000145/SRC000146で65校へ再照合。所在地・設置区分はSRC000142で確認。
SCH001890,宮城県松島高等学校,宮城県松島高等学校,宮城県松島高等学校,,宮城県松島高等学校,04,松島町,松島町高城字迎山三5,prefectural,high_school,active,SRC000051,2026-10-02,2026硬式加盟校。SRC000051は69校表記の旧状態のため、SRC000099/SRC000143/SRC000144/SRC000145/SRC000146で65校へ再照合。所在地・設置区分はSRC000142で確認。
SCH001891,宮城県富谷高等学校,宮城県富谷高等学校,宮城県富谷高等学校,,宮城県富谷高等学校,04,富谷市,富谷市成田2-1-1,prefectural,high_school,active,SRC000051,2026-10-02,2026硬式加盟校。SRC000051は69校表記の旧状態のため、SRC000099/SRC000143/SRC000144/SRC000145/SRC000146で65校へ再照合。所在地・設置区分はSRC000142で確認。
SCH001892,宮城県伊具高等学校,宮城県伊具高等学校,宮城県伊具高等学校,,宮城県伊具高等学校,04,丸森町,丸森町字雁歌51,prefectural,high_school,active,SRC000051,2026-10-02,2026硬式加盟校。SRC000051は69校表記の旧状態のため、SRC000099/SRC000143/SRC000144/SRC000145/SRC000146で65校へ再照合。所在地・設置区分はSRC000142で確認。
SCH001893,仙台市立仙台商業高等学校,仙台市立仙台商業高等学校,仙台市立仙台商業高等学校,,仙台市立仙台商業高等学校,04,仙台市,仙台市泉区七北田字古内75,municipal,high_school,active,SRC000051,2026-10-02,2026硬式加盟校。SRC000051は69校表記の旧状態のため、SRC000099/SRC000143/SRC000144/SRC000145/SRC000146で65校へ再照合。所在地・設置区分はSRC000142で確認。
SCH001894,宮城県気仙沼高等学校,宮城県気仙沼高等学校,宮城県気仙沼高等学校,,宮城県気仙沼高等学校,04,気仙沼市,気仙沼市常楽130,prefectural,high_school,active,SRC000051,2026-10-02,2026硬式加盟校。SRC000051は69校表記の旧状態のため、SRC000099/SRC000143/SRC000144/SRC000145/SRC000146で65校へ再照合。所在地・設置区分はSRC000142で確認。
SCH001895,宮城県築館高等学校,宮城県築館高等学校,宮城県築館高等学校,,宮城県築館高等学校,04,栗原市,栗原市築館字下宮野町浦22,prefectural,high_school,active,SRC000051,2026-10-02,2026硬式加盟校。SRC000051は69校表記の旧状態のため、SRC000099/SRC000143/SRC000144/SRC000145/SRC000146で65校へ再照合。所在地・設置区分はSRC000142で確認。
SCH001896,宮城県名取北高等学校,宮城県名取北高等学校,宮城県名取北高等学校,,宮城県名取北高等学校,04,名取市,名取市増田字柳田103,prefectural,high_school,active,SRC000051,2026-10-02,2026硬式加盟校。SRC000051は69校表記の旧状態のため、SRC000099/SRC000143/SRC000144/SRC000145/SRC000146で65校へ再照合。所在地・設置区分はSRC000142で確認。
SCH001897,東北学院高等学校,東北学院高等学校,東北学院高等学校,,東北学院高等学校,04,仙台市,仙台市宮城野区小鶴字高野123番1,private,high_school,active,SRC000051,2026-10-02,2026硬式加盟校。SRC000051は69校表記の旧状態のため、SRC000099/SRC000143/SRC000144/SRC000145/SRC000146で65校へ再照合。所在地・設置区分はSRC000147で確認。
SCH001898,宮城県気仙沼向洋高等学校,宮城県気仙沼向洋高等学校,宮城県気仙沼向洋高等学校,,宮城県気仙沼向洋高等学校,04,気仙沼市,気仙沼市長磯牧通78,prefectural,high_school,active,SRC000051,2026-10-02,2026硬式加盟校。SRC000051は69校表記の旧状態のため、SRC000099/SRC000143/SRC000144/SRC000145/SRC000146で65校へ再照合。所在地・設置区分はSRC000142で確認。
SCH001899,宮城県岩ケ崎高等学校,宮城県岩ケ崎高等学校,宮城県岩ケ崎高等学校,,宮城県岩ケ崎高等学校,04,栗原市,栗原市栗駒中野愛宕下1-3,prefectural,high_school,active,SRC000051,2026-10-02,2026硬式加盟校。SRC000051は69校表記の旧状態のため、SRC000099/SRC000143/SRC000144/SRC000145/SRC000146で65校へ再照合。所在地・設置区分はSRC000142で確認。
SCH001900,宮城県農業高等学校,宮城県農業高等学校,宮城県農業高等学校,,宮城県農業高等学校,04,名取市,名取市高舘吉田字吉合66,prefectural,high_school,active,SRC000051,2026-10-02,2026硬式加盟校。SRC000051は69校表記の旧状態のため、SRC000099/SRC000143/SRC000144/SRC000145/SRC000146で65校へ再照合。所在地・設置区分はSRC000142で確認。
SCH001901,仙台育英学園高等学校,仙台育英学園高等学校,仙台育英学園高等学校,,仙台育英学園高等学校,04,仙台市,仙台市宮城野区宮城野2-4-1,private,high_school,active,SRC000051,2026-10-02,2026硬式加盟校。SRC000051は69校表記の旧状態のため、SRC000099/SRC000143/SRC000144/SRC000145/SRC000146で65校へ再照合。所在地・設置区分はSRC000147で確認。
SCH001902,宮城県南三陸高等学校,宮城県南三陸高等学校,宮城県南三陸高等学校,,宮城県南三陸高等学校,04,南三陸町,南三陸町志津川字廻舘92-2,prefectural,high_school,active,SRC000051,2026-10-02,2026硬式加盟校。SRC000051は69校表記の旧状態のため、SRC000099/SRC000143/SRC000144/SRC000145/SRC000146で65校へ再照合。所在地・設置区分はSRC000142で確認。 旧加盟校ページでは『宮城県南三陸高等学校（旧志津川）』表記。
SCH001903,宮城県迫桜高等学校,宮城県迫桜高等学校,宮城県迫桜高等学校,,宮城県迫桜高等学校,04,栗原市,栗原市若柳字川南戸ノ西184,prefectural,high_school,active,SRC000051,2026-10-02,2026硬式加盟校。SRC000051は69校表記の旧状態のため、SRC000099/SRC000143/SRC000144/SRC000145/SRC000146で65校へ再照合。所在地・設置区分はSRC000142で確認。
SCH001904,仙台高等専門学校名取キャンパス,仙台高等専門学校名取キャンパス,仙台高等専門学校名取キャンパス,,仙台高等専門学校名取キャンパス,04,名取市,名取市愛島塩手字野田山48番地,national,technical_college,active,SRC000051,2026-10-02,2026硬式加盟校。SRC000051は69校表記の旧状態のため、SRC000099/SRC000143/SRC000144/SRC000145/SRC000146で65校へ再照合。所在地・設置区分はSRC000148で確認。
SCH001905,東北高等学校,東北高等学校,東北高等学校,,東北高等学校,04,仙台市,仙台市青葉区小松島4丁目3-1,private,high_school,active,SRC000051,2026-10-02,2026硬式加盟校。SRC000051は69校表記の旧状態のため、SRC000099/SRC000143/SRC000144/SRC000145/SRC000146で65校へ再照合。所在地・設置区分はSRC000147で確認。
SCH001906,東陵高等学校,東陵高等学校,東陵高等学校,,東陵高等学校,04,気仙沼市,気仙沼市大峠山1番地1,private,high_school,active,SRC000051,2026-10-02,2026硬式加盟校。SRC000051は69校表記の旧状態のため、SRC000099/SRC000143/SRC000144/SRC000145/SRC000146で65校へ再照合。所在地・設置区分はSRC000147で確認。
SCH001907,宮城県古川工業高等学校,宮城県古川工業高等学校,宮城県古川工業高等学校,,宮城県古川工業高等学校,04,大崎市,大崎市古川北町4-7-1,prefectural,high_school,active,SRC000051,2026-10-02,2026硬式加盟校。SRC000051は69校表記の旧状態のため、SRC000099/SRC000143/SRC000144/SRC000145/SRC000146で65校へ再照合。所在地・設置区分はSRC000142で確認。
SCH001908,宮城県柴田高等学校,宮城県柴田高等学校,宮城県柴田高等学校,,宮城県柴田高等学校,04,柴田町,柴田町大字本船迫字十八津入7-3,prefectural,high_school,active,SRC000051,2026-10-02,2026硬式加盟校。SRC000051は69校表記の旧状態のため、SRC000099/SRC000143/SRC000144/SRC000145/SRC000146で65校へ再照合。所在地・設置区分はSRC000142で確認。
SCH001909,宮城県泉館山高等学校,宮城県泉館山高等学校,宮城県泉館山高等学校,,宮城県泉館山高等学校,04,仙台市,仙台市泉区長命ケ丘東1,prefectural,high_school,active,SRC000051,2026-10-02,2026硬式加盟校。SRC000051は69校表記の旧状態のため、SRC000099/SRC000143/SRC000144/SRC000145/SRC000146で65校へ再照合。所在地・設置区分はSRC000142で確認。
SCH001910,宮城県宮城広瀬高等学校,宮城県宮城広瀬高等学校,宮城県宮城広瀬高等学校,,宮城県宮城広瀬高等学校,04,仙台市,仙台市青葉区落合4-4-1,prefectural,high_school,active,SRC000051,2026-10-02,2026硬式加盟校。SRC000051は69校表記の旧状態のため、SRC000099/SRC000143/SRC000144/SRC000145/SRC000146で65校へ再照合。所在地・設置区分はSRC000142で確認。
SCH001911,宮城県佐沼高等学校,宮城県佐沼高等学校,宮城県佐沼高等学校,,宮城県佐沼高等学校,04,登米市,登米市迫町佐沼字末広1,prefectural,high_school,active,SRC000051,2026-10-02,2026硬式加盟校。SRC000051は69校表記の旧状態のため、SRC000099/SRC000143/SRC000144/SRC000145/SRC000146で65校へ再照合。所在地・設置区分はSRC000142で確認。
SCH001912,啓誠学園大崎中央高等学校,啓誠学園大崎中央高等学校,啓誠学園大崎中央高等学校,,啓誠学園大崎中央高等学校,04,大崎市,大崎市古川福沼一丁目27番1号,private,high_school,active,SRC000051,2026-10-02,2026硬式加盟校。SRC000051は69校表記の旧状態のため、SRC000099/SRC000143/SRC000144/SRC000145/SRC000146で65校へ再照合。所在地・設置区分はSRC000147で確認。
SCH001913,宮城県中新田高等学校,宮城県中新田高等学校,宮城県中新田高等学校,,宮城県中新田高等学校,04,加美町,加美町字一本柳南28,prefectural,high_school,active,SRC000051,2026-10-02,2026硬式加盟校。SRC000051は69校表記の旧状態のため、SRC000099/SRC000143/SRC000144/SRC000145/SRC000146で65校へ再照合。所在地・設置区分はSRC000142で確認。
SCH001914,宮城県仙台向山高等学校,宮城県仙台向山高等学校,宮城県仙台向山高等学校,,宮城県仙台向山高等学校,04,仙台市,仙台市太白区八木山緑町1-1,prefectural,high_school,active,SRC000051,2026-10-02,2026硬式加盟校。SRC000051は69校表記の旧状態のため、SRC000099/SRC000143/SRC000144/SRC000145/SRC000146で65校へ再照合。所在地・設置区分はSRC000142で確認。
SCH001915,宮城県仙台東高等学校,宮城県仙台東高等学校,宮城県仙台東高等学校,,宮城県仙台東高等学校,04,仙台市,仙台市若林区下飯田字高野東70,prefectural,high_school,active,SRC000051,2026-10-02,2026硬式加盟校。SRC000051は69校表記の旧状態のため、SRC000099/SRC000143/SRC000144/SRC000145/SRC000146で65校へ再照合。所在地・設置区分はSRC000142で確認。
SCH001916,宮城県石巻好文館高等学校,宮城県石巻好文館高等学校,宮城県石巻好文館高等学校,,宮城県石巻好文館高等学校,04,石巻市,石巻市貞山3-4-1,prefectural,high_school,active,SRC000051,2026-10-02,2026硬式加盟校。SRC000051は69校表記の旧状態のため、SRC000099/SRC000143/SRC000144/SRC000145/SRC000146で65校へ再照合。所在地・設置区分はSRC000142で確認。
SCH001917,東北学院榴ケ岡高等学校,東北学院榴ケ岡高等学校,東北学院榴ケ岡高等学校,,東北学院榴ケ岡高等学校,04,仙台市,仙台市泉区天神沢二丁目1-1,private,high_school,active,SRC000051,2026-10-02,2026硬式加盟校。SRC000051は69校表記の旧状態のため、SRC000099/SRC000143/SRC000144/SRC000145/SRC000146で65校へ再照合。所在地・設置区分はSRC000147で確認。
SCH001918,宮城県仙台南高等学校,宮城県仙台南高等学校,宮城県仙台南高等学校,,宮城県仙台南高等学校,04,仙台市,仙台市太白区根岸町14-1,prefectural,high_school,active,SRC000051,2026-10-02,2026硬式加盟校。SRC000051は69校表記の旧状態のため、SRC000099/SRC000143/SRC000144/SRC000145/SRC000146で65校へ再照合。所在地・設置区分はSRC000142で確認。
SCH001919,聖和学園高等学校,聖和学園高等学校,聖和学園高等学校,,聖和学園高等学校,04,仙台市,仙台市若林区木ノ下三丁目4-1,private,high_school,active,SRC000051,2026-10-02,2026硬式加盟校。SRC000051は69校表記の旧状態のため、SRC000099/SRC000143/SRC000144/SRC000145/SRC000146で65校へ再照合。所在地・設置区分はSRC000147で確認。
SCH001920,宮城県登米総合産業高等学校,宮城県登米総合産業高等学校,宮城県登米総合産業高等学校,,宮城県登米総合産業高等学校,04,登米市,登米市中田町上沼字北桜場223-1,prefectural,high_school,active,SRC000051,2026-10-02,2026硬式加盟校。SRC000051は69校表記の旧状態のため、SRC000099/SRC000143/SRC000144/SRC000145/SRC000146で65校へ再照合。所在地・設置区分はSRC000142で確認。
SCH001921,仙台城南高等学校,仙台城南高等学校,仙台城南高等学校,,仙台城南高等学校,04,仙台市,仙台市太白区八木山松波町5番1号,private,high_school,active,SRC000051,2026-10-02,2026硬式加盟校。SRC000051は69校表記の旧状態のため、SRC000099/SRC000143/SRC000144/SRC000145/SRC000146で65校へ再照合。所在地・設置区分はSRC000147で確認。
SCH001922,東北生活文化大学高等学校,東北生活文化大学高等学校,東北生活文化大学高等学校,,東北生活文化大学高等学校,04,仙台市,仙台市泉区虹の丘1丁目18番地,private,high_school,active,SRC000051,2026-10-02,2026硬式加盟校。SRC000051は69校表記の旧状態のため、SRC000099/SRC000143/SRC000144/SRC000145/SRC000146で65校へ再照合。所在地・設置区分はSRC000147で確認。
SCH001923,宮城県塩釜高等学校,宮城県塩釜高等学校,宮城県塩釜高等学校,,宮城県塩釜高等学校,04,塩竈市,塩竈市泉ケ岡10-1,prefectural,high_school,active,SRC000051,2026-10-02,2026硬式加盟校。SRC000051は69校表記の旧状態のため、SRC000099/SRC000143/SRC000144/SRC000145/SRC000146で65校へ再照合。所在地・設置区分はSRC000142で確認。
SCH001924,宮城県仙台西高等学校,宮城県仙台西高等学校,宮城県仙台西高等学校,,宮城県仙台西高等学校,04,仙台市,仙台市太白区御堂平5-1,prefectural,high_school,active,SRC000051,2026-10-02,2026硬式加盟校。SRC000051は69校表記の旧状態のため、SRC000099/SRC000143/SRC000144/SRC000145/SRC000146で65校へ再照合。所在地・設置区分はSRC000142で確認。
SCH001925,宮城県多賀城高等学校,宮城県多賀城高等学校,宮城県多賀城高等学校,,宮城県多賀城高等学校,04,多賀城市,多賀城市笠神2-17-1,prefectural,high_school,active,SRC000051,2026-10-02,2026硬式加盟校。SRC000051は69校表記の旧状態のため、SRC000099/SRC000143/SRC000144/SRC000145/SRC000146で65校へ再照合。所在地・設置区分はSRC000142で確認。
SCH001926,日本ウェルネス宮城高等学校,日本ウェルネス宮城高等学校,日本ウェルネス宮城高等学校,,日本ウェルネス宮城高等学校,04,東松島市,東松島市小野字裏丁1,private,high_school,active,SRC000051,2026-10-02,2026硬式加盟校。SRC000051は69校表記の旧状態のため、SRC000099/SRC000143/SRC000144/SRC000145/SRC000146で65校へ再照合。所在地・設置区分はSRC000147で確認。
SCH001927,秋田県立鹿角高等学校,秋田県立鹿角高等学校,秋田県立鹿角高等学校,,秋田県立鹿角高等学校,05,鹿角市,鹿角市花輪字明堂長根12,prefectural,high_school,active,SRC000149,2026-10-02,2026年度秋田県高野連公式加盟校ページから登録。学校名・所在地・設置区分を同ページで確認。
SCH001928,秋田県立大館鳳鳴高等学校,秋田県立大館鳳鳴高等学校,秋田県立大館鳳鳴高等学校,,秋田県立大館鳳鳴高等学校,05,大館市,大館市字金坂後6,prefectural,high_school,active,SRC000149,2026-10-02,2026年度秋田県高野連公式加盟校ページから登録。学校名・所在地・設置区分を同ページで確認。
SCH001929,秋田県立大館桂桜高等学校,秋田県立大館桂桜高等学校,秋田県立大館桂桜高等学校,,秋田県立大館桂桜高等学校,05,大館市,大館市片山町三丁目10-43,prefectural,high_school,active,SRC000149,2026-10-02,2026年度秋田県高野連公式加盟校ページから登録。学校名・所在地・設置区分を同ページで確認。
SCH001930,秋田県立大館国際情報学院高等学校,秋田県立大館国際情報学院高等学校,秋田県立大館国際情報学院高等学校,,秋田県立大館国際情報学院高等学校,05,大館市,大館市松木字大上25-1,prefectural,high_school,active,SRC000149,2026-10-02,2026年度秋田県高野連公式加盟校ページから登録。学校名・所在地・設置区分を同ページで確認。
SCH001931,秋田県立秋田北鷹高等学校,秋田県立秋田北鷹高等学校,秋田県立秋田北鷹高等学校,,秋田県立秋田北鷹高等学校,05,北秋田市,北秋田市伊勢町1-1,prefectural,high_school,active,SRC000149,2026-10-02,2026年度秋田県高野連公式加盟校ページから登録。学校名・所在地・設置区分を同ページで確認。
SCH001932,秋田県立能代高等学校,秋田県立能代高等学校,秋田県立能代高等学校,,秋田県立能代高等学校,05,能代市,能代市字高塙2-1,prefectural,high_school,active,SRC000149,2026-10-02,2026年度秋田県高野連公式加盟校ページから登録。学校名・所在地・設置区分を同ページで確認。
SCH001933,秋田県立能代松陽高等学校,秋田県立能代松陽高等学校,秋田県立能代松陽高等学校,,秋田県立能代松陽高等学校,05,能代市,能代市緑町4-7,prefectural,high_school,active,SRC000149,2026-10-02,2026年度秋田県高野連公式加盟校ページから登録。学校名・所在地・設置区分を同ページで確認。
SCH001934,秋田県立能代科学技術高等学校,秋田県立能代科学技術高等学校,秋田県立能代科学技術高等学校,,秋田県立能代科学技術高等学校,05,能代市,能代市盤若町3-1,prefectural,high_school,active,SRC000149,2026-10-02,2026年度秋田県高野連公式加盟校ページから登録。学校名・所在地・設置区分を同ページで確認。
SCH001935,秋田県立五城目高等学校,秋田県立五城目高等学校,秋田県立五城目高等学校,,秋田県立五城目高等学校,05,五城目町,南秋田郡五城目町大川西野字田屋下100,prefectural,high_school,active,SRC000150,2026-10-02,2026年度秋田県高野連公式加盟校ページから登録。学校名・所在地・設置区分を同ページで確認。
SCH001936,秋田県立男鹿海洋高等学校,秋田県立男鹿海洋高等学校,秋田県立男鹿海洋高等学校,,秋田県立男鹿海洋高等学校,05,男鹿市,男鹿市船川港南平沢字大畑台42,prefectural,high_school,active,SRC000150,2026-10-02,2026年度秋田県高野連公式加盟校ページから登録。学校名・所在地・設置区分を同ページで確認。
SCH001937,秋田県立男鹿工業高等学校,秋田県立男鹿工業高等学校,秋田県立男鹿工業高等学校,,秋田県立男鹿工業高等学校,05,男鹿市,男鹿市船越字内子1-1,prefectural,high_school,active,SRC000150,2026-10-02,2026年度秋田県高野連公式加盟校ページから登録。学校名・所在地・設置区分を同ページで確認。
SCH001938,秋田県立秋田西高等学校,秋田県立秋田西高等学校,秋田県立秋田西高等学校,,秋田県立秋田西高等学校,05,潟上市,潟上市天王字追分西26-1,prefectural,high_school,active,SRC000150,2026-10-02,2026年度秋田県高野連公式加盟校ページから登録。学校名・所在地・設置区分を同ページで確認。
SCH001939,秋田県立金足農業高等学校,秋田県立金足農業高等学校,秋田県立金足農業高等学校,,秋田県立金足農業高等学校,05,秋田市,秋田市金足追分字海老穴102-4,prefectural,high_school,active,SRC000150,2026-10-02,2026年度秋田県高野連公式加盟校ページから登録。学校名・所在地・設置区分を同ページで確認。
SCH001940,秋田県立秋田高等学校,秋田県立秋田高等学校,秋田県立秋田高等学校,,秋田県立秋田高等学校,05,秋田市,秋田市手形字中台1,prefectural,high_school,active,SRC000150,2026-10-02,2026年度秋田県高野連公式加盟校ページから登録。学校名・所在地・設置区分を同ページで確認。
SCH001941,秋田県立秋田南高等学校,秋田県立秋田南高等学校,秋田県立秋田南高等学校,,秋田県立秋田南高等学校,05,秋田市,秋田市仁井田緑町4-1,prefectural,high_school,active,SRC000150,2026-10-02,2026年度秋田県高野連公式加盟校ページから登録。学校名・所在地・設置区分を同ページで確認。
SCH001942,秋田県立秋田中央高等学校,秋田県立秋田中央高等学校,秋田県立秋田中央高等学校,,秋田県立秋田中央高等学校,05,秋田市,秋田市土崎港南三丁目2-78,prefectural,high_school,active,SRC000150,2026-10-02,2026年度秋田県高野連公式加盟校ページから登録。学校名・所在地・設置区分を同ページで確認。
SCH001943,秋田県立新屋高等学校,秋田県立新屋高等学校,秋田県立新屋高等学校,,秋田県立新屋高等学校,05,秋田市,秋田市豊岩石田坂字鎌塚77-3,prefectural,high_school,active,SRC000150,2026-10-02,2026年度秋田県高野連公式加盟校ページから登録。学校名・所在地・設置区分を同ページで確認。
SCH001944,秋田県立秋田工業高等学校,秋田県立秋田工業高等学校,秋田県立秋田工業高等学校,,秋田県立秋田工業高等学校,05,秋田市,秋田市保戸野金砂町3-1,prefectural,high_school,active,SRC000150,2026-10-02,2026年度秋田県高野連公式加盟校ページから登録。学校名・所在地・設置区分を同ページで確認。
SCH001945,秋田市立秋田商業高等学校,秋田市立秋田商業高等学校,秋田市立秋田商業高等学校,,秋田市立秋田商業高等学校,05,秋田市,秋田市新屋勝平台1-1,municipal,high_school,active,SRC000150,2026-10-02,2026年度秋田県高野連公式加盟校ページから登録。学校名・所在地・設置区分を同ページで確認。
SCH001946,秋田県立本荘高等学校,秋田県立本荘高等学校,秋田県立本荘高等学校,,秋田県立本荘高等学校,05,由利本荘市,由利本荘市陳場岱6,prefectural,high_school,active,SRC000150,2026-10-02,2026年度秋田県高野連公式加盟校ページから登録。学校名・所在地・設置区分を同ページで確認。
SCH001947,秋田県立由利高等学校,秋田県立由利高等学校,秋田県立由利高等学校,,秋田県立由利高等学校,05,由利本荘市,由利本荘市川口字愛宕山1-1,prefectural,high_school,active,SRC000150,2026-10-02,2026年度秋田県高野連公式加盟校ページから登録。学校名・所在地・設置区分を同ページで確認。
SCH001948,秋田県立由利工業高等学校,秋田県立由利工業高等学校,秋田県立由利工業高等学校,,秋田県立由利工業高等学校,05,由利本荘市,由利本荘市石脇字田尻30,prefectural,high_school,active,SRC000150,2026-10-02,2026年度秋田県高野連公式加盟校ページから登録。学校名・所在地・設置区分を同ページで確認。
SCH001949,秋田県立西目高等学校,秋田県立西目高等学校,秋田県立西目高等学校,,秋田県立西目高等学校,05,由利本荘市,由利本荘市西目町沼田字新道下2-142,prefectural,high_school,active,SRC000150,2026-10-02,2026年度秋田県高野連公式加盟校ページから登録。学校名・所在地・設置区分を同ページで確認。
SCH001950,秋田県立仁賀保高等学校,秋田県立仁賀保高等学校,秋田県立仁賀保高等学校,,秋田県立仁賀保高等学校,05,にかほ市,にかほ市象潟町字下浜山3-3,prefectural,high_school,active,SRC000150,2026-10-02,2026年度秋田県高野連公式加盟校ページから登録。学校名・所在地・設置区分を同ページで確認。
SCH001951,ノースアジア大学明桜高等学校,ノースアジア大学明桜高等学校,ノースアジア大学明桜高等学校,,ノースアジア大学明桜高等学校,05,秋田市,秋田市下北手桜字守沢8-1,private,high_school,active,SRC000150,2026-10-02,2026年度秋田県高野連公式加盟校ページから登録。学校名・所在地・設置区分を同ページで確認。
SCH001952,秋田工業高等専門学校,秋田工業高等専門学校,秋田工業高等専門学校,,秋田工業高等専門学校,05,秋田市,秋田市飯島文京町1-1,national,technical_college,active,SRC000150,2026-10-02,2026年度秋田県高野連公式加盟校ページから登録。学校名・所在地・設置区分を同ページで確認。
SCH001953,秋田県立西仙北高等学校,秋田県立西仙北高等学校,秋田県立西仙北高等学校,,秋田県立西仙北高等学校,05,大仙市,大仙市刈和野字北ノ沢嶋山5-1,prefectural,high_school,active,SRC000151,2026-10-02,2026年度秋田県高野連公式加盟校ページから登録。学校名・所在地・設置区分を同ページで確認。
SCH001954,秋田県立大曲農業高等学校,秋田県立大曲農業高等学校,秋田県立大曲農業高等学校,,秋田県立大曲農業高等学校,05,大仙市,大仙市大曲金谷町26-9,prefectural,high_school,active,SRC000151,2026-10-02,2026年度秋田県高野連公式加盟校ページから登録。学校名・所在地・設置区分を同ページで確認。 公式県南ページでは『大曲農業高等学校太田分校』も別掲載単位だが、Phase1のschool_idは学校実体ベース・JHBF公式42校との整合を優先し親校へ統合。太田分校所在地は大仙市太田町横沢字窪関南268-1、硬式野球部活動あり（SRC000153）。
SCH001955,秋田県立大曲高等学校,秋田県立大曲高等学校,秋田県立大曲高等学校,,秋田県立大曲高等学校,05,大仙市,大仙市大曲栄町6-7,prefectural,high_school,active,SRC000151,2026-10-02,2026年度秋田県高野連公式加盟校ページから登録。学校名・所在地・設置区分を同ページで確認。
SCH001956,秋田県立大曲工業高等学校,秋田県立大曲工業高等学校,秋田県立大曲工業高等学校,,秋田県立大曲工業高等学校,05,大仙市,大仙市大曲若葉町3-17,prefectural,high_school,active,SRC000151,2026-10-02,2026年度秋田県高野連公式加盟校ページから登録。学校名・所在地・設置区分を同ページで確認。
SCH001957,秋田県立角館高等学校,秋田県立角館高等学校,秋田県立角館高等学校,,秋田県立角館高等学校,05,仙北市,仙北市角館町細越町37,prefectural,high_school,active,SRC000151,2026-10-02,2026年度秋田県高野連公式加盟校ページから登録。学校名・所在地・設置区分を同ページで確認。
SCH001958,秋田県立六郷高等学校,秋田県立六郷高等学校,秋田県立六郷高等学校,,秋田県立六郷高等学校,05,美郷町,仙北郡美郷町六郷字馬場52,prefectural,high_school,active,SRC000151,2026-10-02,2026年度秋田県高野連公式加盟校ページから登録。学校名・所在地・設置区分を同ページで確認。
SCH001959,秋田県立横手高等学校,秋田県立横手高等学校,秋田県立横手高等学校,,秋田県立横手高等学校,05,横手市,横手市睦成字鶴谷地68,prefectural,high_school,active,SRC000151,2026-10-02,2026年度秋田県高野連公式加盟校ページから登録。学校名・所在地・設置区分を同ページで確認。
SCH001960,秋田県立横手城南高等学校,秋田県立横手城南高等学校,秋田県立横手城南高等学校,,秋田県立横手城南高等学校,05,横手市,横手市根岸町2-14,prefectural,high_school,active,SRC000151,2026-10-02,2026年度秋田県高野連公式加盟校ページから登録。学校名・所在地・設置区分を同ページで確認。
SCH001961,秋田県立横手清陵学院高等学校,秋田県立横手清陵学院高等学校,秋田県立横手清陵学院高等学校,,秋田県立横手清陵学院高等学校,05,横手市,横手市大沢字前田147-1,prefectural,high_school,active,SRC000151,2026-10-02,2026年度秋田県高野連公式加盟校ページから登録。学校名・所在地・設置区分を同ページで確認。
SCH001962,秋田県立平成高等学校,秋田県立平成高等学校,秋田県立平成高等学校,,秋田県立平成高等学校,05,横手市,横手市平鹿町上吉田字角掛60,prefectural,high_school,active,SRC000151,2026-10-02,2026年度秋田県高野連公式加盟校ページから登録。学校名・所在地・設置区分を同ページで確認。
SCH001963,秋田県立雄物川高等学校,秋田県立雄物川高等学校,秋田県立雄物川高等学校,,秋田県立雄物川高等学校,05,横手市,横手市雄物川町今宿字まみ袋125,prefectural,high_school,active,SRC000151,2026-10-02,2026年度秋田県高野連公式加盟校ページから登録。学校名・所在地・設置区分を同ページで確認。
SCH001964,秋田県立増田高等学校,秋田県立増田高等学校,秋田県立増田高等学校,,秋田県立増田高等学校,05,横手市,横手市増田町増田字一本柳137,prefectural,high_school,active,SRC000151,2026-10-02,2026年度秋田県高野連公式加盟校ページから登録。学校名・所在地・設置区分を同ページで確認。
SCH001965,秋田県立湯沢高等学校,秋田県立湯沢高等学校,秋田県立湯沢高等学校,,秋田県立湯沢高等学校,05,湯沢市,湯沢市字新町27,prefectural,high_school,active,SRC000151,2026-10-02,2026年度秋田県高野連公式加盟校ページから登録。学校名・所在地・設置区分を同ページで確認。
SCH001966,秋田県立湯沢翔北高等学校,秋田県立湯沢翔北高等学校,秋田県立湯沢翔北高等学校,,秋田県立湯沢翔北高等学校,05,湯沢市,湯沢市湯ノ原二丁目1-1,prefectural,high_school,active,SRC000151,2026-10-02,2026年度秋田県高野連公式加盟校ページから登録。学校名・所在地・設置区分を同ページで確認。
SCH001967,秋田県立羽後高等学校,秋田県立羽後高等学校,秋田県立羽後高等学校,,秋田県立羽後高等学校,05,羽後町,雄勝郡羽後町字大戸1,prefectural,high_school,active,SRC000151,2026-10-02,2026年度秋田県高野連公式加盟校ページから登録。学校名・所在地・設置区分を同ページで確認。
SCH001968,秋田修英高等学校,秋田修英高等学校,秋田修英高等学校,,秋田修英高等学校,05,大仙市,大仙市大曲須和町1-1-30,private,high_school,active,SRC000151,2026-10-02,2026年度秋田県高野連公式加盟校ページから登録。学校名・所在地・設置区分を同ページで確認。
SCH001969,浦和学院,浦和学院高等学校,浦和学院高等学校,,浦和学院高等学校,11,さいたま市,,private,high_school,active,SRC000154,2026-10-02,2026硬式加盟校として登録。夏大会参加校はSRC000154から学校単位に展開。JHBF 2026年5月末公式153校（SRC000099）と照合。市町村・設置区分はSRC000156を補助参照。
SCH001970,本庄東,本庄東高等学校,本庄東高等学校,,本庄東高等学校,11,本庄市,,private,high_school,active,SRC000154,2026-10-02,2026硬式加盟校として登録。夏大会参加校はSRC000154から学校単位に展開。JHBF 2026年5月末公式153校（SRC000099）と照合。市町村・設置区分はSRC000156を補助参照。
SCH001971,坂戸,埼玉県立坂戸高等学校,埼玉県立坂戸高等学校,,埼玉県立坂戸高等学校,11,坂戸市,,prefectural,high_school,active,SRC000154,2026-10-02,2026硬式加盟校として登録。夏大会参加校はSRC000154から学校単位に展開。JHBF 2026年5月末公式153校（SRC000099）と照合。市町村・設置区分はSRC000156を補助参照。
SCH001972,豊岡,埼玉県立豊岡高等学校,埼玉県立豊岡高等学校,,埼玉県立豊岡高等学校,11,入間市,,prefectural,high_school,active,SRC000154,2026-10-02,2026硬式加盟校として登録。夏大会参加校はSRC000154から学校単位に展開。JHBF 2026年5月末公式153校（SRC000099）と照合。市町村・設置区分はSRC000156を補助参照。
SCH001973,城北埼玉,城北埼玉高等学校,城北埼玉高等学校,,城北埼玉高等学校,11,川越市,,private,high_school,active,SRC000154,2026-10-02,2026硬式加盟校として登録。夏大会参加校はSRC000154から学校単位に展開。JHBF 2026年5月末公式153校（SRC000099）と照合。市町村・設置区分はSRC000156を補助参照。
SCH001974,鶴ヶ島清風,埼玉県立鶴ヶ島清風高等学校,埼玉県立鶴ヶ島清風高等学校,,埼玉県立鶴ヶ島清風高等学校,11,鶴ヶ島市,,prefectural,high_school,active,SRC000154,2026-10-02,2026硬式加盟校として登録。夏大会参加校はSRC000154から学校単位に展開。JHBF 2026年5月末公式153校（SRC000099）と照合。市町村・設置区分はSRC000156を補助参照。
SCH001975,所沢北,埼玉県立所沢北高等学校,埼玉県立所沢北高等学校,,埼玉県立所沢北高等学校,11,所沢市,,prefectural,high_school,active,SRC000154,2026-10-02,2026硬式加盟校として登録。夏大会参加校はSRC000154から学校単位に展開。JHBF 2026年5月末公式153校（SRC000099）と照合。市町村・設置区分はSRC000156を補助参照。
SCH001976,いずみ,埼玉県立いずみ高等学校,埼玉県立いずみ高等学校,,埼玉県立いずみ高等学校,11,さいたま市,,prefectural,high_school,active,SRC000154,2026-10-02,2026硬式加盟校として登録。夏大会参加校はSRC000154から学校単位に展開。JHBF 2026年5月末公式153校（SRC000099）と照合。市町村・設置区分はSRC000156を補助参照。
SCH001977,川越工,埼玉県立川越工業高等学校,埼玉県立川越工業高等学校,,埼玉県立川越工業高等学校,11,川越市,,prefectural,high_school,active,SRC000154,2026-10-02,2026硬式加盟校として登録。夏大会参加校はSRC000154から学校単位に展開。JHBF 2026年5月末公式153校（SRC000099）と照合。市町村・設置区分はSRC000156を補助参照。
SCH001978,早大本庄,早稲田大学本庄高等学院,早稲田大学本庄高等学院,,早稲田大学本庄高等学院,11,本庄市,,private,high_school,active,SRC000154,2026-10-02,2026硬式加盟校として登録。夏大会参加校はSRC000154から学校単位に展開。JHBF 2026年5月末公式153校（SRC000099）と照合。市町村・設置区分はSRC000156を補助参照。
SCH001979,志木,埼玉県立志木高等学校,埼玉県立志木高等学校,,埼玉県立志木高等学校,11,志木市,,prefectural,high_school,active,SRC000154,2026-10-02,2026硬式加盟校として登録。夏大会参加校はSRC000154から学校単位に展開。JHBF 2026年5月末公式153校（SRC000099）と照合。市町村・設置区分はSRC000156を補助参照。
SCH001980,坂戸西,埼玉県立坂戸西高等学校,埼玉県立坂戸西高等学校,,埼玉県立坂戸西高等学校,11,坂戸市,,prefectural,high_school,active,SRC000154,2026-10-02,2026硬式加盟校として登録。夏大会参加校はSRC000154から学校単位に展開。JHBF 2026年5月末公式153校（SRC000099）と照合。市町村・設置区分はSRC000156を補助参照。
SCH001981,狭山工,埼玉県立狭山工業高等学校,埼玉県立狭山工業高等学校,,埼玉県立狭山工業高等学校,11,狭山市,,prefectural,high_school,active,SRC000154,2026-10-02,2026硬式加盟校として登録。夏大会参加校はSRC000154から学校単位に展開。JHBF 2026年5月末公式153校（SRC000099）と照合。市町村・設置区分はSRC000156を補助参照。
SCH001982,久喜北陽,埼玉県立久喜北陽高等学校,埼玉県立久喜北陽高等学校,,埼玉県立久喜北陽高等学校,11,久喜市,,prefectural,high_school,active,SRC000154,2026-10-02,2026硬式加盟校として登録。夏大会参加校はSRC000154から学校単位に展開。JHBF 2026年5月末公式153校（SRC000099）と照合。市町村・設置区分はSRC000156を補助参照。
SCH001983,杉戸農,埼玉県立杉戸農業高等学校,埼玉県立杉戸農業高等学校,,埼玉県立杉戸農業高等学校,11,杉戸町,,prefectural,high_school,active,SRC000154,2026-10-02,2026硬式加盟校として登録。夏大会参加校はSRC000154から学校単位に展開。JHBF 2026年5月末公式153校（SRC000099）と照合。市町村・設置区分はSRC000156を補助参照。
SCH001984,桶川,埼玉県立桶川高等学校,埼玉県立桶川高等学校,,埼玉県立桶川高等学校,11,桶川市,,prefectural,high_school,active,SRC000154,2026-10-02,2026硬式加盟校として登録。夏大会参加校はSRC000154から学校単位に展開。JHBF 2026年5月末公式153校（SRC000099）と照合。市町村・設置区分はSRC000156を補助参照。
SCH001985,春日部共栄,春日部共栄高等学校,春日部共栄高等学校,,春日部共栄高等学校,11,春日部市,,private,high_school,active,SRC000154,2026-10-02,2026硬式加盟校として登録。夏大会参加校はSRC000154から学校単位に展開。JHBF 2026年5月末公式153校（SRC000099）と照合。市町村・設置区分はSRC000156を補助参照。
SCH001986,熊谷商,埼玉県立熊谷商業高等学校,埼玉県立熊谷商業高等学校,,埼玉県立熊谷商業高等学校,11,熊谷市,,prefectural,high_school,active,SRC000154,2026-10-02,2026硬式加盟校として登録。夏大会参加校はSRC000154から学校単位に展開。JHBF 2026年5月末公式153校（SRC000099）と照合。市町村・設置区分はSRC000156を補助参照。
SCH001987,進修館,埼玉県立進修館高等学校,埼玉県立進修館高等学校,,埼玉県立進修館高等学校,11,行田市,,prefectural,high_school,active,SRC000154,2026-10-02,2026硬式加盟校として登録。夏大会参加校はSRC000154から学校単位に展開。JHBF 2026年5月末公式153校（SRC000099）と照合。市町村・設置区分はSRC000156を補助参照。
SCH001988,岩槻,埼玉県立岩槻高等学校,埼玉県立岩槻高等学校,,埼玉県立岩槻高等学校,11,さいたま市,,prefectural,high_school,active,SRC000154,2026-10-02,2026硬式加盟校として登録。夏大会参加校はSRC000154から学校単位に展開。JHBF 2026年5月末公式153校（SRC000099）と照合。市町村・設置区分はSRC000156を補助参照。
SCH001989,深谷第一,埼玉県立深谷第一高等学校,埼玉県立深谷第一高等学校,,埼玉県立深谷第一高等学校,11,深谷市,,prefectural,high_school,active,SRC000154,2026-10-02,2026硬式加盟校として登録。夏大会参加校はSRC000154から学校単位に展開。JHBF 2026年5月末公式153校（SRC000099）と照合。市町村・設置区分はSRC000156を補助参照。
SCH001990,栗橋北彩,埼玉県立栗橋北彩高等学校,埼玉県立栗橋北彩高等学校,,埼玉県立栗橋北彩高等学校,11,久喜市,,prefectural,high_school,active,SRC000154,2026-10-02,2026硬式加盟校として登録。夏大会参加校はSRC000154から学校単位に展開。JHBF 2026年5月末公式153校（SRC000099）と照合。市町村・設置区分はSRC000156を補助参照。
SCH001991,日高,埼玉県立日高高等学校,埼玉県立日高高等学校,,埼玉県立日高高等学校,11,日高市,,prefectural,high_school,active,SRC000154,2026-10-02,2026硬式加盟校として登録。夏大会参加校はSRC000154から学校単位に展開。JHBF 2026年5月末公式153校（SRC000099）と照合。市町村・設置区分はSRC000156を補助参照。
SCH001992,新座総合技術,埼玉県立新座総合技術高等学校,埼玉県立新座総合技術高等学校,,埼玉県立新座総合技術高等学校,11,新座市,,prefectural,high_school,active,SRC000154,2026-10-02,2026硬式加盟校として登録。夏大会参加校はSRC000154から学校単位に展開。JHBF 2026年5月末公式153校（SRC000099）と照合。市町村・設置区分はSRC000156を補助参照。
SCH001993,上尾橘,埼玉県立上尾橘高等学校,埼玉県立上尾橘高等学校,,埼玉県立上尾橘高等学校,11,上尾市,,prefectural,high_school,active,SRC000154,2026-10-02,2026硬式加盟校として登録。夏大会参加校はSRC000154から学校単位に展開。JHBF 2026年5月末公式153校（SRC000099）と照合。市町村・設置区分はSRC000156を補助参照。
SCH001994,桶川西,埼玉県立桶川西高等学校,埼玉県立桶川西高等学校,,埼玉県立桶川西高等学校,11,桶川市,,prefectural,high_school,active,SRC000154,2026-10-02,2026硬式加盟校として登録。夏大会参加校はSRC000154から学校単位に展開。JHBF 2026年5月末公式153校（SRC000099）と照合。市町村・設置区分はSRC000156を補助参照。
SCH001995,久喜工,埼玉県立久喜工高等学校,埼玉県立久喜工高等学校,,埼玉県立久喜工高等学校,11,久喜市,,prefectural,high_school,active,SRC000154,2026-10-02,2026硬式加盟校として登録。夏大会参加校はSRC000154から学校単位に展開。JHBF 2026年5月末公式153校（SRC000099）と照合。市町村・設置区分はSRC000156を補助参照。
SCH001996,草加西,埼玉県立草加西高等学校,埼玉県立草加西高等学校,,埼玉県立草加西高等学校,11,草加市,,prefectural,high_school,active,SRC000154,2026-10-02,2026硬式加盟校として登録。夏大会参加校はSRC000154から学校単位に展開。JHBF 2026年5月末公式153校（SRC000099）と照合。市町村・設置区分はSRC000156を補助参照。
SCH001997,武南,武南高等学校,武南高等学校,,武南高等学校,11,蕨市,,private,high_school,active,SRC000154,2026-10-02,2026硬式加盟校として登録。夏大会参加校はSRC000154から学校単位に展開。JHBF 2026年5月末公式153校（SRC000099）と照合。市町村・設置区分はSRC000156を補助参照。
SCH001998,白岡,埼玉県立白岡高等学校,埼玉県立白岡高等学校,,埼玉県立白岡高等学校,11,白岡市,,prefectural,high_school,active,SRC000154,2026-10-02,2026硬式加盟校として登録。夏大会参加校はSRC000154から学校単位に展開。JHBF 2026年5月末公式153校（SRC000099）と照合。市町村・設置区分はSRC000156を補助参照。
SCH001999,越谷北,埼玉県立越谷北高等学校,埼玉県立越谷北高等学校,,埼玉県立越谷北高等学校,11,越谷市,,prefectural,high_school,active,SRC000154,2026-10-02,2026硬式加盟校として登録。夏大会参加校はSRC000154から学校単位に展開。JHBF 2026年5月末公式153校（SRC000099）と照合。市町村・設置区分はSRC000156を補助参照。
SCH002000,草加東,埼玉県立草加東高等学校,埼玉県立草加東高等学校,,埼玉県立草加東高等学校,11,草加市,,prefectural,high_school,active,SRC000154,2026-10-02,2026硬式加盟校として登録。夏大会参加校はSRC000154から学校単位に展開。JHBF 2026年5月末公式153校（SRC000099）と照合。市町村・設置区分はSRC000156を補助参照。
SCH002001,朝霞,埼玉県立朝霞高等学校,埼玉県立朝霞高等学校,,埼玉県立朝霞高等学校,11,朝霞市,,prefectural,high_school,active,SRC000154,2026-10-02,2026硬式加盟校として登録。夏大会参加校はSRC000154から学校単位に展開。JHBF 2026年5月末公式153校（SRC000099）と照合。市町村・設置区分はSRC000156を補助参照。
SCH002002,慶應志木,慶應義塾志木高等学校,慶應義塾志木高等学校,,慶應義塾志木高等学校,11,志木市,,private,high_school,active,SRC000154,2026-10-02,2026硬式加盟校として登録。夏大会参加校はSRC000154から学校単位に展開。JHBF 2026年5月末公式153校（SRC000099）と照合。市町村・設置区分はSRC000156を補助参照。
SCH002003,鴻巣,埼玉県立鴻巣高等学校,埼玉県立鴻巣高等学校,,埼玉県立鴻巣高等学校,11,鴻巣市,,prefectural,high_school,active,SRC000154,2026-10-02,2026硬式加盟校として登録。夏大会参加校はSRC000154から学校単位に展開。JHBF 2026年5月末公式153校（SRC000099）と照合。市町村・設置区分はSRC000156を補助参照。
SCH002004,秩父農工科学,埼玉県立秩父農工科学高等学校,埼玉県立秩父農工科学高等学校,,埼玉県立秩父農工科学高等学校,11,秩父市,,prefectural,high_school,active,SRC000154,2026-10-02,2026硬式加盟校として登録。夏大会参加校はSRC000154から学校単位に展開。JHBF 2026年5月末公式153校（SRC000099）と照合。市町村・設置区分はSRC000156を補助参照。
SCH002005,川越西,埼玉県立川越西高等学校,埼玉県立川越西高等学校,,埼玉県立川越西高等学校,11,川越市,,prefectural,high_school,active,SRC000154,2026-10-02,2026硬式加盟校として登録。夏大会参加校はSRC000154から学校単位に展開。JHBF 2026年5月末公式153校（SRC000099）と照合。市町村・設置区分はSRC000156を補助参照。
SCH002006,秀明英光,秀明英光高等学校,秀明英光高等学校,,秀明英光高等学校,11,上尾市,,private,high_school,active,SRC000154,2026-10-02,2026硬式加盟校として登録。夏大会参加校はSRC000154から学校単位に展開。JHBF 2026年5月末公式153校（SRC000099）と照合。市町村・設置区分はSRC000156を補助参照。
SCH002007,浦和麗明,浦和麗明高等学校,浦和麗明高等学校,,浦和麗明高等学校,11,さいたま市,,private,high_school,active,SRC000154,2026-10-02,2026硬式加盟校として登録。夏大会参加校はSRC000154から学校単位に展開。JHBF 2026年5月末公式153校（SRC000099）と照合。市町村・設置区分はSRC000156を補助参照。
SCH002008,叡明,叡明高等学校,叡明高等学校,,叡明高等学校,11,越谷市,,private,high_school,active,SRC000154,2026-10-02,2026硬式加盟校として登録。夏大会参加校はSRC000154から学校単位に展開。JHBF 2026年5月末公式153校（SRC000099）と照合。市町村・設置区分はSRC000156を補助参照。
SCH002009,草加南,埼玉県立草加南高等学校,埼玉県立草加南高等学校,,埼玉県立草加南高等学校,11,草加市,,prefectural,high_school,active,SRC000154,2026-10-02,2026硬式加盟校として登録。夏大会参加校はSRC000154から学校単位に展開。JHBF 2026年5月末公式153校（SRC000099）と照合。市町村・設置区分はSRC000156を補助参照。
SCH002010,深谷商,埼玉県立深谷商業高等学校,埼玉県立深谷商業高等学校,,埼玉県立深谷商業高等学校,11,深谷市,,prefectural,high_school,active,SRC000154,2026-10-02,2026硬式加盟校として登録。夏大会参加校はSRC000154から学校単位に展開。JHBF 2026年5月末公式153校（SRC000099）と照合。市町村・設置区分はSRC000156を補助参照。
SCH002011,越谷南,埼玉県立越谷南高等学校,埼玉県立越谷南高等学校,,埼玉県立越谷南高等学校,11,越谷市,,prefectural,high_school,active,SRC000154,2026-10-02,2026硬式加盟校として登録。夏大会参加校はSRC000154から学校単位に展開。JHBF 2026年5月末公式153校（SRC000099）と照合。市町村・設置区分はSRC000156を補助参照。
SCH002012,国際学院,国際学院高等学校,国際学院高等学校,,国際学院高等学校,11,伊奈町,,private,high_school,active,SRC000154,2026-10-02,2026硬式加盟校として登録。夏大会参加校はSRC000154から学校単位に展開。JHBF 2026年5月末公式153校（SRC000099）と照合。市町村・設置区分はSRC000156を補助参照。
SCH002013,わせがく夢育,わせがく夢育高等学校,わせがく夢育高等学校,,わせがく夢育高等学校,11,飯能市,,private,high_school,active,SRC000154,2026-10-02,2026硬式加盟校として登録。夏大会参加校はSRC000154から学校単位に展開。JHBF 2026年5月末公式153校（SRC000099）と照合。市町村・設置区分はSRC000156を補助参照。
SCH002014,草加,埼玉県立草加高等学校,埼玉県立草加高等学校,,埼玉県立草加高等学校,11,草加市,,prefectural,high_school,active,SRC000154,2026-10-02,2026硬式加盟校として登録。夏大会参加校はSRC000154から学校単位に展開。JHBF 2026年5月末公式153校（SRC000099）と照合。市町村・設置区分はSRC000156を補助参照。
SCH002015,南稜,埼玉県立南稜高等学校,埼玉県立南稜高等学校,,埼玉県立南稜高等学校,11,戸田市,,prefectural,high_school,active,SRC000154,2026-10-02,2026硬式加盟校として登録。夏大会参加校はSRC000154から学校単位に展開。JHBF 2026年5月末公式153校（SRC000099）と照合。市町村・設置区分はSRC000156を補助参照。
SCH002016,開智,開智高等学校,開智高等学校,,開智高等学校,11,さいたま市,,private,high_school,active,SRC000154,2026-10-02,2026硬式加盟校として登録。夏大会参加校はSRC000154から学校単位に展開。JHBF 2026年5月末公式153校（SRC000099）と照合。市町村・設置区分はSRC000156を補助参照。
SCH002017,越谷東,埼玉県立越谷東高等学校,埼玉県立越谷東高等学校,,埼玉県立越谷東高等学校,11,越谷市,,prefectural,high_school,active,SRC000154,2026-10-02,2026硬式加盟校として登録。夏大会参加校はSRC000154から学校単位に展開。JHBF 2026年5月末公式153校（SRC000099）と照合。市町村・設置区分はSRC000156を補助参照。
SCH002018,所沢西,埼玉県立所沢西高等学校,埼玉県立所沢西高等学校,,埼玉県立所沢西高等学校,11,所沢市,,prefectural,high_school,active,SRC000154,2026-10-02,2026硬式加盟校として登録。夏大会参加校はSRC000154から学校単位に展開。JHBF 2026年5月末公式153校（SRC000099）と照合。市町村・設置区分はSRC000156を補助参照。
SCH002019,三郷北,埼玉県立三郷北高等学校,埼玉県立三郷北高等学校,,埼玉県立三郷北高等学校,11,三郷市,,prefectural,high_school,active,SRC000154,2026-10-02,2026硬式加盟校として登録。夏大会参加校はSRC000154から学校単位に展開。JHBF 2026年5月末公式153校（SRC000099）と照合。市町村・設置区分はSRC000156を補助参照。
SCH002020,川越総合,埼玉県立川越総合高等学校,埼玉県立川越総合高等学校,,埼玉県立川越総合高等学校,11,川越市,,prefectural,high_school,active,SRC000154,2026-10-02,2026硬式加盟校として登録。夏大会参加校はSRC000154から学校単位に展開。JHBF 2026年5月末公式153校（SRC000099）と照合。市町村・設置区分はSRC000156を補助参照。
SCH002021,入間向陽,埼玉県立入間向陽高等学校,埼玉県立入間向陽高等学校,,埼玉県立入間向陽高等学校,11,入間市,,prefectural,high_school,active,SRC000154,2026-10-02,2026硬式加盟校として登録。夏大会参加校はSRC000154から学校単位に展開。JHBF 2026年5月末公式153校（SRC000099）と照合。市町村・設置区分はSRC000156を補助参照。
SCH002022,本庄,埼玉県立本庄高等学校,埼玉県立本庄高等学校,,埼玉県立本庄高等学校,11,本庄市,,prefectural,high_school,active,SRC000154,2026-10-02,2026硬式加盟校として登録。夏大会参加校はSRC000154から学校単位に展開。JHBF 2026年5月末公式153校（SRC000099）と照合。市町村・設置区分はSRC000156を補助参照。
SCH002023,不動岡,埼玉県立不動岡高等学校,埼玉県立不動岡高等学校,,埼玉県立不動岡高等学校,11,加須市,,prefectural,high_school,active,SRC000154,2026-10-02,2026硬式加盟校として登録。夏大会参加校はSRC000154から学校単位に展開。JHBF 2026年5月末公式153校（SRC000099）と照合。市町村・設置区分はSRC000156を補助参照。
SCH002024,大宮東,埼玉県立大宮東高等学校,埼玉県立大宮東高等学校,,埼玉県立大宮東高等学校,11,さいたま市,,prefectural,high_school,active,SRC000154,2026-10-02,2026硬式加盟校として登録。夏大会参加校はSRC000154から学校単位に展開。JHBF 2026年5月末公式153校（SRC000099）と照合。市町村・設置区分はSRC000156を補助参照。
SCH002025,埼玉栄,埼玉栄高等学校,埼玉栄高等学校,,埼玉栄高等学校,11,さいたま市,,private,high_school,active,SRC000154,2026-10-02,2026硬式加盟校として登録。夏大会参加校はSRC000154から学校単位に展開。JHBF 2026年5月末公式153校（SRC000099）と照合。市町村・設置区分はSRC000156を補助参照。
SCH002026,大宮武蔵野,埼玉県立大宮武蔵野高等学校,埼玉県立大宮武蔵野高等学校,,埼玉県立大宮武蔵野高等学校,11,さいたま市,,prefectural,high_school,active,SRC000154,2026-10-02,2026硬式加盟校として登録。夏大会参加校はSRC000154から学校単位に展開。JHBF 2026年5月末公式153校（SRC000099）と照合。市町村・設置区分はSRC000156を補助参照。
SCH002027,市立川越,川越市立川越高等学校,川越市立川越高等学校,,川越市立川越高等学校,11,川越市,,municipal,high_school,active,SRC000154,2026-10-02,2026硬式加盟校として登録。夏大会参加校はSRC000154から学校単位に展開。JHBF 2026年5月末公式153校（SRC000099）と照合。市町村・設置区分はSRC000156を補助参照。
SCH002028,新座,埼玉県立新座高等学校,埼玉県立新座高等学校,,埼玉県立新座高等学校,11,新座市,,prefectural,high_school,active,SRC000154,2026-10-02,2026硬式加盟校として登録。夏大会参加校はSRC000154から学校単位に展開。JHBF 2026年5月末公式153校（SRC000099）と照合。市町村・設置区分はSRC000156を補助参照。
SCH002029,杉戸,埼玉県立杉戸高等学校,埼玉県立杉戸高等学校,,埼玉県立杉戸高等学校,11,杉戸町,,prefectural,high_school,active,SRC000154,2026-10-02,2026硬式加盟校として登録。夏大会参加校はSRC000154から学校単位に展開。JHBF 2026年5月末公式153校（SRC000099）と照合。市町村・設置区分はSRC000156を補助参照。
SCH002030,浦和北,埼玉県立浦和北高等学校,埼玉県立浦和北高等学校,,埼玉県立浦和北高等学校,11,さいたま市,,prefectural,high_school,active,SRC000154,2026-10-02,2026硬式加盟校として登録。夏大会参加校はSRC000154から学校単位に展開。JHBF 2026年5月末公式153校（SRC000099）と照合。市町村・設置区分はSRC000156を補助参照。
SCH002031,西武文理,西武学園文理高等学校,西武学園文理高等学校,,西武学園文理高等学校,11,狭山市,,private,high_school,active,SRC000154,2026-10-02,2026硬式加盟校として登録。夏大会参加校はSRC000154から学校単位に展開。JHBF 2026年5月末公式153校（SRC000099）と照合。市町村・設置区分はSRC000156を補助参照。
SCH002032,熊谷西,埼玉県立熊谷西高等学校,埼玉県立熊谷西高等学校,,埼玉県立熊谷西高等学校,11,熊谷市,,prefectural,high_school,active,SRC000154,2026-10-02,2026硬式加盟校として登録。夏大会参加校はSRC000154から学校単位に展開。JHBF 2026年5月末公式153校（SRC000099）と照合。市町村・設置区分はSRC000156を補助参照。
SCH002033,与野,埼玉県立与野高等学校,埼玉県立与野高等学校,,埼玉県立与野高等学校,11,さいたま市,,prefectural,high_school,active,SRC000154,2026-10-02,2026硬式加盟校として登録。夏大会参加校はSRC000154から学校単位に展開。JHBF 2026年5月末公式153校（SRC000099）と照合。市町村・設置区分はSRC000156を補助参照。
SCH002034,川越南,埼玉県立川越南高等学校,埼玉県立川越南高等学校,,埼玉県立川越南高等学校,11,川越市,,prefectural,high_school,active,SRC000154,2026-10-02,2026硬式加盟校として登録。夏大会参加校はSRC000154から学校単位に展開。JHBF 2026年5月末公式153校（SRC000099）と照合。市町村・設置区分はSRC000156を補助参照。
SCH002035,春日部東,埼玉県立春日部東高等学校,埼玉県立春日部東高等学校,,埼玉県立春日部東高等学校,11,春日部市,,prefectural,high_school,active,SRC000154,2026-10-02,2026硬式加盟校として登録。夏大会参加校はSRC000154から学校単位に展開。JHBF 2026年5月末公式153校（SRC000099）と照合。市町村・設置区分はSRC000156を補助参照。
SCH002036,東農大三,東京農業大学第三高等学校,東京農業大学第三高等学校,,東京農業大学第三高等学校,11,東松山市,,private,high_school,active,SRC000154,2026-10-02,2026硬式加盟校として登録。夏大会参加校はSRC000154から学校単位に展開。JHBF 2026年5月末公式153校（SRC000099）と照合。市町村・設置区分はSRC000156を補助参照。
SCH002037,狭山ヶ丘,狭山ヶ丘高等学校,狭山ヶ丘高等学校,,狭山ヶ丘高等学校,11,狭山市,,private,high_school,active,SRC000154,2026-10-02,2026硬式加盟校として登録。夏大会参加校はSRC000154から学校単位に展開。JHBF 2026年5月末公式153校（SRC000099）と照合。市町村・設置区分はSRC000156を補助参照。
SCH002038,岩槻商,埼玉県立岩槻商業高等学校,埼玉県立岩槻商業高等学校,,埼玉県立岩槻商業高等学校,11,さいたま市,,prefectural,high_school,active,SRC000154,2026-10-02,2026硬式加盟校として登録。夏大会参加校はSRC000154から学校単位に展開。JHBF 2026年5月末公式153校（SRC000099）と照合。市町村・設置区分はSRC000156を補助参照。
SCH002039,蓮田松韻,埼玉県立蓮田松韻高等学校,埼玉県立蓮田松韻高等学校,,埼玉県立蓮田松韻高等学校,11,蓮田市,,prefectural,high_school,active,SRC000154,2026-10-02,2026硬式加盟校として登録。夏大会参加校はSRC000154から学校単位に展開。JHBF 2026年5月末公式153校（SRC000099）と照合。市町村・設置区分はSRC000156を補助参照。
SCH002040,川口,埼玉県立川口高等学校,埼玉県立川口高等学校,,埼玉県立川口高等学校,11,川口市,,prefectural,high_school,active,SRC000154,2026-10-02,2026硬式加盟校として登録。夏大会参加校はSRC000154から学校単位に展開。JHBF 2026年5月末公式153校（SRC000099）と照合。市町村・設置区分はSRC000156を補助参照。
SCH002041,立教新座,立教新座高等学校,立教新座高等学校,,立教新座高等学校,11,新座市,,private,high_school,active,SRC000154,2026-10-02,2026硬式加盟校として登録。夏大会参加校はSRC000154から学校単位に展開。JHBF 2026年5月末公式153校（SRC000099）と照合。市町村・設置区分はSRC000156を補助参照。
SCH002042,昌平,昌平高等学校,昌平高等学校,,昌平高等学校,11,杉戸町,,private,high_school,active,SRC000154,2026-10-02,2026硬式加盟校として登録。夏大会参加校はSRC000154から学校単位に展開。JHBF 2026年5月末公式153校（SRC000099）と照合。市町村・設置区分はSRC000156を補助参照。
SCH002043,聖望学園,聖望学園高等学校,聖望学園高等学校,,聖望学園高等学校,11,飯能市,,private,high_school,active,SRC000154,2026-10-02,2026硬式加盟校として登録。夏大会参加校はSRC000154から学校単位に展開。JHBF 2026年5月末公式153校（SRC000099）と照合。市町村・設置区分はSRC000156を補助参照。
SCH002044,川口青陵,埼玉県立川口青陵高等学校,埼玉県立川口青陵高等学校,,埼玉県立川口青陵高等学校,11,川口市,,prefectural,high_school,active,SRC000154,2026-10-02,2026硬式加盟校として登録。夏大会参加校はSRC000154から学校単位に展開。JHBF 2026年5月末公式153校（SRC000099）と照合。市町村・設置区分はSRC000156を補助参照。
SCH002045,川口工,埼玉県立川口工業高等学校,埼玉県立川口工業高等学校,,埼玉県立川口工業高等学校,11,川口市,,prefectural,high_school,active,SRC000154,2026-10-02,2026硬式加盟校として登録。夏大会参加校はSRC000154から学校単位に展開。JHBF 2026年5月末公式153校（SRC000099）と照合。市町村・設置区分はSRC000156を補助参照。
SCH002046,大宮北,さいたま市立大宮北高等学校,さいたま市立大宮北高等学校,,さいたま市立大宮北高等学校,11,さいたま市,,municipal,high_school,active,SRC000154,2026-10-02,2026硬式加盟校として登録。夏大会参加校はSRC000154から学校単位に展開。JHBF 2026年5月末公式153校（SRC000099）と照合。市町村・設置区分はSRC000156を補助参照。
SCH002047,盈進東野,盈進東野高等学校,盈進東野高等学校,,盈進東野高等学校,11,入間市,,private,high_school,active,SRC000154,2026-10-02,2026硬式加盟校として登録。夏大会参加校はSRC000154から学校単位に展開。JHBF 2026年5月末公式153校（SRC000099）と照合。市町村・設置区分はSRC000156を補助参照。
SCH002048,城西大川越,城西大川越高等学校,城西大川越高等学校,,城西大川越高等学校,11,川越市,,private,high_school,active,SRC000154,2026-10-02,2026硬式加盟校として登録。夏大会参加校はSRC000154から学校単位に展開。JHBF 2026年5月末公式153校（SRC000099）と照合。市町村・設置区分はSRC000156を補助参照。
SCH002049,所沢中央,埼玉県立所沢中央高等学校,埼玉県立所沢中央高等学校,,埼玉県立所沢中央高等学校,11,所沢市,,prefectural,high_school,active,SRC000154,2026-10-02,2026硬式加盟校として登録。夏大会参加校はSRC000154から学校単位に展開。JHBF 2026年5月末公式153校（SRC000099）と照合。市町村・設置区分はSRC000156を補助参照。
SCH002050,本庄第一,本庄第一高等学校,本庄第一高等学校,,本庄第一高等学校,11,本庄市,,private,high_school,active,SRC000154,2026-10-02,2026硬式加盟校として登録。夏大会参加校はSRC000154から学校単位に展開。JHBF 2026年5月末公式153校（SRC000099）と照合。市町村・設置区分はSRC000156を補助参照。
SCH002051,伊奈学園総合,埼玉県立伊奈学園総合高等学校,埼玉県立伊奈学園総合高等学校,,埼玉県立伊奈学園総合高等学校,11,伊奈町,,prefectural,high_school,active,SRC000154,2026-10-02,2026硬式加盟校として登録。夏大会参加校はSRC000154から学校単位に展開。JHBF 2026年5月末公式153校（SRC000099）と照合。市町村・設置区分はSRC000156を補助参照。
SCH002052,ふじみ野,埼玉県立ふじみ野高等学校,埼玉県立ふじみ野高等学校,,埼玉県立ふじみ野高等学校,11,ふじみ野市,,prefectural,high_school,active,SRC000154,2026-10-02,2026硬式加盟校として登録。夏大会参加校はSRC000154から学校単位に展開。JHBF 2026年5月末公式153校（SRC000099）と照合。市町村・設置区分はSRC000156を補助参照。
SCH002053,上尾南,埼玉県立上尾南高等学校,埼玉県立上尾南高等学校,,埼玉県立上尾南高等学校,11,上尾市,,prefectural,high_school,active,SRC000154,2026-10-02,2026硬式加盟校として登録。夏大会参加校はSRC000154から学校単位に展開。JHBF 2026年5月末公式153校（SRC000099）と照合。市町村・設置区分はSRC000156を補助参照。
SCH002054,浦和実,浦和実業学園高等学校,浦和実業学園高等学校,,浦和実業学園高等学校,11,さいたま市,,private,high_school,active,SRC000154,2026-10-02,2026硬式加盟校として登録。夏大会参加校はSRC000154から学校単位に展開。JHBF 2026年5月末公式153校（SRC000099）と照合。市町村・設置区分はSRC000156を補助参照。
SCH002055,狭山清陵,埼玉県立狭山清陵高等学校,埼玉県立狭山清陵高等学校,,埼玉県立狭山清陵高等学校,11,狭山市,,prefectural,high_school,active,SRC000154,2026-10-02,2026硬式加盟校として登録。夏大会参加校はSRC000154から学校単位に展開。JHBF 2026年5月末公式153校（SRC000099）と照合。市町村・設置区分はSRC000156を補助参照。
SCH002056,熊谷工,埼玉県立熊谷工業高等学校,埼玉県立熊谷工業高等学校,,埼玉県立熊谷工業高等学校,11,熊谷市,,prefectural,high_school,active,SRC000154,2026-10-02,2026硬式加盟校として登録。夏大会参加校はSRC000154から学校単位に展開。JHBF 2026年5月末公式153校（SRC000099）と照合。市町村・設置区分はSRC000156を補助参照。
SCH002057,獨協埼玉,獨協埼玉高等学校,獨協埼玉高等学校,,獨協埼玉高等学校,11,越谷市,,private,high_school,active,SRC000154,2026-10-02,2026硬式加盟校として登録。夏大会参加校はSRC000154から学校単位に展開。JHBF 2026年5月末公式153校（SRC000099）と照合。市町村・設置区分はSRC000156を補助参照。
SCH002058,浦和,埼玉県立浦和高等学校,埼玉県立浦和高等学校,,埼玉県立浦和高等学校,11,さいたま市,,prefectural,high_school,active,SRC000154,2026-10-02,2026硬式加盟校として登録。夏大会参加校はSRC000154から学校単位に展開。JHBF 2026年5月末公式153校（SRC000099）と照合。市町村・設置区分はSRC000156を補助参照。
SCH002059,西武台,西武台高等学校,西武台高等学校,,西武台高等学校,11,新座市,,private,high_school,active,SRC000154,2026-10-02,2026硬式加盟校として登録。夏大会参加校はSRC000154から学校単位に展開。JHBF 2026年5月末公式153校（SRC000099）と照合。市町村・設置区分はSRC000156を補助参照。
SCH002060,所沢商,埼玉県立所沢商業高等学校,埼玉県立所沢商業高等学校,,埼玉県立所沢商業高等学校,11,所沢市,,prefectural,high_school,active,SRC000154,2026-10-02,2026硬式加盟校として登録。夏大会参加校はSRC000154から学校単位に展開。JHBF 2026年5月末公式153校（SRC000099）と照合。市町村・設置区分はSRC000156を補助参照。
SCH002061,大宮南,埼玉県立大宮南高等学校,埼玉県立大宮南高等学校,,埼玉県立大宮南高等学校,11,さいたま市,,prefectural,high_school,active,SRC000154,2026-10-02,2026硬式加盟校として登録。夏大会参加校はSRC000154から学校単位に展開。JHBF 2026年5月末公式153校（SRC000099）と照合。市町村・設置区分はSRC000156を補助参照。
SCH002062,滑川総合,埼玉県立滑川総合高等学校,埼玉県立滑川総合高等学校,,埼玉県立滑川総合高等学校,11,滑川町,,prefectural,high_school,active,SRC000154,2026-10-02,2026硬式加盟校として登録。夏大会参加校はSRC000154から学校単位に展開。JHBF 2026年5月末公式153校（SRC000099）と照合。市町村・設置区分はSRC000156を補助参照。
SCH002063,北本,埼玉県立北本高等学校,埼玉県立北本高等学校,,埼玉県立北本高等学校,11,北本市,,prefectural,high_school,active,SRC000154,2026-10-02,2026硬式加盟校として登録。夏大会参加校はSRC000154から学校単位に展開。JHBF 2026年5月末公式153校（SRC000099）と照合。市町村・設置区分はSRC000156を補助参照。
SCH002064,開智未来,開智未来高等学校,開智未来高等学校,,開智未来高等学校,11,加須市,,private,high_school,active,SRC000154,2026-10-02,2026硬式加盟校として登録。夏大会参加校はSRC000154から学校単位に展開。JHBF 2026年5月末公式153校（SRC000099）と照合。市町村・設置区分はSRC000156を補助参照。
SCH002065,越谷総合技術,埼玉県立越谷総合技術高等学校,埼玉県立越谷総合技術高等学校,,埼玉県立越谷総合技術高等学校,11,越谷市,,prefectural,high_school,active,SRC000154,2026-10-02,2026硬式加盟校として登録。夏大会参加校はSRC000154から学校単位に展開。JHBF 2026年5月末公式153校（SRC000099）と照合。市町村・設置区分はSRC000156を補助参照。
SCH002066,川越東,川越東高等学校,川越東高等学校,,川越東高等学校,11,川越市,,private,high_school,active,SRC000154,2026-10-02,2026硬式加盟校として登録。夏大会参加校はSRC000154から学校単位に展開。JHBF 2026年5月末公式153校（SRC000099）と照合。市町村・設置区分はSRC000156を補助参照。
SCH002067,栄東,栄東高等学校,栄東高等学校,,栄東高等学校,11,さいたま市,,private,high_school,active,SRC000154,2026-10-02,2026硬式加盟校として登録。夏大会参加校はSRC000154から学校単位に展開。JHBF 2026年5月末公式153校（SRC000099）と照合。市町村・設置区分はSRC000156を補助参照。
SCH002068,越生翔桜,埼玉県立越生翔桜高等学校,埼玉県立越生翔桜高等学校,,埼玉県立越生翔桜高等学校,11,越生町,,prefectural,high_school,active,SRC000154,2026-10-02,2026硬式加盟校として登録。夏大会参加校はSRC000154から学校単位に展開。JHBF 2026年5月末公式153校（SRC000099）と照合。市町村・設置区分はSRC000156を補助参照。
SCH002069,児玉,埼玉県立児玉高等学校,埼玉県立児玉高等学校,,埼玉県立児玉高等学校,11,本庄市,,prefectural,high_school,active,SRC000154,2026-10-02,2026硬式加盟校として登録。夏大会参加校はSRC000154から学校単位に展開。JHBF 2026年5月末公式153校（SRC000099）と照合。市町村・設置区分はSRC000156を補助参照。
SCH002070,小鹿野,埼玉県立小鹿野高等学校,埼玉県立小鹿野高等学校,,埼玉県立小鹿野高等学校,11,小鹿野町,,prefectural,high_school,active,SRC000154,2026-10-02,2026硬式加盟校として登録。夏大会参加校はSRC000154から学校単位に展開。JHBF 2026年5月末公式153校（SRC000099）と照合。市町村・設置区分はSRC000156を補助参照。
SCH002071,深谷,埼玉県立深谷高等学校,埼玉県立深谷高等学校,,埼玉県立深谷高等学校,11,深谷市,,prefectural,high_school,active,SRC000154,2026-10-02,2026硬式加盟校として登録。夏大会参加校はSRC000154から学校単位に展開。JHBF 2026年5月末公式153校（SRC000099）と照合。市町村・設置区分はSRC000156を補助参照。
SCH002072,小川,埼玉県立小川高等学校,埼玉県立小川高等学校,,埼玉県立小川高等学校,11,小川町,,prefectural,high_school,active,SRC000154,2026-10-02,2026硬式加盟校として登録。夏大会参加校はSRC000154から学校単位に展開。JHBF 2026年5月末公式153校（SRC000099）と照合。市町村・設置区分はSRC000156を補助参照。
SCH002073,浦和東,埼玉県立浦和東高等学校,埼玉県立浦和東高等学校,,埼玉県立浦和東高等学校,11,さいたま市,,prefectural,high_school,active,SRC000154,2026-10-02,2026硬式加盟校として登録。夏大会参加校はSRC000154から学校単位に展開。JHBF 2026年5月末公式153校（SRC000099）と照合。市町村・設置区分はSRC000156を補助参照。
SCH002074,大宮科学技術,埼玉県立大宮科学技術高等学校,埼玉県立大宮科学技術高等学校,,埼玉県立大宮科学技術高等学校,11,さいたま市,,prefectural,high_school,active,SRC000154,2026-10-02,2026硬式加盟校として登録。夏大会参加校はSRC000154から学校単位に展開。JHBF 2026年5月末公式153校（SRC000099）と照合。市町村・設置区分はSRC000156を補助参照。
SCH002075,秩父,埼玉県立秩父高等学校,埼玉県立秩父高等学校,,埼玉県立秩父高等学校,11,秩父市,,prefectural,high_school,active,SRC000154,2026-10-02,2026硬式加盟校として登録。夏大会参加校はSRC000154から学校単位に展開。JHBF 2026年5月末公式153校（SRC000099）と照合。市町村・設置区分はSRC000156を補助参照。
SCH002076,春日部,埼玉県立春日部高等学校,埼玉県立春日部高等学校,,埼玉県立春日部高等学校,11,春日部市,,prefectural,high_school,active,SRC000154,2026-10-02,2026硬式加盟校として登録。夏大会参加校はSRC000154から学校単位に展開。JHBF 2026年5月末公式153校（SRC000099）と照合。市町村・設置区分はSRC000156を補助参照。
SCH002077,山村国際,山村国際高等学校,山村国際高等学校,,山村国際高等学校,11,坂戸市,,private,high_school,active,SRC000154,2026-10-02,2026硬式加盟校として登録。夏大会参加校はSRC000154から学校単位に展開。JHBF 2026年5月末公式153校（SRC000099）と照合。市町村・設置区分はSRC000156を補助参照。
SCH002078,熊谷農,埼玉県立熊谷農業高等学校,埼玉県立熊谷農業高等学校,,埼玉県立熊谷農業高等学校,11,熊谷市,,prefectural,high_school,active,SRC000154,2026-10-02,2026硬式加盟校として登録。夏大会参加校はSRC000154から学校単位に展開。JHBF 2026年5月末公式153校（SRC000099）と照合。市町村・設置区分はSRC000156を補助参照。
SCH002079,大宮光陵,埼玉県立大宮光陵高等学校,埼玉県立大宮光陵高等学校,,埼玉県立大宮光陵高等学校,11,さいたま市,,prefectural,high_school,active,SRC000154,2026-10-02,2026硬式加盟校として登録。夏大会参加校はSRC000154から学校単位に展開。JHBF 2026年5月末公式153校（SRC000099）と照合。市町村・設置区分はSRC000156を補助参照。
SCH002080,山村学園,山村学園高等学校,山村学園高等学校,,山村学園高等学校,11,川越市,,private,high_school,active,SRC000154,2026-10-02,2026硬式加盟校として登録。夏大会参加校はSRC000154から学校単位に展開。JHBF 2026年5月末公式153校（SRC000099）と照合。市町村・設置区分はSRC000156を補助参照。
SCH002081,上尾,埼玉県立上尾高等学校,埼玉県立上尾高等学校,,埼玉県立上尾高等学校,11,上尾市,,prefectural,high_school,active,SRC000154,2026-10-02,2026硬式加盟校として登録。夏大会参加校はSRC000154から学校単位に展開。JHBF 2026年5月末公式153校（SRC000099）と照合。市町村・設置区分はSRC000156を補助参照。
SCH002082,大宮開成,大宮開成高等学校,大宮開成高等学校,,大宮開成高等学校,11,さいたま市,,private,high_school,active,SRC000154,2026-10-02,2026硬式加盟校として登録。夏大会参加校はSRC000154から学校単位に展開。JHBF 2026年5月末公式153校（SRC000099）と照合。市町村・設置区分はSRC000156を補助参照。
SCH002083,川越,埼玉県立川越高等学校,埼玉県立川越高等学校,,埼玉県立川越高等学校,11,川越市,,prefectural,high_school,active,SRC000154,2026-10-02,2026硬式加盟校として登録。夏大会参加校はSRC000154から学校単位に展開。JHBF 2026年5月末公式153校（SRC000099）と照合。市町村・設置区分はSRC000156を補助参照。
SCH002084,細田学園,細田学園高等学校,細田学園高等学校,,細田学園高等学校,11,志木市,,private,high_school,active,SRC000154,2026-10-02,2026硬式加盟校として登録。夏大会参加校はSRC000154から学校単位に展開。JHBF 2026年5月末公式153校（SRC000099）と照合。市町村・設置区分はSRC000156を補助参照。
SCH002085,寄居城北,埼玉県立寄居城北高等学校,埼玉県立寄居城北高等学校,,埼玉県立寄居城北高等学校,11,寄居町,,prefectural,high_school,active,SRC000154,2026-10-02,2026硬式加盟校として登録。夏大会参加校はSRC000154から学校単位に展開。JHBF 2026年5月末公式153校（SRC000099）と照合。市町村・設置区分はSRC000156を補助参照。
SCH002086,栄北,栄北高等学校,栄北高等学校,,栄北高等学校,11,伊奈町,,private,high_school,active,SRC000154,2026-10-02,2026硬式加盟校として登録。夏大会参加校はSRC000154から学校単位に展開。JHBF 2026年5月末公式153校（SRC000099）と照合。市町村・設置区分はSRC000156を補助参照。
SCH002087,庄和,埼玉県立庄和高等学校,埼玉県立庄和高等学校,,埼玉県立庄和高等学校,11,春日部市,,prefectural,high_school,active,SRC000154,2026-10-02,2026硬式加盟校として登録。夏大会参加校はSRC000154から学校単位に展開。JHBF 2026年5月末公式153校（SRC000099）と照合。市町村・設置区分はSRC000156を補助参照。
SCH002088,正智深谷,正智深谷高等学校,正智深谷高等学校,,正智深谷高等学校,11,深谷市,,private,high_school,active,SRC000154,2026-10-02,2026硬式加盟校として登録。夏大会参加校はSRC000154から学校単位に展開。JHBF 2026年5月末公式153校（SRC000099）と照合。市町村・設置区分はSRC000156を補助参照。
SCH002089,春日部工,埼玉県立春日部工業高等学校,埼玉県立春日部工業高等学校,,埼玉県立春日部工業高等学校,11,春日部市,,prefectural,high_school,active,SRC000154,2026-10-02,2026硬式加盟校として登録。夏大会参加校はSRC000154から学校単位に展開。JHBF 2026年5月末公式153校（SRC000099）と照合。市町村・設置区分はSRC000156を補助参照。
SCH002090,熊谷,埼玉県立熊谷高等学校,埼玉県立熊谷高等学校,,埼玉県立熊谷高等学校,11,熊谷市,,prefectural,high_school,active,SRC000154,2026-10-02,2026硬式加盟校として登録。夏大会参加校はSRC000154から学校単位に展開。JHBF 2026年5月末公式153校（SRC000099）と照合。市町村・設置区分はSRC000156を補助参照。
SCH002091,狭山経済,埼玉県立狭山経済高等学校,埼玉県立狭山経済高等学校,,埼玉県立狭山経済高等学校,11,狭山市,,prefectural,high_school,active,SRC000154,2026-10-02,2026硬式加盟校として登録。夏大会参加校はSRC000154から学校単位に展開。JHBF 2026年5月末公式153校（SRC000099）と照合。市町村・設置区分はSRC000156を補助参照。
SCH002092,飯能,埼玉県立飯能高等学校,埼玉県立飯能高等学校,,埼玉県立飯能高等学校,11,飯能市,,prefectural,high_school,active,SRC000154,2026-10-02,2026硬式加盟校として登録。夏大会参加校はSRC000154から学校単位に展開。JHBF 2026年5月末公式153校（SRC000099）と照合。市町村・設置区分はSRC000156を補助参照。
SCH002093,埼玉平成,埼玉平成高等学校,埼玉平成高等学校,,埼玉平成高等学校,11,毛呂山町,,private,high_school,active,SRC000154,2026-10-02,2026硬式加盟校として登録。夏大会参加校はSRC000154から学校単位に展開。JHBF 2026年5月末公式153校（SRC000099）と照合。市町村・設置区分はSRC000156を補助参照。
SCH002094,宮代,埼玉県立宮代高等学校,埼玉県立宮代高等学校,,埼玉県立宮代高等学校,11,宮代町,,prefectural,high_school,active,SRC000154,2026-10-02,2026硬式加盟校として登録。夏大会参加校はSRC000154から学校単位に展開。JHBF 2026年5月末公式153校（SRC000099）と照合。市町村・設置区分はSRC000156を補助参照。
SCH002095,八潮フロンティア,埼玉県立八潮フロンティア高等学校,埼玉県立八潮フロンティア高等学校,,埼玉県立八潮フロンティア高等学校,11,八潮市,,prefectural,high_school,active,SRC000154,2026-10-02,2026硬式加盟校として登録。夏大会参加校はSRC000154から学校単位に展開。JHBF 2026年5月末公式153校（SRC000099）と照合。市町村・設置区分はSRC000156を補助参照。
SCH002096,秀明,秀明高等学校,秀明高等学校,,秀明高等学校,11,川越市,,private,high_school,active,SRC000154,2026-10-02,2026硬式加盟校として登録。夏大会参加校はSRC000154から学校単位に展開。JHBF 2026年5月末公式153校（SRC000099）と照合。市町村・設置区分はSRC000156を補助参照。
SCH002097,川越初雁,埼玉県立川越初雁高等学校,埼玉県立川越初雁高等学校,,埼玉県立川越初雁高等学校,11,川越市,,prefectural,high_school,active,SRC000154,2026-10-02,2026硬式加盟校として登録。夏大会参加校はSRC000154から学校単位に展開。JHBF 2026年5月末公式153校（SRC000099）と照合。市町村・設置区分はSRC000156を補助参照。
SCH002098,川口市立,川口市立高等学校,川口市立高等学校,,川口市立高等学校,11,川口市,,municipal,high_school,active,SRC000154,2026-10-02,2026硬式加盟校として登録。夏大会参加校はSRC000154から学校単位に展開。JHBF 2026年5月末公式153校（SRC000099）と照合。市町村・設置区分はSRC000156を補助参照。
SCH002099,市立浦和,さいたま市立浦和高等学校,さいたま市立浦和高等学校,,さいたま市立浦和高等学校,11,さいたま市,,municipal,high_school,active,SRC000154,2026-10-02,2026硬式加盟校として登録。夏大会参加校はSRC000154から学校単位に展開。JHBF 2026年5月末公式153校（SRC000099）と照合。市町村・設置区分はSRC000156を補助参照。
SCH002100,星野,星野高等学校,星野高等学校,,星野高等学校,11,川越市,,private,high_school,active,SRC000154,2026-10-02,2026硬式加盟校として登録。夏大会参加校はSRC000154から学校単位に展開。JHBF 2026年5月末公式153校（SRC000099）と照合。市町村・設置区分はSRC000156を補助参照。
SCH002101,大宮,埼玉県立大宮高等学校,埼玉県立大宮高等学校,,埼玉県立大宮高等学校,11,さいたま市,,prefectural,high_school,active,SRC000154,2026-10-02,2026硬式加盟校として登録。夏大会参加校はSRC000154から学校単位に展開。JHBF 2026年5月末公式153校（SRC000099）と照合。市町村・設置区分はSRC000156を補助参照。
SCH002102,松山,埼玉県立松山高等学校,埼玉県立松山高等学校,,埼玉県立松山高等学校,11,東松山市,,prefectural,high_school,active,SRC000154,2026-10-02,2026硬式加盟校として登録。夏大会参加校はSRC000154から学校単位に展開。JHBF 2026年5月末公式153校（SRC000099）と照合。市町村・設置区分はSRC000156を補助参照。
SCH002103,越谷西,埼玉県立越谷西高等学校,埼玉県立越谷西高等学校,,埼玉県立越谷西高等学校,11,越谷市,,prefectural,high_school,active,SRC000154,2026-10-02,2026硬式加盟校として登録。夏大会参加校はSRC000154から学校単位に展開。JHBF 2026年5月末公式153校（SRC000099）と照合。市町村・設置区分はSRC000156を補助参照。
SCH002104,武蔵越生,武蔵越生高等学校,武蔵越生高等学校,,武蔵越生高等学校,11,越生町,,private,high_school,active,SRC000154,2026-10-02,2026硬式加盟校として登録。夏大会参加校はSRC000154から学校単位に展開。JHBF 2026年5月末公式153校（SRC000099）と照合。市町村・設置区分はSRC000156を補助参照。
SCH002105,所沢,埼玉県立所沢高等学校,埼玉県立所沢高等学校,,埼玉県立所沢高等学校,11,所沢市,,prefectural,high_school,active,SRC000154,2026-10-02,2026硬式加盟校として登録。夏大会参加校はSRC000154から学校単位に展開。JHBF 2026年5月末公式153校（SRC000099）と照合。市町村・設置区分はSRC000156を補助参照。
SCH002106,鷲宮,埼玉県立鷲宮高等学校,埼玉県立鷲宮高等学校,,埼玉県立鷲宮高等学校,11,久喜市,,prefectural,high_school,active,SRC000154,2026-10-02,2026硬式加盟校として登録。夏大会参加校はSRC000154から学校単位に展開。JHBF 2026年5月末公式153校（SRC000099）と照合。市町村・設置区分はSRC000156を補助参照。
SCH002107,越ヶ谷,埼玉県立越ヶ谷高等学校,埼玉県立越ヶ谷高等学校,,埼玉県立越ヶ谷高等学校,11,越谷市,,prefectural,high_school,active,SRC000154,2026-10-02,2026硬式加盟校として登録。夏大会参加校はSRC000154から学校単位に展開。JHBF 2026年5月末公式153校（SRC000099）と照合。市町村・設置区分はSRC000156を補助参照。
SCH002108,朝霞西,埼玉県立朝霞西高等学校,埼玉県立朝霞西高等学校,,埼玉県立朝霞西高等学校,11,朝霞市,,prefectural,high_school,active,SRC000154,2026-10-02,2026硬式加盟校として登録。夏大会参加校はSRC000154から学校単位に展開。JHBF 2026年5月末公式153校（SRC000099）と照合。市町村・設置区分はSRC000156を補助参照。
SCH002109,蕨,埼玉県立蕨高等学校,埼玉県立蕨高等学校,,埼玉県立蕨高等学校,11,蕨市,,prefectural,high_school,active,SRC000154,2026-10-02,2026硬式加盟校として登録。夏大会参加校はSRC000154から学校単位に展開。JHBF 2026年5月末公式153校（SRC000099）と照合。市町村・設置区分はSRC000156を補助参照。
SCH002110,富士見,埼玉県立富士見高等学校,埼玉県立富士見高等学校,,埼玉県立富士見高等学校,11,富士見市,,prefectural,high_school,active,SRC000154,2026-10-02,2026硬式加盟校として登録。夏大会参加校はSRC000154から学校単位に展開。JHBF 2026年5月末公式153校（SRC000099）と照合。市町村・設置区分はSRC000156を補助参照。
SCH002111,新座柳瀬,埼玉県立新座柳瀬高等学校,埼玉県立新座柳瀬高等学校,,埼玉県立新座柳瀬高等学校,11,新座市,,prefectural,high_school,active,SRC000154,2026-10-02,2026硬式加盟校として登録。夏大会参加校はSRC000154から学校単位に展開。JHBF 2026年5月末公式153校（SRC000099）と照合。市町村・設置区分はSRC000156を補助参照。
SCH002112,浦和西,埼玉県立浦和西高等学校,埼玉県立浦和西高等学校,,埼玉県立浦和西高等学校,11,さいたま市,,prefectural,high_school,active,SRC000154,2026-10-02,2026硬式加盟校として登録。夏大会参加校はSRC000154から学校単位に展開。JHBF 2026年5月末公式153校（SRC000099）と照合。市町村・設置区分はSRC000156を補助参照。
SCH002113,浦和商,埼玉県立浦和商業高等学校,埼玉県立浦和商業高等学校,,埼玉県立浦和商業高等学校,11,さいたま市,,prefectural,high_school,active,SRC000154,2026-10-02,2026硬式加盟校として登録。夏大会参加校はSRC000154から学校単位に展開。JHBF 2026年5月末公式153校（SRC000099）と照合。市町村・設置区分はSRC000156を補助参照。
SCH002114,幸手桜,埼玉県立幸手桜高等学校,埼玉県立幸手桜高等学校,,埼玉県立幸手桜高等学校,11,幸手市,,prefectural,high_school,active,SRC000154,2026-10-02,2026硬式加盟校として登録。夏大会参加校はSRC000154から学校単位に展開。JHBF 2026年5月末公式153校（SRC000099）と照合。市町村・設置区分はSRC000156を補助参照。
SCH002115,吉川美南,埼玉県立吉川美南高等学校,埼玉県立吉川美南高等学校,,埼玉県立吉川美南高等学校,11,吉川市,,prefectural,high_school,active,SRC000154,2026-10-02,2026硬式加盟校として登録。夏大会参加校はSRC000154から学校単位に展開。JHBF 2026年5月末公式153校（SRC000099）と照合。市町村・設置区分はSRC000156を補助参照。
SCH002116,松伏,埼玉県立松伏高等学校,埼玉県立松伏高等学校,,埼玉県立松伏高等学校,11,松伏町,,prefectural,high_school,active,SRC000154,2026-10-02,2026硬式加盟校として登録。夏大会参加校はSRC000154から学校単位に展開。JHBF 2026年5月末公式153校（SRC000099）と照合。市町村・設置区分はSRC000156を補助参照。
SCH002117,三郷工業技術,埼玉県立三郷工業技術高等学校,埼玉県立三郷工業技術高等学校,,埼玉県立三郷工業技術高等学校,11,三郷市,,prefectural,high_school,active,SRC000154,2026-10-02,2026硬式加盟校として登録。夏大会参加校はSRC000154から学校単位に展開。JHBF 2026年5月末公式153校（SRC000099）と照合。市町村・設置区分はSRC000156を補助参照。
SCH002118,花咲徳栄,花咲徳栄高等学校,花咲徳栄高等学校,,花咲徳栄高等学校,11,加須市,,private,high_school,active,SRC000154,2026-10-02,2026硬式加盟校として登録。夏大会参加校はSRC000154から学校単位に展開。JHBF 2026年5月末公式153校（SRC000099）と照合。市町村・設置区分はSRC000156を補助参照。
SCH002119,三郷,埼玉県立三郷高等学校,埼玉県立三郷高等学校,,埼玉県立三郷高等学校,11,三郷市,,prefectural,high_school,active,SRC000155,2026-10-02,2026硬式加盟校として登録。夏大会参加校はSRC000154から学校単位に展開。JHBF 2026年5月末公式153校（SRC000099）と照合。市町村・設置区分はSRC000156を補助参照。 2026夏大会不参加だが、SRC000155の春季地区予選資料で現役加盟を確認し補完。 春季地区予選では不参加校として明記。
SCH002120,羽生実業,埼玉県立羽生実業高等学校,埼玉県立羽生実業高等学校,,埼玉県立羽生実業高等学校,11,羽生市,,prefectural,high_school,active,SRC000155,2026-10-02,2026硬式加盟校として登録。夏大会参加校はSRC000154から学校単位に展開。JHBF 2026年5月末公式153校（SRC000099）と照合。市町村・設置区分はSRC000156を補助参照。 2026夏大会不参加だが、SRC000155の春季地区予選資料で現役加盟を確認し補完。 春季地区予選では不参加校として明記。
SCH002121,羽生第一,埼玉県立羽生第一高等学校,埼玉県立羽生第一高等学校,,埼玉県立羽生第一高等学校,11,羽生市,,prefectural,high_school,active,SRC000155,2026-10-02,2026硬式加盟校として登録。夏大会参加校はSRC000154から学校単位に展開。JHBF 2026年5月末公式153校（SRC000099）と照合。市町村・設置区分はSRC000156を補助参照。 2026夏大会不参加だが、SRC000155の春季地区予選資料で現役加盟を確認し補完。 春季は6校連合の構成校として確認。
SCH002122,高取国際,奈良県立高取国際高等学校,奈良県立高取国際高等学校,,奈良県立高取国際高等学校,29,高取町,,prefectural,high_school,active,SRC000157,2026-10-02,2026硬式加盟校として登録。SRC000157の2026奈良大会33チームを学校単位へ展開すると39校となり、SRC000158およびJHBF公式39校（SRC000099）と一致。
SCH002123,奈良商工,奈良県立奈良商工高等学校,奈良県立奈良商工高等学校,,奈良県立奈良商工高等学校,29,奈良市,,prefectural,high_school,active,SRC000157,2026-10-02,2026硬式加盟校として登録。SRC000157の2026奈良大会33チームを学校単位へ展開すると39校となり、SRC000158およびJHBF公式39校（SRC000099）と一致。
SCH002124,磯城野,奈良県立磯城野高等学校,奈良県立磯城野高等学校,,奈良県立磯城野高等学校,29,田原本町,,prefectural,high_school,active,SRC000157,2026-10-02,2026硬式加盟校として登録。SRC000157の2026奈良大会33チームを学校単位へ展開すると39校となり、SRC000158およびJHBF公式39校（SRC000099）と一致。
SCH002125,奈良女子大付,奈良女子大学附属中等教育学校,奈良女子大学附属中等教育学校,,奈良女子大学附属中等教育学校,29,奈良市,奈良市東紀寺町1丁目60-1,national,secondary_school,active,SRC000157,2026-10-02,2026硬式加盟校として登録。SRC000157の2026奈良大会33チームを学校単位へ展開すると39校となり、SRC000158およびJHBF公式39校（SRC000099）と一致。
SCH002126,大和広陵,奈良県立大和広陵高等学校,奈良県立大和広陵高等学校,,奈良県立大和広陵高等学校,29,広陵町,,prefectural,high_school,active,SRC000157,2026-10-02,2026硬式加盟校として登録。SRC000157の2026奈良大会33チームを学校単位へ展開すると39校となり、SRC000158およびJHBF公式39校（SRC000099）と一致。
SCH002127,奈良県大付,奈良県立大学附属高等学校,奈良県立大学附属高等学校,,奈良県立大学附属高等学校,29,奈良市,奈良市六条西3丁目24番1号,unknown,high_school,active,SRC000157,2026-10-02,2026硬式加盟校として登録。SRC000157の2026奈良大会33チームを学校単位へ展開すると39校となり、SRC000158およびJHBF公式39校（SRC000099）と一致。 正式校名・所在地はSRC000162で確認。設置者が公立大学法人のためownership_typeはunknownで保持。
SCH002128,橿原,奈良県立橿原高等学校,奈良県立橿原高等学校,,奈良県立橿原高等学校,29,橿原市,,prefectural,high_school,active,SRC000157,2026-10-02,2026硬式加盟校として登録。SRC000157の2026奈良大会33チームを学校単位へ展開すると39校となり、SRC000158およびJHBF公式39校（SRC000099）と一致。
SCH002129,天理,天理高等学校,天理高等学校,,天理高等学校,29,天理市,,private,high_school,active,SRC000157,2026-10-02,2026硬式加盟校として登録。SRC000157の2026奈良大会33チームを学校単位へ展開すると39校となり、SRC000158およびJHBF公式39校（SRC000099）と一致。
SCH002130,畝傍,奈良県立畝傍高等学校,奈良県立畝傍高等学校,,奈良県立畝傍高等学校,29,橿原市,,prefectural,high_school,active,SRC000157,2026-10-02,2026硬式加盟校として登録。SRC000157の2026奈良大会33チームを学校単位へ展開すると39校となり、SRC000158およびJHBF公式39校（SRC000099）と一致。
SCH002131,添上,奈良県立添上高等学校,奈良県立添上高等学校,,奈良県立添上高等学校,29,天理市,,prefectural,high_school,active,SRC000157,2026-10-02,2026硬式加盟校として登録。SRC000157の2026奈良大会33チームを学校単位へ展開すると39校となり、SRC000158およびJHBF公式39校（SRC000099）と一致。
SCH002132,一条,奈良市立一条高等学校,奈良市立一条高等学校,,奈良市立一条高等学校,29,奈良市,,municipal,high_school,active,SRC000157,2026-10-02,2026硬式加盟校として登録。SRC000157の2026奈良大会33チームを学校単位へ展開すると39校となり、SRC000158およびJHBF公式39校（SRC000099）と一致。
SCH002133,王寺工,奈良県立王寺工業高等学校,奈良県立王寺工業高等学校,,奈良県立王寺工業高等学校,29,王寺町,,prefectural,high_school,active,SRC000157,2026-10-02,2026硬式加盟校として登録。SRC000157の2026奈良大会33チームを学校単位へ展開すると39校となり、SRC000158およびJHBF公式39校（SRC000099）と一致。
SCH002134,西大和学園,西大和学園高等学校,西大和学園高等学校,,西大和学園高等学校,29,河合町,,private,high_school,active,SRC000157,2026-10-02,2026硬式加盟校として登録。SRC000157の2026奈良大会33チームを学校単位へ展開すると39校となり、SRC000158およびJHBF公式39校（SRC000099）と一致。
SCH002135,奈良高専,奈良工業高等専門学校,奈良工業高等専門学校,,奈良工業高等専門学校,29,大和郡山市,,national,technical_college,active,SRC000157,2026-10-02,2026硬式加盟校として登録。SRC000157の2026奈良大会33チームを学校単位へ展開すると39校となり、SRC000158およびJHBF公式39校（SRC000099）と一致。
SCH002136,生駒,奈良県立生駒高等学校,奈良県立生駒高等学校,,奈良県立生駒高等学校,29,生駒市,,prefectural,high_school,active,SRC000157,2026-10-02,2026硬式加盟校として登録。SRC000157の2026奈良大会33チームを学校単位へ展開すると39校となり、SRC000158およびJHBF公式39校（SRC000099）と一致。
SCH002137,奈良商,奈良県立商業高等学校,奈良県立商業高等学校,,奈良県立商業高等学校,29,桜井市,桜井市河西770,prefectural,high_school,active,SRC000157,2026-10-02,2026硬式加盟校として登録。SRC000157の2026奈良大会33チームを学校単位へ展開すると39校となり、SRC000158およびJHBF公式39校（SRC000099）と一致。
SCH002138,青翔,奈良県立青翔高等学校,奈良県立青翔高等学校,,奈良県立青翔高等学校,29,御所市,御所市御所525,prefectural,high_school,active,SRC000157,2026-10-02,2026硬式加盟校として登録。SRC000157の2026奈良大会33チームを学校単位へ展開すると39校となり、SRC000158およびJHBF公式39校（SRC000099）と一致。 4校連合Bの構成校。
SCH002139,西和清陵,奈良県立西和清陵高等学校,奈良県立西和清陵高等学校,,奈良県立西和清陵高等学校,29,三郷町,,prefectural,high_school,active,SRC000157,2026-10-02,2026硬式加盟校として登録。SRC000157の2026奈良大会33チームを学校単位へ展開すると39校となり、SRC000158およびJHBF公式39校（SRC000099）と一致。 4校連合Bの構成校。
SCH002140,十津川,奈良県立十津川高等学校,奈良県立十津川高等学校,,奈良県立十津川高等学校,29,十津川村,,prefectural,high_school,active,SRC000157,2026-10-02,2026硬式加盟校として登録。SRC000157の2026奈良大会33チームを学校単位へ展開すると39校となり、SRC000158およびJHBF公式39校（SRC000099）と一致。 4校連合Bの構成校。
SCH002141,奈良南,奈良県立奈良南高等学校,奈良県立奈良南高等学校,,奈良県立奈良南高等学校,29,大淀町,吉野郡大淀町下渕983,prefectural,high_school,active,SRC000157,2026-10-02,2026硬式加盟校として登録。SRC000157の2026奈良大会33チームを学校単位へ展開すると39校となり、SRC000158およびJHBF公式39校（SRC000099）と一致。 4校連合Bの構成校。 本校所在地はSRC000163の大淀けやきキャンパスを採用。
SCH002142,高円芸術,奈良県立高円芸術高等学校,奈良県立高円芸術高等学校,,奈良県立高円芸術高等学校,29,奈良市,,prefectural,high_school,active,SRC000157,2026-10-02,2026硬式加盟校として登録。SRC000157の2026奈良大会33チームを学校単位へ展開すると39校となり、SRC000158およびJHBF公式39校（SRC000099）と一致。 4校連合Aの構成校。
SCH002143,奈良国際,奈良県立奈良国際高等学校,奈良県立奈良国際高等学校,,奈良県立奈良国際高等学校,29,奈良市,,prefectural,high_school,active,SRC000157,2026-10-02,2026硬式加盟校として登録。SRC000157の2026奈良大会33チームを学校単位へ展開すると39校となり、SRC000158およびJHBF公式39校（SRC000099）と一致。 4校連合Aの構成校。
SCH002144,二階堂,奈良県立二階堂高等学校,奈良県立二階堂高等学校,,奈良県立二階堂高等学校,29,天理市,,prefectural,high_school,active,SRC000157,2026-10-02,2026硬式加盟校として登録。SRC000157の2026奈良大会33チームを学校単位へ展開すると39校となり、SRC000158およびJHBF公式39校（SRC000099）と一致。 4校連合Aの構成校。
SCH002145,山辺,奈良県立山辺高等学校,奈良県立山辺高等学校,,奈良県立山辺高等学校,29,奈良市,,prefectural,high_school,active,SRC000157,2026-10-02,2026硬式加盟校として登録。SRC000157の2026奈良大会33チームを学校単位へ展開すると39校となり、SRC000158およびJHBF公式39校（SRC000099）と一致。 4校連合Aの構成校。
SCH002146,郡山,奈良県立郡山高等学校,奈良県立郡山高等学校,,奈良県立郡山高等学校,29,大和郡山市,,prefectural,high_school,active,SRC000157,2026-10-02,2026硬式加盟校として登録。SRC000157の2026奈良大会33チームを学校単位へ展開すると39校となり、SRC000158およびJHBF公式39校（SRC000099）と一致。
SCH002147,高田,奈良県立高田高等学校,奈良県立高田高等学校,,奈良県立高田高等学校,29,大和高田市,,prefectural,high_school,active,SRC000157,2026-10-02,2026硬式加盟校として登録。SRC000157の2026奈良大会33チームを学校単位へ展開すると39校となり、SRC000158およびJHBF公式39校（SRC000099）と一致。
SCH002148,奈良,奈良県立奈良高等学校,奈良県立奈良高等学校,,奈良県立奈良高等学校,29,奈良市,,prefectural,high_school,active,SRC000157,2026-10-02,2026硬式加盟校として登録。SRC000157の2026奈良大会33チームを学校単位へ展開すると39校となり、SRC000158およびJHBF公式39校（SRC000099）と一致。
SCH002149,高田商,大和高田市立高田商業高等学校,大和高田市立高田商業高等学校,,大和高田市立高田商業高等学校,29,大和高田市,,municipal,high_school,active,SRC000157,2026-10-02,2026硬式加盟校として登録。SRC000157の2026奈良大会33チームを学校単位へ展開すると39校となり、SRC000158およびJHBF公式39校（SRC000099）と一致。
SCH002150,奈良大付,奈良大学附属高等学校,奈良大学附属高等学校,,奈良大学附属高等学校,29,奈良市,,private,high_school,active,SRC000157,2026-10-02,2026硬式加盟校として登録。SRC000157の2026奈良大会33チームを学校単位へ展開すると39校となり、SRC000158およびJHBF公式39校（SRC000099）と一致。
SCH002151,香芝,奈良県立香芝高等学校,奈良県立香芝高等学校,,奈良県立香芝高等学校,29,香芝市,,prefectural,high_school,active,SRC000157,2026-10-02,2026硬式加盟校として登録。SRC000157の2026奈良大会33チームを学校単位へ展開すると39校となり、SRC000158およびJHBF公式39校（SRC000099）と一致。
SCH002152,智弁学園,智弁学園高等学校,智弁学園高等学校,,智弁学園高等学校,29,五條市,,private,high_school,active,SRC000157,2026-10-02,2026硬式加盟校として登録。SRC000157の2026奈良大会33チームを学校単位へ展開すると39校となり、SRC000158およびJHBF公式39校（SRC000099）と一致。
SCH002153,御所実,奈良県立御所実業高等学校,奈良県立御所実業高等学校,,奈良県立御所実業高等学校,29,御所市,,prefectural,high_school,active,SRC000157,2026-10-02,2026硬式加盟校として登録。SRC000157の2026奈良大会33チームを学校単位へ展開すると39校となり、SRC000158およびJHBF公式39校（SRC000099）と一致。
SCH002154,帝塚山,帝塚山高等学校,帝塚山高等学校,,帝塚山高等学校,29,奈良市,,private,high_school,active,SRC000157,2026-10-02,2026硬式加盟校として登録。SRC000157の2026奈良大会33チームを学校単位へ展開すると39校となり、SRC000158およびJHBF公式39校（SRC000099）と一致。
SCH002155,法隆寺国際,奈良県立法隆寺国際高等学校,奈良県立法隆寺国際高等学校,,奈良県立法隆寺国際高等学校,29,斑鳩町,,prefectural,high_school,active,SRC000157,2026-10-02,2026硬式加盟校として登録。SRC000157の2026奈良大会33チームを学校単位へ展開すると39校となり、SRC000158およびJHBF公式39校（SRC000099）と一致。
SCH002156,桜井,奈良県立桜井高等学校,奈良県立桜井高等学校,,奈良県立桜井高等学校,29,桜井市,,prefectural,high_school,active,SRC000157,2026-10-02,2026硬式加盟校として登録。SRC000157の2026奈良大会33チームを学校単位へ展開すると39校となり、SRC000158およびJHBF公式39校（SRC000099）と一致。
SCH002157,宇陀,奈良県立宇陀高等学校,奈良県立宇陀高等学校,,奈良県立宇陀高等学校,29,宇陀市,,prefectural,high_school,active,SRC000157,2026-10-02,2026硬式加盟校として登録。SRC000157の2026奈良大会33チームを学校単位へ展開すると39校となり、SRC000158およびJHBF公式39校（SRC000099）と一致。
SCH002158,奈良北,奈良県立奈良北高等学校,奈良県立奈良北高等学校,,奈良県立奈良北高等学校,29,生駒市,,prefectural,high_school,active,SRC000157,2026-10-02,2026硬式加盟校として登録。SRC000157の2026奈良大会33チームを学校単位へ展開すると39校となり、SRC000158およびJHBF公式39校（SRC000099）と一致。
SCH002159,橿原学院,橿原学院高等学校,橿原学院高等学校,,橿原学院高等学校,29,橿原市,,private,high_school,active,SRC000157,2026-10-02,2026硬式加盟校として登録。SRC000157の2026奈良大会33チームを学校単位へ展開すると39校となり、SRC000158およびJHBF公式39校（SRC000099）と一致。
SCH002160,五條,奈良県立五條高等学校,奈良県立五條高等学校,,奈良県立五條高等学校,29,五條市,,prefectural,high_school,active,SRC000157,2026-10-02,2026硬式加盟校として登録。SRC000157の2026奈良大会33チームを学校単位へ展開すると39校となり、SRC000158およびJHBF公式39校（SRC000099）と一致。
SCH002161,熊本工,熊本県立熊本工業高等学校,熊本県立熊本工業高等学校,,熊本県立熊本工業高等学校,43,熊本市,,prefectural,high_school,active,SRC000159,2026-10-02,2026硬式加盟校として登録。SRC000159の2026熊本大会54チームを学校単位へ展開すると59校となり、JHBF公式59校（SRC000099）と一致。
SCH002162,鹿本,熊本県立鹿本高等学校,熊本県立鹿本高等学校,,熊本県立鹿本高等学校,43,山鹿市,,prefectural,high_school,active,SRC000159,2026-10-02,2026硬式加盟校として登録。SRC000159の2026熊本大会54チームを学校単位へ展開すると59校となり、JHBF公式59校（SRC000099）と一致。
SCH002163,水俣,熊本県立水俣高等学校,熊本県立水俣高等学校,,熊本県立水俣高等学校,43,水俣市,,prefectural,high_school,active,SRC000159,2026-10-02,2026硬式加盟校として登録。SRC000159の2026熊本大会54チームを学校単位へ展開すると59校となり、JHBF公式59校（SRC000099）と一致。
SCH002164,熊本高専八代,熊本高等専門学校八代キャンパス,熊本高等専門学校八代キャンパス,,熊本高等専門学校八代キャンパス,43,八代市,八代市平山新町2627,national,technical_college,active,SRC000159,2026-10-02,2026硬式加盟校として登録。SRC000159の2026熊本大会54チームを学校単位へ展開すると59校となり、JHBF公式59校（SRC000099）と一致。 キャンパス所在地はSRC000161で確認。
SCH002165,小国,熊本県立小国高等学校,熊本県立小国高等学校,,熊本県立小国高等学校,43,小国町,,prefectural,high_school,active,SRC000159,2026-10-02,2026硬式加盟校として登録。SRC000159の2026熊本大会54チームを学校単位へ展開すると59校となり、JHBF公式59校（SRC000099）と一致。
SCH002166,八代工,熊本県立八代工業高等学校,熊本県立八代工業高等学校,,熊本県立八代工業高等学校,43,八代市,,prefectural,high_school,active,SRC000159,2026-10-02,2026硬式加盟校として登録。SRC000159の2026熊本大会54チームを学校単位へ展開すると59校となり、JHBF公式59校（SRC000099）と一致。
SCH002167,熊本西,熊本県立熊本西高等学校,熊本県立熊本西高等学校,,熊本県立熊本西高等学校,43,熊本市,,prefectural,high_school,active,SRC000159,2026-10-02,2026硬式加盟校として登録。SRC000159の2026熊本大会54チームを学校単位へ展開すると59校となり、JHBF公式59校（SRC000099）と一致。
SCH002168,真和,真和高等学校,真和高等学校,,真和高等学校,43,熊本市,,private,high_school,active,SRC000159,2026-10-02,2026硬式加盟校として登録。SRC000159の2026熊本大会54チームを学校単位へ展開すると59校となり、JHBF公式59校（SRC000099）と一致。 私立区分・正式校名の補助確認にSRC000160を使用。
SCH002169,必由館,熊本市立必由館高等学校,熊本市立必由館高等学校,,熊本市立必由館高等学校,43,熊本市,,municipal,high_school,active,SRC000159,2026-10-02,2026硬式加盟校として登録。SRC000159の2026熊本大会54チームを学校単位へ展開すると59校となり、JHBF公式59校（SRC000099）と一致。
SCH002170,天草,熊本県立天草高等学校,熊本県立天草高等学校,,熊本県立天草高等学校,43,天草市,,prefectural,high_school,active,SRC000159,2026-10-02,2026硬式加盟校として登録。SRC000159の2026熊本大会54チームを学校単位へ展開すると59校となり、JHBF公式59校（SRC000099）と一致。
SCH002171,玉名,熊本県立玉名高等学校,熊本県立玉名高等学校,,熊本県立玉名高等学校,43,玉名市,,prefectural,high_school,active,SRC000159,2026-10-02,2026硬式加盟校として登録。SRC000159の2026熊本大会54チームを学校単位へ展開すると59校となり、JHBF公式59校（SRC000099）と一致。
SCH002172,八代東,熊本県立八代東高等学校,熊本県立八代東高等学校,,熊本県立八代東高等学校,43,八代市,,prefectural,high_school,active,SRC000159,2026-10-02,2026硬式加盟校として登録。SRC000159の2026熊本大会54チームを学校単位へ展開すると59校となり、JHBF公式59校（SRC000099）と一致。
SCH002173,人吉,熊本県立人吉高等学校,熊本県立人吉高等学校,,熊本県立人吉高等学校,43,人吉市,,prefectural,high_school,active,SRC000159,2026-10-02,2026硬式加盟校として登録。SRC000159の2026熊本大会54チームを学校単位へ展開すると59校となり、JHBF公式59校（SRC000099）と一致。
SCH002174,ルーテル学院,ルーテル学院高等学校,ルーテル学院高等学校,,ルーテル学院高等学校,43,熊本市,,private,high_school,active,SRC000159,2026-10-02,2026硬式加盟校として登録。SRC000159の2026熊本大会54チームを学校単位へ展開すると59校となり、JHBF公式59校（SRC000099）と一致。 私立区分・正式校名の補助確認にSRC000160を使用。
SCH002175,岱志,熊本県立岱志高等学校,熊本県立岱志高等学校,,熊本県立岱志高等学校,43,荒尾市,,prefectural,high_school,active,SRC000159,2026-10-02,2026硬式加盟校として登録。SRC000159の2026熊本大会54チームを学校単位へ展開すると59校となり、JHBF公式59校（SRC000099）と一致。
SCH002176,天草工,熊本県立天草工業高等学校,熊本県立天草工業高等学校,,熊本県立天草工業高等学校,43,天草市,,prefectural,high_school,active,SRC000159,2026-10-02,2026硬式加盟校として登録。SRC000159の2026熊本大会54チームを学校単位へ展開すると59校となり、JHBF公式59校（SRC000099）と一致。
SCH002177,熊本農,熊本県立熊本農業高等学校,熊本県立熊本農業高等学校,,熊本県立熊本農業高等学校,43,熊本市,,prefectural,high_school,active,SRC000159,2026-10-02,2026硬式加盟校として登録。SRC000159の2026熊本大会54チームを学校単位へ展開すると59校となり、JHBF公式59校（SRC000099）と一致。
SCH002178,熊本第一,熊本県立第一高等学校,熊本県立第一高等学校,,熊本県立第一高等学校,43,熊本市,,prefectural,high_school,active,SRC000159,2026-10-02,2026硬式加盟校として登録。SRC000159の2026熊本大会54チームを学校単位へ展開すると59校となり、JHBF公式59校（SRC000099）と一致。
SCH002179,東稜,熊本県立東稜高等学校,熊本県立東稜高等学校,,熊本県立東稜高等学校,43,熊本市,,prefectural,high_school,active,SRC000159,2026-10-02,2026硬式加盟校として登録。SRC000159の2026熊本大会54チームを学校単位へ展開すると59校となり、JHBF公式59校（SRC000099）と一致。
SCH002180,矢部,熊本県立矢部高等学校,熊本県立矢部高等学校,,熊本県立矢部高等学校,43,山都町,,prefectural,high_school,active,SRC000159,2026-10-02,2026硬式加盟校として登録。SRC000159の2026熊本大会54チームを学校単位へ展開すると59校となり、JHBF公式59校（SRC000099）と一致。 4校連合の構成校。
SCH002181,甲佐,熊本県立甲佐高等学校,熊本県立甲佐高等学校,,熊本県立甲佐高等学校,43,甲佐町,,prefectural,high_school,active,SRC000159,2026-10-02,2026硬式加盟校として登録。SRC000159の2026熊本大会54チームを学校単位へ展開すると59校となり、JHBF公式59校（SRC000099）と一致。 4校連合の構成校。
SCH002182,湧心館,熊本県立湧心館高等学校,熊本県立湧心館高等学校,,熊本県立湧心館高等学校,43,熊本市,,prefectural,high_school,active,SRC000159,2026-10-02,2026硬式加盟校として登録。SRC000159の2026熊本大会54チームを学校単位へ展開すると59校となり、JHBF公式59校（SRC000099）と一致。 4校連合の構成校。
SCH002183,八代農,熊本県立八代農業高等学校,熊本県立八代農業高等学校,,熊本県立八代農業高等学校,43,八代市,八代市鏡町鏡村129,prefectural,high_school,active,SRC000159,2026-10-02,2026硬式加盟校として登録。SRC000159の2026熊本大会54チームを学校単位へ展開すると59校となり、JHBF公式59校（SRC000099）と一致。 4校連合の構成校。 所在地はSRC000164で確認。
SCH002184,御船,熊本県立御船高等学校,熊本県立御船高等学校,,熊本県立御船高等学校,43,御船町,,prefectural,high_school,active,SRC000159,2026-10-02,2026硬式加盟校として登録。SRC000159の2026熊本大会54チームを学校単位へ展開すると59校となり、JHBF公式59校（SRC000099）と一致。
SCH002185,有明,有明高等学校,有明高等学校,,有明高等学校,43,荒尾市,,private,high_school,active,SRC000159,2026-10-02,2026硬式加盟校として登録。SRC000159の2026熊本大会54チームを学校単位へ展開すると59校となり、JHBF公式59校（SRC000099）と一致。 私立区分・正式校名の補助確認にSRC000160を使用。
SCH002186,阿蘇中央,熊本県立阿蘇中央高等学校,熊本県立阿蘇中央高等学校,,熊本県立阿蘇中央高等学校,43,阿蘇市,,prefectural,high_school,active,SRC000159,2026-10-02,2026硬式加盟校として登録。SRC000159の2026熊本大会54チームを学校単位へ展開すると59校となり、JHBF公式59校（SRC000099）と一致。
SCH002187,千原台,熊本市立千原台高等学校,熊本市立千原台高等学校,,熊本市立千原台高等学校,43,熊本市,,municipal,high_school,active,SRC000159,2026-10-02,2026硬式加盟校として登録。SRC000159の2026熊本大会54チームを学校単位へ展開すると59校となり、JHBF公式59校（SRC000099）と一致。
SCH002188,開新,開新高等学校,開新高等学校,,開新高等学校,43,熊本市,,private,high_school,active,SRC000159,2026-10-02,2026硬式加盟校として登録。SRC000159の2026熊本大会54チームを学校単位へ展開すると59校となり、JHBF公式59校（SRC000099）と一致。 私立区分・正式校名の補助確認にSRC000160を使用。
SCH002189,玉名工,熊本県立玉名工業高等学校,熊本県立玉名工業高等学校,,熊本県立玉名工業高等学校,43,玉名市,,prefectural,high_school,active,SRC000159,2026-10-02,2026硬式加盟校として登録。SRC000159の2026熊本大会54チームを学校単位へ展開すると59校となり、JHBF公式59校（SRC000099）と一致。
SCH002190,球磨工,熊本県立球磨工業高等学校,熊本県立球磨工業高等学校,,熊本県立球磨工業高等学校,43,人吉市,,prefectural,high_school,active,SRC000159,2026-10-02,2026硬式加盟校として登録。SRC000159の2026熊本大会54チームを学校単位へ展開すると59校となり、JHBF公式59校（SRC000099）と一致。
SCH002191,九州学院,九州学院高等学校,九州学院高等学校,,九州学院高等学校,43,熊本市,,private,high_school,active,SRC000159,2026-10-02,2026硬式加盟校として登録。SRC000159の2026熊本大会54チームを学校単位へ展開すると59校となり、JHBF公式59校（SRC000099）と一致。 私立区分・正式校名の補助確認にSRC000160を使用。
SCH002192,宇土,熊本県立宇土高等学校,熊本県立宇土高等学校,,熊本県立宇土高等学校,43,宇土市,,prefectural,high_school,active,SRC000159,2026-10-02,2026硬式加盟校として登録。SRC000159の2026熊本大会54チームを学校単位へ展開すると59校となり、JHBF公式59校（SRC000099）と一致。
SCH002193,芦北,熊本県立芦北高等学校,熊本県立芦北高等学校,,熊本県立芦北高等学校,43,芦北町,,prefectural,high_school,active,SRC000159,2026-10-02,2026硬式加盟校として登録。SRC000159の2026熊本大会54チームを学校単位へ展開すると59校となり、JHBF公式59校（SRC000099）と一致。
SCH002194,小川工,熊本県立小川工業高等学校,熊本県立小川工業高等学校,,熊本県立小川工業高等学校,43,宇城市,,prefectural,high_school,active,SRC000159,2026-10-02,2026硬式加盟校として登録。SRC000159の2026熊本大会54チームを学校単位へ展開すると59校となり、JHBF公式59校（SRC000099）と一致。
SCH002195,熊本北,熊本県立熊本北高等学校,熊本県立熊本北高等学校,,熊本県立熊本北高等学校,43,熊本市,,prefectural,high_school,active,SRC000159,2026-10-02,2026硬式加盟校として登録。SRC000159の2026熊本大会54チームを学校単位へ展開すると59校となり、JHBF公式59校（SRC000099）と一致。
SCH002196,八代清流,熊本県立八代清流高等学校,熊本県立八代清流高等学校,,熊本県立八代清流高等学校,43,八代市,,prefectural,high_school,active,SRC000159,2026-10-02,2026硬式加盟校として登録。SRC000159の2026熊本大会54チームを学校単位へ展開すると59校となり、JHBF公式59校（SRC000099）と一致。
SCH002197,熊本二,熊本県立第二高等学校,熊本県立第二高等学校,,熊本県立第二高等学校,43,熊本市,,prefectural,high_school,active,SRC000159,2026-10-02,2026硬式加盟校として登録。SRC000159の2026熊本大会54チームを学校単位へ展開すると59校となり、JHBF公式59校（SRC000099）と一致。
SCH002198,鎮西,鎮西高等学校,鎮西高等学校,,鎮西高等学校,43,熊本市,,private,high_school,active,SRC000159,2026-10-02,2026硬式加盟校として登録。SRC000159の2026熊本大会54チームを学校単位へ展開すると59校となり、JHBF公式59校（SRC000099）と一致。 私立区分・正式校名の補助確認にSRC000160を使用。
SCH002199,熊本学園大付,熊本学園大学付属高等学校,熊本学園大学付属高等学校,,熊本学園大学付属高等学校,43,熊本市,,private,high_school,active,SRC000159,2026-10-02,2026硬式加盟校として登録。SRC000159の2026熊本大会54チームを学校単位へ展開すると59校となり、JHBF公式59校（SRC000099）と一致。 私立区分・正式校名の補助確認にSRC000160を使用。
SCH002200,天草拓心,熊本県立天草拓心高等学校,熊本県立天草拓心高等学校,,熊本県立天草拓心高等学校,43,天草市,,prefectural,high_school,active,SRC000159,2026-10-02,2026硬式加盟校として登録。SRC000159の2026熊本大会54チームを学校単位へ展開すると59校となり、JHBF公式59校（SRC000099）と一致。 2校連合の構成校。
SCH002201,牛深,熊本県立牛深高等学校,熊本県立牛深高等学校,,熊本県立牛深高等学校,43,天草市,,prefectural,high_school,active,SRC000159,2026-10-02,2026硬式加盟校として登録。SRC000159の2026熊本大会54チームを学校単位へ展開すると59校となり、JHBF公式59校（SRC000099）と一致。 2校連合の構成校。
SCH002202,専大熊本,専修大学熊本玉名高等学校,専修大学熊本玉名高等学校,,専修大学熊本玉名高等学校,43,玉名市,玉名市岱明町野口1046,private,high_school,active,SRC000159,2026-10-02,2026硬式加盟校として登録。SRC000159の2026熊本大会54チームを学校単位へ展開すると59校となり、JHBF公式59校（SRC000099）と一致。 私立区分・正式校名の補助確認にSRC000160を使用。
SCH002203,熊本高専熊本,熊本高等専門学校熊本キャンパス,熊本高等専門学校熊本キャンパス,,熊本高等専門学校熊本キャンパス,43,合志市,合志市須屋2659-2,national,technical_college,active,SRC000159,2026-10-02,2026硬式加盟校として登録。SRC000159の2026熊本大会54チームを学校単位へ展開すると59校となり、JHBF公式59校（SRC000099）と一致。 2校連合の構成校。 キャンパス所在地はSRC000161で確認。
SCH002204,菊池農,熊本県立菊池農業高等学校,熊本県立菊池農業高等学校,,熊本県立菊池農業高等学校,43,菊池市,,prefectural,high_school,active,SRC000159,2026-10-02,2026硬式加盟校として登録。SRC000159の2026熊本大会54チームを学校単位へ展開すると59校となり、JHBF公式59校（SRC000099）と一致。 2校連合の構成校。
SCH002205,熊本,熊本県立熊本高等学校,熊本県立熊本高等学校,,熊本県立熊本高等学校,43,熊本市,,prefectural,high_school,active,SRC000159,2026-10-02,2026硬式加盟校として登録。SRC000159の2026熊本大会54チームを学校単位へ展開すると59校となり、JHBF公式59校（SRC000099）と一致。
SCH002206,城北,城北高等学校,城北高等学校,,城北高等学校,43,山鹿市,山鹿市志々岐798,private,high_school,active,SRC000159,2026-10-02,2026硬式加盟校として登録。SRC000159の2026熊本大会54チームを学校単位へ展開すると59校となり、JHBF公式59校（SRC000099）と一致。 私立区分・正式校名の補助確認にSRC000160を使用。
SCH002207,東海大星翔,東海大学付属熊本星翔高等学校,東海大学付属熊本星翔高等学校,,東海大学付属熊本星翔高等学校,43,熊本市,,private,high_school,active,SRC000159,2026-10-02,2026硬式加盟校として登録。SRC000159の2026熊本大会54チームを学校単位へ展開すると59校となり、JHBF公式59校（SRC000099）と一致。 私立区分・正式校名の補助確認にSRC000160を使用。
SCH002208,熊本商,熊本県立熊本商業高等学校,熊本県立熊本商業高等学校,,熊本県立熊本商業高等学校,43,熊本市,,prefectural,high_school,active,SRC000159,2026-10-02,2026硬式加盟校として登録。SRC000159の2026熊本大会54チームを学校単位へ展開すると59校となり、JHBF公式59校（SRC000099）と一致。
SCH002209,大津,熊本県立大津高等学校,熊本県立大津高等学校,,熊本県立大津高等学校,43,大津町,,prefectural,high_school,active,SRC000159,2026-10-02,2026硬式加盟校として登録。SRC000159の2026熊本大会54チームを学校単位へ展開すると59校となり、JHBF公式59校（SRC000099）と一致。
SCH002210,南稜,熊本県立南稜高等学校,熊本県立南稜高等学校,,熊本県立南稜高等学校,43,あさぎり町,,prefectural,high_school,active,SRC000159,2026-10-02,2026硬式加盟校として登録。SRC000159の2026熊本大会54チームを学校単位へ展開すると59校となり、JHBF公式59校（SRC000099）と一致。
SCH002211,八代,熊本県立八代高等学校,熊本県立八代高等学校,,熊本県立八代高等学校,43,八代市,,prefectural,high_school,active,SRC000159,2026-10-02,2026硬式加盟校として登録。SRC000159の2026熊本大会54チームを学校単位へ展開すると59校となり、JHBF公式59校（SRC000099）と一致。
SCH002212,菊池,熊本県立菊池高等学校,熊本県立菊池高等学校,,熊本県立菊池高等学校,43,菊池市,,prefectural,high_school,active,SRC000159,2026-10-02,2026硬式加盟校として登録。SRC000159の2026熊本大会54チームを学校単位へ展開すると59校となり、JHBF公式59校（SRC000099）と一致。
SCH002213,済々黌,熊本県立済々黌高等学校,熊本県立済々黌高等学校,,熊本県立済々黌高等学校,43,熊本市,,prefectural,high_school,active,SRC000159,2026-10-02,2026硬式加盟校として登録。SRC000159の2026熊本大会54チームを学校単位へ展開すると59校となり、JHBF公式59校（SRC000099）と一致。
SCH002214,文徳,文徳高等学校,文徳高等学校,,文徳高等学校,43,熊本市,,private,high_school,active,SRC000159,2026-10-02,2026硬式加盟校として登録。SRC000159の2026熊本大会54チームを学校単位へ展開すると59校となり、JHBF公式59校（SRC000099）と一致。 私立区分・正式校名の補助確認にSRC000160を使用。
SCH002215,熊本国府,熊本国府高等学校,熊本国府高等学校,,熊本国府高等学校,43,熊本市,,private,high_school,active,SRC000159,2026-10-02,2026硬式加盟校として登録。SRC000159の2026熊本大会54チームを学校単位へ展開すると59校となり、JHBF公式59校（SRC000099）と一致。 私立区分・正式校名の補助確認にSRC000160を使用。
SCH002216,上天草,熊本県立上天草高等学校,熊本県立上天草高等学校,,熊本県立上天草高等学校,43,上天草市,,prefectural,high_school,active,SRC000159,2026-10-02,2026硬式加盟校として登録。SRC000159の2026熊本大会54チームを学校単位へ展開すると59校となり、JHBF公式59校（SRC000099）と一致。
SCH002217,翔陽,熊本県立翔陽高等学校,熊本県立翔陽高等学校,,熊本県立翔陽高等学校,43,大津町,,prefectural,high_school,active,SRC000159,2026-10-02,2026硬式加盟校として登録。SRC000159の2026熊本大会54チームを学校単位へ展開すると59校となり、JHBF公式59校（SRC000099）と一致。
SCH002218,鹿本商工,熊本県立鹿本商工高等学校,熊本県立鹿本商工高等学校,,熊本県立鹿本商工高等学校,43,山鹿市,,prefectural,high_school,active,SRC000159,2026-10-02,2026硬式加盟校として登録。SRC000159の2026熊本大会54チームを学校単位へ展開すると59校となり、JHBF公式59校（SRC000099）と一致。
SCH002219,秀岳館,秀岳館高等学校,秀岳館高等学校,,秀岳館高等学校,43,八代市,,private,high_school,active,SRC000159,2026-10-02,2026硬式加盟校として登録。SRC000159の2026熊本大会54チームを学校単位へ展開すると59校となり、JHBF公式59校（SRC000099）と一致。 私立区分・正式校名の補助確認にSRC000160を使用。
SCH002220,山形東,山形県立山形東高等学校,山形県立山形東高等学校,,山形県立山形東高等学校,06,山形市,,prefectural,high_school,active,SRC000173,2026-10-02,2026硬式加盟校として登録。山形県の2026選手権大会を学校単位へ展開し、JHBF 2026年5月末公式加盟校数（SRC000099）と一致することを確認。 正式校名はSRC000173の現行加盟校欄を参照。画面見出しの43校ではなく硬式学校実体42校を採用。
SCH002221,山形南,山形県立山形南高等学校,山形県立山形南高等学校,,山形県立山形南高等学校,06,山形市,,prefectural,high_school,active,SRC000173,2026-10-02,2026硬式加盟校として登録。山形県の2026選手権大会を学校単位へ展開し、JHBF 2026年5月末公式加盟校数（SRC000099）と一致することを確認。 正式校名はSRC000173の現行加盟校欄を参照。画面見出しの43校ではなく硬式学校実体42校を採用。
SCH002222,山形工,山形県立山形工業高等学校,山形県立山形工業高等学校,,山形県立山形工業高等学校,06,山形市,,prefectural,high_school,active,SRC000173,2026-10-02,2026硬式加盟校として登録。山形県の2026選手権大会を学校単位へ展開し、JHBF 2026年5月末公式加盟校数（SRC000099）と一致することを確認。 正式校名はSRC000173の現行加盟校欄を参照。画面見出しの43校ではなく硬式学校実体42校を採用。
SCH002223,山形中央,山形県立山形中央高等学校,山形県立山形中央高等学校,,山形県立山形中央高等学校,06,山形市,,prefectural,high_school,active,SRC000173,2026-10-02,2026硬式加盟校として登録。山形県の2026選手権大会を学校単位へ展開し、JHBF 2026年5月末公式加盟校数（SRC000099）と一致することを確認。 正式校名はSRC000173の現行加盟校欄を参照。画面見出しの43校ではなく硬式学校実体42校を採用。
SCH002224,山形市商,山形市立商業高等学校,山形市立商業高等学校,,山形市立商業高等学校,06,山形市,,municipal,high_school,active,SRC000173,2026-10-02,2026硬式加盟校として登録。山形県の2026選手権大会を学校単位へ展開し、JHBF 2026年5月末公式加盟校数（SRC000099）と一致することを確認。 正式校名はSRC000173の現行加盟校欄を参照。画面見出しの43校ではなく硬式学校実体42校を採用。
SCH002225,上山明新館,山形県立上山明新館高等学校,山形県立上山明新館高等学校,,山形県立上山明新館高等学校,06,上山市,,prefectural,high_school,active,SRC000173,2026-10-02,2026硬式加盟校として登録。山形県の2026選手権大会を学校単位へ展開し、JHBF 2026年5月末公式加盟校数（SRC000099）と一致することを確認。 2026選手権では連合チームの構成校。 正式校名はSRC000173の現行加盟校欄を参照。画面見出しの43校ではなく硬式学校実体42校を採用。
SCH002226,天童,山形県立天童高等学校,山形県立天童高等学校,,山形県立天童高等学校,06,天童市,,prefectural,high_school,active,SRC000173,2026-10-02,2026硬式加盟校として登録。山形県の2026選手権大会を学校単位へ展開し、JHBF 2026年5月末公式加盟校数（SRC000099）と一致することを確認。 2026選手権では連合チームの構成校。 正式校名はSRC000173の現行加盟校欄を参照。画面見出しの43校ではなく硬式学校実体42校を採用。
SCH002227,寒河江,山形県立寒河江高等学校,山形県立寒河江高等学校,,山形県立寒河江高等学校,06,寒河江市,,prefectural,high_school,active,SRC000173,2026-10-02,2026硬式加盟校として登録。山形県の2026選手権大会を学校単位へ展開し、JHBF 2026年5月末公式加盟校数（SRC000099）と一致することを確認。 正式校名はSRC000173の現行加盟校欄を参照。画面見出しの43校ではなく硬式学校実体42校を採用。
SCH002228,寒河江工,山形県立寒河江工業高等学校,山形県立寒河江工業高等学校,,山形県立寒河江工業高等学校,06,寒河江市,,prefectural,high_school,active,SRC000173,2026-10-02,2026硬式加盟校として登録。山形県の2026選手権大会を学校単位へ展開し、JHBF 2026年5月末公式加盟校数（SRC000099）と一致することを確認。 正式校名はSRC000173の現行加盟校欄を参照。画面見出しの43校ではなく硬式学校実体42校を採用。
SCH002229,谷地,山形県立谷地高等学校,山形県立谷地高等学校,,山形県立谷地高等学校,06,河北町,,prefectural,high_school,active,SRC000173,2026-10-02,2026硬式加盟校として登録。山形県の2026選手権大会を学校単位へ展開し、JHBF 2026年5月末公式加盟校数（SRC000099）と一致することを確認。 2026選手権では連合チームの構成校。 正式校名はSRC000173の現行加盟校欄を参照。画面見出しの43校ではなく硬式学校実体42校を採用。
SCH002230,左沢,山形県立左沢高等学校,山形県立左沢高等学校,,山形県立左沢高等学校,06,大江町,,prefectural,high_school,active,SRC000173,2026-10-02,2026硬式加盟校として登録。山形県の2026選手権大会を学校単位へ展開し、JHBF 2026年5月末公式加盟校数（SRC000099）と一致することを確認。 2026選手権では連合チームの構成校。 正式校名はSRC000173の現行加盟校欄を参照。画面見出しの43校ではなく硬式学校実体42校を採用。
SCH002231,日大山形,日本大学山形高等学校,日本大学山形高等学校,,日本大学山形高等学校,06,山形市,,private,high_school,active,SRC000173,2026-10-02,2026硬式加盟校として登録。山形県の2026選手権大会を学校単位へ展開し、JHBF 2026年5月末公式加盟校数（SRC000099）と一致することを確認。 正式校名はSRC000173の現行加盟校欄を参照。画面見出しの43校ではなく硬式学校実体42校を採用。
SCH002232,創学館,創学館高等学校,創学館高等学校,,創学館高等学校,06,山形市,,private,high_school,active,SRC000173,2026-10-02,2026硬式加盟校として登録。山形県の2026選手権大会を学校単位へ展開し、JHBF 2026年5月末公式加盟校数（SRC000099）と一致することを確認。 正式校名はSRC000173の現行加盟校欄を参照。画面見出しの43校ではなく硬式学校実体42校を採用。
SCH002233,東海大山形,東海大学山形高等学校,東海大学山形高等学校,,東海大学山形高等学校,06,山形市,,private,high_school,active,SRC000173,2026-10-02,2026硬式加盟校として登録。山形県の2026選手権大会を学校単位へ展開し、JHBF 2026年5月末公式加盟校数（SRC000099）と一致することを確認。 正式校名はSRC000173の現行加盟校欄を参照。画面見出しの43校ではなく硬式学校実体42校を採用。
SCH002234,山形学院,山形学院高等学校,山形学院高等学校,,山形学院高等学校,06,山形市,,private,high_school,active,SRC000173,2026-10-02,2026硬式加盟校として登録。山形県の2026選手権大会を学校単位へ展開し、JHBF 2026年5月末公式加盟校数（SRC000099）と一致することを確認。 正式校名はSRC000173の現行加盟校欄を参照。画面見出しの43校ではなく硬式学校実体42校を採用。
SCH002235,山形明正,山形明正高等学校,山形明正高等学校,,山形明正高等学校,06,山形市,,private,high_school,active,SRC000173,2026-10-02,2026硬式加盟校として登録。山形県の2026選手権大会を学校単位へ展開し、JHBF 2026年5月末公式加盟校数（SRC000099）と一致することを確認。 正式校名はSRC000173の現行加盟校欄を参照。画面見出しの43校ではなく硬式学校実体42校を採用。
SCH002236,惺山,惺山高等学校,惺山高等学校,,惺山高等学校,06,山形市,,private,high_school,active,SRC000173,2026-10-02,2026硬式加盟校として登録。山形県の2026選手権大会を学校単位へ展開し、JHBF 2026年5月末公式加盟校数（SRC000099）と一致することを確認。 正式校名はSRC000173の現行加盟校欄を参照。画面見出しの43校ではなく硬式学校実体42校を採用。
SCH002237,山形城北,東北文教大学山形城北高等学校,東北文教大学山形城北高等学校,,東北文教大学山形城北高等学校,06,山形市,,private,high_school,active,SRC000173,2026-10-02,2026硬式加盟校として登録。山形県の2026選手権大会を学校単位へ展開し、JHBF 2026年5月末公式加盟校数（SRC000099）と一致することを確認。 正式校名はSRC000173の現行加盟校欄を参照。画面見出しの43校ではなく硬式学校実体42校を採用。
SCH002238,米沢興譲館,山形県立米沢興譲館高等学校,山形県立米沢興譲館高等学校,,山形県立米沢興譲館高等学校,06,米沢市,,prefectural,high_school,active,SRC000173,2026-10-02,2026硬式加盟校として登録。山形県の2026選手権大会を学校単位へ展開し、JHBF 2026年5月末公式加盟校数（SRC000099）と一致することを確認。 正式校名はSRC000173の現行加盟校欄を参照。画面見出しの43校ではなく硬式学校実体42校を採用。
SCH002239,米沢東,山形県立米沢東高等学校,山形県立米沢東高等学校,,山形県立米沢東高等学校,06,米沢市,,prefectural,high_school,active,SRC000173,2026-10-02,2026硬式加盟校として登録。山形県の2026選手権大会を学校単位へ展開し、JHBF 2026年5月末公式加盟校数（SRC000099）と一致することを確認。 正式校名はSRC000173の現行加盟校欄を参照。画面見出しの43校ではなく硬式学校実体42校を採用。
SCH002240,米沢鶴城,山形県立米沢鶴城高等学校,山形県立米沢鶴城高等学校,,山形県立米沢鶴城高等学校,06,米沢市,,prefectural,high_school,active,SRC000173,2026-10-02,2026硬式加盟校として登録。山形県の2026選手権大会を学校単位へ展開し、JHBF 2026年5月末公式加盟校数（SRC000099）と一致することを確認。 正式校名はSRC000173の現行加盟校欄を参照。画面見出しの43校ではなく硬式学校実体42校を採用。
SCH002241,米沢中央,米沢中央高等学校,米沢中央高等学校,,米沢中央高等学校,06,米沢市,,private,high_school,active,SRC000173,2026-10-02,2026硬式加盟校として登録。山形県の2026選手権大会を学校単位へ展開し、JHBF 2026年5月末公式加盟校数（SRC000099）と一致することを確認。 正式校名はSRC000173の現行加盟校欄を参照。画面見出しの43校ではなく硬式学校実体42校を採用。
SCH002242,九里学園,九里学園高等学校,九里学園高等学校,,九里学園高等学校,06,米沢市,,private,high_school,active,SRC000173,2026-10-02,2026硬式加盟校として登録。山形県の2026選手権大会を学校単位へ展開し、JHBF 2026年5月末公式加盟校数（SRC000099）と一致することを確認。 正式校名はSRC000173の現行加盟校欄を参照。画面見出しの43校ではなく硬式学校実体42校を採用。
SCH002243,南陽,山形県立南陽高等学校,山形県立南陽高等学校,,山形県立南陽高等学校,06,南陽市,,prefectural,high_school,active,SRC000173,2026-10-02,2026硬式加盟校として登録。山形県の2026選手権大会を学校単位へ展開し、JHBF 2026年5月末公式加盟校数（SRC000099）と一致することを確認。 2026選手権では連合チームの構成校。 正式校名はSRC000173の現行加盟校欄を参照。画面見出しの43校ではなく硬式学校実体42校を採用。
SCH002244,高畠,山形県立高畠高等学校,山形県立高畠高等学校,,山形県立高畠高等学校,06,高畠町,,prefectural,high_school,active,SRC000173,2026-10-02,2026硬式加盟校として登録。山形県の2026選手権大会を学校単位へ展開し、JHBF 2026年5月末公式加盟校数（SRC000099）と一致することを確認。 2026選手権では連合チームの構成校。 正式校名はSRC000173の現行加盟校欄を参照。画面見出しの43校ではなく硬式学校実体42校を採用。
SCH002245,長井,山形県立長井高等学校,山形県立長井高等学校,,山形県立長井高等学校,06,長井市,,prefectural,high_school,active,SRC000173,2026-10-02,2026硬式加盟校として登録。山形県の2026選手権大会を学校単位へ展開し、JHBF 2026年5月末公式加盟校数（SRC000099）と一致することを確認。 正式校名はSRC000173の現行加盟校欄を参照。画面見出しの43校ではなく硬式学校実体42校を採用。
SCH002246,長井工,山形県立長井工業高等学校,山形県立長井工業高等学校,,山形県立長井工業高等学校,06,長井市,,prefectural,high_school,active,SRC000173,2026-10-02,2026硬式加盟校として登録。山形県の2026選手権大会を学校単位へ展開し、JHBF 2026年5月末公式加盟校数（SRC000099）と一致することを確認。 2026選手権では連合チームの構成校。 正式校名はSRC000173の現行加盟校欄を参照。画面見出しの43校ではなく硬式学校実体42校を採用。
SCH002247,東桜学館,山形県立東桜学館高等学校,山形県立東桜学館高等学校,,山形県立東桜学館高等学校,06,東根市,,prefectural,high_school,active,SRC000173,2026-10-02,2026硬式加盟校として登録。山形県の2026選手権大会を学校単位へ展開し、JHBF 2026年5月末公式加盟校数（SRC000099）と一致することを確認。 正式校名はSRC000173の現行加盟校欄を参照。画面見出しの43校ではなく硬式学校実体42校を採用。
SCH002248,村山産,山形県立村山産業高等学校,山形県立村山産業高等学校,,山形県立村山産業高等学校,06,村山市,,prefectural,high_school,active,SRC000173,2026-10-02,2026硬式加盟校として登録。山形県の2026選手権大会を学校単位へ展開し、JHBF 2026年5月末公式加盟校数（SRC000099）と一致することを確認。 正式校名はSRC000173の現行加盟校欄を参照。画面見出しの43校ではなく硬式学校実体42校を採用。
SCH002249,新庄志誠館,山形県立新庄志誠館高等学校,山形県立新庄志誠館高等学校,,山形県立新庄志誠館高等学校,06,新庄市,,prefectural,high_school,active,SRC000173,2026-10-02,2026硬式加盟校として登録。山形県の2026選手権大会を学校単位へ展開し、JHBF 2026年5月末公式加盟校数（SRC000099）と一致することを確認。 正式校名はSRC000173の現行加盟校欄を参照。画面見出しの43校ではなく硬式学校実体42校を採用。
SCH002250,新庄神室産,山形県立新庄神室産業高等学校,山形県立新庄神室産業高等学校,,山形県立新庄神室産業高等学校,06,新庄市,,prefectural,high_school,active,SRC000173,2026-10-02,2026硬式加盟校として登録。山形県の2026選手権大会を学校単位へ展開し、JHBF 2026年5月末公式加盟校数（SRC000099）と一致することを確認。 正式校名はSRC000173の現行加盟校欄を参照。画面見出しの43校ではなく硬式学校実体42校を採用。
SCH002251,新庄東,新庄東高等学校,新庄東高等学校,,新庄東高等学校,06,新庄市,,private,high_school,active,SRC000173,2026-10-02,2026硬式加盟校として登録。山形県の2026選手権大会を学校単位へ展開し、JHBF 2026年5月末公式加盟校数（SRC000099）と一致することを確認。 正式校名はSRC000173の現行加盟校欄を参照。画面見出しの43校ではなく硬式学校実体42校を採用。
SCH002252,致道館,山形県立致道館高等学校,山形県立致道館高等学校,,山形県立致道館高等学校,06,鶴岡市,,prefectural,high_school,active,SRC000173,2026-10-02,2026硬式加盟校として登録。山形県の2026選手権大会を学校単位へ展開し、JHBF 2026年5月末公式加盟校数（SRC000099）と一致することを確認。 正式校名はSRC000173の現行加盟校欄を参照。画面見出しの43校ではなく硬式学校実体42校を採用。
SCH002253,鶴岡中央,山形県立鶴岡中央高等学校,山形県立鶴岡中央高等学校,,山形県立鶴岡中央高等学校,06,鶴岡市,,prefectural,high_school,active,SRC000173,2026-10-02,2026硬式加盟校として登録。山形県の2026選手権大会を学校単位へ展開し、JHBF 2026年5月末公式加盟校数（SRC000099）と一致することを確認。 正式校名はSRC000173の現行加盟校欄を参照。画面見出しの43校ではなく硬式学校実体42校を採用。
SCH002254,鶴岡工,山形県立鶴岡工業高等学校,山形県立鶴岡工業高等学校,,山形県立鶴岡工業高等学校,06,鶴岡市,,prefectural,high_school,active,SRC000173,2026-10-02,2026硬式加盟校として登録。山形県の2026選手権大会を学校単位へ展開し、JHBF 2026年5月末公式加盟校数（SRC000099）と一致することを確認。 正式校名はSRC000173の現行加盟校欄を参照。画面見出しの43校ではなく硬式学校実体42校を採用。
SCH002255,鶴岡高専,鶴岡工業高等専門学校,鶴岡工業高等専門学校,,鶴岡工業高等専門学校,06,鶴岡市,,national,technical_college,active,SRC000173,2026-10-02,2026硬式加盟校として登録。山形県の2026選手権大会を学校単位へ展開し、JHBF 2026年5月末公式加盟校数（SRC000099）と一致することを確認。 正式校名はSRC000173の現行加盟校欄を参照。画面見出しの43校ではなく硬式学校実体42校を採用。
SCH002256,鶴岡東,鶴岡東高等学校,鶴岡東高等学校,,鶴岡東高等学校,06,鶴岡市,,private,high_school,active,SRC000173,2026-10-02,2026硬式加盟校として登録。山形県の2026選手権大会を学校単位へ展開し、JHBF 2026年5月末公式加盟校数（SRC000099）と一致することを確認。 正式校名はSRC000173の現行加盟校欄を参照。画面見出しの43校ではなく硬式学校実体42校を採用。
SCH002257,羽黒,羽黒高等学校,羽黒高等学校,,羽黒高等学校,06,鶴岡市,,private,high_school,active,SRC000173,2026-10-02,2026硬式加盟校として登録。山形県の2026選手権大会を学校単位へ展開し、JHBF 2026年5月末公式加盟校数（SRC000099）と一致することを確認。 正式校名はSRC000173の現行加盟校欄を参照。画面見出しの43校ではなく硬式学校実体42校を採用。
SCH002258,酒田東,山形県立酒田東高等学校,山形県立酒田東高等学校,,山形県立酒田東高等学校,06,酒田市,,prefectural,high_school,active,SRC000173,2026-10-02,2026硬式加盟校として登録。山形県の2026選手権大会を学校単位へ展開し、JHBF 2026年5月末公式加盟校数（SRC000099）と一致することを確認。 正式校名はSRC000173の現行加盟校欄を参照。画面見出しの43校ではなく硬式学校実体42校を採用。
SCH002259,酒田西,山形県立酒田西高等学校,山形県立酒田西高等学校,,山形県立酒田西高等学校,06,酒田市,,prefectural,high_school,active,SRC000173,2026-10-02,2026硬式加盟校として登録。山形県の2026選手権大会を学校単位へ展開し、JHBF 2026年5月末公式加盟校数（SRC000099）と一致することを確認。 正式校名はSRC000173の現行加盟校欄を参照。画面見出しの43校ではなく硬式学校実体42校を採用。
SCH002260,酒田光陵,山形県立酒田光陵高等学校,山形県立酒田光陵高等学校,,山形県立酒田光陵高等学校,06,酒田市,,prefectural,high_school,active,SRC000173,2026-10-02,2026硬式加盟校として登録。山形県の2026選手権大会を学校単位へ展開し、JHBF 2026年5月末公式加盟校数（SRC000099）と一致することを確認。 正式校名はSRC000173の現行加盟校欄を参照。画面見出しの43校ではなく硬式学校実体42校を採用。
SCH002261,酒田南,酒田南高等学校,酒田南高等学校,,酒田南高等学校,06,酒田市,,private,high_school,active,SRC000173,2026-10-02,2026硬式加盟校として登録。山形県の2026選手権大会を学校単位へ展開し、JHBF 2026年5月末公式加盟校数（SRC000099）と一致することを確認。 正式校名はSRC000173の現行加盟校欄を参照。画面見出しの43校ではなく硬式学校実体42校を採用。
SCH002262,敦賀気比,敦賀気比高等学校,敦賀気比高等学校,,敦賀気比高等学校,18,敦賀市,,private,high_school,active,SRC000165,2026-10-02,2026硬式加盟校として登録。福井県の2026選手権大会を学校単位へ展開し、JHBF 2026年5月末公式加盟校数（SRC000099）と一致することを確認。 SRC000165の大会番号1〜28から学校実体28校を復元。
SCH002263,北陸,北陸高等学校,北陸高等学校,,北陸高等学校,18,福井市,,private,high_school,active,SRC000165,2026-10-02,2026硬式加盟校として登録。福井県の2026選手権大会を学校単位へ展開し、JHBF 2026年5月末公式加盟校数（SRC000099）と一致することを確認。 SRC000165の大会番号1〜28から学校実体28校を復元。
SCH002264,武生東,福井県立武生東高等学校,福井県立武生東高等学校,,福井県立武生東高等学校,18,越前市,,prefectural,high_school,active,SRC000165,2026-10-02,2026硬式加盟校として登録。福井県の2026選手権大会を学校単位へ展開し、JHBF 2026年5月末公式加盟校数（SRC000099）と一致することを確認。 SRC000165の大会番号1〜28から学校実体28校を復元。
SCH002265,福井農林,福井県立福井農林高等学校,福井県立福井農林高等学校,,福井県立福井農林高等学校,18,福井市,,prefectural,high_school,active,SRC000165,2026-10-02,2026硬式加盟校として登録。福井県の2026選手権大会を学校単位へ展開し、JHBF 2026年5月末公式加盟校数（SRC000099）と一致することを確認。 2026選手権では連合チームの構成校。 SRC000165の大会番号1〜28から学校実体28校を復元。
SCH002266,奥越明成,福井県立奥越明成高等学校,福井県立奥越明成高等学校,,福井県立奥越明成高等学校,18,大野市,,prefectural,high_school,active,SRC000165,2026-10-02,2026硬式加盟校として登録。福井県の2026選手権大会を学校単位へ展開し、JHBF 2026年5月末公式加盟校数（SRC000099）と一致することを確認。 2026選手権では連合チームの構成校。 SRC000165の大会番号1〜28から学校実体28校を復元。
SCH002267,藤島,福井県立藤島高等学校,福井県立藤島高等学校,,福井県立藤島高等学校,18,福井市,,prefectural,high_school,active,SRC000165,2026-10-02,2026硬式加盟校として登録。福井県の2026選手権大会を学校単位へ展開し、JHBF 2026年5月末公式加盟校数（SRC000099）と一致することを確認。 SRC000165の大会番号1〜28から学校実体28校を復元。
SCH002268,美方,福井県立美方高等学校,福井県立美方高等学校,,福井県立美方高等学校,18,若狭町,,prefectural,high_school,active,SRC000165,2026-10-02,2026硬式加盟校として登録。福井県の2026選手権大会を学校単位へ展開し、JHBF 2026年5月末公式加盟校数（SRC000099）と一致することを確認。 SRC000165の大会番号1〜28から学校実体28校を復元。
SCH002269,足羽,福井県立足羽高等学校,福井県立足羽高等学校,,福井県立足羽高等学校,18,福井市,,prefectural,high_school,active,SRC000165,2026-10-02,2026硬式加盟校として登録。福井県の2026選手権大会を学校単位へ展開し、JHBF 2026年5月末公式加盟校数（SRC000099）と一致することを確認。 SRC000165の大会番号1〜28から学校実体28校を復元。
SCH002270,鯖江,福井県立鯖江高等学校,福井県立鯖江高等学校,,福井県立鯖江高等学校,18,鯖江市,,prefectural,high_school,active,SRC000165,2026-10-02,2026硬式加盟校として登録。福井県の2026選手権大会を学校単位へ展開し、JHBF 2026年5月末公式加盟校数（SRC000099）と一致することを確認。 SRC000165の大会番号1〜28から学校実体28校を復元。
SCH002271,敦賀,福井県立敦賀高等学校,福井県立敦賀高等学校,,福井県立敦賀高等学校,18,敦賀市,,prefectural,high_school,active,SRC000165,2026-10-02,2026硬式加盟校として登録。福井県の2026選手権大会を学校単位へ展開し、JHBF 2026年5月末公式加盟校数（SRC000099）と一致することを確認。 SRC000165の大会番号1〜28から学校実体28校を復元。
SCH002272,科学技術,福井県立科学技術高等学校,福井県立科学技術高等学校,,福井県立科学技術高等学校,18,福井市,,prefectural,high_school,active,SRC000165,2026-10-02,2026硬式加盟校として登録。福井県の2026選手権大会を学校単位へ展開し、JHBF 2026年5月末公式加盟校数（SRC000099）と一致することを確認。 SRC000165の大会番号1〜28から学校実体28校を復元。
SCH002273,丸岡,福井県立丸岡高等学校,福井県立丸岡高等学校,,福井県立丸岡高等学校,18,坂井市,,prefectural,high_school,active,SRC000165,2026-10-02,2026硬式加盟校として登録。福井県の2026選手権大会を学校単位へ展開し、JHBF 2026年5月末公式加盟校数（SRC000099）と一致することを確認。 SRC000165の大会番号1〜28から学校実体28校を復元。
SCH002274,大野,福井県立大野高等学校,福井県立大野高等学校,,福井県立大野高等学校,18,大野市,,prefectural,high_school,active,SRC000165,2026-10-02,2026硬式加盟校として登録。福井県の2026選手権大会を学校単位へ展開し、JHBF 2026年5月末公式加盟校数（SRC000099）と一致することを確認。 SRC000165の大会番号1〜28から学校実体28校を復元。
SCH002275,若狭,福井県立若狭高等学校,福井県立若狭高等学校,,福井県立若狭高等学校,18,小浜市,,prefectural,high_school,active,SRC000165,2026-10-02,2026硬式加盟校として登録。福井県の2026選手権大会を学校単位へ展開し、JHBF 2026年5月末公式加盟校数（SRC000099）と一致することを確認。 SRC000165の大会番号1〜28から学校実体28校を復元。
SCH002276,福井工大福井,福井工業大学附属福井高等学校,福井工業大学附属福井高等学校,,福井工業大学附属福井高等学校,18,福井市,,private,high_school,active,SRC000165,2026-10-02,2026硬式加盟校として登録。福井県の2026選手権大会を学校単位へ展開し、JHBF 2026年5月末公式加盟校数（SRC000099）と一致することを確認。 SRC000165の大会番号1〜28から学校実体28校を復元。
SCH002277,高志,福井県立高志高等学校,福井県立高志高等学校,,福井県立高志高等学校,18,福井市,,prefectural,high_school,active,SRC000165,2026-10-02,2026硬式加盟校として登録。福井県の2026選手権大会を学校単位へ展開し、JHBF 2026年5月末公式加盟校数（SRC000099）と一致することを確認。 SRC000165の大会番号1〜28から学校実体28校を復元。
SCH002278,坂井,福井県立坂井高等学校,福井県立坂井高等学校,,福井県立坂井高等学校,18,坂井市,,prefectural,high_school,active,SRC000165,2026-10-02,2026硬式加盟校として登録。福井県の2026選手権大会を学校単位へ展開し、JHBF 2026年5月末公式加盟校数（SRC000099）と一致することを確認。 SRC000165の大会番号1〜28から学校実体28校を復元。
SCH002279,福井高専,福井工業高等専門学校,福井工業高等専門学校,,福井工業高等専門学校,18,鯖江市,,national,technical_college,active,SRC000165,2026-10-02,2026硬式加盟校として登録。福井県の2026選手権大会を学校単位へ展開し、JHBF 2026年5月末公式加盟校数（SRC000099）と一致することを確認。 SRC000165の大会番号1〜28から学校実体28校を復元。
SCH002280,啓新,啓新高等学校,啓新高等学校,,啓新高等学校,18,福井市,,private,high_school,active,SRC000165,2026-10-02,2026硬式加盟校として登録。福井県の2026選手権大会を学校単位へ展開し、JHBF 2026年5月末公式加盟校数（SRC000099）と一致することを確認。 SRC000165の大会番号1〜28から学校実体28校を復元。
SCH002281,三国,福井県立三国高等学校,福井県立三国高等学校,,福井県立三国高等学校,18,坂井市,,prefectural,high_school,active,SRC000165,2026-10-02,2026硬式加盟校として登録。福井県の2026選手権大会を学校単位へ展開し、JHBF 2026年5月末公式加盟校数（SRC000099）と一致することを確認。 SRC000165の大会番号1〜28から学校実体28校を復元。
SCH002282,武生商工,福井県立武生商工高等学校,福井県立武生商工高等学校,,福井県立武生商工高等学校,18,越前市,,prefectural,high_school,active,SRC000165,2026-10-02,2026硬式加盟校として登録。福井県の2026選手権大会を学校単位へ展開し、JHBF 2026年5月末公式加盟校数（SRC000099）と一致することを確認。 SRC000165の大会番号1〜28から学校実体28校を復元。
SCH002283,金津,福井県立金津高等学校,福井県立金津高等学校,,福井県立金津高等学校,18,あわら市,,prefectural,high_school,active,SRC000165,2026-10-02,2026硬式加盟校として登録。福井県の2026選手権大会を学校単位へ展開し、JHBF 2026年5月末公式加盟校数（SRC000099）と一致することを確認。 SRC000165の大会番号1〜28から学校実体28校を復元。
SCH002284,武生,福井県立武生高等学校,福井県立武生高等学校,,福井県立武生高等学校,18,越前市,,prefectural,high_school,active,SRC000165,2026-10-02,2026硬式加盟校として登録。福井県の2026選手権大会を学校単位へ展開し、JHBF 2026年5月末公式加盟校数（SRC000099）と一致することを確認。 SRC000165の大会番号1〜28から学校実体28校を復元。
SCH002285,羽水,福井県立羽水高等学校,福井県立羽水高等学校,,福井県立羽水高等学校,18,福井市,,prefectural,high_school,active,SRC000165,2026-10-02,2026硬式加盟校として登録。福井県の2026選手権大会を学校単位へ展開し、JHBF 2026年5月末公式加盟校数（SRC000099）と一致することを確認。 SRC000165の大会番号1〜28から学校実体28校を復元。
SCH002286,敦賀工,福井県立敦賀工業高等学校,福井県立敦賀工業高等学校,,福井県立敦賀工業高等学校,18,敦賀市,,prefectural,high_school,active,SRC000165,2026-10-02,2026硬式加盟校として登録。福井県の2026選手権大会を学校単位へ展開し、JHBF 2026年5月末公式加盟校数（SRC000099）と一致することを確認。 SRC000165の大会番号1〜28から学校実体28校を復元。
SCH002287,丹生,福井県立丹生高等学校,福井県立丹生高等学校,,福井県立丹生高等学校,18,越前町,,prefectural,high_school,active,SRC000165,2026-10-02,2026硬式加盟校として登録。福井県の2026選手権大会を学校単位へ展開し、JHBF 2026年5月末公式加盟校数（SRC000099）と一致することを確認。 SRC000165の大会番号1〜28から学校実体28校を復元。
SCH002288,勝山,福井県立勝山高等学校,福井県立勝山高等学校,,福井県立勝山高等学校,18,勝山市,,prefectural,high_school,active,SRC000165,2026-10-02,2026硬式加盟校として登録。福井県の2026選手権大会を学校単位へ展開し、JHBF 2026年5月末公式加盟校数（SRC000099）と一致することを確認。 SRC000165の大会番号1〜28から学校実体28校を復元。
SCH002289,福井商,福井県立福井商業高等学校,福井県立福井商業高等学校,,福井県立福井商業高等学校,18,福井市,,prefectural,high_school,active,SRC000165,2026-10-02,2026硬式加盟校として登録。福井県の2026選手権大会を学校単位へ展開し、JHBF 2026年5月末公式加盟校数（SRC000099）と一致することを確認。 SRC000165の大会番号1〜28から学校実体28校を復元。
SCH002290,四学大香川西,四国学院大学香川西高等学校,四国学院大学香川西高等学校,,四国学院大学香川西高等学校,37,三豊市,,private,high_school,active,SRC000169,2026-10-02,2026硬式加盟校として登録。香川県の2026選手権大会を学校単位へ展開し、JHBF 2026年5月末公式加盟校数（SRC000099）と一致することを確認。 正式校名はSRC000169の現行加盟校37校を参照。
SCH002291,大手前高松,大手前高松高等学校,大手前高松高等学校,,大手前高松高等学校,37,高松市,,private,high_school,active,SRC000169,2026-10-02,2026硬式加盟校として登録。香川県の2026選手権大会を学校単位へ展開し、JHBF 2026年5月末公式加盟校数（SRC000099）と一致することを確認。 正式校名はSRC000169の現行加盟校37校を参照。
SCH002292,寒川,寒川高等学校,寒川高等学校,,寒川高等学校,37,さぬき市,,private,high_school,active,SRC000169,2026-10-02,2026硬式加盟校として登録。香川県の2026選手権大会を学校単位へ展開し、JHBF 2026年5月末公式加盟校数（SRC000099）と一致することを確認。 正式校名はSRC000169の現行加盟校37校を参照。
SCH002293,尽誠学園,尽誠学園高等学校,尽誠学園高等学校,,尽誠学園高等学校,37,善通寺市,,private,high_school,active,SRC000169,2026-10-02,2026硬式加盟校として登録。香川県の2026選手権大会を学校単位へ展開し、JHBF 2026年5月末公式加盟校数（SRC000099）と一致することを確認。 正式校名はSRC000169の現行加盟校37校を参照。
SCH002294,英明,英明高等学校,英明高等学校,,英明高等学校,37,高松市,,private,high_school,active,SRC000169,2026-10-02,2026硬式加盟校として登録。香川県の2026選手権大会を学校単位へ展開し、JHBF 2026年5月末公式加盟校数（SRC000099）と一致することを確認。 正式校名はSRC000169の現行加盟校37校を参照。
SCH002295,三木,香川県立三木高等学校,香川県立三木高等学校,,香川県立三木高等学校,37,三木町,,prefectural,high_school,active,SRC000169,2026-10-02,2026硬式加盟校として登録。香川県の2026選手権大会を学校単位へ展開し、JHBF 2026年5月末公式加盟校数（SRC000099）と一致することを確認。 正式校名はSRC000169の現行加盟校37校を参照。
SCH002296,三本松,香川県立三本松高等学校,香川県立三本松高等学校,,香川県立三本松高等学校,37,東かがわ市,,prefectural,high_school,active,SRC000169,2026-10-02,2026硬式加盟校として登録。香川県の2026選手権大会を学校単位へ展開し、JHBF 2026年5月末公式加盟校数（SRC000099）と一致することを確認。 正式校名はSRC000169の現行加盟校37校を参照。
SCH002297,丸亀城西,香川県立丸亀城西高等学校,香川県立丸亀城西高等学校,,香川県立丸亀城西高等学校,37,丸亀市,,prefectural,high_school,active,SRC000169,2026-10-02,2026硬式加盟校として登録。香川県の2026選手権大会を学校単位へ展開し、JHBF 2026年5月末公式加盟校数（SRC000099）と一致することを確認。 正式校名はSRC000169の現行加盟校37校を参照。
SCH002298,丸亀,香川県立丸亀高等学校,香川県立丸亀高等学校,,香川県立丸亀高等学校,37,丸亀市,,prefectural,high_school,active,SRC000169,2026-10-02,2026硬式加盟校として登録。香川県の2026選手権大会を学校単位へ展開し、JHBF 2026年5月末公式加盟校数（SRC000099）と一致することを確認。 正式校名はSRC000169の現行加盟校37校を参照。
SCH002299,善通寺第一,香川県立善通寺第一高等学校,香川県立善通寺第一高等学校,,香川県立善通寺第一高等学校,37,善通寺市,,prefectural,high_school,active,SRC000169,2026-10-02,2026硬式加盟校として登録。香川県の2026選手権大会を学校単位へ展開し、JHBF 2026年5月末公式加盟校数（SRC000099）と一致することを確認。 正式校名はSRC000169の現行加盟校37校を参照。
SCH002300,坂出商,香川県立坂出商業高等学校,香川県立坂出商業高等学校,,香川県立坂出商業高等学校,37,坂出市,,prefectural,high_school,active,SRC000169,2026-10-02,2026硬式加盟校として登録。香川県の2026選手権大会を学校単位へ展開し、JHBF 2026年5月末公式加盟校数（SRC000099）と一致することを確認。 正式校名はSRC000169の現行加盟校37校を参照。
SCH002301,坂出工,香川県立坂出工業高等学校,香川県立坂出工業高等学校,,香川県立坂出工業高等学校,37,坂出市,,prefectural,high_school,active,SRC000169,2026-10-02,2026硬式加盟校として登録。香川県の2026選手権大会を学校単位へ展開し、JHBF 2026年5月末公式加盟校数（SRC000099）と一致することを確認。 正式校名はSRC000169の現行加盟校37校を参照。
SCH002302,坂出,香川県立坂出高等学校,香川県立坂出高等学校,,香川県立坂出高等学校,37,坂出市,,prefectural,high_school,active,SRC000169,2026-10-02,2026硬式加盟校として登録。香川県の2026選手権大会を学校単位へ展開し、JHBF 2026年5月末公式加盟校数（SRC000099）と一致することを確認。 正式校名はSRC000169の現行加盟校37校を参照。
SCH002303,多度津,香川県立多度津高等学校,香川県立多度津高等学校,,香川県立多度津高等学校,37,多度津町,,prefectural,high_school,active,SRC000169,2026-10-02,2026硬式加盟校として登録。香川県の2026選手権大会を学校単位へ展開し、JHBF 2026年5月末公式加盟校数（SRC000099）と一致することを確認。 正式校名はSRC000169の現行加盟校37校を参照。
SCH002304,小豆島中央,香川県立小豆島中央高等学校,香川県立小豆島中央高等学校,,香川県立小豆島中央高等学校,37,小豆島町,,prefectural,high_school,active,SRC000169,2026-10-02,2026硬式加盟校として登録。香川県の2026選手権大会を学校単位へ展開し、JHBF 2026年5月末公式加盟校数（SRC000099）と一致することを確認。 正式校名はSRC000169の現行加盟校37校を参照。
SCH002305,志度,香川県立志度高等学校,香川県立志度高等学校,,香川県立志度高等学校,37,さぬき市,,prefectural,high_school,active,SRC000169,2026-10-02,2026硬式加盟校として登録。香川県の2026選手権大会を学校単位へ展開し、JHBF 2026年5月末公式加盟校数（SRC000099）と一致することを確認。 正式校名はSRC000169の現行加盟校37校を参照。
SCH002306,津田,香川県立津田高等学校,香川県立津田高等学校,,香川県立津田高等学校,37,さぬき市,,prefectural,high_school,active,SRC000169,2026-10-02,2026硬式加盟校として登録。香川県の2026選手権大会を学校単位へ展開し、JHBF 2026年5月末公式加盟校数（SRC000099）と一致することを確認。 正式校名はSRC000169の現行加盟校37校を参照。
SCH002307,琴平,香川県立琴平高等学校,香川県立琴平高等学校,,香川県立琴平高等学校,37,琴平町,,prefectural,high_school,active,SRC000169,2026-10-02,2026硬式加盟校として登録。香川県の2026選手権大会を学校単位へ展開し、JHBF 2026年5月末公式加盟校数（SRC000099）と一致することを確認。 2026選手権では連合チームの構成校。 正式校名はSRC000169の現行加盟校37校を参照。
SCH002308,石田,香川県立石田高等学校,香川県立石田高等学校,,香川県立石田高等学校,37,さぬき市,,prefectural,high_school,active,SRC000169,2026-10-02,2026硬式加盟校として登録。香川県の2026選手権大会を学校単位へ展開し、JHBF 2026年5月末公式加盟校数（SRC000099）と一致することを確認。 2026選手権では連合チームの構成校。 正式校名はSRC000169の現行加盟校37校を参照。
SCH002309,笠田,香川県立笠田高等学校,香川県立笠田高等学校,,香川県立笠田高等学校,37,三豊市,,prefectural,high_school,active,SRC000169,2026-10-02,2026硬式加盟校として登録。香川県の2026選手権大会を学校単位へ展開し、JHBF 2026年5月末公式加盟校数（SRC000099）と一致することを確認。 正式校名はSRC000169の現行加盟校37校を参照。
SCH002310,観音寺第一,香川県立観音寺第一高等学校,香川県立観音寺第一高等学校,,香川県立観音寺第一高等学校,37,観音寺市,,prefectural,high_school,active,SRC000169,2026-10-02,2026硬式加盟校として登録。香川県の2026選手権大会を学校単位へ展開し、JHBF 2026年5月末公式加盟校数（SRC000099）と一致することを確認。 正式校名はSRC000169の現行加盟校37校を参照。
SCH002311,観音寺総合,香川県立観音寺総合高等学校,香川県立観音寺総合高等学校,,香川県立観音寺総合高等学校,37,観音寺市,,prefectural,high_school,active,SRC000169,2026-10-02,2026硬式加盟校として登録。香川県の2026選手権大会を学校単位へ展開し、JHBF 2026年5月末公式加盟校数（SRC000099）と一致することを確認。 正式校名はSRC000169の現行加盟校37校を参照。
SCH002312,飯山,香川県立飯山高等学校,香川県立飯山高等学校,,香川県立飯山高等学校,37,丸亀市,,prefectural,high_school,active,SRC000169,2026-10-02,2026硬式加盟校として登録。香川県の2026選手権大会を学校単位へ展開し、JHBF 2026年5月末公式加盟校数（SRC000099）と一致することを確認。 2026選手権では連合チームの構成校。 正式校名はSRC000169の現行加盟校37校を参照。
SCH002313,香川中央,香川県立香川中央高等学校,香川県立香川中央高等学校,,香川県立香川中央高等学校,37,高松市,,prefectural,high_school,active,SRC000169,2026-10-02,2026硬式加盟校として登録。香川県の2026選手権大会を学校単位へ展開し、JHBF 2026年5月末公式加盟校数（SRC000099）と一致することを確認。 正式校名はSRC000169の現行加盟校37校を参照。
SCH002314,高松北,香川県立高松北高等学校,香川県立高松北高等学校,,香川県立高松北高等学校,37,高松市,,prefectural,high_school,active,SRC000169,2026-10-02,2026硬式加盟校として登録。香川県の2026選手権大会を学校単位へ展開し、JHBF 2026年5月末公式加盟校数（SRC000099）と一致することを確認。 正式校名はSRC000169の現行加盟校37校を参照。
SCH002315,高松南,香川県立高松南高等学校,香川県立高松南高等学校,,香川県立高松南高等学校,37,高松市,,prefectural,high_school,active,SRC000169,2026-10-02,2026硬式加盟校として登録。香川県の2026選手権大会を学校単位へ展開し、JHBF 2026年5月末公式加盟校数（SRC000099）と一致することを確認。 正式校名はSRC000169の現行加盟校37校を参照。
SCH002316,高松商,香川県立高松商業高等学校,香川県立高松商業高等学校,,香川県立高松商業高等学校,37,高松市,,prefectural,high_school,active,SRC000169,2026-10-02,2026硬式加盟校として登録。香川県の2026選手権大会を学校単位へ展開し、JHBF 2026年5月末公式加盟校数（SRC000099）と一致することを確認。 正式校名はSRC000169の現行加盟校37校を参照。
SCH002317,高松工芸,香川県立高松工芸高等学校,香川県立高松工芸高等学校,,香川県立高松工芸高等学校,37,高松市,,prefectural,high_school,active,SRC000169,2026-10-02,2026硬式加盟校として登録。香川県の2026選手権大会を学校単位へ展開し、JHBF 2026年5月末公式加盟校数（SRC000099）と一致することを確認。 正式校名はSRC000169の現行加盟校37校を参照。
SCH002318,高松東,香川県立高松東高等学校,香川県立高松東高等学校,,香川県立高松東高等学校,37,高松市,,prefectural,high_school,active,SRC000169,2026-10-02,2026硬式加盟校として登録。香川県の2026選手権大会を学校単位へ展開し、JHBF 2026年5月末公式加盟校数（SRC000099）と一致することを確認。 正式校名はSRC000169の現行加盟校37校を参照。
SCH002319,高松桜井,香川県立高松桜井高等学校,香川県立高松桜井高等学校,,香川県立高松桜井高等学校,37,高松市,,prefectural,high_school,active,SRC000169,2026-10-02,2026硬式加盟校として登録。香川県の2026選手権大会を学校単位へ展開し、JHBF 2026年5月末公式加盟校数（SRC000099）と一致することを確認。 正式校名はSRC000169の現行加盟校37校を参照。
SCH002320,高松西,香川県立高松西高等学校,香川県立高松西高等学校,,香川県立高松西高等学校,37,高松市,,prefectural,high_school,active,SRC000169,2026-10-02,2026硬式加盟校として登録。香川県の2026選手権大会を学校単位へ展開し、JHBF 2026年5月末公式加盟校数（SRC000099）と一致することを確認。 正式校名はSRC000169の現行加盟校37校を参照。
SCH002321,高松,香川県立高松高等学校,香川県立高松高等学校,,香川県立高松高等学校,37,高松市,,prefectural,high_school,active,SRC000169,2026-10-02,2026硬式加盟校として登録。香川県の2026選手権大会を学校単位へ展開し、JHBF 2026年5月末公式加盟校数（SRC000099）と一致することを確認。 正式校名はSRC000169の現行加盟校37校を参照。
SCH002322,高瀬,香川県立高瀬高等学校,香川県立高瀬高等学校,,香川県立高瀬高等学校,37,三豊市,,prefectural,high_school,active,SRC000169,2026-10-02,2026硬式加盟校として登録。香川県の2026選手権大会を学校単位へ展開し、JHBF 2026年5月末公式加盟校数（SRC000099）と一致することを確認。 正式校名はSRC000169の現行加盟校37校を参照。
SCH002323,蓬莱,香川県蓬莱高等学校,香川県蓬莱高等学校,,香川県蓬莱高等学校,37,丸亀市,,private,high_school,active,SRC000169,2026-10-02,2026硬式加盟校として登録。香川県の2026選手権大会を学校単位へ展開し、JHBF 2026年5月末公式加盟校数（SRC000099）と一致することを確認。 正式校名はSRC000169の現行加盟校37校を参照。
SCH002324,香川高専高松,香川高等専門学校高松キャンパス,香川高等専門学校高松キャンパス,,香川高等専門学校高松キャンパス,37,高松市,,national,technical_college,active,SRC000169,2026-10-02,2026硬式加盟校として登録。香川県の2026選手権大会を学校単位へ展開し、JHBF 2026年5月末公式加盟校数（SRC000099）と一致することを確認。 正式校名はSRC000169の現行加盟校37校を参照。
SCH002325,高松中央,高松中央高等学校,高松中央高等学校,,高松中央高等学校,37,高松市,,private,high_school,active,SRC000169,2026-10-02,2026硬式加盟校として登録。香川県の2026選手権大会を学校単位へ展開し、JHBF 2026年5月末公式加盟校数（SRC000099）と一致することを確認。 正式校名はSRC000169の現行加盟校37校を参照。
SCH002326,高松第一,高松第一高等学校,高松第一高等学校,,高松第一高等学校,37,高松市,,municipal,high_school,active,SRC000169,2026-10-02,2026硬式加盟校として登録。香川県の2026選手権大会を学校単位へ展開し、JHBF 2026年5月末公式加盟校数（SRC000099）と一致することを確認。 正式校名はSRC000169の現行加盟校37校を参照。
SCH002327,佐賀商,佐賀県立佐賀商業高等学校,佐賀県立佐賀商業高等学校,,佐賀県立佐賀商業高等学校,41,佐賀市,,prefectural,high_school,active,SRC000168,2026-10-02,2026硬式加盟校として登録。佐賀県の2026選手権大会を学校単位へ展開し、JHBF 2026年5月末公式加盟校数（SRC000099）と一致することを確認。 県公式SRC000167でも出場校36校を確認。
SCH002328,唐津東,佐賀県立唐津東高等学校,佐賀県立唐津東高等学校,,佐賀県立唐津東高等学校,41,唐津市,,prefectural,high_school,active,SRC000168,2026-10-02,2026硬式加盟校として登録。佐賀県の2026選手権大会を学校単位へ展開し、JHBF 2026年5月末公式加盟校数（SRC000099）と一致することを確認。 県公式SRC000167でも出場校36校を確認。
SCH002329,伊万里,佐賀県立伊万里高等学校,佐賀県立伊万里高等学校,,佐賀県立伊万里高等学校,41,伊万里市,,prefectural,high_school,active,SRC000168,2026-10-02,2026硬式加盟校として登録。佐賀県の2026選手権大会を学校単位へ展開し、JHBF 2026年5月末公式加盟校数（SRC000099）と一致することを確認。 県公式SRC000167でも出場校36校を確認。
SCH002330,鳥栖,佐賀県立鳥栖高等学校,佐賀県立鳥栖高等学校,,佐賀県立鳥栖高等学校,41,鳥栖市,,prefectural,high_school,active,SRC000168,2026-10-02,2026硬式加盟校として登録。佐賀県の2026選手権大会を学校単位へ展開し、JHBF 2026年5月末公式加盟校数（SRC000099）と一致することを確認。 県公式SRC000167でも出場校36校を確認。
SCH002331,神埼清明,佐賀県立神埼清明高等学校,佐賀県立神埼清明高等学校,,佐賀県立神埼清明高等学校,41,神埼市,,prefectural,high_school,active,SRC000168,2026-10-02,2026硬式加盟校として登録。佐賀県の2026選手権大会を学校単位へ展開し、JHBF 2026年5月末公式加盟校数（SRC000099）と一致することを確認。 県公式SRC000167でも出場校36校を確認。
SCH002332,高志館,佐賀県立高志館高等学校,佐賀県立高志館高等学校,,佐賀県立高志館高等学校,41,佐賀市,,prefectural,high_school,active,SRC000168,2026-10-02,2026硬式加盟校として登録。佐賀県の2026選手権大会を学校単位へ展開し、JHBF 2026年5月末公式加盟校数（SRC000099）と一致することを確認。 県公式SRC000167でも出場校36校を確認。
SCH002333,嬉野,佐賀県立嬉野高等学校,佐賀県立嬉野高等学校,,佐賀県立嬉野高等学校,41,嬉野市,,prefectural,high_school,active,SRC000168,2026-10-02,2026硬式加盟校として登録。佐賀県の2026選手権大会を学校単位へ展開し、JHBF 2026年5月末公式加盟校数（SRC000099）と一致することを確認。 県公式SRC000167でも出場校36校を確認。
SCH002334,佐賀西,佐賀県立佐賀西高等学校,佐賀県立佐賀西高等学校,,佐賀県立佐賀西高等学校,41,佐賀市,,prefectural,high_school,active,SRC000168,2026-10-02,2026硬式加盟校として登録。佐賀県の2026選手権大会を学校単位へ展開し、JHBF 2026年5月末公式加盟校数（SRC000099）と一致することを確認。 県公式SRC000167でも出場校36校を確認。
SCH002335,唐津西,佐賀県立唐津西高等学校,佐賀県立唐津西高等学校,,佐賀県立唐津西高等学校,41,唐津市,,prefectural,high_school,active,SRC000168,2026-10-02,2026硬式加盟校として登録。佐賀県の2026選手権大会を学校単位へ展開し、JHBF 2026年5月末公式加盟校数（SRC000099）と一致することを確認。 県公式SRC000167でも出場校36校を確認。
SCH002336,龍谷,龍谷高等学校,龍谷高等学校,,龍谷高等学校,41,佐賀市,,private,high_school,active,SRC000168,2026-10-02,2026硬式加盟校として登録。佐賀県の2026選手権大会を学校単位へ展開し、JHBF 2026年5月末公式加盟校数（SRC000099）と一致することを確認。 県公式SRC000167でも出場校36校を確認。
SCH002337,厳木,佐賀県立厳木高等学校,佐賀県立厳木高等学校,,佐賀県立厳木高等学校,41,唐津市,,prefectural,high_school,active,SRC000168,2026-10-02,2026硬式加盟校として登録。佐賀県の2026選手権大会を学校単位へ展開し、JHBF 2026年5月末公式加盟校数（SRC000099）と一致することを確認。 県公式SRC000167でも出場校36校を確認。
SCH002338,太良,佐賀県立太良高等学校,佐賀県立太良高等学校,,佐賀県立太良高等学校,41,太良町,,prefectural,high_school,active,SRC000168,2026-10-02,2026硬式加盟校として登録。佐賀県の2026選手権大会を学校単位へ展開し、JHBF 2026年5月末公式加盟校数（SRC000099）と一致することを確認。 県公式SRC000167でも出場校36校を確認。
SCH002339,鳥栖商,佐賀県立鳥栖商業高等学校,佐賀県立鳥栖商業高等学校,,佐賀県立鳥栖商業高等学校,41,鳥栖市,,prefectural,high_school,active,SRC000168,2026-10-02,2026硬式加盟校として登録。佐賀県の2026選手権大会を学校単位へ展開し、JHBF 2026年5月末公式加盟校数（SRC000099）と一致することを確認。 県公式SRC000167でも出場校36校を確認。
SCH002340,早稲田佐賀,早稲田佐賀高等学校,早稲田佐賀高等学校,,早稲田佐賀高等学校,41,唐津市,,private,high_school,active,SRC000168,2026-10-02,2026硬式加盟校として登録。佐賀県の2026選手権大会を学校単位へ展開し、JHBF 2026年5月末公式加盟校数（SRC000099）と一致することを確認。 県公式SRC000167でも出場校36校を確認。
SCH002341,東明館,東明館高等学校,東明館高等学校,,東明館高等学校,41,基山町,,private,high_school,active,SRC000168,2026-10-02,2026硬式加盟校として登録。佐賀県の2026選手権大会を学校単位へ展開し、JHBF 2026年5月末公式加盟校数（SRC000099）と一致することを確認。 県公式SRC000167でも出場校36校を確認。
SCH002342,佐賀北,佐賀県立佐賀北高等学校,佐賀県立佐賀北高等学校,,佐賀県立佐賀北高等学校,41,佐賀市,,prefectural,high_school,active,SRC000168,2026-10-02,2026硬式加盟校として登録。佐賀県の2026選手権大会を学校単位へ展開し、JHBF 2026年5月末公式加盟校数（SRC000099）と一致することを確認。 県公式SRC000167でも出場校36校を確認。
SCH002343,唐津南,佐賀県立唐津南高等学校,佐賀県立唐津南高等学校,,佐賀県立唐津南高等学校,41,唐津市,,prefectural,high_school,active,SRC000168,2026-10-02,2026硬式加盟校として登録。佐賀県の2026選手権大会を学校単位へ展開し、JHBF 2026年5月末公式加盟校数（SRC000099）と一致することを確認。 県公式SRC000167でも出場校36校を確認。
SCH002344,伊万里実,佐賀県立伊万里実業高等学校,佐賀県立伊万里実業高等学校,,佐賀県立伊万里実業高等学校,41,伊万里市,,prefectural,high_school,active,SRC000168,2026-10-02,2026硬式加盟校として登録。佐賀県の2026選手権大会を学校単位へ展開し、JHBF 2026年5月末公式加盟校数（SRC000099）と一致することを確認。 県公式SRC000167でも出場校36校を確認。
SCH002345,小城,佐賀県立小城高等学校,佐賀県立小城高等学校,,佐賀県立小城高等学校,41,小城市,,prefectural,high_school,active,SRC000168,2026-10-02,2026硬式加盟校として登録。佐賀県の2026選手権大会を学校単位へ展開し、JHBF 2026年5月末公式加盟校数（SRC000099）と一致することを確認。 県公式SRC000167でも出場校36校を確認。
SCH002346,佐賀東,佐賀県立佐賀東高等学校,佐賀県立佐賀東高等学校,,佐賀県立佐賀東高等学校,41,佐賀市,,prefectural,high_school,active,SRC000168,2026-10-02,2026硬式加盟校として登録。佐賀県の2026選手権大会を学校単位へ展開し、JHBF 2026年5月末公式加盟校数（SRC000099）と一致することを確認。 県公式SRC000167でも出場校36校を確認。
SCH002347,唐津工,佐賀県立唐津工業高等学校,佐賀県立唐津工業高等学校,,佐賀県立唐津工業高等学校,41,唐津市,,prefectural,high_school,active,SRC000168,2026-10-02,2026硬式加盟校として登録。佐賀県の2026選手権大会を学校単位へ展開し、JHBF 2026年5月末公式加盟校数（SRC000099）と一致することを確認。 県公式SRC000167でも出場校36校を確認。
SCH002348,敬徳,敬徳高等学校,敬徳高等学校,,敬徳高等学校,41,伊万里市,,private,high_school,active,SRC000168,2026-10-02,2026硬式加盟校として登録。佐賀県の2026選手権大会を学校単位へ展開し、JHBF 2026年5月末公式加盟校数（SRC000099）と一致することを確認。 県公式SRC000167でも出場校36校を確認。
SCH002349,神埼,佐賀県立神埼高等学校,佐賀県立神埼高等学校,,佐賀県立神埼高等学校,41,神埼市,,prefectural,high_school,active,SRC000168,2026-10-02,2026硬式加盟校として登録。佐賀県の2026選手権大会を学校単位へ展開し、JHBF 2026年5月末公式加盟校数（SRC000099）と一致することを確認。 県公式SRC000167でも出場校36校を確認。
SCH002350,鳥栖工,佐賀県立鳥栖工業高等学校,佐賀県立鳥栖工業高等学校,,佐賀県立鳥栖工業高等学校,41,鳥栖市,,prefectural,high_school,active,SRC000168,2026-10-02,2026硬式加盟校として登録。佐賀県の2026選手権大会を学校単位へ展開し、JHBF 2026年5月末公式加盟校数（SRC000099）と一致することを確認。 県公式SRC000167でも出場校36校を確認。
SCH002351,白石,佐賀県立白石高等学校,佐賀県立白石高等学校,,佐賀県立白石高等学校,41,白石町,,prefectural,high_school,active,SRC000168,2026-10-02,2026硬式加盟校として登録。佐賀県の2026選手権大会を学校単位へ展開し、JHBF 2026年5月末公式加盟校数（SRC000099）と一致することを確認。 県公式SRC000167でも出場校36校を確認。
SCH002352,北陵,北陵高等学校,北陵高等学校,,北陵高等学校,41,佐賀市,,private,high_school,active,SRC000168,2026-10-02,2026硬式加盟校として登録。佐賀県の2026選手権大会を学校単位へ展開し、JHBF 2026年5月末公式加盟校数（SRC000099）と一致することを確認。 県公式SRC000167でも出場校36校を確認。
SCH002353,佐賀学園,佐賀学園高等学校,佐賀学園高等学校,,佐賀学園高等学校,41,佐賀市,,private,high_school,active,SRC000168,2026-10-02,2026硬式加盟校として登録。佐賀県の2026選手権大会を学校単位へ展開し、JHBF 2026年5月末公式加盟校数（SRC000099）と一致することを確認。 県公式SRC000167でも出場校36校を確認。
SCH002354,唐津商,佐賀県立唐津商業高等学校,佐賀県立唐津商業高等学校,,佐賀県立唐津商業高等学校,41,唐津市,,prefectural,high_school,active,SRC000168,2026-10-02,2026硬式加盟校として登録。佐賀県の2026選手権大会を学校単位へ展開し、JHBF 2026年5月末公式加盟校数（SRC000099）と一致することを確認。 県公式SRC000167でも出場校36校を確認。
SCH002355,佐賀農,佐賀県立佐賀農業高等学校,佐賀県立佐賀農業高等学校,,佐賀県立佐賀農業高等学校,41,白石町,杵島郡白石町大字福田1660,prefectural,high_school,active,SRC000168,2026-10-03,2026硬式加盟校として登録。佐賀県の2026選手権大会を学校単位へ展開し、JHBF 2026年5月末公式加盟校数（SRC000099）と一致することを確認。 県公式SRC000167でも出場校36校を確認。 所在地は学校公式（SRC000255）で白石町へ補正。
SCH002356,致遠館,佐賀県立致遠館高等学校,佐賀県立致遠館高等学校,,佐賀県立致遠館高等学校,41,佐賀市,,prefectural,high_school,active,SRC000168,2026-10-02,2026硬式加盟校として登録。佐賀県の2026選手権大会を学校単位へ展開し、JHBF 2026年5月末公式加盟校数（SRC000099）と一致することを確認。 県公式SRC000167でも出場校36校を確認。
SCH002357,三養基,佐賀県立三養基高等学校,佐賀県立三養基高等学校,,佐賀県立三養基高等学校,41,みやき町,,prefectural,high_school,active,SRC000168,2026-10-02,2026硬式加盟校として登録。佐賀県の2026選手権大会を学校単位へ展開し、JHBF 2026年5月末公式加盟校数（SRC000099）と一致することを確認。 県公式SRC000167でも出場校36校を確認。
SCH002358,武雄,佐賀県立武雄高等学校,佐賀県立武雄高等学校,,佐賀県立武雄高等学校,41,武雄市,,prefectural,high_school,active,SRC000168,2026-10-02,2026硬式加盟校として登録。佐賀県の2026選手権大会を学校単位へ展開し、JHBF 2026年5月末公式加盟校数（SRC000099）と一致することを確認。 県公式SRC000167でも出場校36校を確認。
SCH002359,佐賀工,佐賀県立佐賀工業高等学校,佐賀県立佐賀工業高等学校,,佐賀県立佐賀工業高等学校,41,佐賀市,,prefectural,high_school,active,SRC000168,2026-10-02,2026硬式加盟校として登録。佐賀県の2026選手権大会を学校単位へ展開し、JHBF 2026年5月末公式加盟校数（SRC000099）と一致することを確認。 県公式SRC000167でも出場校36校を確認。
SCH002360,多久,佐賀県立多久高等学校,佐賀県立多久高等学校,,佐賀県立多久高等学校,41,多久市,,prefectural,high_school,active,SRC000168,2026-10-02,2026硬式加盟校として登録。佐賀県の2026選手権大会を学校単位へ展開し、JHBF 2026年5月末公式加盟校数（SRC000099）と一致することを確認。 県公式SRC000167でも出場校36校を確認。
SCH002361,鹿島,佐賀県立鹿島高等学校,佐賀県立鹿島高等学校,,佐賀県立鹿島高等学校,41,鹿島市,,prefectural,high_school,active,SRC000168,2026-10-02,2026硬式加盟校として登録。佐賀県の2026選手権大会を学校単位へ展開し、JHBF 2026年5月末公式加盟校数（SRC000099）と一致することを確認。 県公式SRC000167でも出場校36校を確認。
SCH002362,有田工,佐賀県立有田工業高等学校,佐賀県立有田工業高等学校,,佐賀県立有田工業高等学校,41,有田町,,prefectural,high_school,active,SRC000168,2026-10-02,2026硬式加盟校として登録。佐賀県の2026選手権大会を学校単位へ展開し、JHBF 2026年5月末公式加盟校数（SRC000099）と一致することを確認。 県公式SRC000167でも出場校36校を確認。
SCH002363,富島,宮崎県立富島高等学校,宮崎県立富島高等学校,,宮崎県立富島高等学校,45,日向市,,prefectural,high_school,active,SRC000171,2026-10-02,2026硬式加盟校として登録。宮崎県の2026選手権大会を学校単位へ展開し、JHBF 2026年5月末公式加盟校数（SRC000099）と一致することを確認。 正式校名はSRC000171の現行加盟校47校を参照。
SCH002364,延岡商,宮崎県立延岡商業高等学校,宮崎県立延岡商業高等学校,,宮崎県立延岡商業高等学校,45,延岡市,,prefectural,high_school,active,SRC000171,2026-10-02,2026硬式加盟校として登録。宮崎県の2026選手権大会を学校単位へ展開し、JHBF 2026年5月末公式加盟校数（SRC000099）と一致することを確認。 正式校名はSRC000171の現行加盟校47校を参照。
SCH002365,延岡工,宮崎県立延岡工業高等学校,宮崎県立延岡工業高等学校,,宮崎県立延岡工業高等学校,45,延岡市,,prefectural,high_school,active,SRC000171,2026-10-02,2026硬式加盟校として登録。宮崎県の2026選手権大会を学校単位へ展開し、JHBF 2026年5月末公式加盟校数（SRC000099）と一致することを確認。 正式校名はSRC000171の現行加盟校47校を参照。
SCH002366,延岡星雲,宮崎県立延岡星雲高等学校,宮崎県立延岡星雲高等学校,,宮崎県立延岡星雲高等学校,45,延岡市,,prefectural,high_school,active,SRC000171,2026-10-02,2026硬式加盟校として登録。宮崎県の2026選手権大会を学校単位へ展開し、JHBF 2026年5月末公式加盟校数（SRC000099）と一致することを確認。 正式校名はSRC000171の現行加盟校47校を参照。
SCH002367,延岡,宮崎県立延岡高等学校,宮崎県立延岡高等学校,,宮崎県立延岡高等学校,45,延岡市,,prefectural,high_school,active,SRC000171,2026-10-02,2026硬式加盟校として登録。宮崎県の2026選手権大会を学校単位へ展開し、JHBF 2026年5月末公式加盟校数（SRC000099）と一致することを確認。 正式校名はSRC000171の現行加盟校47校を参照。
SCH002368,日向工,宮崎県立日向工業高等学校,宮崎県立日向工業高等学校,,宮崎県立日向工業高等学校,45,日向市,,prefectural,high_school,active,SRC000171,2026-10-02,2026硬式加盟校として登録。宮崎県の2026選手権大会を学校単位へ展開し、JHBF 2026年5月末公式加盟校数（SRC000099）と一致することを確認。 正式校名はSRC000171の現行加盟校47校を参照。
SCH002369,日向,宮崎県立日向高等学校,宮崎県立日向高等学校,,宮崎県立日向高等学校,45,日向市,,prefectural,high_school,active,SRC000171,2026-10-02,2026硬式加盟校として登録。宮崎県の2026選手権大会を学校単位へ展開し、JHBF 2026年5月末公式加盟校数（SRC000099）と一致することを確認。 正式校名はSRC000171の現行加盟校47校を参照。
SCH002370,門川,宮崎県立門川高等学校,宮崎県立門川高等学校,,宮崎県立門川高等学校,45,門川町,,prefectural,high_school,active,SRC000171,2026-10-02,2026硬式加盟校として登録。宮崎県の2026選手権大会を学校単位へ展開し、JHBF 2026年5月末公式加盟校数（SRC000099）と一致することを確認。 正式校名はSRC000171の現行加盟校47校を参照。
SCH002371,高千穂,宮崎県立高千穂高等学校,宮崎県立高千穂高等学校,,宮崎県立高千穂高等学校,45,高千穂町,,prefectural,high_school,active,SRC000171,2026-10-02,2026硬式加盟校として登録。宮崎県の2026選手権大会を学校単位へ展開し、JHBF 2026年5月末公式加盟校数（SRC000099）と一致することを確認。 正式校名はSRC000171の現行加盟校47校を参照。
SCH002372,延岡学園,延岡学園高等学校,延岡学園高等学校,,延岡学園高等学校,45,延岡市,,private,high_school,active,SRC000171,2026-10-02,2026硬式加盟校として登録。宮崎県の2026選手権大会を学校単位へ展開し、JHBF 2026年5月末公式加盟校数（SRC000099）と一致することを確認。 正式校名はSRC000171の現行加盟校47校を参照。
SCH002373,聖心ウルスラ,聖心ウルスラ学園高等学校,聖心ウルスラ学園高等学校,,聖心ウルスラ学園高等学校,45,延岡市,,private,high_school,active,SRC000171,2026-10-02,2026硬式加盟校として登録。宮崎県の2026選手権大会を学校単位へ展開し、JHBF 2026年5月末公式加盟校数（SRC000099）と一致することを確認。 正式校名はSRC000171の現行加盟校47校を参照。
SCH002374,宮崎学園,宮崎学園高等学校,宮崎学園高等学校,,宮崎学園高等学校,45,宮崎市,,private,high_school,active,SRC000171,2026-10-02,2026硬式加盟校として登録。宮崎県の2026選手権大会を学校単位へ展開し、JHBF 2026年5月末公式加盟校数（SRC000099）と一致することを確認。 正式校名はSRC000171の現行加盟校47校を参照。
SCH002375,宮崎日大,宮崎日本大学高等学校,宮崎日本大学高等学校,,宮崎日本大学高等学校,45,宮崎市,,private,high_school,active,SRC000171,2026-10-02,2026硬式加盟校として登録。宮崎県の2026選手権大会を学校単位へ展開し、JHBF 2026年5月末公式加盟校数（SRC000099）と一致することを確認。 正式校名はSRC000171の現行加盟校47校を参照。
SCH002376,佐土原,宮崎県立佐土原高等学校,宮崎県立佐土原高等学校,,宮崎県立佐土原高等学校,45,宮崎市,,prefectural,high_school,active,SRC000171,2026-10-02,2026硬式加盟校として登録。宮崎県の2026選手権大会を学校単位へ展開し、JHBF 2026年5月末公式加盟校数（SRC000099）と一致することを確認。 正式校名はSRC000171の現行加盟校47校を参照。
SCH002377,妻,宮崎県立妻高等学校,宮崎県立妻高等学校,,宮崎県立妻高等学校,45,西都市,,prefectural,high_school,active,SRC000171,2026-10-02,2026硬式加盟校として登録。宮崎県の2026選手権大会を学校単位へ展開し、JHBF 2026年5月末公式加盟校数（SRC000099）と一致することを確認。 正式校名はSRC000171の現行加盟校47校を参照。
SCH002378,宮崎北,宮崎県立宮崎北高等学校,宮崎県立宮崎北高等学校,,宮崎県立宮崎北高等学校,45,宮崎市,,prefectural,high_school,active,SRC000171,2026-10-02,2026硬式加盟校として登録。宮崎県の2026選手権大会を学校単位へ展開し、JHBF 2026年5月末公式加盟校数（SRC000099）と一致することを確認。 正式校名はSRC000171の現行加盟校47校を参照。
SCH002379,宮崎南,宮崎県立宮崎南高等学校,宮崎県立宮崎南高等学校,,宮崎県立宮崎南高等学校,45,宮崎市,,prefectural,high_school,active,SRC000171,2026-10-02,2026硬式加盟校として登録。宮崎県の2026選手権大会を学校単位へ展開し、JHBF 2026年5月末公式加盟校数（SRC000099）と一致することを確認。 正式校名はSRC000171の現行加盟校47校を参照。
SCH002380,宮崎商,宮崎県立宮崎商業高等学校,宮崎県立宮崎商業高等学校,,宮崎県立宮崎商業高等学校,45,宮崎市,,prefectural,high_school,active,SRC000171,2026-10-02,2026硬式加盟校として登録。宮崎県の2026選手権大会を学校単位へ展開し、JHBF 2026年5月末公式加盟校数（SRC000099）と一致することを確認。 正式校名はSRC000171の現行加盟校47校を参照。
SCH002381,宮崎大宮,宮崎県立宮崎大宮高等学校,宮崎県立宮崎大宮高等学校,,宮崎県立宮崎大宮高等学校,45,宮崎市,,prefectural,high_school,active,SRC000171,2026-10-02,2026硬式加盟校として登録。宮崎県の2026選手権大会を学校単位へ展開し、JHBF 2026年5月末公式加盟校数（SRC000099）と一致することを確認。 正式校名はSRC000171の現行加盟校47校を参照。
SCH002382,宮崎工,宮崎県立宮崎工業高等学校,宮崎県立宮崎工業高等学校,,宮崎県立宮崎工業高等学校,45,宮崎市,,prefectural,high_school,active,SRC000171,2026-10-02,2026硬式加盟校として登録。宮崎県の2026選手権大会を学校単位へ展開し、JHBF 2026年5月末公式加盟校数（SRC000099）と一致することを確認。 正式校名はSRC000171の現行加盟校47校を参照。
SCH002383,宮崎海洋,宮崎県立宮崎海洋高等学校,宮崎県立宮崎海洋高等学校,,宮崎県立宮崎海洋高等学校,45,宮崎市,,prefectural,high_school,active,SRC000171,2026-10-02,2026硬式加盟校として登録。宮崎県の2026選手権大会を学校単位へ展開し、JHBF 2026年5月末公式加盟校数（SRC000099）と一致することを確認。 正式校名はSRC000171の現行加盟校47校を参照。
SCH002384,宮崎西,宮崎県立宮崎西高等学校,宮崎県立宮崎西高等学校,,宮崎県立宮崎西高等学校,45,宮崎市,,prefectural,high_school,active,SRC000171,2026-10-02,2026硬式加盟校として登録。宮崎県の2026選手権大会を学校単位へ展開し、JHBF 2026年5月末公式加盟校数（SRC000099）と一致することを確認。 正式校名はSRC000171の現行加盟校47校を参照。
SCH002385,宮崎農,宮崎県立宮崎農業高等学校,宮崎県立宮崎農業高等学校,,宮崎県立宮崎農業高等学校,45,宮崎市,,prefectural,high_school,active,SRC000171,2026-10-02,2026硬式加盟校として登録。宮崎県の2026選手権大会を学校単位へ展開し、JHBF 2026年5月末公式加盟校数（SRC000099）と一致することを確認。 正式校名はSRC000171の現行加盟校47校を参照。
SCH002386,本庄,宮崎県立本庄高等学校,宮崎県立本庄高等学校,,宮崎県立本庄高等学校,45,国富町,,prefectural,high_school,active,SRC000171,2026-10-02,2026硬式加盟校として登録。宮崎県の2026選手権大会を学校単位へ展開し、JHBF 2026年5月末公式加盟校数（SRC000099）と一致することを確認。 正式校名はSRC000171の現行加盟校47校を参照。
SCH002387,高鍋農,宮崎県立高鍋農業高等学校,宮崎県立高鍋農業高等学校,,宮崎県立高鍋農業高等学校,45,高鍋町,,prefectural,high_school,active,SRC000171,2026-10-02,2026硬式加盟校として登録。宮崎県の2026選手権大会を学校単位へ展開し、JHBF 2026年5月末公式加盟校数（SRC000099）と一致することを確認。 正式校名はSRC000171の現行加盟校47校を参照。
SCH002388,高鍋,宮崎県立高鍋高等学校,宮崎県立高鍋高等学校,,宮崎県立高鍋高等学校,45,高鍋町,,prefectural,high_school,active,SRC000171,2026-10-02,2026硬式加盟校として登録。宮崎県の2026選手権大会を学校単位へ展開し、JHBF 2026年5月末公式加盟校数（SRC000099）と一致することを確認。 正式校名はSRC000171の現行加盟校47校を参照。
SCH002389,宮崎第一,宮崎第一高等学校,宮崎第一高等学校,,宮崎第一高等学校,45,宮崎市,,private,high_school,active,SRC000171,2026-10-02,2026硬式加盟校として登録。宮崎県の2026選手権大会を学校単位へ展開し、JHBF 2026年5月末公式加盟校数（SRC000099）と一致することを確認。 正式校名はSRC000171の現行加盟校47校を参照。
SCH002390,日向学院,日向学院高等学校,日向学院高等学校,,日向学院高等学校,45,宮崎市,,private,high_school,active,SRC000171,2026-10-02,2026硬式加盟校として登録。宮崎県の2026選手権大会を学校単位へ展開し、JHBF 2026年5月末公式加盟校数（SRC000099）と一致することを確認。 正式校名はSRC000171の現行加盟校47校を参照。
SCH002391,日章学園,日章学園高等学校,日章学園高等学校,,日章学園高等学校,45,宮崎市,,private,high_school,active,SRC000171,2026-10-02,2026硬式加盟校として登録。宮崎県の2026選手権大会を学校単位へ展開し、JHBF 2026年5月末公式加盟校数（SRC000099）と一致することを確認。 正式校名はSRC000171の現行加盟校47校を参照。
SCH002392,鵬翔,鵬翔高等学校,鵬翔高等学校,,鵬翔高等学校,45,宮崎市,,private,high_school,active,SRC000171,2026-10-02,2026硬式加盟校として登録。宮崎県の2026選手権大会を学校単位へ展開し、JHBF 2026年5月末公式加盟校数（SRC000099）と一致することを確認。 正式校名はSRC000171の現行加盟校47校を参照。
SCH002393,都城高専,都城工業高等専門学校,都城工業高等専門学校,,都城工業高等専門学校,45,都城市,,national,technical_college,active,SRC000171,2026-10-02,2026硬式加盟校として登録。宮崎県の2026選手権大会を学校単位へ展開し、JHBF 2026年5月末公式加盟校数（SRC000099）と一致することを確認。 正式校名はSRC000171の現行加盟校47校を参照。
SCH002394,小林秀峰,宮崎県立小林秀峰高等学校,宮崎県立小林秀峰高等学校,,宮崎県立小林秀峰高等学校,45,小林市,,prefectural,high_school,active,SRC000171,2026-10-02,2026硬式加盟校として登録。宮崎県の2026選手権大会を学校単位へ展開し、JHBF 2026年5月末公式加盟校数（SRC000099）と一致することを確認。 正式校名はSRC000171の現行加盟校47校を参照。
SCH002395,小林,宮崎県立小林高等学校,宮崎県立小林高等学校,,宮崎県立小林高等学校,45,小林市,,prefectural,high_school,active,SRC000171,2026-10-02,2026硬式加盟校として登録。宮崎県の2026選手権大会を学校単位へ展開し、JHBF 2026年5月末公式加盟校数（SRC000099）と一致することを確認。 正式校名はSRC000171の現行加盟校47校を参照。
SCH002396,日南振徳,宮崎県立日南振徳高等学校,宮崎県立日南振徳高等学校,,宮崎県立日南振徳高等学校,45,日南市,,prefectural,high_school,active,SRC000171,2026-10-02,2026硬式加盟校として登録。宮崎県の2026選手権大会を学校単位へ展開し、JHBF 2026年5月末公式加盟校数（SRC000099）と一致することを確認。 正式校名はSRC000171の現行加盟校47校を参照。
SCH002397,日南,宮崎県立日南高等学校,宮崎県立日南高等学校,,宮崎県立日南高等学校,45,日南市,,prefectural,high_school,active,SRC000171,2026-10-02,2026硬式加盟校として登録。宮崎県の2026選手権大会を学校単位へ展開し、JHBF 2026年5月末公式加盟校数（SRC000099）と一致することを確認。 正式校名はSRC000171の現行加盟校47校を参照。
SCH002398,福島,宮崎県立福島高等学校,宮崎県立福島高等学校,,宮崎県立福島高等学校,45,串間市,,prefectural,high_school,active,SRC000171,2026-10-02,2026硬式加盟校として登録。宮崎県の2026選手権大会を学校単位へ展開し、JHBF 2026年5月末公式加盟校数（SRC000099）と一致することを確認。 2026選手権では連合チームの構成校。 正式校名はSRC000171の現行加盟校47校を参照。
SCH002399,都城商,宮崎県立都城商業高等学校,宮崎県立都城商業高等学校,,宮崎県立都城商業高等学校,45,都城市,,prefectural,high_school,active,SRC000171,2026-10-02,2026硬式加盟校として登録。宮崎県の2026選手権大会を学校単位へ展開し、JHBF 2026年5月末公式加盟校数（SRC000099）と一致することを確認。 正式校名はSRC000171の現行加盟校47校を参照。
SCH002400,都城工,宮崎県立都城工業高等学校,宮崎県立都城工業高等学校,,宮崎県立都城工業高等学校,45,都城市,,prefectural,high_school,active,SRC000171,2026-10-02,2026硬式加盟校として登録。宮崎県の2026選手権大会を学校単位へ展開し、JHBF 2026年5月末公式加盟校数（SRC000099）と一致することを確認。 正式校名はSRC000171の現行加盟校47校を参照。
SCH002401,都城泉ヶ丘,宮崎県立都城泉ヶ丘高等学校,宮崎県立都城泉ヶ丘高等学校,,宮崎県立都城泉ヶ丘高等学校,45,都城市,,prefectural,high_school,active,SRC000171,2026-10-02,2026硬式加盟校として登録。宮崎県の2026選手権大会を学校単位へ展開し、JHBF 2026年5月末公式加盟校数（SRC000099）と一致することを確認。 正式校名はSRC000171の現行加盟校47校を参照。
SCH002402,都城西,宮崎県立都城西高等学校,宮崎県立都城西高等学校,,宮崎県立都城西高等学校,45,都城市,,prefectural,high_school,active,SRC000171,2026-10-02,2026硬式加盟校として登録。宮崎県の2026選手権大会を学校単位へ展開し、JHBF 2026年5月末公式加盟校数（SRC000099）と一致することを確認。 正式校名はSRC000171の現行加盟校47校を参照。
SCH002403,都城農,宮崎県立都城農業高等学校,宮崎県立都城農業高等学校,,宮崎県立都城農業高等学校,45,都城市,,prefectural,high_school,active,SRC000171,2026-10-02,2026硬式加盟校として登録。宮崎県の2026選手権大会を学校単位へ展開し、JHBF 2026年5月末公式加盟校数（SRC000099）と一致することを確認。 正式校名はSRC000171の現行加盟校47校を参照。
SCH002404,飯野,宮崎県立飯野高等学校,宮崎県立飯野高等学校,,宮崎県立飯野高等学校,45,えびの市,,prefectural,high_school,active,SRC000171,2026-10-02,2026硬式加盟校として登録。宮崎県の2026選手権大会を学校単位へ展開し、JHBF 2026年5月末公式加盟校数（SRC000099）と一致することを確認。 正式校名はSRC000171の現行加盟校47校を参照。
SCH002405,高城,宮崎県立高城高等学校,宮崎県立高城高等学校,,宮崎県立高城高等学校,45,都城市,,prefectural,high_school,active,SRC000171,2026-10-02,2026硬式加盟校として登録。宮崎県の2026選手権大会を学校単位へ展開し、JHBF 2026年5月末公式加盟校数（SRC000099）と一致することを確認。 2026選手権では連合チームの構成校。 正式校名はSRC000171の現行加盟校47校を参照。
SCH002406,小林西,小林西高等学校,小林西高等学校,,小林西高等学校,45,小林市,,private,high_school,active,SRC000171,2026-10-02,2026硬式加盟校として登録。宮崎県の2026選手権大会を学校単位へ展開し、JHBF 2026年5月末公式加盟校数（SRC000099）と一致することを確認。 正式校名はSRC000171の現行加盟校47校を参照。
SCH002407,日南学園,日南学園高等学校,日南学園高等学校,,日南学園高等学校,45,日南市,,private,high_school,active,SRC000171,2026-10-02,2026硬式加盟校として登録。宮崎県の2026選手権大会を学校単位へ展開し、JHBF 2026年5月末公式加盟校数（SRC000099）と一致することを確認。 正式校名はSRC000171の現行加盟校47校を参照。
SCH002408,櫻美学園,櫻美学園高等学校,櫻美学園高等学校,,櫻美学園高等学校,45,都城市,,private,high_school,active,SRC000171,2026-10-02,2026硬式加盟校として登録。宮崎県の2026選手権大会を学校単位へ展開し、JHBF 2026年5月末公式加盟校数（SRC000099）と一致することを確認。 正式校名はSRC000171の現行加盟校47校を参照。
SCH002409,都城,都城高等学校,都城高等学校,,都城高等学校,45,都城市,,private,high_school,active,SRC000171,2026-10-02,2026硬式加盟校として登録。宮崎県の2026選手権大会を学校単位へ展開し、JHBF 2026年5月末公式加盟校数（SRC000099）と一致することを確認。 正式校名はSRC000171の現行加盟校47校を参照。
SCH002410,滋賀学園,滋賀学園高等学校,滋賀学園高等学校,,滋賀学園高等学校,25,東近江市,,private,high_school,active,SRC000175,2026-10-02,2026硬式加盟校として登録。滋賀県の2026選手権参加校を学校単位へ展開し、JHBF 2026年5月末公式加盟校数（SRC000099）と完全一致。 SRC000175の大会全47チームを展開し、SRC000176の52校47チーム表記でも照合。
SCH002411,東大津,滋賀県立東大津高等学校,滋賀県立東大津高等学校,,滋賀県立東大津高等学校,25,大津市,,prefectural,high_school,active,SRC000175,2026-10-02,2026硬式加盟校として登録。滋賀県の2026選手権参加校を学校単位へ展開し、JHBF 2026年5月末公式加盟校数（SRC000099）と完全一致。 SRC000175の大会全47チームを展開し、SRC000176の52校47チーム表記でも照合。
SCH002412,虎姫,滋賀県立虎姫高等学校,滋賀県立虎姫高等学校,,滋賀県立虎姫高等学校,25,長浜市,,prefectural,high_school,active,SRC000175,2026-10-02,2026硬式加盟校として登録。滋賀県の2026選手権参加校を学校単位へ展開し、JHBF 2026年5月末公式加盟校数（SRC000099）と完全一致。 SRC000175の大会全47チームを展開し、SRC000176の52校47チーム表記でも照合。
SCH002413,長浜北,滋賀県立長浜北高等学校,滋賀県立長浜北高等学校,,滋賀県立長浜北高等学校,25,長浜市,,prefectural,high_school,active,SRC000175,2026-10-02,2026硬式加盟校として登録。滋賀県の2026選手権参加校を学校単位へ展開し、JHBF 2026年5月末公式加盟校数（SRC000099）と完全一致。 SRC000175の大会全47チームを展開し、SRC000176の52校47チーム表記でも照合。
SCH002414,近江兄弟社,近江兄弟社高等学校,近江兄弟社高等学校,,近江兄弟社高等学校,25,近江八幡市,,private,high_school,active,SRC000175,2026-10-02,2026硬式加盟校として登録。滋賀県の2026選手権参加校を学校単位へ展開し、JHBF 2026年5月末公式加盟校数（SRC000099）と完全一致。 SRC000175の大会全47チームを展開し、SRC000176の52校47チーム表記でも照合。
SCH002415,守山北,滋賀県立守山北高等学校,滋賀県立守山北高等学校,,滋賀県立守山北高等学校,25,守山市,,prefectural,high_school,active,SRC000175,2026-10-02,2026硬式加盟校として登録。滋賀県の2026選手権参加校を学校単位へ展開し、JHBF 2026年5月末公式加盟校数（SRC000099）と完全一致。 SRC000175の大会全47チームを展開し、SRC000176の52校47チーム表記でも照合。
SCH002416,長浜北星,滋賀県立長浜北星高等学校,滋賀県立長浜北星高等学校,,滋賀県立長浜北星高等学校,25,長浜市,,prefectural,high_school,active,SRC000175,2026-10-02,2026硬式加盟校として登録。滋賀県の2026選手権参加校を学校単位へ展開し、JHBF 2026年5月末公式加盟校数（SRC000099）と完全一致。 SRC000175の大会全47チームを展開し、SRC000176の52校47チーム表記でも照合。
SCH002417,膳所,滋賀県立膳所高等学校,滋賀県立膳所高等学校,,滋賀県立膳所高等学校,25,大津市,,prefectural,high_school,active,SRC000175,2026-10-02,2026硬式加盟校として登録。滋賀県の2026選手権参加校を学校単位へ展開し、JHBF 2026年5月末公式加盟校数（SRC000099）と完全一致。 SRC000175の大会全47チームを展開し、SRC000176の52校47チーム表記でも照合。
SCH002418,北大津,滋賀県立北大津高等学校,滋賀県立北大津高等学校,,滋賀県立北大津高等学校,25,大津市,,prefectural,high_school,active,SRC000175,2026-10-02,2026硬式加盟校として登録。滋賀県の2026選手権参加校を学校単位へ展開し、JHBF 2026年5月末公式加盟校数（SRC000099）と完全一致。 SRC000175の大会全47チームを展開し、SRC000176の52校47チーム表記でも照合。
SCH002419,滋賀短大付,滋賀短期大学附属高等学校,滋賀短期大学附属高等学校,,滋賀短期大学附属高等学校,25,大津市,,private,high_school,active,SRC000175,2026-10-02,2026硬式加盟校として登録。滋賀県の2026選手権参加校を学校単位へ展開し、JHBF 2026年5月末公式加盟校数（SRC000099）と完全一致。 SRC000175の大会全47チームを展開し、SRC000176の52校47チーム表記でも照合。
SCH002420,草津,滋賀県立草津高等学校,滋賀県立草津高等学校,,滋賀県立草津高等学校,25,草津市,,prefectural,high_school,active,SRC000175,2026-10-02,2026硬式加盟校として登録。滋賀県の2026選手権参加校を学校単位へ展開し、JHBF 2026年5月末公式加盟校数（SRC000099）と完全一致。 SRC000175の大会全47チームを展開し、SRC000176の52校47チーム表記でも照合。
SCH002421,野洲,滋賀県立野洲高等学校,滋賀県立野洲高等学校,,滋賀県立野洲高等学校,25,野洲市,,prefectural,high_school,active,SRC000175,2026-10-02,2026硬式加盟校として登録。滋賀県の2026選手権参加校を学校単位へ展開し、JHBF 2026年5月末公式加盟校数（SRC000099）と完全一致。 SRC000175の大会全47チームを展開し、SRC000176の52校47チーム表記でも照合。
SCH002422,綾羽,綾羽高等学校,綾羽高等学校,,綾羽高等学校,25,草津市,,private,high_school,active,SRC000175,2026-10-02,2026硬式加盟校として登録。滋賀県の2026選手権参加校を学校単位へ展開し、JHBF 2026年5月末公式加盟校数（SRC000099）と完全一致。 SRC000175の大会全47チームを展開し、SRC000176の52校47チーム表記でも照合。
SCH002423,伊香,滋賀県立伊香高等学校,滋賀県立伊香高等学校,,滋賀県立伊香高等学校,25,長浜市,,prefectural,high_school,active,SRC000175,2026-10-02,2026硬式加盟校として登録。滋賀県の2026選手権参加校を学校単位へ展開し、JHBF 2026年5月末公式加盟校数（SRC000099）と完全一致。 SRC000175の大会全47チームを展開し、SRC000176の52校47チーム表記でも照合。
SCH002424,米原,滋賀県立米原高等学校,滋賀県立米原高等学校,,滋賀県立米原高等学校,25,米原市,,prefectural,high_school,active,SRC000175,2026-10-02,2026硬式加盟校として登録。滋賀県の2026選手権参加校を学校単位へ展開し、JHBF 2026年5月末公式加盟校数（SRC000099）と完全一致。 SRC000175の大会全47チームを展開し、SRC000176の52校47チーム表記でも照合。
SCH002425,栗東,滋賀県立栗東高等学校,滋賀県立栗東高等学校,,滋賀県立栗東高等学校,25,栗東市,,prefectural,high_school,active,SRC000175,2026-10-02,2026硬式加盟校として登録。滋賀県の2026選手権参加校を学校単位へ展開し、JHBF 2026年5月末公式加盟校数（SRC000099）と完全一致。 SRC000175の大会全47チームを展開し、SRC000176の52校47チーム表記でも照合。
SCH002426,能登川,滋賀県立能登川高等学校,滋賀県立能登川高等学校,,滋賀県立能登川高等学校,25,東近江市,,prefectural,high_school,active,SRC000175,2026-10-02,2026硬式加盟校として登録。滋賀県の2026選手権参加校を学校単位へ展開し、JHBF 2026年5月末公式加盟校数（SRC000099）と完全一致。 SRC000175の大会全47チームを展開し、SRC000176の52校47チーム表記でも照合。
SCH002427,国際情報,滋賀県立国際情報高等学校,滋賀県立国際情報高等学校,,滋賀県立国際情報高等学校,25,栗東市,,prefectural,high_school,active,SRC000175,2026-10-02,2026硬式加盟校として登録。滋賀県の2026選手権参加校を学校単位へ展開し、JHBF 2026年5月末公式加盟校数（SRC000099）と完全一致。 SRC000175の大会全47チームを展開し、SRC000176の52校47チーム表記でも照合。
SCH002428,高島,滋賀県立高島高等学校,滋賀県立高島高等学校,,滋賀県立高島高等学校,25,高島市,,prefectural,high_school,active,SRC000175,2026-10-02,2026硬式加盟校として登録。滋賀県の2026選手権参加校を学校単位へ展開し、JHBF 2026年5月末公式加盟校数（SRC000099）と完全一致。 SRC000175の大会全47チームを展開し、SRC000176の52校47チーム表記でも照合。
SCH002429,八日市南,滋賀県立八日市南高等学校,滋賀県立八日市南高等学校,,滋賀県立八日市南高等学校,25,東近江市,,prefectural,high_school,active,SRC000175,2026-10-02,2026硬式加盟校として登録。滋賀県の2026選手権参加校を学校単位へ展開し、JHBF 2026年5月末公式加盟校数（SRC000099）と完全一致。 SRC000175の大会全47チームを展開し、SRC000176の52校47チーム表記でも照合。
SCH002430,八幡工,滋賀県立八幡工業高等学校,滋賀県立八幡工業高等学校,,滋賀県立八幡工業高等学校,25,近江八幡市,,prefectural,high_school,active,SRC000175,2026-10-02,2026硬式加盟校として登録。滋賀県の2026選手権参加校を学校単位へ展開し、JHBF 2026年5月末公式加盟校数（SRC000099）と完全一致。 SRC000175の大会全47チームを展開し、SRC000176の52校47チーム表記でも照合。
SCH002431,彦根工,滋賀県立彦根工業高等学校,滋賀県立彦根工業高等学校,,滋賀県立彦根工業高等学校,25,彦根市,,prefectural,high_school,active,SRC000175,2026-10-02,2026硬式加盟校として登録。滋賀県の2026選手権参加校を学校単位へ展開し、JHBF 2026年5月末公式加盟校数（SRC000099）と完全一致。 SRC000175の大会全47チームを展開し、SRC000176の52校47チーム表記でも照合。
SCH002432,八幡商,滋賀県立八幡商業高等学校,滋賀県立八幡商業高等学校,,滋賀県立八幡商業高等学校,25,近江八幡市,,prefectural,high_school,active,SRC000175,2026-10-02,2026硬式加盟校として登録。滋賀県の2026選手権参加校を学校単位へ展開し、JHBF 2026年5月末公式加盟校数（SRC000099）と完全一致。 SRC000175の大会全47チームを展開し、SRC000176の52校47チーム表記でも照合。
SCH002433,日野,滋賀県立日野高等学校,滋賀県立日野高等学校,,滋賀県立日野高等学校,25,日野町,,prefectural,high_school,active,SRC000175,2026-10-02,2026硬式加盟校として登録。滋賀県の2026選手権参加校を学校単位へ展開し、JHBF 2026年5月末公式加盟校数（SRC000099）と完全一致。 SRC000175の大会全47チームを展開し、SRC000176の52校47チーム表記でも照合。
SCH002434,彦根総合,彦根総合高等学校,彦根総合高等学校,,彦根総合高等学校,25,彦根市,,private,high_school,active,SRC000175,2026-10-02,2026硬式加盟校として登録。滋賀県の2026選手権参加校を学校単位へ展開し、JHBF 2026年5月末公式加盟校数（SRC000099）と完全一致。 SRC000175の大会全47チームを展開し、SRC000176の52校47チーム表記でも照合。
SCH002435,伊吹,滋賀県立伊吹高等学校,滋賀県立伊吹高等学校,,滋賀県立伊吹高等学校,25,米原市,,prefectural,high_school,active,SRC000175,2026-10-02,2026硬式加盟校として登録。滋賀県の2026選手権参加校を学校単位へ展開し、JHBF 2026年5月末公式加盟校数（SRC000099）と完全一致。 SRC000175の大会全47チームを展開し、SRC000176の52校47チーム表記でも照合。
SCH002436,守山,滋賀県立守山高等学校,滋賀県立守山高等学校,,滋賀県立守山高等学校,25,守山市,,prefectural,high_school,active,SRC000175,2026-10-02,2026硬式加盟校として登録。滋賀県の2026選手権参加校を学校単位へ展開し、JHBF 2026年5月末公式加盟校数（SRC000099）と完全一致。 SRC000175の大会全47チームを展開し、SRC000176の52校47チーム表記でも照合。
SCH002437,大津,滋賀県立大津高等学校,滋賀県立大津高等学校,,滋賀県立大津高等学校,25,大津市,,prefectural,high_school,active,SRC000175,2026-10-02,2026硬式加盟校として登録。滋賀県の2026選手権参加校を学校単位へ展開し、JHBF 2026年5月末公式加盟校数（SRC000099）と完全一致。 SRC000175の大会全47チームを展開し、SRC000176の52校47チーム表記でも照合。
SCH002438,堅田,滋賀県立堅田高等学校,滋賀県立堅田高等学校,,滋賀県立堅田高等学校,25,大津市,,prefectural,high_school,active,SRC000175,2026-10-02,2026硬式加盟校として登録。滋賀県の2026選手権参加校を学校単位へ展開し、JHBF 2026年5月末公式加盟校数（SRC000099）と完全一致。 SRC000175の大会全47チームを展開し、SRC000176の52校47チーム表記でも照合。
SCH002439,水口東,滋賀県立水口東高等学校,滋賀県立水口東高等学校,,滋賀県立水口東高等学校,25,甲賀市,,prefectural,high_school,active,SRC000175,2026-10-02,2026硬式加盟校として登録。滋賀県の2026選手権参加校を学校単位へ展開し、JHBF 2026年5月末公式加盟校数（SRC000099）と完全一致。 SRC000175の大会全47チームを展開し、SRC000176の52校47チーム表記でも照合。
SCH002440,大津商,滋賀県立大津商業高等学校,滋賀県立大津商業高等学校,,滋賀県立大津商業高等学校,25,大津市,,prefectural,high_school,active,SRC000175,2026-10-02,2026硬式加盟校として登録。滋賀県の2026選手権参加校を学校単位へ展開し、JHBF 2026年5月末公式加盟校数（SRC000099）と完全一致。 SRC000175の大会全47チームを展開し、SRC000176の52校47チーム表記でも照合。
SCH002441,玉川,滋賀県立玉川高等学校,滋賀県立玉川高等学校,,滋賀県立玉川高等学校,25,草津市,,prefectural,high_school,active,SRC000175,2026-10-02,2026硬式加盟校として登録。滋賀県の2026選手権参加校を学校単位へ展開し、JHBF 2026年5月末公式加盟校数（SRC000099）と完全一致。 SRC000175の大会全47チームを展開し、SRC000176の52校47チーム表記でも照合。
SCH002442,比叡山,比叡山高等学校,比叡山高等学校,,比叡山高等学校,25,大津市,,private,high_school,active,SRC000175,2026-10-02,2026硬式加盟校として登録。滋賀県の2026選手権参加校を学校単位へ展開し、JHBF 2026年5月末公式加盟校数（SRC000099）と完全一致。 SRC000175の大会全47チームを展開し、SRC000176の52校47チーム表記でも照合。
SCH002443,立命館守山,立命館守山高等学校,立命館守山高等学校,,立命館守山高等学校,25,守山市,,private,high_school,active,SRC000175,2026-10-02,2026硬式加盟校として登録。滋賀県の2026選手権参加校を学校単位へ展開し、JHBF 2026年5月末公式加盟校数（SRC000099）と完全一致。 SRC000175の大会全47チームを展開し、SRC000176の52校47チーム表記でも照合。
SCH002444,甲西,滋賀県立甲西高等学校,滋賀県立甲西高等学校,,滋賀県立甲西高等学校,25,湖南市,,prefectural,high_school,active,SRC000175,2026-10-02,2026硬式加盟校として登録。滋賀県の2026選手権参加校を学校単位へ展開し、JHBF 2026年5月末公式加盟校数（SRC000099）と完全一致。 SRC000175の大会全47チームを展開し、SRC000176の52校47チーム表記でも照合。
SCH002445,石山,滋賀県立石山高等学校,滋賀県立石山高等学校,,滋賀県立石山高等学校,25,大津市,,prefectural,high_school,active,SRC000175,2026-10-02,2026硬式加盟校として登録。滋賀県の2026選手権参加校を学校単位へ展開し、JHBF 2026年5月末公式加盟校数（SRC000099）と完全一致。 SRC000175の大会全47チームを展開し、SRC000176の52校47チーム表記でも照合。
SCH002446,近江,近江高等学校,近江高等学校,,近江高等学校,25,彦根市,,private,high_school,active,SRC000175,2026-10-02,2026硬式加盟校として登録。滋賀県の2026選手権参加校を学校単位へ展開し、JHBF 2026年5月末公式加盟校数（SRC000099）と完全一致。 SRC000175の大会全47チームを展開し、SRC000176の52校47チーム表記でも照合。
SCH002447,八日市,滋賀県立八日市高等学校,滋賀県立八日市高等学校,,滋賀県立八日市高等学校,25,東近江市,,prefectural,high_school,active,SRC000175,2026-10-02,2026硬式加盟校として登録。滋賀県の2026選手権参加校を学校単位へ展開し、JHBF 2026年5月末公式加盟校数（SRC000099）と完全一致。 SRC000175の大会全47チームを展開し、SRC000176の52校47チーム表記でも照合。
SCH002448,水口,滋賀県立水口高等学校,滋賀県立水口高等学校,,滋賀県立水口高等学校,25,甲賀市,,prefectural,high_school,active,SRC000175,2026-10-02,2026硬式加盟校として登録。滋賀県の2026選手権参加校を学校単位へ展開し、JHBF 2026年5月末公式加盟校数（SRC000099）と完全一致。 SRC000175の大会全47チームを展開し、SRC000176の52校47チーム表記でも照合。
SCH002449,光泉カトリック,光泉カトリック高等学校,光泉カトリック高等学校,,光泉カトリック高等学校,25,草津市,,private,high_school,active,SRC000175,2026-10-02,2026硬式加盟校として登録。滋賀県の2026選手権参加校を学校単位へ展開し、JHBF 2026年5月末公式加盟校数（SRC000099）と完全一致。 SRC000175の大会全47チームを展開し、SRC000176の52校47チーム表記でも照合。
SCH002450,草津東,滋賀県立草津東高等学校,滋賀県立草津東高等学校,,滋賀県立草津東高等学校,25,草津市,,prefectural,high_school,active,SRC000175,2026-10-02,2026硬式加盟校として登録。滋賀県の2026選手権参加校を学校単位へ展開し、JHBF 2026年5月末公式加盟校数（SRC000099）と完全一致。 SRC000175の大会全47チームを展開し、SRC000176の52校47チーム表記でも照合。
SCH002451,河瀬,滋賀県立河瀬高等学校,滋賀県立河瀬高等学校,,滋賀県立河瀬高等学校,25,彦根市,,prefectural,high_school,active,SRC000175,2026-10-02,2026硬式加盟校として登録。滋賀県の2026選手権参加校を学校単位へ展開し、JHBF 2026年5月末公式加盟校数（SRC000099）と完全一致。 SRC000175の大会全47チームを展開し、SRC000176の52校47チーム表記でも照合。
SCH002452,彦根翔西館,滋賀県立彦根翔西館高等学校,滋賀県立彦根翔西館高等学校,,滋賀県立彦根翔西館高等学校,25,彦根市,,prefectural,high_school,active,SRC000175,2026-10-02,2026硬式加盟校として登録。滋賀県の2026選手権参加校を学校単位へ展開し、JHBF 2026年5月末公式加盟校数（SRC000099）と完全一致。 SRC000175の大会全47チームを展開し、SRC000176の52校47チーム表記でも照合。
SCH002453,瀬田工,滋賀県立瀬田工業高等学校,滋賀県立瀬田工業高等学校,,滋賀県立瀬田工業高等学校,25,大津市,,prefectural,high_school,active,SRC000175,2026-10-02,2026硬式加盟校として登録。滋賀県の2026選手権参加校を学校単位へ展開し、JHBF 2026年5月末公式加盟校数（SRC000099）と完全一致。 SRC000175の大会全47チームを展開し、SRC000176の52校47チーム表記でも照合。
SCH002454,彦根東,滋賀県立彦根東高等学校,滋賀県立彦根東高等学校,,滋賀県立彦根東高等学校,25,彦根市,,prefectural,high_school,active,SRC000175,2026-10-02,2026硬式加盟校として登録。滋賀県の2026選手権参加校を学校単位へ展開し、JHBF 2026年5月末公式加盟校数（SRC000099）と完全一致。 SRC000175の大会全47チームを展開し、SRC000176の52校47チーム表記でも照合。
SCH002455,八幡,滋賀県立八幡高等学校,滋賀県立八幡高等学校,,滋賀県立八幡高等学校,25,近江八幡市,,prefectural,high_school,active,SRC000175,2026-10-02,2026硬式加盟校として登録。滋賀県の2026選手権参加校を学校単位へ展開し、JHBF 2026年5月末公式加盟校数（SRC000099）と完全一致。 SRC000175の大会全47チームを展開し、SRC000176の52校47チーム表記でも照合。
SCH002456,安曇川,滋賀県立安曇川高等学校,滋賀県立安曇川高等学校,,滋賀県立安曇川高等学校,25,高島市,,prefectural,high_school,active,SRC000175,2026-10-02,2026硬式加盟校として登録。滋賀県の2026選手権参加校を学校単位へ展開し、JHBF 2026年5月末公式加盟校数（SRC000099）と完全一致。 2026選手権では連合チームの構成校。 SRC000175の大会全47チームを展開し、SRC000176の52校47チーム表記でも照合。
SCH002457,湖南農,滋賀県立湖南農業高等学校,滋賀県立湖南農業高等学校,,滋賀県立湖南農業高等学校,25,草津市,,prefectural,high_school,active,SRC000175,2026-10-02,2026硬式加盟校として登録。滋賀県の2026選手権参加校を学校単位へ展開し、JHBF 2026年5月末公式加盟校数（SRC000099）と完全一致。 2026選手権では連合チームの構成校。 SRC000175の大会全47チームを展開し、SRC000176の52校47チーム表記でも照合。
SCH002458,石部,滋賀県立石部高等学校,滋賀県立石部高等学校,,滋賀県立石部高等学校,25,湖南市,,prefectural,high_school,active,SRC000175,2026-10-02,2026硬式加盟校として登録。滋賀県の2026選手権参加校を学校単位へ展開し、JHBF 2026年5月末公式加盟校数（SRC000099）と完全一致。 2026選手権では連合チームの構成校。 SRC000175の大会全47チームを展開し、SRC000176の52校47チーム表記でも照合。
SCH002459,信楽,滋賀県立信楽高等学校,滋賀県立信楽高等学校,,滋賀県立信楽高等学校,25,甲賀市,,prefectural,high_school,active,SRC000175,2026-10-02,2026硬式加盟校として登録。滋賀県の2026選手権参加校を学校単位へ展開し、JHBF 2026年5月末公式加盟校数（SRC000099）と完全一致。 2026選手権では連合チームの構成校。 SRC000175の大会全47チームを展開し、SRC000176の52校47チーム表記でも照合。
SCH002460,愛知,滋賀県立愛知高等学校,滋賀県立愛知高等学校,,滋賀県立愛知高等学校,25,愛荘町,,prefectural,high_school,active,SRC000175,2026-10-02,2026硬式加盟校として登録。滋賀県の2026選手権参加校を学校単位へ展開し、JHBF 2026年5月末公式加盟校数（SRC000099）と完全一致。 2026選手権では連合チームの構成校。 SRC000175の大会全47チームを展開し、SRC000176の52校47チーム表記でも照合。
SCH002461,長浜農,滋賀県立長浜農業高等学校,滋賀県立長浜農業高等学校,,滋賀県立長浜農業高等学校,25,長浜市,,prefectural,high_school,active,SRC000175,2026-10-02,2026硬式加盟校として登録。滋賀県の2026選手権参加校を学校単位へ展開し、JHBF 2026年5月末公式加盟校数（SRC000099）と完全一致。 2026選手権では連合チームの構成校。 SRC000175の大会全47チームを展開し、SRC000176の52校47チーム表記でも照合。
SCH002462,下田,静岡県立下田高等学校,静岡県立下田高等学校,,静岡県立下田高等学校,22,下田市,,prefectural,high_school,active,SRC000177,2026-10-02,2026硬式加盟校として登録。静岡県の2026選手権参加校を学校単位へ展開し、JHBF 2026年5月末公式加盟校数（SRC000099）と完全一致。 正式校名はSRC000177の現行静岡県高野連硬式加盟校リストを参照。
SCH002463,伊豆伊東,静岡県立伊豆伊東高等学校,静岡県立伊豆伊東高等学校,,静岡県立伊豆伊東高等学校,22,伊東市,,prefectural,high_school,active,SRC000177,2026-10-02,2026硬式加盟校として登録。静岡県の2026選手権参加校を学校単位へ展開し、JHBF 2026年5月末公式加盟校数（SRC000099）と完全一致。 正式校名はSRC000177の現行静岡県高野連硬式加盟校リストを参照。
SCH002464,熱海,静岡県立熱海高等学校,静岡県立熱海高等学校,,静岡県立熱海高等学校,22,熱海市,,prefectural,high_school,active,SRC000177,2026-10-02,2026硬式加盟校として登録。静岡県の2026選手権参加校を学校単位へ展開し、JHBF 2026年5月末公式加盟校数（SRC000099）と完全一致。 2026選手権では連合チームの構成校。 正式校名はSRC000177の現行静岡県高野連硬式加盟校リストを参照。
SCH002465,伊豆総合,静岡県立伊豆総合高等学校,静岡県立伊豆総合高等学校,,静岡県立伊豆総合高等学校,22,伊豆市,,prefectural,high_school,active,SRC000177,2026-10-02,2026硬式加盟校として登録。静岡県の2026選手権参加校を学校単位へ展開し、JHBF 2026年5月末公式加盟校数（SRC000099）と完全一致。 正式校名はSRC000177の現行静岡県高野連硬式加盟校リストを参照。
SCH002466,韮山,静岡県立韮山高等学校,静岡県立韮山高等学校,,静岡県立韮山高等学校,22,伊豆の国市,,prefectural,high_school,active,SRC000177,2026-10-02,2026硬式加盟校として登録。静岡県の2026選手権参加校を学校単位へ展開し、JHBF 2026年5月末公式加盟校数（SRC000099）と完全一致。 正式校名はSRC000177の現行静岡県高野連硬式加盟校リストを参照。
SCH002467,伊豆中央,静岡県立伊豆中央高等学校,静岡県立伊豆中央高等学校,,静岡県立伊豆中央高等学校,22,伊豆の国市,,prefectural,high_school,active,SRC000177,2026-10-02,2026硬式加盟校として登録。静岡県の2026選手権参加校を学校単位へ展開し、JHBF 2026年5月末公式加盟校数（SRC000099）と完全一致。 正式校名はSRC000177の現行静岡県高野連硬式加盟校リストを参照。
SCH002468,田方農,静岡県立田方農業高等学校,静岡県立田方農業高等学校,,静岡県立田方農業高等学校,22,函南町,,prefectural,high_school,active,SRC000177,2026-10-02,2026硬式加盟校として登録。静岡県の2026選手権参加校を学校単位へ展開し、JHBF 2026年5月末公式加盟校数（SRC000099）と完全一致。 正式校名はSRC000177の現行静岡県高野連硬式加盟校リストを参照。
SCH002469,三島南,静岡県立三島南高等学校,静岡県立三島南高等学校,,静岡県立三島南高等学校,22,三島市,,prefectural,high_school,active,SRC000177,2026-10-02,2026硬式加盟校として登録。静岡県の2026選手権参加校を学校単位へ展開し、JHBF 2026年5月末公式加盟校数（SRC000099）と完全一致。 正式校名はSRC000177の現行静岡県高野連硬式加盟校リストを参照。
SCH002470,三島北,静岡県立三島北高等学校,静岡県立三島北高等学校,,静岡県立三島北高等学校,22,三島市,,prefectural,high_school,active,SRC000177,2026-10-02,2026硬式加盟校として登録。静岡県の2026選手権参加校を学校単位へ展開し、JHBF 2026年5月末公式加盟校数（SRC000099）と完全一致。 正式校名はSRC000177の現行静岡県高野連硬式加盟校リストを参照。
SCH002471,日大三島,日本大学三島高等学校,日本大学三島高等学校,,日本大学三島高等学校,22,三島市,,private,high_school,active,SRC000177,2026-10-02,2026硬式加盟校として登録。静岡県の2026選手権参加校を学校単位へ展開し、JHBF 2026年5月末公式加盟校数（SRC000099）と完全一致。 正式校名はSRC000177の現行静岡県高野連硬式加盟校リストを参照。
SCH002472,知徳,知徳高等学校,知徳高等学校,,知徳高等学校,22,長泉町,,private,high_school,active,SRC000177,2026-10-02,2026硬式加盟校として登録。静岡県の2026選手権参加校を学校単位へ展開し、JHBF 2026年5月末公式加盟校数（SRC000099）と完全一致。 正式校名はSRC000177の現行静岡県高野連硬式加盟校リストを参照。
SCH002473,小山,静岡県立小山高等学校,静岡県立小山高等学校,,静岡県立小山高等学校,22,小山町,,prefectural,high_school,active,SRC000177,2026-10-02,2026硬式加盟校として登録。静岡県の2026選手権参加校を学校単位へ展開し、JHBF 2026年5月末公式加盟校数（SRC000099）と完全一致。 正式校名はSRC000177の現行静岡県高野連硬式加盟校リストを参照。
SCH002474,御殿場,静岡県立御殿場高等学校,静岡県立御殿場高等学校,,静岡県立御殿場高等学校,22,御殿場市,,prefectural,high_school,active,SRC000177,2026-10-02,2026硬式加盟校として登録。静岡県の2026選手権参加校を学校単位へ展開し、JHBF 2026年5月末公式加盟校数（SRC000099）と完全一致。 正式校名はSRC000177の現行静岡県高野連硬式加盟校リストを参照。
SCH002475,御殿場南,静岡県立御殿場南高等学校,静岡県立御殿場南高等学校,,静岡県立御殿場南高等学校,22,御殿場市,,prefectural,high_school,active,SRC000177,2026-10-02,2026硬式加盟校として登録。静岡県の2026選手権参加校を学校単位へ展開し、JHBF 2026年5月末公式加盟校数（SRC000099）と完全一致。 正式校名はSRC000177の現行静岡県高野連硬式加盟校リストを参照。
SCH002476,御殿場西,御殿場西高等学校,御殿場西高等学校,,御殿場西高等学校,22,御殿場市,,private,high_school,active,SRC000177,2026-10-02,2026硬式加盟校として登録。静岡県の2026選手権参加校を学校単位へ展開し、JHBF 2026年5月末公式加盟校数（SRC000099）と完全一致。 正式校名はSRC000177の現行静岡県高野連硬式加盟校リストを参照。
SCH002477,裾野,静岡県立裾野高等学校,静岡県立裾野高等学校,,静岡県立裾野高等学校,22,裾野市,,prefectural,high_school,active,SRC000177,2026-10-02,2026硬式加盟校として登録。静岡県の2026選手権参加校を学校単位へ展開し、JHBF 2026年5月末公式加盟校数（SRC000099）と完全一致。 正式校名はSRC000177の現行静岡県高野連硬式加盟校リストを参照。
SCH002478,沼津高専,沼津工業高等専門学校,沼津工業高等専門学校,,沼津工業高等専門学校,22,沼津市,,national,technical_college,active,SRC000177,2026-10-02,2026硬式加盟校として登録。静岡県の2026選手権参加校を学校単位へ展開し、JHBF 2026年5月末公式加盟校数（SRC000099）と完全一致。 正式校名はSRC000177の現行静岡県高野連硬式加盟校リストを参照。
SCH002479,沼津東,静岡県立沼津東高等学校,静岡県立沼津東高等学校,,静岡県立沼津東高等学校,22,沼津市,,prefectural,high_school,active,SRC000177,2026-10-02,2026硬式加盟校として登録。静岡県の2026選手権参加校を学校単位へ展開し、JHBF 2026年5月末公式加盟校数（SRC000099）と完全一致。 正式校名はSRC000177の現行静岡県高野連硬式加盟校リストを参照。
SCH002480,沼津城北,静岡県立沼津城北高等学校,静岡県立沼津城北高等学校,,静岡県立沼津城北高等学校,22,沼津市,,prefectural,high_school,active,SRC000177,2026-10-02,2026硬式加盟校として登録。静岡県の2026選手権参加校を学校単位へ展開し、JHBF 2026年5月末公式加盟校数（SRC000099）と完全一致。 正式校名はSRC000177の現行静岡県高野連硬式加盟校リストを参照。
SCH002481,沼津工,静岡県立沼津工業高等学校,静岡県立沼津工業高等学校,,静岡県立沼津工業高等学校,22,沼津市,,prefectural,high_school,active,SRC000177,2026-10-02,2026硬式加盟校として登録。静岡県の2026選手権参加校を学校単位へ展開し、JHBF 2026年5月末公式加盟校数（SRC000099）と完全一致。 2026選手権では連合チームの構成校。 正式校名はSRC000177の現行静岡県高野連硬式加盟校リストを参照。
SCH002482,沼津商,静岡県立沼津商業高等学校,静岡県立沼津商業高等学校,,静岡県立沼津商業高等学校,22,沼津市,,prefectural,high_school,active,SRC000177,2026-10-02,2026硬式加盟校として登録。静岡県の2026選手権参加校を学校単位へ展開し、JHBF 2026年5月末公式加盟校数（SRC000099）と完全一致。 正式校名はSRC000177の現行静岡県高野連硬式加盟校リストを参照。
SCH002483,市立沼津,沼津市立沼津高等学校,沼津市立沼津高等学校,,沼津市立沼津高等学校,22,沼津市,,municipal,high_school,active,SRC000177,2026-10-02,2026硬式加盟校として登録。静岡県の2026選手権参加校を学校単位へ展開し、JHBF 2026年5月末公式加盟校数（SRC000099）と完全一致。 正式校名はSRC000177の現行静岡県高野連硬式加盟校リストを参照。
SCH002484,加藤学園,加藤学園高等学校,加藤学園高等学校,,加藤学園高等学校,22,沼津市,,private,high_school,active,SRC000177,2026-10-02,2026硬式加盟校として登録。静岡県の2026選手権参加校を学校単位へ展開し、JHBF 2026年5月末公式加盟校数（SRC000099）と完全一致。 正式校名はSRC000177の現行静岡県高野連硬式加盟校リストを参照。
SCH002485,誠恵,誠恵高等学校,誠恵高等学校,,誠恵高等学校,22,沼津市,,private,high_school,active,SRC000177,2026-10-02,2026硬式加盟校として登録。静岡県の2026選手権参加校を学校単位へ展開し、JHBF 2026年5月末公式加盟校数（SRC000099）と完全一致。 正式校名はSRC000177の現行静岡県高野連硬式加盟校リストを参照。
SCH002486,桐陽,桐陽高等学校,桐陽高等学校,,桐陽高等学校,22,沼津市,,private,high_school,active,SRC000177,2026-10-02,2026硬式加盟校として登録。静岡県の2026選手権参加校を学校単位へ展開し、JHBF 2026年5月末公式加盟校数（SRC000099）と完全一致。 正式校名はSRC000177の現行静岡県高野連硬式加盟校リストを参照。
SCH002487,飛龍,飛龍高等学校,飛龍高等学校,,飛龍高等学校,22,沼津市,,private,high_school,active,SRC000177,2026-10-02,2026硬式加盟校として登録。静岡県の2026選手権参加校を学校単位へ展開し、JHBF 2026年5月末公式加盟校数（SRC000099）と完全一致。 正式校名はSRC000177の現行静岡県高野連硬式加盟校リストを参照。
SCH002488,吉原,静岡県立吉原高等学校,静岡県立吉原高等学校,,静岡県立吉原高等学校,22,富士市,,prefectural,high_school,active,SRC000177,2026-10-02,2026硬式加盟校として登録。静岡県の2026選手権参加校を学校単位へ展開し、JHBF 2026年5月末公式加盟校数（SRC000099）と完全一致。 正式校名はSRC000177の現行静岡県高野連硬式加盟校リストを参照。
SCH002489,吉原工,静岡県立吉原工業高等学校,静岡県立吉原工業高等学校,,静岡県立吉原工業高等学校,22,富士市,,prefectural,high_school,active,SRC000177,2026-10-02,2026硬式加盟校として登録。静岡県の2026選手権参加校を学校単位へ展開し、JHBF 2026年5月末公式加盟校数（SRC000099）と完全一致。 正式校名はSRC000177の現行静岡県高野連硬式加盟校リストを参照。
SCH002490,富士,静岡県立富士高等学校,静岡県立富士高等学校,,静岡県立富士高等学校,22,富士市,,prefectural,high_school,active,SRC000177,2026-10-02,2026硬式加盟校として登録。静岡県の2026選手権参加校を学校単位へ展開し、JHBF 2026年5月末公式加盟校数（SRC000099）と完全一致。 正式校名はSRC000177の現行静岡県高野連硬式加盟校リストを参照。
SCH002491,富士東,静岡県立富士東高等学校,静岡県立富士東高等学校,,静岡県立富士東高等学校,22,富士市,,prefectural,high_school,active,SRC000177,2026-10-02,2026硬式加盟校として登録。静岡県の2026選手権参加校を学校単位へ展開し、JHBF 2026年5月末公式加盟校数（SRC000099）と完全一致。 正式校名はSRC000177の現行静岡県高野連硬式加盟校リストを参照。
SCH002492,富士市立,富士市立高等学校,富士市立高等学校,,富士市立高等学校,22,富士市,,municipal,high_school,active,SRC000177,2026-10-02,2026硬式加盟校として登録。静岡県の2026選手権参加校を学校単位へ展開し、JHBF 2026年5月末公式加盟校数（SRC000099）と完全一致。 正式校名はSRC000177の現行静岡県高野連硬式加盟校リストを参照。
SCH002493,富士宮東,静岡県立富士宮東高等学校,静岡県立富士宮東高等学校,,静岡県立富士宮東高等学校,22,富士宮市,,prefectural,high_school,active,SRC000177,2026-10-02,2026硬式加盟校として登録。静岡県の2026選手権参加校を学校単位へ展開し、JHBF 2026年5月末公式加盟校数（SRC000099）と完全一致。 正式校名はSRC000177の現行静岡県高野連硬式加盟校リストを参照。
SCH002494,富士宮北,静岡県立富士宮北高等学校,静岡県立富士宮北高等学校,,静岡県立富士宮北高等学校,22,富士宮市,,prefectural,high_school,active,SRC000177,2026-10-02,2026硬式加盟校として登録。静岡県の2026選手権参加校を学校単位へ展開し、JHBF 2026年5月末公式加盟校数（SRC000099）と完全一致。 正式校名はSRC000177の現行静岡県高野連硬式加盟校リストを参照。
SCH002495,富士宮西,静岡県立富士宮西高等学校,静岡県立富士宮西高等学校,,静岡県立富士宮西高等学校,22,富士宮市,,prefectural,high_school,active,SRC000177,2026-10-02,2026硬式加盟校として登録。静岡県の2026選手権参加校を学校単位へ展開し、JHBF 2026年5月末公式加盟校数（SRC000099）と完全一致。 正式校名はSRC000177の現行静岡県高野連硬式加盟校リストを参照。
SCH002496,富岳館,静岡県立富岳館高等学校,静岡県立富岳館高等学校,,静岡県立富岳館高等学校,22,富士宮市,,prefectural,high_school,active,SRC000177,2026-10-02,2026硬式加盟校として登録。静岡県の2026選手権参加校を学校単位へ展開し、JHBF 2026年5月末公式加盟校数（SRC000099）と完全一致。 正式校名はSRC000177の現行静岡県高野連硬式加盟校リストを参照。
SCH002497,星陵,星陵高等学校,星陵高等学校,,星陵高等学校,22,富士宮市,,private,high_school,active,SRC000177,2026-10-02,2026硬式加盟校として登録。静岡県の2026選手権参加校を学校単位へ展開し、JHBF 2026年5月末公式加盟校数（SRC000099）と完全一致。 正式校名はSRC000177の現行静岡県高野連硬式加盟校リストを参照。
SCH002498,清水東,静岡県立清水東高等学校,静岡県立清水東高等学校,,静岡県立清水東高等学校,22,静岡市,,prefectural,high_school,active,SRC000177,2026-10-02,2026硬式加盟校として登録。静岡県の2026選手権参加校を学校単位へ展開し、JHBF 2026年5月末公式加盟校数（SRC000099）と完全一致。 正式校名はSRC000177の現行静岡県高野連硬式加盟校リストを参照。
SCH002499,清水西,静岡県立清水西高等学校,静岡県立清水西高等学校,,静岡県立清水西高等学校,22,静岡市,,prefectural,high_school,active,SRC000177,2026-10-02,2026硬式加盟校として登録。静岡県の2026選手権参加校を学校単位へ展開し、JHBF 2026年5月末公式加盟校数（SRC000099）と完全一致。 正式校名はSRC000177の現行静岡県高野連硬式加盟校リストを参照。
SCH002500,清水桜が丘,静岡市立清水桜が丘高等学校,静岡市立清水桜が丘高等学校,,静岡市立清水桜が丘高等学校,22,静岡市,,municipal,high_school,active,SRC000177,2026-10-02,2026硬式加盟校として登録。静岡県の2026選手権参加校を学校単位へ展開し、JHBF 2026年5月末公式加盟校数（SRC000099）と完全一致。 正式校名はSRC000177の現行静岡県高野連硬式加盟校リストを参照。
SCH002501,東海大静岡翔洋,東海大学付属静岡翔洋高等学校,東海大学付属静岡翔洋高等学校,,東海大学付属静岡翔洋高等学校,22,静岡市,,private,high_school,active,SRC000177,2026-10-02,2026硬式加盟校として登録。静岡県の2026選手権参加校を学校単位へ展開し、JHBF 2026年5月末公式加盟校数（SRC000099）と完全一致。 正式校名はSRC000177の現行静岡県高野連硬式加盟校リストを参照。
SCH002502,静岡東,静岡県立静岡東高等学校,静岡県立静岡東高等学校,,静岡県立静岡東高等学校,22,静岡市,,prefectural,high_school,active,SRC000177,2026-10-02,2026硬式加盟校として登録。静岡県の2026選手権参加校を学校単位へ展開し、JHBF 2026年5月末公式加盟校数（SRC000099）と完全一致。 正式校名はSRC000177の現行静岡県高野連硬式加盟校リストを参照。
SCH002503,静岡,静岡県立静岡高等学校,静岡県立静岡高等学校,,静岡県立静岡高等学校,22,静岡市,,prefectural,high_school,active,SRC000177,2026-10-02,2026硬式加盟校として登録。静岡県の2026選手権参加校を学校単位へ展開し、JHBF 2026年5月末公式加盟校数（SRC000099）と完全一致。 正式校名はSRC000177の現行静岡県高野連硬式加盟校リストを参照。
SCH002504,静岡西,静岡県立静岡西高等学校,静岡県立静岡西高等学校,,静岡県立静岡西高等学校,22,静岡市,,prefectural,high_school,active,SRC000177,2026-10-02,2026硬式加盟校として登録。静岡県の2026選手権参加校を学校単位へ展開し、JHBF 2026年5月末公式加盟校数（SRC000099）と完全一致。 正式校名はSRC000177の現行静岡県高野連硬式加盟校リストを参照。
SCH002505,静岡農,静岡県立静岡農業高等学校,静岡県立静岡農業高等学校,,静岡県立静岡農業高等学校,22,静岡市,,prefectural,high_school,active,SRC000177,2026-10-02,2026硬式加盟校として登録。静岡県の2026選手権参加校を学校単位へ展開し、JHBF 2026年5月末公式加盟校数（SRC000099）と完全一致。 正式校名はSRC000177の現行静岡県高野連硬式加盟校リストを参照。
SCH002506,科学技術,静岡県立科学技術高等学校,静岡県立科学技術高等学校,,静岡県立科学技術高等学校,22,静岡市,,prefectural,high_school,active,SRC000177,2026-10-02,2026硬式加盟校として登録。静岡県の2026選手権参加校を学校単位へ展開し、JHBF 2026年5月末公式加盟校数（SRC000099）と完全一致。 正式校名はSRC000177の現行静岡県高野連硬式加盟校リストを参照。
SCH002507,静岡商,静岡県立静岡商業高等学校,静岡県立静岡商業高等学校,,静岡県立静岡商業高等学校,22,静岡市,,prefectural,high_school,active,SRC000177,2026-10-02,2026硬式加盟校として登録。静岡県の2026選手権参加校を学校単位へ展開し、JHBF 2026年5月末公式加盟校数（SRC000099）と完全一致。 正式校名はSRC000177の現行静岡県高野連硬式加盟校リストを参照。
SCH002508,駿河総合,静岡県立駿河総合高等学校,静岡県立駿河総合高等学校,,静岡県立駿河総合高等学校,22,静岡市,,prefectural,high_school,active,SRC000177,2026-10-02,2026硬式加盟校として登録。静岡県の2026選手権参加校を学校単位へ展開し、JHBF 2026年5月末公式加盟校数（SRC000099）と完全一致。 正式校名はSRC000177の現行静岡県高野連硬式加盟校リストを参照。
SCH002509,静岡市立,静岡市立高等学校,静岡市立高等学校,,静岡市立高等学校,22,静岡市,,municipal,high_school,active,SRC000177,2026-10-02,2026硬式加盟校として登録。静岡県の2026選手権参加校を学校単位へ展開し、JHBF 2026年5月末公式加盟校数（SRC000099）と完全一致。 正式校名はSRC000177の現行静岡県高野連硬式加盟校リストを参照。
SCH002510,静岡北,静岡北高等学校,静岡北高等学校,,静岡北高等学校,22,静岡市,,private,high_school,active,SRC000177,2026-10-02,2026硬式加盟校として登録。静岡県の2026選手権参加校を学校単位へ展開し、JHBF 2026年5月末公式加盟校数（SRC000099）と完全一致。 正式校名はSRC000177の現行静岡県高野連硬式加盟校リストを参照。
SCH002511,常葉大橘,常葉大学附属橘高等学校,常葉大学附属橘高等学校,,常葉大学附属橘高等学校,22,静岡市,,private,high_school,active,SRC000177,2026-10-02,2026硬式加盟校として登録。静岡県の2026選手権参加校を学校単位へ展開し、JHBF 2026年5月末公式加盟校数（SRC000099）と完全一致。 正式校名はSRC000177の現行静岡県高野連硬式加盟校リストを参照。
SCH002512,静岡学園,静岡学園高等学校,静岡学園高等学校,,静岡学園高等学校,22,静岡市,,private,high_school,active,SRC000177,2026-10-02,2026硬式加盟校として登録。静岡県の2026選手権参加校を学校単位へ展開し、JHBF 2026年5月末公式加盟校数（SRC000099）と完全一致。 正式校名はSRC000177の現行静岡県高野連硬式加盟校リストを参照。
SCH002513,静岡大成,静岡大成高等学校,静岡大成高等学校,,静岡大成高等学校,22,静岡市,,private,high_school,active,SRC000177,2026-10-02,2026硬式加盟校として登録。静岡県の2026選手権参加校を学校単位へ展開し、JHBF 2026年5月末公式加盟校数（SRC000099）と完全一致。 正式校名はSRC000177の現行静岡県高野連硬式加盟校リストを参照。
SCH002514,城南静岡,城南静岡高等学校,城南静岡高等学校,,城南静岡高等学校,22,静岡市,,private,high_school,active,SRC000177,2026-10-02,2026硬式加盟校として登録。静岡県の2026選手権参加校を学校単位へ展開し、JHBF 2026年5月末公式加盟校数（SRC000099）と完全一致。 正式校名はSRC000177の現行静岡県高野連硬式加盟校リストを参照。
SCH002515,焼津中央,静岡県立焼津中央高等学校,静岡県立焼津中央高等学校,,静岡県立焼津中央高等学校,22,焼津市,,prefectural,high_school,active,SRC000177,2026-10-02,2026硬式加盟校として登録。静岡県の2026選手権参加校を学校単位へ展開し、JHBF 2026年5月末公式加盟校数（SRC000099）と完全一致。 正式校名はSRC000177の現行静岡県高野連硬式加盟校リストを参照。
SCH002516,焼津水産,静岡県立焼津水産高等学校,静岡県立焼津水産高等学校,,静岡県立焼津水産高等学校,22,焼津市,,prefectural,high_school,active,SRC000177,2026-10-02,2026硬式加盟校として登録。静岡県の2026選手権参加校を学校単位へ展開し、JHBF 2026年5月末公式加盟校数（SRC000099）と完全一致。 正式校名はSRC000177の現行静岡県高野連硬式加盟校リストを参照。
SCH002517,清流館,静岡県立清流館高等学校,静岡県立清流館高等学校,,静岡県立清流館高等学校,22,焼津市,,prefectural,high_school,active,SRC000177,2026-10-02,2026硬式加盟校として登録。静岡県の2026選手権参加校を学校単位へ展開し、JHBF 2026年5月末公式加盟校数（SRC000099）と完全一致。 正式校名はSRC000177の現行静岡県高野連硬式加盟校リストを参照。
SCH002518,藤枝東,静岡県立藤枝東高等学校,静岡県立藤枝東高等学校,,静岡県立藤枝東高等学校,22,藤枝市,,prefectural,high_school,active,SRC000177,2026-10-02,2026硬式加盟校として登録。静岡県の2026選手権参加校を学校単位へ展開し、JHBF 2026年5月末公式加盟校数（SRC000099）と完全一致。 正式校名はSRC000177の現行静岡県高野連硬式加盟校リストを参照。
SCH002519,藤枝北,静岡県立藤枝北高等学校,静岡県立藤枝北高等学校,,静岡県立藤枝北高等学校,22,藤枝市,,prefectural,high_school,active,SRC000177,2026-10-02,2026硬式加盟校として登録。静岡県の2026選手権参加校を学校単位へ展開し、JHBF 2026年5月末公式加盟校数（SRC000099）と完全一致。 正式校名はSRC000177の現行静岡県高野連硬式加盟校リストを参照。
SCH002520,藤枝西,静岡県立藤枝西高等学校,静岡県立藤枝西高等学校,,静岡県立藤枝西高等学校,22,藤枝市,,prefectural,high_school,active,SRC000177,2026-10-02,2026硬式加盟校として登録。静岡県の2026選手権参加校を学校単位へ展開し、JHBF 2026年5月末公式加盟校数（SRC000099）と完全一致。 正式校名はSRC000177の現行静岡県高野連硬式加盟校リストを参照。
SCH002521,静清,相川学園静清高等学校,相川学園静清高等学校,,相川学園静清高等学校,22,藤枝市,,private,high_school,active,SRC000177,2026-10-02,2026硬式加盟校として登録。静岡県の2026選手権参加校を学校単位へ展開し、JHBF 2026年5月末公式加盟校数（SRC000099）と完全一致。 正式校名はSRC000177の現行静岡県高野連硬式加盟校リストを参照。
SCH002522,藤枝明誠,藤枝明誠高等学校,藤枝明誠高等学校,,藤枝明誠高等学校,22,藤枝市,,private,high_school,active,SRC000177,2026-10-02,2026硬式加盟校として登録。静岡県の2026選手権参加校を学校単位へ展開し、JHBF 2026年5月末公式加盟校数（SRC000099）と完全一致。 正式校名はSRC000177の現行静岡県高野連硬式加盟校リストを参照。
SCH002523,島田,静岡県立島田高等学校,静岡県立島田高等学校,,静岡県立島田高等学校,22,島田市,,prefectural,high_school,active,SRC000177,2026-10-02,2026硬式加盟校として登録。静岡県の2026選手権参加校を学校単位へ展開し、JHBF 2026年5月末公式加盟校数（SRC000099）と完全一致。 正式校名はSRC000177の現行静岡県高野連硬式加盟校リストを参照。
SCH002524,島田工,静岡県立島田工業高等学校,静岡県立島田工業高等学校,,静岡県立島田工業高等学校,22,島田市,,prefectural,high_school,active,SRC000177,2026-10-02,2026硬式加盟校として登録。静岡県の2026選手権参加校を学校単位へ展開し、JHBF 2026年5月末公式加盟校数（SRC000099）と完全一致。 正式校名はSRC000177の現行静岡県高野連硬式加盟校リストを参照。
SCH002525,島田商,静岡県立島田商業高等学校,静岡県立島田商業高等学校,,静岡県立島田商業高等学校,22,島田市,,prefectural,high_school,active,SRC000177,2026-10-02,2026硬式加盟校として登録。静岡県の2026選手権参加校を学校単位へ展開し、JHBF 2026年5月末公式加盟校数（SRC000099）と完全一致。 正式校名はSRC000177の現行静岡県高野連硬式加盟校リストを参照。
SCH002526,島田樟誠,島田樟誠高等学校,島田樟誠高等学校,,島田樟誠高等学校,22,島田市,,private,high_school,active,SRC000177,2026-10-02,2026硬式加盟校として登録。静岡県の2026選手権参加校を学校単位へ展開し、JHBF 2026年5月末公式加盟校数（SRC000099）と完全一致。 正式校名はSRC000177の現行静岡県高野連硬式加盟校リストを参照。
SCH002527,川根,静岡県立川根高等学校,静岡県立川根高等学校,,静岡県立川根高等学校,22,川根本町,,prefectural,high_school,active,SRC000177,2026-10-02,2026硬式加盟校として登録。静岡県の2026選手権参加校を学校単位へ展開し、JHBF 2026年5月末公式加盟校数（SRC000099）と完全一致。 正式校名はSRC000177の現行静岡県高野連硬式加盟校リストを参照。
SCH002528,榛原,静岡県立榛原高等学校,静岡県立榛原高等学校,,静岡県立榛原高等学校,22,牧之原市,,prefectural,high_school,active,SRC000177,2026-10-02,2026硬式加盟校として登録。静岡県の2026選手権参加校を学校単位へ展開し、JHBF 2026年5月末公式加盟校数（SRC000099）と完全一致。 正式校名はSRC000177の現行静岡県高野連硬式加盟校リストを参照。
SCH002529,相良,静岡県立相良高等学校,静岡県立相良高等学校,,静岡県立相良高等学校,22,牧之原市,,prefectural,high_school,active,SRC000177,2026-10-02,2026硬式加盟校として登録。静岡県の2026選手権参加校を学校単位へ展開し、JHBF 2026年5月末公式加盟校数（SRC000099）と完全一致。 正式校名はSRC000177の現行静岡県高野連硬式加盟校リストを参照。
SCH002530,小笠,静岡県立小笠高等学校,静岡県立小笠高等学校,,静岡県立小笠高等学校,22,菊川市,,prefectural,high_school,active,SRC000177,2026-10-02,2026硬式加盟校として登録。静岡県の2026選手権参加校を学校単位へ展開し、JHBF 2026年5月末公式加盟校数（SRC000099）と完全一致。 正式校名はSRC000177の現行静岡県高野連硬式加盟校リストを参照。
SCH002531,常葉大菊川,常葉大学附属菊川高等学校,常葉大学附属菊川高等学校,,常葉大学附属菊川高等学校,22,菊川市,,private,high_school,active,SRC000177,2026-10-02,2026硬式加盟校として登録。静岡県の2026選手権参加校を学校単位へ展開し、JHBF 2026年5月末公式加盟校数（SRC000099）と完全一致。 正式校名はSRC000177の現行静岡県高野連硬式加盟校リストを参照。
SCH002532,池新田,静岡県立池新田高等学校,静岡県立池新田高等学校,,静岡県立池新田高等学校,22,御前崎市,,prefectural,high_school,active,SRC000177,2026-10-02,2026硬式加盟校として登録。静岡県の2026選手権参加校を学校単位へ展開し、JHBF 2026年5月末公式加盟校数（SRC000099）と完全一致。 正式校名はSRC000177の現行静岡県高野連硬式加盟校リストを参照。
SCH002533,掛川西,静岡県立掛川西高等学校,静岡県立掛川西高等学校,,静岡県立掛川西高等学校,22,掛川市,,prefectural,high_school,active,SRC000177,2026-10-02,2026硬式加盟校として登録。静岡県の2026選手権参加校を学校単位へ展開し、JHBF 2026年5月末公式加盟校数（SRC000099）と完全一致。 正式校名はSRC000177の現行静岡県高野連硬式加盟校リストを参照。
SCH002534,掛川東,静岡県立掛川東高等学校,静岡県立掛川東高等学校,,静岡県立掛川東高等学校,22,掛川市,,prefectural,high_school,active,SRC000177,2026-10-02,2026硬式加盟校として登録。静岡県の2026選手権参加校を学校単位へ展開し、JHBF 2026年5月末公式加盟校数（SRC000099）と完全一致。 正式校名はSRC000177の現行静岡県高野連硬式加盟校リストを参照。
SCH002535,掛川工,静岡県立掛川工業高等学校,静岡県立掛川工業高等学校,,静岡県立掛川工業高等学校,22,掛川市,,prefectural,high_school,active,SRC000177,2026-10-02,2026硬式加盟校として登録。静岡県の2026選手権参加校を学校単位へ展開し、JHBF 2026年5月末公式加盟校数（SRC000099）と完全一致。 正式校名はSRC000177の現行静岡県高野連硬式加盟校リストを参照。
SCH002536,横須賀,静岡県立横須賀高等学校,静岡県立横須賀高等学校,,静岡県立横須賀高等学校,22,掛川市,,prefectural,high_school,active,SRC000177,2026-10-02,2026硬式加盟校として登録。静岡県の2026選手権参加校を学校単位へ展開し、JHBF 2026年5月末公式加盟校数（SRC000099）と完全一致。 正式校名はSRC000177の現行静岡県高野連硬式加盟校リストを参照。
SCH002537,袋井,静岡県立袋井高等学校,静岡県立袋井高等学校,,静岡県立袋井高等学校,22,袋井市,,prefectural,high_school,active,SRC000177,2026-10-02,2026硬式加盟校として登録。静岡県の2026選手権参加校を学校単位へ展開し、JHBF 2026年5月末公式加盟校数（SRC000099）と完全一致。 正式校名はSRC000177の現行静岡県高野連硬式加盟校リストを参照。
SCH002538,袋井商,静岡県立袋井商業高等学校,静岡県立袋井商業高等学校,,静岡県立袋井商業高等学校,22,袋井市,,prefectural,high_school,active,SRC000177,2026-10-02,2026硬式加盟校として登録。静岡県の2026選手権参加校を学校単位へ展開し、JHBF 2026年5月末公式加盟校数（SRC000099）と完全一致。 正式校名はSRC000177の現行静岡県高野連硬式加盟校リストを参照。
SCH002539,遠江総合,静岡県立遠江総合高等学校,静岡県立遠江総合高等学校,,静岡県立遠江総合高等学校,22,森町,,prefectural,high_school,active,SRC000177,2026-10-02,2026硬式加盟校として登録。静岡県の2026選手権参加校を学校単位へ展開し、JHBF 2026年5月末公式加盟校数（SRC000099）と完全一致。 正式校名はSRC000177の現行静岡県高野連硬式加盟校リストを参照。
SCH002540,磐田北,静岡県立磐田北高等学校,静岡県立磐田北高等学校,,静岡県立磐田北高等学校,22,磐田市,,prefectural,high_school,active,SRC000177,2026-10-02,2026硬式加盟校として登録。静岡県の2026選手権参加校を学校単位へ展開し、JHBF 2026年5月末公式加盟校数（SRC000099）と完全一致。 正式校名はSRC000177の現行静岡県高野連硬式加盟校リストを参照。
SCH002541,磐田南,静岡県立磐田南高等学校,静岡県立磐田南高等学校,,静岡県立磐田南高等学校,22,磐田市,,prefectural,high_school,active,SRC000177,2026-10-02,2026硬式加盟校として登録。静岡県の2026選手権参加校を学校単位へ展開し、JHBF 2026年5月末公式加盟校数（SRC000099）と完全一致。 正式校名はSRC000177の現行静岡県高野連硬式加盟校リストを参照。
SCH002542,磐田農,静岡県立磐田農業高等学校,静岡県立磐田農業高等学校,,静岡県立磐田農業高等学校,22,磐田市,,prefectural,high_school,active,SRC000177,2026-10-02,2026硬式加盟校として登録。静岡県の2026選手権参加校を学校単位へ展開し、JHBF 2026年5月末公式加盟校数（SRC000099）と完全一致。 正式校名はSRC000177の現行静岡県高野連硬式加盟校リストを参照。
SCH002543,磐田西,静岡県立磐田西高等学校,静岡県立磐田西高等学校,,静岡県立磐田西高等学校,22,磐田市,,prefectural,high_school,active,SRC000177,2026-10-02,2026硬式加盟校として登録。静岡県の2026選手権参加校を学校単位へ展開し、JHBF 2026年5月末公式加盟校数（SRC000099）と完全一致。 正式校名はSRC000177の現行静岡県高野連硬式加盟校リストを参照。
SCH002544,磐田東,磐田東高等学校,磐田東高等学校,,磐田東高等学校,22,磐田市,,private,high_school,active,SRC000177,2026-10-02,2026硬式加盟校として登録。静岡県の2026選手権参加校を学校単位へ展開し、JHBF 2026年5月末公式加盟校数（SRC000099）と完全一致。 正式校名はSRC000177の現行静岡県高野連硬式加盟校リストを参照。
SCH002545,浜松北,静岡県立浜松北高等学校,静岡県立浜松北高等学校,,静岡県立浜松北高等学校,22,浜松市,,prefectural,high_school,active,SRC000177,2026-10-02,2026硬式加盟校として登録。静岡県の2026選手権参加校を学校単位へ展開し、JHBF 2026年5月末公式加盟校数（SRC000099）と完全一致。 正式校名はSRC000177の現行静岡県高野連硬式加盟校リストを参照。
SCH002546,浜松西,静岡県立浜松西高等学校,静岡県立浜松西高等学校,,静岡県立浜松西高等学校,22,浜松市,,prefectural,high_school,active,SRC000177,2026-10-02,2026硬式加盟校として登録。静岡県の2026選手権参加校を学校単位へ展開し、JHBF 2026年5月末公式加盟校数（SRC000099）と完全一致。 正式校名はSRC000177の現行静岡県高野連硬式加盟校リストを参照。
SCH002547,浜松江之島,静岡県立浜松江之島高等学校,静岡県立浜松江之島高等学校,,静岡県立浜松江之島高等学校,22,浜松市,,prefectural,high_school,active,SRC000177,2026-10-02,2026硬式加盟校として登録。静岡県の2026選手権参加校を学校単位へ展開し、JHBF 2026年5月末公式加盟校数（SRC000099）と完全一致。 正式校名はSRC000177の現行静岡県高野連硬式加盟校リストを参照。
SCH002548,浜松湖南,静岡県立浜松湖南高等学校,静岡県立浜松湖南高等学校,,静岡県立浜松湖南高等学校,22,浜松市,,prefectural,high_school,active,SRC000177,2026-10-02,2026硬式加盟校として登録。静岡県の2026選手権参加校を学校単位へ展開し、JHBF 2026年5月末公式加盟校数（SRC000099）と完全一致。 正式校名はSRC000177の現行静岡県高野連硬式加盟校リストを参照。
SCH002549,浜松湖東,静岡県立浜松湖東高等学校,静岡県立浜松湖東高等学校,,静岡県立浜松湖東高等学校,22,浜松市,,prefectural,high_school,active,SRC000177,2026-10-02,2026硬式加盟校として登録。静岡県の2026選手権参加校を学校単位へ展開し、JHBF 2026年5月末公式加盟校数（SRC000099）と完全一致。 正式校名はSRC000177の現行静岡県高野連硬式加盟校リストを参照。
SCH002550,浜松東,静岡県立浜松東高等学校,静岡県立浜松東高等学校,,静岡県立浜松東高等学校,22,浜松市,,prefectural,high_school,active,SRC000177,2026-10-02,2026硬式加盟校として登録。静岡県の2026選手権参加校を学校単位へ展開し、JHBF 2026年5月末公式加盟校数（SRC000099）と完全一致。 正式校名はSRC000177の現行静岡県高野連硬式加盟校リストを参照。
SCH002551,浜松南,静岡県立浜松南高等学校,静岡県立浜松南高等学校,,静岡県立浜松南高等学校,22,浜松市,,prefectural,high_school,active,SRC000177,2026-10-02,2026硬式加盟校として登録。静岡県の2026選手権参加校を学校単位へ展開し、JHBF 2026年5月末公式加盟校数（SRC000099）と完全一致。 正式校名はSRC000177の現行静岡県高野連硬式加盟校リストを参照。
SCH002552,浜松大平台,静岡県立浜松大平台高等学校,静岡県立浜松大平台高等学校,,静岡県立浜松大平台高等学校,22,浜松市,,prefectural,high_school,active,SRC000177,2026-10-02,2026硬式加盟校として登録。静岡県の2026選手権参加校を学校単位へ展開し、JHBF 2026年5月末公式加盟校数（SRC000099）と完全一致。 正式校名はSRC000177の現行静岡県高野連硬式加盟校リストを参照。
SCH002553,浜松工,静岡県立浜松工業高等学校,静岡県立浜松工業高等学校,,静岡県立浜松工業高等学校,22,浜松市,,prefectural,high_school,active,SRC000177,2026-10-02,2026硬式加盟校として登録。静岡県の2026選手権参加校を学校単位へ展開し、JHBF 2026年5月末公式加盟校数（SRC000099）と完全一致。 正式校名はSRC000177の現行静岡県高野連硬式加盟校リストを参照。
SCH002554,浜松城北工,静岡県立浜松城北工業高等学校,静岡県立浜松城北工業高等学校,,静岡県立浜松城北工業高等学校,22,浜松市,,prefectural,high_school,active,SRC000177,2026-10-02,2026硬式加盟校として登録。静岡県の2026選手権参加校を学校単位へ展開し、JHBF 2026年5月末公式加盟校数（SRC000099）と完全一致。 正式校名はSRC000177の現行静岡県高野連硬式加盟校リストを参照。
SCH002555,浜松商,静岡県立浜松商業高等学校,静岡県立浜松商業高等学校,,静岡県立浜松商業高等学校,22,浜松市,,prefectural,high_school,active,SRC000177,2026-10-02,2026硬式加盟校として登録。静岡県の2026選手権参加校を学校単位へ展開し、JHBF 2026年5月末公式加盟校数（SRC000099）と完全一致。 正式校名はSRC000177の現行静岡県高野連硬式加盟校リストを参照。
SCH002556,浜松市立,浜松市立高等学校,浜松市立高等学校,,浜松市立高等学校,22,浜松市,,municipal,high_school,active,SRC000177,2026-10-02,2026硬式加盟校として登録。静岡県の2026選手権参加校を学校単位へ展開し、JHBF 2026年5月末公式加盟校数（SRC000099）と完全一致。 正式校名はSRC000177の現行静岡県高野連硬式加盟校リストを参照。
SCH002557,浜松学院・興誠,浜松学院興誠高等学校,浜松学院興誠高等学校,,浜松学院興誠高等学校,22,浜松市,,private,high_school,active,SRC000177,2026-10-02,2026硬式加盟校として登録。静岡県の2026選手権参加校を学校単位へ展開し、JHBF 2026年5月末公式加盟校数（SRC000099）と完全一致。 正式校名はSRC000177の現行静岡県高野連硬式加盟校リストを参照。 大会略称は『浜松学院・興誠』だが、学校実体は浜松学院興誠高等学校1校。
SCH002558,浜松日体,浜松日体高等学校,浜松日体高等学校,,浜松日体高等学校,22,浜松市,,private,high_school,active,SRC000177,2026-10-02,2026硬式加盟校として登録。静岡県の2026選手権参加校を学校単位へ展開し、JHBF 2026年5月末公式加盟校数（SRC000099）と完全一致。 正式校名はSRC000177の現行静岡県高野連硬式加盟校リストを参照。
SCH002559,聖隷クリストファー,聖隷クリストファー高等学校,聖隷クリストファー高等学校,,聖隷クリストファー高等学校,22,浜松市,,private,high_school,active,SRC000177,2026-10-02,2026硬式加盟校として登録。静岡県の2026選手権参加校を学校単位へ展開し、JHBF 2026年5月末公式加盟校数（SRC000099）と完全一致。 正式校名はSRC000177の現行静岡県高野連硬式加盟校リストを参照。
SCH002560,浜松開誠館,浜松開誠館高等学校,浜松開誠館高等学校,,浜松開誠館高等学校,22,浜松市,,private,high_school,active,SRC000177,2026-10-02,2026硬式加盟校として登録。静岡県の2026選手権参加校を学校単位へ展開し、JHBF 2026年5月末公式加盟校数（SRC000099）と完全一致。 正式校名はSRC000177の現行静岡県高野連硬式加盟校リストを参照。
SCH002561,浜松修学舎,浜松修学舎高等学校,浜松修学舎高等学校,,浜松修学舎高等学校,22,浜松市,,private,high_school,active,SRC000177,2026-10-02,2026硬式加盟校として登録。静岡県の2026選手権参加校を学校単位へ展開し、JHBF 2026年5月末公式加盟校数（SRC000099）と完全一致。 正式校名はSRC000177の現行静岡県高野連硬式加盟校リストを参照。
SCH002562,オイスカ浜松国際,オイスカ浜松国際高等学校,オイスカ浜松国際高等学校,,オイスカ浜松国際高等学校,22,浜松市,,private,high_school,active,SRC000177,2026-10-02,2026硬式加盟校として登録。静岡県の2026選手権参加校を学校単位へ展開し、JHBF 2026年5月末公式加盟校数（SRC000099）と完全一致。 正式校名はSRC000177の現行静岡県高野連硬式加盟校リストを参照。
SCH002563,浜名,静岡県立浜名高等学校,静岡県立浜名高等学校,,静岡県立浜名高等学校,22,浜松市,,prefectural,high_school,active,SRC000177,2026-10-02,2026硬式加盟校として登録。静岡県の2026選手権参加校を学校単位へ展開し、JHBF 2026年5月末公式加盟校数（SRC000099）と完全一致。 正式校名はSRC000177の現行静岡県高野連硬式加盟校リストを参照。
SCH002564,浜北西,静岡県立浜北西高等学校,静岡県立浜北西高等学校,,静岡県立浜北西高等学校,22,浜松市,,prefectural,high_school,active,SRC000177,2026-10-02,2026硬式加盟校として登録。静岡県の2026選手権参加校を学校単位へ展開し、JHBF 2026年5月末公式加盟校数（SRC000099）と完全一致。 正式校名はSRC000177の現行静岡県高野連硬式加盟校リストを参照。
SCH002565,天竜,静岡県立天竜高等学校,静岡県立天竜高等学校,,静岡県立天竜高等学校,22,浜松市,,prefectural,high_school,active,SRC000177,2026-10-02,2026硬式加盟校として登録。静岡県の2026選手権参加校を学校単位へ展開し、JHBF 2026年5月末公式加盟校数（SRC000099）と完全一致。 正式校名はSRC000177の現行静岡県高野連硬式加盟校リストを参照。
SCH002566,浜松湖北,静岡県立浜松湖北高等学校,静岡県立浜松湖北高等学校,,静岡県立浜松湖北高等学校,22,浜松市,,prefectural,high_school,active,SRC000177,2026-10-02,2026硬式加盟校として登録。静岡県の2026選手権参加校を学校単位へ展開し、JHBF 2026年5月末公式加盟校数（SRC000099）と完全一致。 正式校名はSRC000177の現行静岡県高野連硬式加盟校リストを参照。
SCH002567,佐久間,静岡県立浜松湖北高等学校佐久間分校,静岡県立浜松湖北高等学校佐久間分校,,静岡県立浜松湖北高等学校佐久間分校,22,浜松市,,prefectural,high_school,active,SRC000177,2026-10-02,2026硬式加盟校として登録。静岡県の2026選手権参加校を学校単位へ展開し、JHBF 2026年5月末公式加盟校数（SRC000099）と完全一致。 2026選手権では連合チームの構成校。 正式校名はSRC000177の現行静岡県高野連硬式加盟校リストを参照。 佐久間分校はJHBF加盟校数との整合上、硬式加盟単位として独立school_idを付与。
SCH002568,新居,静岡県立新居高等学校,静岡県立新居高等学校,,静岡県立新居高等学校,22,湖西市,,prefectural,high_school,active,SRC000177,2026-10-02,2026硬式加盟校として登録。静岡県の2026選手権参加校を学校単位へ展開し、JHBF 2026年5月末公式加盟校数（SRC000099）と完全一致。 2026選手権では連合チームの構成校。 正式校名はSRC000177の現行静岡県高野連硬式加盟校リストを参照。
SCH002569,湖西,静岡県立湖西高等学校,静岡県立湖西高等学校,,静岡県立湖西高等学校,22,湖西市,,prefectural,high_school,active,SRC000177,2026-10-02,2026硬式加盟校として登録。静岡県の2026選手権参加校を学校単位へ展開し、JHBF 2026年5月末公式加盟校数（SRC000099）と完全一致。 正式校名はSRC000177の現行静岡県高野連硬式加盟校リストを参照。
SCH002570,高岡商,富山県立高岡商業高等学校,富山県立高岡商業高等学校,,富山県立高岡商業高等学校,16,高岡市,,prefectural,high_school,active,SRC000181,2026-10-02,2026硬式加盟校として登録。富山県の2026夏大会参加校を学校単位へ展開し、JHBF 2026年5月末公式加盟校数（SRC000099）と照合。
SCH002571,富山第一,富山第一高等学校,富山第一高等学校,,富山第一高等学校,16,富山市,,private,high_school,active,SRC000181,2026-10-02,2026硬式加盟校として登録。富山県の2026夏大会参加校を学校単位へ展開し、JHBF 2026年5月末公式加盟校数（SRC000099）と照合。
SCH002572,富山商,富山県立富山商業高等学校,富山県立富山商業高等学校,,富山県立富山商業高等学校,16,富山市,,prefectural,high_school,active,SRC000181,2026-10-02,2026硬式加盟校として登録。富山県の2026夏大会参加校を学校単位へ展開し、JHBF 2026年5月末公式加盟校数（SRC000099）と照合。
SCH002573,高岡第一,高岡第一高等学校,高岡第一高等学校,,高岡第一高等学校,16,高岡市,,private,high_school,active,SRC000181,2026-10-02,2026硬式加盟校として登録。富山県の2026夏大会参加校を学校単位へ展開し、JHBF 2026年5月末公式加盟校数（SRC000099）と照合。
SCH002574,石動,富山県立石動高等学校,富山県立石動高等学校,,富山県立石動高等学校,16,小矢部市,,prefectural,high_school,active,SRC000181,2026-10-02,2026硬式加盟校として登録。富山県の2026夏大会参加校を学校単位へ展開し、JHBF 2026年5月末公式加盟校数（SRC000099）と照合。
SCH002575,高岡龍谷,高岡龍谷高等学校,高岡龍谷高等学校,,高岡龍谷高等学校,16,高岡市,,private,high_school,active,SRC000181,2026-10-02,2026硬式加盟校として登録。富山県の2026夏大会参加校を学校単位へ展開し、JHBF 2026年5月末公式加盟校数（SRC000099）と照合。
SCH002576,小杉,富山県立小杉高等学校,富山県立小杉高等学校,,富山県立小杉高等学校,16,射水市,,prefectural,high_school,active,SRC000181,2026-10-02,2026硬式加盟校として登録。富山県の2026夏大会参加校を学校単位へ展開し、JHBF 2026年5月末公式加盟校数（SRC000099）と照合。
SCH002577,新湊,富山県立新湊高等学校,富山県立新湊高等学校,,富山県立新湊高等学校,16,射水市,,prefectural,high_school,active,SRC000181,2026-10-02,2026硬式加盟校として登録。富山県の2026夏大会参加校を学校単位へ展開し、JHBF 2026年5月末公式加盟校数（SRC000099）と照合。
SCH002578,高岡南,富山県立高岡南高等学校,富山県立高岡南高等学校,,富山県立高岡南高等学校,16,高岡市,,prefectural,high_school,active,SRC000181,2026-10-02,2026硬式加盟校として登録。富山県の2026夏大会参加校を学校単位へ展開し、JHBF 2026年5月末公式加盟校数（SRC000099）と照合。
SCH002579,魚津,富山県立魚津高等学校,富山県立魚津高等学校,,富山県立魚津高等学校,16,魚津市,,prefectural,high_school,active,SRC000181,2026-10-02,2026硬式加盟校として登録。富山県の2026夏大会参加校を学校単位へ展開し、JHBF 2026年5月末公式加盟校数（SRC000099）と照合。
SCH002580,呉羽,富山県立呉羽高等学校,富山県立呉羽高等学校,,富山県立呉羽高等学校,16,富山市,,prefectural,high_school,active,SRC000181,2026-10-02,2026硬式加盟校として登録。富山県の2026夏大会参加校を学校単位へ展開し、JHBF 2026年5月末公式加盟校数（SRC000099）と照合。
SCH002581,高岡,富山県立高岡高等学校,富山県立高岡高等学校,,富山県立高岡高等学校,16,高岡市,,prefectural,high_school,active,SRC000181,2026-10-02,2026硬式加盟校として登録。富山県の2026夏大会参加校を学校単位へ展開し、JHBF 2026年5月末公式加盟校数（SRC000099）と照合。
SCH002582,富山中部,富山県立富山中部高等学校,富山県立富山中部高等学校,,富山県立富山中部高等学校,16,富山市,,prefectural,high_school,active,SRC000181,2026-10-02,2026硬式加盟校として登録。富山県の2026夏大会参加校を学校単位へ展開し、JHBF 2026年5月末公式加盟校数（SRC000099）と照合。
SCH002583,富山北部,富山県立富山北部高等学校,富山県立富山北部高等学校,,富山県立富山北部高等学校,16,富山市,,prefectural,high_school,active,SRC000181,2026-10-02,2026硬式加盟校として登録。富山県の2026夏大会参加校を学校単位へ展開し、JHBF 2026年5月末公式加盟校数（SRC000099）と照合。
SCH002584,南砺福野,富山県立南砺福野高等学校,富山県立南砺福野高等学校,,富山県立南砺福野高等学校,16,南砺市,,prefectural,high_school,active,SRC000181,2026-10-02,2026硬式加盟校として登録。富山県の2026夏大会参加校を学校単位へ展開し、JHBF 2026年5月末公式加盟校数（SRC000099）と照合。
SCH002585,富山高専,富山高等専門学校,富山高等専門学校,,富山高等専門学校,16,富山市,,national,technical_college,active,SRC000181,2026-10-02,2026硬式加盟校として登録。富山県の2026夏大会参加校を学校単位へ展開し、JHBF 2026年5月末公式加盟校数（SRC000099）と照合。
SCH002586,入善,富山県立入善高等学校,富山県立入善高等学校,,富山県立入善高等学校,16,入善町,,prefectural,high_school,active,SRC000181,2026-10-02,2026硬式加盟校として登録。富山県の2026夏大会参加校を学校単位へ展開し、JHBF 2026年5月末公式加盟校数（SRC000099）と照合。
SCH002587,砺波,富山県立砺波高等学校,富山県立砺波高等学校,,富山県立砺波高等学校,16,砺波市,,prefectural,high_school,active,SRC000181,2026-10-02,2026硬式加盟校として登録。富山県の2026夏大会参加校を学校単位へ展開し、JHBF 2026年5月末公式加盟校数（SRC000099）と照合。
SCH002588,滑川,富山県立滑川高等学校,富山県立滑川高等学校,,富山県立滑川高等学校,16,滑川市,,prefectural,high_school,active,SRC000181,2026-10-02,2026硬式加盟校として登録。富山県の2026夏大会参加校を学校単位へ展開し、JHBF 2026年5月末公式加盟校数（SRC000099）と照合。
SCH002589,AOIKE,AOIKE高等学校,AOIKE高等学校,,AOIKE高等学校,16,富山市,,private,high_school,active,SRC000181,2026-10-02,2026硬式加盟校として登録。富山県の2026夏大会参加校を学校単位へ展開し、JHBF 2026年5月末公式加盟校数（SRC000099）と照合。 AOIKE高等学校の富山県硬式野球加盟単位として登録。
SCH002590,不二越工,不二越工業高等学校,不二越工業高等学校,,不二越工業高等学校,16,富山市,,private,high_school,active,SRC000181,2026-10-02,2026硬式加盟校として登録。富山県の2026夏大会参加校を学校単位へ展開し、JHBF 2026年5月末公式加盟校数（SRC000099）と照合。
SCH002591,福岡,富山県立福岡高等学校,富山県立福岡高等学校,,富山県立福岡高等学校,16,高岡市,,prefectural,high_school,active,SRC000181,2026-10-02,2026硬式加盟校として登録。富山県の2026夏大会参加校を学校単位へ展開し、JHBF 2026年5月末公式加盟校数（SRC000099）と照合。
SCH002592,大門,富山県立大門高等学校,富山県立大門高等学校,,富山県立大門高等学校,16,射水市,,prefectural,high_school,active,SRC000181,2026-10-02,2026硬式加盟校として登録。富山県の2026夏大会参加校を学校単位へ展開し、JHBF 2026年5月末公式加盟校数（SRC000099）と照合。
SCH002593,富山工,富山県立富山工業高等学校,富山県立富山工業高等学校,,富山県立富山工業高等学校,16,富山市,,prefectural,high_school,active,SRC000181,2026-10-02,2026硬式加盟校として登録。富山県の2026夏大会参加校を学校単位へ展開し、JHBF 2026年5月末公式加盟校数（SRC000099）と照合。
SCH002594,未来富山,富山みらい高等学院,富山みらい高等学院,,富山みらい高等学院,16,富山市,,private,high_school,active,SRC000181,2026-10-02,2026硬式加盟校として登録。富山県の2026夏大会参加校を学校単位へ展開し、JHBF 2026年5月末公式加盟校数（SRC000099）と照合。 大会表記『未来富山』、学校実体は富山みらい高等学院として正規化。
SCH002595,高朋,高朋高等学校,高朋高等学校,,高朋高等学校,16,富山市,,private,high_school,active,SRC000181,2026-10-02,2026硬式加盟校として登録。富山県の2026夏大会参加校を学校単位へ展開し、JHBF 2026年5月末公式加盟校数（SRC000099）と照合。
SCH002596,桜井,富山県立桜井高等学校,富山県立桜井高等学校,,富山県立桜井高等学校,16,黒部市,,prefectural,high_school,active,SRC000181,2026-10-02,2026硬式加盟校として登録。富山県の2026夏大会参加校を学校単位へ展開し、JHBF 2026年5月末公式加盟校数（SRC000099）と照合。
SCH002597,高岡工芸,富山県立高岡工芸高等学校,富山県立高岡工芸高等学校,,富山県立高岡工芸高等学校,16,高岡市,,prefectural,high_school,active,SRC000181,2026-10-02,2026硬式加盟校として登録。富山県の2026夏大会参加校を学校単位へ展開し、JHBF 2026年5月末公式加盟校数（SRC000099）と照合。
SCH002598,富山国際大付,富山国際大学付属高等学校,富山国際大学付属高等学校,,富山国際大学付属高等学校,16,富山市,,private,high_school,active,SRC000181,2026-10-02,2026硬式加盟校として登録。富山県の2026夏大会参加校を学校単位へ展開し、JHBF 2026年5月末公式加盟校数（SRC000099）と照合。
SCH002599,高岡向陵,高岡向陵高等学校,高岡向陵高等学校,,高岡向陵高等学校,16,高岡市,,private,high_school,active,SRC000181,2026-10-02,2026硬式加盟校として登録。富山県の2026夏大会参加校を学校単位へ展開し、JHBF 2026年5月末公式加盟校数（SRC000099）と照合。
SCH002600,富山いずみ,富山県立富山いずみ高等学校,富山県立富山いずみ高等学校,,富山県立富山いずみ高等学校,16,富山市,,prefectural,high_school,active,SRC000181,2026-10-02,2026硬式加盟校として登録。富山県の2026夏大会参加校を学校単位へ展開し、JHBF 2026年5月末公式加盟校数（SRC000099）と照合。
SCH002601,八尾,富山県立八尾高等学校,富山県立八尾高等学校,,富山県立八尾高等学校,16,富山市,,prefectural,high_school,active,SRC000181,2026-10-02,2026硬式加盟校として登録。富山県の2026夏大会参加校を学校単位へ展開し、JHBF 2026年5月末公式加盟校数（SRC000099）と照合。
SCH002602,砺波工,富山県立砺波工業高等学校,富山県立砺波工業高等学校,,富山県立砺波工業高等学校,16,砺波市,,prefectural,high_school,active,SRC000181,2026-10-02,2026硬式加盟校として登録。富山県の2026夏大会参加校を学校単位へ展開し、JHBF 2026年5月末公式加盟校数（SRC000099）と照合。
SCH002603,富山東,富山県立富山東高等学校,富山県立富山東高等学校,,富山県立富山東高等学校,16,富山市,,prefectural,high_school,active,SRC000181,2026-10-02,2026硬式加盟校として登録。富山県の2026夏大会参加校を学校単位へ展開し、JHBF 2026年5月末公式加盟校数（SRC000099）と照合。
SCH002604,新川,新川高等学校,新川高等学校,,新川高等学校,16,魚津市,,private,high_school,active,SRC000181,2026-10-02,2026硬式加盟校として登録。富山県の2026夏大会参加校を学校単位へ展開し、JHBF 2026年5月末公式加盟校数（SRC000099）と照合。
SCH002605,氷見,富山県立氷見高等学校,富山県立氷見高等学校,,富山県立氷見高等学校,16,氷見市,,prefectural,high_school,active,SRC000181,2026-10-02,2026硬式加盟校として登録。富山県の2026夏大会参加校を学校単位へ展開し、JHBF 2026年5月末公式加盟校数（SRC000099）と照合。
SCH002606,富山,富山県立富山高等学校,富山県立富山高等学校,,富山県立富山高等学校,16,富山市,,prefectural,high_school,active,SRC000181,2026-10-02,2026硬式加盟校として登録。富山県の2026夏大会参加校を学校単位へ展開し、JHBF 2026年5月末公式加盟校数（SRC000099）と照合。
SCH002607,雄山,富山県立雄山高等学校,富山県立雄山高等学校,,富山県立雄山高等学校,16,立山町,,prefectural,high_school,active,SRC000181,2026-10-02,2026硬式加盟校として登録。富山県の2026夏大会参加校を学校単位へ展開し、JHBF 2026年5月末公式加盟校数（SRC000099）と照合。
SCH002608,富山西,富山県立富山西高等学校,富山県立富山西高等学校,,富山県立富山西高等学校,16,富山市,,prefectural,high_school,active,SRC000181,2026-10-02,2026硬式加盟校として登録。富山県の2026夏大会参加校を学校単位へ展開し、JHBF 2026年5月末公式加盟校数（SRC000099）と照合。
SCH002609,富山南,富山県立富山南高等学校,富山県立富山南高等学校,,富山県立富山南高等学校,16,富山市,,prefectural,high_school,active,SRC000181,2026-10-02,2026硬式加盟校として登録。富山県の2026夏大会参加校を学校単位へ展開し、JHBF 2026年5月末公式加盟校数（SRC000099）と照合。
SCH002610,魚津工,富山県立魚津工業高等学校,富山県立魚津工業高等学校,,富山県立魚津工業高等学校,16,魚津市,,prefectural,high_school,active,SRC000181,2026-10-02,2026硬式加盟校として登録。富山県の2026夏大会参加校を学校単位へ展開し、JHBF 2026年5月末公式加盟校数（SRC000099）と照合。
SCH002611,上市,富山県立上市高等学校,富山県立上市高等学校,,富山県立上市高等学校,16,上市町,,prefectural,high_school,active,SRC000181,2026-10-02,2026硬式加盟校として登録。富山県の2026夏大会参加校を学校単位へ展開し、JHBF 2026年5月末公式加盟校数（SRC000099）と照合。
SCH002612,中央農業,富山県立中央農業高等学校,富山県立中央農業高等学校,,富山県立中央農業高等学校,16,富山市,,prefectural,high_school,active,SRC000179,2026-10-02,2026硬式加盟校として登録。富山県の2026夏大会参加校を学校単位へ展開し、JHBF 2026年5月末公式加盟校数（SRC000099）と照合。 夏大会不参加。2026春季大会で魚津工業・大門・上市との4校連合として出場を確認し、43校目として補完。
SCH002613,高川学園,高川学園高等学校,高川学園高等学校,,高川学園高等学校,35,防府市,,private,high_school,active,SRC000182,2026-10-02,2026硬式加盟校として登録。山口県の2026夏大会参加校を学校単位へ展開し、JHBF 2026年5月末公式加盟校数（SRC000099）と照合。
SCH002614,高水,高水高等学校,高水高等学校,,高水高等学校,35,岩国市,,private,high_school,active,SRC000182,2026-10-02,2026硬式加盟校として登録。山口県の2026夏大会参加校を学校単位へ展開し、JHBF 2026年5月末公式加盟校数（SRC000099）と照合。
SCH002615,周防大島,山口県立大学附属周防大島高等学校,山口県立大学附属周防大島高等学校,,山口県立大学附属周防大島高等学校,35,周防大島町,,unknown,high_school,active,SRC000182,2026-10-02,2026硬式加盟校として登録。山口県の2026夏大会参加校を学校単位へ展開し、JHBF 2026年5月末公式加盟校数（SRC000099）と照合。 2026年4月開校の山口県立大学附属周防大島高等学校へ正式校名を更新。
SCH002616,防府西,山口県立防府西高等学校,山口県立防府西高等学校,,山口県立防府西高等学校,35,防府市,,prefectural,high_school,active,SRC000182,2026-10-02,2026硬式加盟校として登録。山口県の2026夏大会参加校を学校単位へ展開し、JHBF 2026年5月末公式加盟校数（SRC000099）と照合。
SCH002617,下松工,山口県立下松工業高等学校,山口県立下松工業高等学校,,山口県立下松工業高等学校,35,下松市,,prefectural,high_school,active,SRC000182,2026-10-02,2026硬式加盟校として登録。山口県の2026夏大会参加校を学校単位へ展開し、JHBF 2026年5月末公式加盟校数（SRC000099）と照合。
SCH002618,誠英,誠英高等学校,誠英高等学校,,誠英高等学校,35,防府市,,private,high_school,active,SRC000182,2026-10-02,2026硬式加盟校として登録。山口県の2026夏大会参加校を学校単位へ展開し、JHBF 2026年5月末公式加盟校数（SRC000099）と照合。
SCH002619,徳山高専,徳山工業高等専門学校,徳山工業高等専門学校,,徳山工業高等専門学校,35,周南市,,national,technical_college,active,SRC000182,2026-10-02,2026硬式加盟校として登録。山口県の2026夏大会参加校を学校単位へ展開し、JHBF 2026年5月末公式加盟校数（SRC000099）と照合。
SCH002620,柳井,山口県立柳井高等学校,山口県立柳井高等学校,,山口県立柳井高等学校,35,柳井市,,prefectural,high_school,active,SRC000182,2026-10-02,2026硬式加盟校として登録。山口県の2026夏大会参加校を学校単位へ展開し、JHBF 2026年5月末公式加盟校数（SRC000099）と照合。
SCH002621,大島商船,大島商船高等専門学校,大島商船高等専門学校,,大島商船高等専門学校,35,周防大島町,,national,technical_college,active,SRC000182,2026-10-02,2026硬式加盟校として登録。山口県の2026夏大会参加校を学校単位へ展開し、JHBF 2026年5月末公式加盟校数（SRC000099）と照合。
SCH002622,聖光,聖光高等学校,聖光高等学校,,聖光高等学校,35,光市,,private,high_school,active,SRC000182,2026-10-02,2026硬式加盟校として登録。山口県の2026夏大会参加校を学校単位へ展開し、JHBF 2026年5月末公式加盟校数（SRC000099）と照合。
SCH002623,光,山口県立光高等学校,山口県立光高等学校,,山口県立光高等学校,35,光市,,prefectural,high_school,active,SRC000182,2026-10-02,2026硬式加盟校として登録。山口県の2026夏大会参加校を学校単位へ展開し、JHBF 2026年5月末公式加盟校数（SRC000099）と照合。
SCH002624,岩国,山口県立岩国高等学校,山口県立岩国高等学校,,山口県立岩国高等学校,35,岩国市,,prefectural,high_school,active,SRC000182,2026-10-02,2026硬式加盟校として登録。山口県の2026夏大会参加校を学校単位へ展開し、JHBF 2026年5月末公式加盟校数（SRC000099）と照合。
SCH002625,岩国工,山口県立岩国工業高等学校,山口県立岩国工業高等学校,,山口県立岩国工業高等学校,35,岩国市,,prefectural,high_school,active,SRC000182,2026-10-02,2026硬式加盟校として登録。山口県の2026夏大会参加校を学校単位へ展開し、JHBF 2026年5月末公式加盟校数（SRC000099）と照合。
SCH002626,南陽工,山口県立南陽工業高等学校,山口県立南陽工業高等学校,,山口県立南陽工業高等学校,35,周南市,,prefectural,high_school,active,SRC000182,2026-10-02,2026硬式加盟校として登録。山口県の2026夏大会参加校を学校単位へ展開し、JHBF 2026年5月末公式加盟校数（SRC000099）と照合。
SCH002627,下松,山口県立下松高等学校,山口県立下松高等学校,,山口県立下松高等学校,35,下松市,,prefectural,high_school,active,SRC000182,2026-10-02,2026硬式加盟校として登録。山口県の2026夏大会参加校を学校単位へ展開し、JHBF 2026年5月末公式加盟校数（SRC000099）と照合。
SCH002628,柳井学園,柳井学園高等学校,柳井学園高等学校,,柳井学園高等学校,35,柳井市,,private,high_school,active,SRC000182,2026-10-02,2026硬式加盟校として登録。山口県の2026夏大会参加校を学校単位へ展開し、JHBF 2026年5月末公式加盟校数（SRC000099）と照合。
SCH002629,華陵,山口県立華陵高等学校,山口県立華陵高等学校,,山口県立華陵高等学校,35,下松市,,prefectural,high_school,active,SRC000182,2026-10-02,2026硬式加盟校として登録。山口県の2026夏大会参加校を学校単位へ展開し、JHBF 2026年5月末公式加盟校数（SRC000099）と照合。
SCH002630,岩国商,山口県立岩国商業高等学校,山口県立岩国商業高等学校,,山口県立岩国商業高等学校,35,岩国市,,prefectural,high_school,active,SRC000182,2026-10-02,2026硬式加盟校として登録。山口県の2026夏大会参加校を学校単位へ展開し、JHBF 2026年5月末公式加盟校数（SRC000099）と照合。
SCH002631,徳山,山口県立徳山高等学校,山口県立徳山高等学校,,山口県立徳山高等学校,35,周南市,,prefectural,high_school,active,SRC000182,2026-10-02,2026硬式加盟校として登録。山口県の2026夏大会参加校を学校単位へ展開し、JHBF 2026年5月末公式加盟校数（SRC000099）と照合。
SCH002632,下関工科,山口県立下関工科高等学校,山口県立下関工科高等学校,,山口県立下関工科高等学校,35,下関市,,prefectural,high_school,active,SRC000182,2026-10-02,2026硬式加盟校として登録。山口県の2026夏大会参加校を学校単位へ展開し、JHBF 2026年5月末公式加盟校数（SRC000099）と照合。
SCH002633,宇部高専,宇部工業高等専門学校,宇部工業高等専門学校,,宇部工業高等専門学校,35,宇部市,,national,technical_college,active,SRC000182,2026-10-02,2026硬式加盟校として登録。山口県の2026夏大会参加校を学校単位へ展開し、JHBF 2026年5月末公式加盟校数（SRC000099）と照合。
SCH002634,小野田,山口県立小野田高等学校,山口県立小野田高等学校,,山口県立小野田高等学校,35,山陽小野田市,,prefectural,high_school,active,SRC000182,2026-10-02,2026硬式加盟校として登録。山口県の2026夏大会参加校を学校単位へ展開し、JHBF 2026年5月末公式加盟校数（SRC000099）と照合。
SCH002635,県鴻城,山口県鴻城高等学校,山口県鴻城高等学校,,山口県鴻城高等学校,35,山口市,,private,high_school,active,SRC000182,2026-10-02,2026硬式加盟校として登録。山口県の2026夏大会参加校を学校単位へ展開し、JHBF 2026年5月末公式加盟校数（SRC000099）と照合。
SCH002636,桜ケ丘,山口県桜ケ丘高等学校,山口県桜ケ丘高等学校,,山口県桜ケ丘高等学校,35,周南市,,private,high_school,active,SRC000182,2026-10-02,2026硬式加盟校として登録。山口県の2026夏大会参加校を学校単位へ展開し、JHBF 2026年5月末公式加盟校数（SRC000099）と照合。
SCH002637,徳山商工,山口県立徳山商工高等学校,山口県立徳山商工高等学校,,山口県立徳山商工高等学校,35,周南市,,prefectural,high_school,active,SRC000182,2026-10-02,2026硬式加盟校として登録。山口県の2026夏大会参加校を学校単位へ展開し、JHBF 2026年5月末公式加盟校数（SRC000099）と照合。
SCH002638,防府商工,山口県立防府商工高等学校,山口県立防府商工高等学校,,山口県立防府商工高等学校,35,防府市,,prefectural,high_school,active,SRC000182,2026-10-02,2026硬式加盟校として登録。山口県の2026夏大会参加校を学校単位へ展開し、JHBF 2026年5月末公式加盟校数（SRC000099）と照合。
SCH002639,防府,山口県立防府高等学校,山口県立防府高等学校,,山口県立防府高等学校,35,防府市,,prefectural,high_school,active,SRC000182,2026-10-02,2026硬式加盟校として登録。山口県の2026夏大会参加校を学校単位へ展開し、JHBF 2026年5月末公式加盟校数（SRC000099）と照合。
SCH002640,新南陽,山口県立新南陽高等学校,山口県立新南陽高等学校,,山口県立新南陽高等学校,35,周南市,,prefectural,high_school,active,SRC000182,2026-10-02,2026硬式加盟校として登録。山口県の2026夏大会参加校を学校単位へ展開し、JHBF 2026年5月末公式加盟校数（SRC000099）と照合。
SCH002641,慶進,慶進高等学校,慶進高等学校,,慶進高等学校,35,宇部市,,private,high_school,active,SRC000182,2026-10-02,2026硬式加盟校として登録。山口県の2026夏大会参加校を学校単位へ展開し、JHBF 2026年5月末公式加盟校数（SRC000099）と照合。
SCH002642,西京,山口県立西京高等学校,山口県立西京高等学校,,山口県立西京高等学校,35,山口市,,prefectural,high_school,active,SRC000182,2026-10-02,2026硬式加盟校として登録。山口県の2026夏大会参加校を学校単位へ展開し、JHBF 2026年5月末公式加盟校数（SRC000099）と照合。
SCH002643,小野田工,山口県立小野田工業高等学校,山口県立小野田工業高等学校,,山口県立小野田工業高等学校,35,山陽小野田市,,prefectural,high_school,active,SRC000182,2026-10-02,2026硬式加盟校として登録。山口県の2026夏大会参加校を学校単位へ展開し、JHBF 2026年5月末公式加盟校数（SRC000099）と照合。
SCH002644,早鞆,早鞆高等学校,早鞆高等学校,,早鞆高等学校,35,下関市,,private,high_school,active,SRC000182,2026-10-02,2026硬式加盟校として登録。山口県の2026夏大会参加校を学校単位へ展開し、JHBF 2026年5月末公式加盟校数（SRC000099）と照合。
SCH002645,宇部工,山口県立宇部工業高等学校,山口県立宇部工業高等学校,,山口県立宇部工業高等学校,35,宇部市,,prefectural,high_school,active,SRC000182,2026-10-02,2026硬式加盟校として登録。山口県の2026夏大会参加校を学校単位へ展開し、JHBF 2026年5月末公式加盟校数（SRC000099）と照合。
SCH002646,豊浦,山口県立豊浦高等学校,山口県立豊浦高等学校,,山口県立豊浦高等学校,35,下関市,,prefectural,high_school,active,SRC000182,2026-10-02,2026硬式加盟校として登録。山口県の2026夏大会参加校を学校単位へ展開し、JHBF 2026年5月末公式加盟校数（SRC000099）と照合。
SCH002647,長門,山口県立長門高等学校,山口県立長門高等学校,,山口県立長門高等学校,35,長門市,,prefectural,high_school,active,SRC000182,2026-10-02,2026硬式加盟校として登録。山口県の2026夏大会参加校を学校単位へ展開し、JHBF 2026年5月末公式加盟校数（SRC000099）と照合。
SCH002648,美祢青嶺,山口県立美祢青嶺高等学校,山口県立美祢青嶺高等学校,,山口県立美祢青嶺高等学校,35,美祢市,,prefectural,high_school,active,SRC000182,2026-10-02,2026硬式加盟校として登録。山口県の2026夏大会参加校を学校単位へ展開し、JHBF 2026年5月末公式加盟校数（SRC000099）と照合。
SCH002649,宇部フ大香川,宇部フロンティア大学付属香川高等学校,宇部フロンティア大学付属香川高等学校,,宇部フロンティア大学付属香川高等学校,35,宇部市,,private,high_school,active,SRC000182,2026-10-02,2026硬式加盟校として登録。山口県の2026夏大会参加校を学校単位へ展開し、JHBF 2026年5月末公式加盟校数（SRC000099）と照合。
SCH002650,下関西,山口県立下関西高等学校,山口県立下関西高等学校,,山口県立下関西高等学校,35,下関市,,prefectural,high_school,active,SRC000182,2026-10-02,2026硬式加盟校として登録。山口県の2026夏大会参加校を学校単位へ展開し、JHBF 2026年5月末公式加盟校数（SRC000099）と照合。
SCH002651,大津緑洋,山口県立大津緑洋高等学校,山口県立大津緑洋高等学校,,山口県立大津緑洋高等学校,35,長門市,,prefectural,high_school,active,SRC000182,2026-10-02,2026硬式加盟校として登録。山口県の2026夏大会参加校を学校単位へ展開し、JHBF 2026年5月末公式加盟校数（SRC000099）と照合。
SCH002652,山口,山口県立山口高等学校,山口県立山口高等学校,,山口県立山口高等学校,35,山口市,,prefectural,high_school,active,SRC000182,2026-10-02,2026硬式加盟校として登録。山口県の2026夏大会参加校を学校単位へ展開し、JHBF 2026年5月末公式加盟校数（SRC000099）と照合。
SCH002653,宇部商,山口県立宇部商業高等学校,山口県立宇部商業高等学校,,山口県立宇部商業高等学校,35,宇部市,,prefectural,high_school,active,SRC000182,2026-10-02,2026硬式加盟校として登録。山口県の2026夏大会参加校を学校単位へ展開し、JHBF 2026年5月末公式加盟校数（SRC000099）と照合。
SCH002654,萩,山口県立萩高等学校,山口県立萩高等学校,,山口県立萩高等学校,35,萩市,,prefectural,high_school,active,SRC000182,2026-10-02,2026硬式加盟校として登録。山口県の2026夏大会参加校を学校単位へ展開し、JHBF 2026年5月末公式加盟校数（SRC000099）と照合。
SCH002655,下関北,山口県立下関北高等学校,山口県立下関北高等学校,,山口県立下関北高等学校,35,下関市,,prefectural,high_school,active,SRC000182,2026-10-02,2026硬式加盟校として登録。山口県の2026夏大会参加校を学校単位へ展開し、JHBF 2026年5月末公式加盟校数（SRC000099）と照合。
SCH002656,下関商,下関市立下関商業高等学校,下関市立下関商業高等学校,,下関市立下関商業高等学校,35,下関市,,municipal,high_school,active,SRC000182,2026-10-02,2026硬式加盟校として登録。山口県の2026夏大会参加校を学校単位へ展開し、JHBF 2026年5月末公式加盟校数（SRC000099）と照合。
SCH002657,下関国際,下関国際高等学校,下関国際高等学校,,下関国際高等学校,35,下関市,,private,high_school,active,SRC000182,2026-10-02,2026硬式加盟校として登録。山口県の2026夏大会参加校を学校単位へ展開し、JHBF 2026年5月末公式加盟校数（SRC000099）と照合。
SCH002658,宇部鴻城,宇部鴻城高等学校,宇部鴻城高等学校,,宇部鴻城高等学校,35,宇部市,,private,high_school,active,SRC000182,2026-10-02,2026硬式加盟校として登録。山口県の2026夏大会参加校を学校単位へ展開し、JHBF 2026年5月末公式加盟校数（SRC000099）と照合。
SCH002659,宇部,山口県立宇部高等学校,山口県立宇部高等学校,,山口県立宇部高等学校,35,宇部市,,prefectural,high_school,active,SRC000182,2026-10-02,2026硬式加盟校として登録。山口県の2026夏大会参加校を学校単位へ展開し、JHBF 2026年5月末公式加盟校数（SRC000099）と照合。
SCH002660,萩商工,山口県立萩商工高等学校,山口県立萩商工高等学校,,山口県立萩商工高等学校,35,萩市,,prefectural,high_school,active,SRC000182,2026-10-02,2026硬式加盟校として登録。山口県の2026夏大会参加校を学校単位へ展開し、JHBF 2026年5月末公式加盟校数（SRC000099）と照合。
SCH002661,高森,山口県立高森高等学校,山口県立高森高等学校,,山口県立高森高等学校,35,岩国市,,prefectural,high_school,active,SRC000182,2026-10-02,2026硬式加盟校として登録。山口県の2026夏大会参加校を学校単位へ展開し、JHBF 2026年5月末公式加盟校数（SRC000099）と照合。 2026夏は3校連合の構成校。
SCH002662,柳井商工,山口県立柳井商工高等学校,山口県立柳井商工高等学校,,山口県立柳井商工高等学校,35,柳井市,,prefectural,high_school,active,SRC000182,2026-10-02,2026硬式加盟校として登録。山口県の2026夏大会参加校を学校単位へ展開し、JHBF 2026年5月末公式加盟校数（SRC000099）と照合。 2026夏は3校連合の構成校。
SCH002663,下関中等教育,山口県立下関中等教育学校,山口県立下関中等教育学校,,山口県立下関中等教育学校,35,下関市,,prefectural,secondary_school,active,SRC000182,2026-10-02,2026硬式加盟校として登録。山口県の2026夏大会参加校を学校単位へ展開し、JHBF 2026年5月末公式加盟校数（SRC000099）と照合。 2026夏は3校連合の構成校。
SCH002664,厚狭,山口県立厚狭高等学校,山口県立厚狭高等学校,,山口県立厚狭高等学校,35,山陽小野田市,,prefectural,high_school,active,SRC000182,2026-10-02,2026硬式加盟校として登録。山口県の2026夏大会参加校を学校単位へ展開し、JHBF 2026年5月末公式加盟校数（SRC000099）と照合。 2026夏は2校連合の構成校。
SCH002665,厚狭明進,山口県立厚狭明進高等学校,山口県立厚狭明進高等学校,,山口県立厚狭明進高等学校,35,山陽小野田市,,prefectural,high_school,active,SRC000182,2026-10-02,2026硬式加盟校として登録。山口県の2026夏大会参加校を学校単位へ展開し、JHBF 2026年5月末公式加盟校数（SRC000099）と照合。 2026夏は2校連合の構成校。
SCH002666,岩国総合,山口県立岩国総合高等学校,山口県立岩国総合高等学校,,山口県立岩国総合高等学校,35,岩国市,,prefectural,high_school,active,SRC000184,2026-10-02,2026硬式加盟校として登録。山口県の2026夏大会参加校を学校単位へ展開し、JHBF 2026年5月末公式加盟校数（SRC000099）と照合。 2026夏大会不参加。現行公立高校・現行加盟校情報から存続を確認し、54校目として補完。
SCH002667,島原翔南,長崎県立島原翔南高等学校,長崎県立島原翔南高等学校,,長崎県立島原翔南高等学校,42,南島原市,,prefectural,high_school,active,SRC000186,2026-10-02,2026硬式加盟校として登録。長崎県の2026夏大会参加校を学校単位へ展開し、JHBF 2026年5月末公式加盟校数（SRC000099）と照合。 2026夏は2校連合の構成校。
SCH002668,島原農,長崎県立島原農業高等学校,長崎県立島原農業高等学校,,長崎県立島原農業高等学校,42,島原市,,prefectural,high_school,active,SRC000186,2026-10-02,2026硬式加盟校として登録。長崎県の2026夏大会参加校を学校単位へ展開し、JHBF 2026年5月末公式加盟校数（SRC000099）と照合。 2026夏は2校連合の構成校。
SCH002669,海星,海星高等学校,海星高等学校,,海星高等学校,42,長崎市,,private,high_school,active,SRC000186,2026-10-02,2026硬式加盟校として登録。長崎県の2026夏大会参加校を学校単位へ展開し、JHBF 2026年5月末公式加盟校数（SRC000099）と照合。
SCH002670,猶興館,長崎県立猶興館高等学校,長崎県立猶興館高等学校,,長崎県立猶興館高等学校,42,平戸市,,prefectural,high_school,active,SRC000186,2026-10-02,2026硬式加盟校として登録。長崎県の2026夏大会参加校を学校単位へ展開し、JHBF 2026年5月末公式加盟校数（SRC000099）と照合。
SCH002671,川棚,長崎県立川棚高等学校,長崎県立川棚高等学校,,長崎県立川棚高等学校,42,川棚町,,prefectural,high_school,active,SRC000186,2026-10-02,2026硬式加盟校として登録。長崎県の2026夏大会参加校を学校単位へ展開し、JHBF 2026年5月末公式加盟校数（SRC000099）と照合。
SCH002672,西海学園,西海学園高等学校,西海学園高等学校,,西海学園高等学校,42,佐世保市,,private,high_school,active,SRC000186,2026-10-02,2026硬式加盟校として登録。長崎県の2026夏大会参加校を学校単位へ展開し、JHBF 2026年5月末公式加盟校数（SRC000099）と照合。
SCH002673,小浜,長崎県立小浜高等学校,長崎県立小浜高等学校,,長崎県立小浜高等学校,42,雲仙市,,prefectural,high_school,active,SRC000186,2026-10-02,2026硬式加盟校として登録。長崎県の2026夏大会参加校を学校単位へ展開し、JHBF 2026年5月末公式加盟校数（SRC000099）と照合。
SCH002674,長崎東,長崎県立長崎東高等学校,長崎県立長崎東高等学校,,長崎県立長崎東高等学校,42,長崎市,,prefectural,high_school,active,SRC000186,2026-10-02,2026硬式加盟校として登録。長崎県の2026夏大会参加校を学校単位へ展開し、JHBF 2026年5月末公式加盟校数（SRC000099）と照合。
SCH002675,佐世保南,長崎県立佐世保南高等学校,長崎県立佐世保南高等学校,,長崎県立佐世保南高等学校,42,佐世保市,,prefectural,high_school,active,SRC000186,2026-10-02,2026硬式加盟校として登録。長崎県の2026夏大会参加校を学校単位へ展開し、JHBF 2026年5月末公式加盟校数（SRC000099）と照合。
SCH002676,諫早,長崎県立諫早高等学校,長崎県立諫早高等学校,,長崎県立諫早高等学校,42,諫早市,,prefectural,high_school,active,SRC000186,2026-10-02,2026硬式加盟校として登録。長崎県の2026夏大会参加校を学校単位へ展開し、JHBF 2026年5月末公式加盟校数（SRC000099）と照合。
SCH002677,鹿町工,長崎県立鹿町工業高等学校,長崎県立鹿町工業高等学校,,長崎県立鹿町工業高等学校,42,佐世保市,,prefectural,high_school,active,SRC000186,2026-10-02,2026硬式加盟校として登録。長崎県の2026夏大会参加校を学校単位へ展開し、JHBF 2026年5月末公式加盟校数（SRC000099）と照合。
SCH002678,長崎南山,長崎南山高等学校,長崎南山高等学校,,長崎南山高等学校,42,長崎市,,private,high_school,active,SRC000186,2026-10-02,2026硬式加盟校として登録。長崎県の2026夏大会参加校を学校単位へ展開し、JHBF 2026年5月末公式加盟校数（SRC000099）と照合。
SCH002679,大崎,長崎県立大崎高等学校,長崎県立大崎高等学校,,長崎県立大崎高等学校,42,西海市,,prefectural,high_school,active,SRC000186,2026-10-02,2026硬式加盟校として登録。長崎県の2026夏大会参加校を学校単位へ展開し、JHBF 2026年5月末公式加盟校数（SRC000099）と照合。
SCH002680,長崎工,長崎県立長崎工業高等学校,長崎県立長崎工業高等学校,,長崎県立長崎工業高等学校,42,長崎市,,prefectural,high_school,active,SRC000186,2026-10-02,2026硬式加盟校として登録。長崎県の2026夏大会参加校を学校単位へ展開し、JHBF 2026年5月末公式加盟校数（SRC000099）と照合。
SCH002681,諫早東,長崎県立諫早東高等学校,長崎県立諫早東高等学校,,長崎県立諫早東高等学校,42,諫早市,,prefectural,high_school,active,SRC000186,2026-10-02,2026硬式加盟校として登録。長崎県の2026夏大会参加校を学校単位へ展開し、JHBF 2026年5月末公式加盟校数（SRC000099）と照合。
SCH002682,長崎南,長崎県立長崎南高等学校,長崎県立長崎南高等学校,,長崎県立長崎南高等学校,42,長崎市,,prefectural,high_school,active,SRC000186,2026-10-02,2026硬式加盟校として登録。長崎県の2026夏大会参加校を学校単位へ展開し、JHBF 2026年5月末公式加盟校数（SRC000099）と照合。
SCH002683,長崎総大付,長崎総合科学大学附属高等学校,長崎総合科学大学附属高等学校,,長崎総合科学大学附属高等学校,42,長崎市,,private,high_school,active,SRC000186,2026-10-02,2026硬式加盟校として登録。長崎県の2026夏大会参加校を学校単位へ展開し、JHBF 2026年5月末公式加盟校数（SRC000099）と照合。
SCH002684,鎮西学院,鎮西学院高等学校,鎮西学院高等学校,,鎮西学院高等学校,42,諫早市,,private,high_school,active,SRC000186,2026-10-02,2026硬式加盟校として登録。長崎県の2026夏大会参加校を学校単位へ展開し、JHBF 2026年5月末公式加盟校数（SRC000099）と照合。
SCH002685,佐世保工,長崎県立佐世保工業高等学校,長崎県立佐世保工業高等学校,,長崎県立佐世保工業高等学校,42,佐世保市,,prefectural,high_school,active,SRC000186,2026-10-02,2026硬式加盟校として登録。長崎県の2026夏大会参加校を学校単位へ展開し、JHBF 2026年5月末公式加盟校数（SRC000099）と照合。
SCH002686,長崎西,長崎県立長崎西高等学校,長崎県立長崎西高等学校,,長崎県立長崎西高等学校,42,長崎市,,prefectural,high_school,active,SRC000186,2026-10-02,2026硬式加盟校として登録。長崎県の2026夏大会参加校を学校単位へ展開し、JHBF 2026年5月末公式加盟校数（SRC000099）と照合。
SCH002687,諫早農,長崎県立諫早農業高等学校,長崎県立諫早農業高等学校,,長崎県立諫早農業高等学校,42,諫早市,,prefectural,high_school,active,SRC000186,2026-10-02,2026硬式加盟校として登録。長崎県の2026夏大会参加校を学校単位へ展開し、JHBF 2026年5月末公式加盟校数（SRC000099）と照合。
SCH002688,対馬,長崎県立対馬高等学校,長崎県立対馬高等学校,,長崎県立対馬高等学校,42,対馬市,,prefectural,high_school,active,SRC000186,2026-10-02,2026硬式加盟校として登録。長崎県の2026夏大会参加校を学校単位へ展開し、JHBF 2026年5月末公式加盟校数（SRC000099）と照合。
SCH002689,壱岐,長崎県立壱岐高等学校,長崎県立壱岐高等学校,,長崎県立壱岐高等学校,42,壱岐市,,prefectural,high_school,active,SRC000186,2026-10-02,2026硬式加盟校として登録。長崎県の2026夏大会参加校を学校単位へ展開し、JHBF 2026年5月末公式加盟校数（SRC000099）と照合。
SCH002690,大村,長崎県立大村高等学校,長崎県立大村高等学校,,長崎県立大村高等学校,42,大村市,,prefectural,high_school,active,SRC000186,2026-10-02,2026硬式加盟校として登録。長崎県の2026夏大会参加校を学校単位へ展開し、JHBF 2026年5月末公式加盟校数（SRC000099）と照合。
SCH002691,西陵,長崎県立西陵高等学校,長崎県立西陵高等学校,,長崎県立西陵高等学校,42,諫早市,,prefectural,high_school,active,SRC000186,2026-10-02,2026硬式加盟校として登録。長崎県の2026夏大会参加校を学校単位へ展開し、JHBF 2026年5月末公式加盟校数（SRC000099）と照合。
SCH002692,佐世保実,佐世保実業高等学校,佐世保実業高等学校,,佐世保実業高等学校,42,佐世保市,,private,high_school,active,SRC000186,2026-10-02,2026硬式加盟校として登録。長崎県の2026夏大会参加校を学校単位へ展開し、JHBF 2026年5月末公式加盟校数（SRC000099）と照合。
SCH002693,大村工,長崎県立大村工業高等学校,長崎県立大村工業高等学校,,長崎県立大村工業高等学校,42,大村市,,prefectural,high_school,active,SRC000186,2026-10-02,2026硬式加盟校として登録。長崎県の2026夏大会参加校を学校単位へ展開し、JHBF 2026年5月末公式加盟校数（SRC000099）と照合。
SCH002694,長崎北,長崎県立長崎北高等学校,長崎県立長崎北高等学校,,長崎県立長崎北高等学校,42,長崎市,,prefectural,high_school,active,SRC000186,2026-10-02,2026硬式加盟校として登録。長崎県の2026夏大会参加校を学校単位へ展開し、JHBF 2026年5月末公式加盟校数（SRC000099）と照合。
SCH002695,九州文化学園,九州文化学園高等学校,九州文化学園高等学校,,九州文化学園高等学校,42,佐世保市,,private,high_school,active,SRC000186,2026-10-02,2026硬式加盟校として登録。長崎県の2026夏大会参加校を学校単位へ展開し、JHBF 2026年5月末公式加盟校数（SRC000099）と照合。
SCH002696,創成館,創成館高等学校,創成館高等学校,,創成館高等学校,42,諫早市,,private,high_school,active,SRC000186,2026-10-02,2026硬式加盟校として登録。長崎県の2026夏大会参加校を学校単位へ展開し、JHBF 2026年5月末公式加盟校数（SRC000099）と照合。
SCH002697,波佐見,長崎県立波佐見高等学校,長崎県立波佐見高等学校,,長崎県立波佐見高等学校,42,波佐見町,,prefectural,high_school,active,SRC000186,2026-10-02,2026硬式加盟校として登録。長崎県の2026夏大会参加校を学校単位へ展開し、JHBF 2026年5月末公式加盟校数（SRC000099）と照合。
SCH002698,長崎北陽台,長崎県立長崎北陽台高等学校,長崎県立長崎北陽台高等学校,,長崎県立長崎北陽台高等学校,42,長崎市,,prefectural,high_school,active,SRC000186,2026-10-02,2026硬式加盟校として登録。長崎県の2026夏大会参加校を学校単位へ展開し、JHBF 2026年5月末公式加盟校数（SRC000099）と照合。
SCH002699,島原中央,島原中央高等学校,島原中央高等学校,,島原中央高等学校,42,島原市,,private,high_school,active,SRC000186,2026-10-02,2026硬式加盟校として登録。長崎県の2026夏大会参加校を学校単位へ展開し、JHBF 2026年5月末公式加盟校数（SRC000099）と照合。
SCH002700,島原工,長崎県立島原工業高等学校,長崎県立島原工業高等学校,,長崎県立島原工業高等学校,42,島原市,,prefectural,high_school,active,SRC000186,2026-10-02,2026硬式加盟校として登録。長崎県の2026夏大会参加校を学校単位へ展開し、JHBF 2026年5月末公式加盟校数（SRC000099）と照合。
SCH002701,上五島,長崎県立上五島高等学校,長崎県立上五島高等学校,,長崎県立上五島高等学校,42,新上五島町,,prefectural,high_school,active,SRC000186,2026-10-02,2026硬式加盟校として登録。長崎県の2026夏大会参加校を学校単位へ展開し、JHBF 2026年5月末公式加盟校数（SRC000099）と照合。
SCH002702,清峰,長崎県立清峰高等学校,長崎県立清峰高等学校,,長崎県立清峰高等学校,42,佐々町,,prefectural,high_school,active,SRC000186,2026-10-02,2026硬式加盟校として登録。長崎県の2026夏大会参加校を学校単位へ展開し、JHBF 2026年5月末公式加盟校数（SRC000099）と照合。
SCH002703,長崎明誠,長崎県立長崎明誠高等学校,長崎県立長崎明誠高等学校,,長崎県立長崎明誠高等学校,42,長崎市,,prefectural,high_school,active,SRC000186,2026-10-02,2026硬式加盟校として登録。長崎県の2026夏大会参加校を学校単位へ展開し、JHBF 2026年5月末公式加盟校数（SRC000099）と照合。
SCH002704,佐世保高専,佐世保工業高等専門学校,佐世保工業高等専門学校,,佐世保工業高等専門学校,42,佐世保市,,national,technical_college,active,SRC000186,2026-10-02,2026硬式加盟校として登録。長崎県の2026夏大会参加校を学校単位へ展開し、JHBF 2026年5月末公式加盟校数（SRC000099）と照合。
SCH002705,瓊浦,瓊浦高等学校,瓊浦高等学校,,瓊浦高等学校,42,長崎市,,private,high_school,active,SRC000186,2026-10-02,2026硬式加盟校として登録。長崎県の2026夏大会参加校を学校単位へ展開し、JHBF 2026年5月末公式加盟校数（SRC000099）と照合。
SCH002706,壱岐商,長崎県立壱岐商業高等学校,長崎県立壱岐商業高等学校,,長崎県立壱岐商業高等学校,42,壱岐市,,prefectural,high_school,active,SRC000186,2026-10-02,2026硬式加盟校として登録。長崎県の2026夏大会参加校を学校単位へ展開し、JHBF 2026年5月末公式加盟校数（SRC000099）と照合。
SCH002707,長崎日大,長崎日本大学高等学校,長崎日本大学高等学校,,長崎日本大学高等学校,42,諫早市,,private,high_school,active,SRC000186,2026-10-02,2026硬式加盟校として登録。長崎県の2026夏大会参加校を学校単位へ展開し、JHBF 2026年5月末公式加盟校数（SRC000099）と照合。
SCH002708,長崎商,長崎市立長崎商業高等学校,長崎市立長崎商業高等学校,,長崎市立長崎商業高等学校,42,長崎市,,municipal,high_school,active,SRC000186,2026-10-02,2026硬式加盟校として登録。長崎県の2026夏大会参加校を学校単位へ展開し、JHBF 2026年5月末公式加盟校数（SRC000099）と照合。
SCH002709,五島,長崎県立五島高等学校,長崎県立五島高等学校,,長崎県立五島高等学校,42,五島市,,prefectural,high_school,active,SRC000186,2026-10-02,2026硬式加盟校として登録。長崎県の2026夏大会参加校を学校単位へ展開し、JHBF 2026年5月末公式加盟校数（SRC000099）と照合。
SCH002710,佐世保西,長崎県立佐世保西高等学校,長崎県立佐世保西高等学校,,長崎県立佐世保西高等学校,42,佐世保市,,prefectural,high_school,active,SRC000186,2026-10-02,2026硬式加盟校として登録。長崎県の2026夏大会参加校を学校単位へ展開し、JHBF 2026年5月末公式加盟校数（SRC000099）と照合。 2026夏は3校連合の構成校。
SCH002711,佐世保商,長崎県立佐世保商業高等学校,長崎県立佐世保商業高等学校,,長崎県立佐世保商業高等学校,42,佐世保市,,prefectural,high_school,active,SRC000186,2026-10-02,2026硬式加盟校として登録。長崎県の2026夏大会参加校を学校単位へ展開し、JHBF 2026年5月末公式加盟校数（SRC000099）と照合。 2026夏は3校連合の構成校。
SCH002712,平戸,長崎県立平戸高等学校,長崎県立平戸高等学校,,長崎県立平戸高等学校,42,平戸市,,prefectural,high_school,active,SRC000186,2026-10-02,2026硬式加盟校として登録。長崎県の2026夏大会参加校を学校単位へ展開し、JHBF 2026年5月末公式加盟校数（SRC000099）と照合。 2026夏は3校連合の構成校。
SCH002713,口加,長崎県立口加高等学校,長崎県立口加高等学校,,長崎県立口加高等学校,42,南島原市,,prefectural,high_school,active,SRC000186,2026-10-02,2026硬式加盟校として登録。長崎県の2026夏大会参加校を学校単位へ展開し、JHBF 2026年5月末公式加盟校数（SRC000099）と照合。
SCH002714,佐世保北,長崎県立佐世保北高等学校,長崎県立佐世保北高等学校,,長崎県立佐世保北高等学校,42,佐世保市,,prefectural,high_school,active,SRC000186,2026-10-02,2026硬式加盟校として登録。長崎県の2026夏大会参加校を学校単位へ展開し、JHBF 2026年5月末公式加盟校数（SRC000099）と照合。
SCH002715,島原,長崎県立島原高等学校,長崎県立島原高等学校,,長崎県立島原高等学校,42,島原市,,prefectural,high_school,active,SRC000186,2026-10-02,2026硬式加盟校として登録。長崎県の2026夏大会参加校を学校単位へ展開し、JHBF 2026年5月末公式加盟校数（SRC000099）と照合。
SCH002716,西彼杵,長崎県立西彼杵高等学校,長崎県立西彼杵高等学校,,長崎県立西彼杵高等学校,42,西海市,,prefectural,high_school,active,SRC000186,2026-10-02,2026硬式加盟校として登録。長崎県の2026夏大会参加校を学校単位へ展開し、JHBF 2026年5月末公式加盟校数（SRC000099）と照合。 2026夏は3校連合の構成校。
SCH002717,上対馬,長崎県立上対馬高等学校,長崎県立上対馬高等学校,,長崎県立上対馬高等学校,42,対馬市,,prefectural,high_school,active,SRC000186,2026-10-02,2026硬式加盟校として登録。長崎県の2026夏大会参加校を学校単位へ展開し、JHBF 2026年5月末公式加盟校数（SRC000099）と照合。 2026夏は3校連合の構成校。
SCH002718,長崎鶴洋,長崎県立長崎鶴洋高等学校,長崎県立長崎鶴洋高等学校,,長崎県立長崎鶴洋高等学校,42,長崎市,,prefectural,high_school,active,SRC000186,2026-10-02,2026硬式加盟校として登録。長崎県の2026夏大会参加校を学校単位へ展開し、JHBF 2026年5月末公式加盟校数（SRC000099）と照合。 2026夏は3校連合の構成校。
SCH002719,国見,長崎県立国見高等学校,長崎県立国見高等学校,,長崎県立国見高等学校,42,雲仙市,雲仙市国見町多比良甲1020,prefectural,high_school,active,SRC000188,2026-10-02,2026硬式加盟校として登録。長崎県の2026夏大会参加校を学校単位へ展開し、JHBF 2026年5月末公式加盟校数（SRC000099）と照合。 2026夏大会不参加。県立学校公式サイトの現行『野球部（月間計画）』を根拠に53校目として補完。
SCH002720,美里,沖縄県立美里高等学校,沖縄県立美里高等学校,,沖縄県立美里高等学校,47,沖縄市,,prefectural,high_school,active,SRC000189,2026-10-02,2026硬式加盟校として登録。沖縄県の2026夏大会参加校を学校単位へ展開し、JHBF 2026年5月末公式加盟校数（SRC000099）と照合。 2026夏は2校連合の構成校。
SCH002721,嘉手納,沖縄県立嘉手納高等学校,沖縄県立嘉手納高等学校,,沖縄県立嘉手納高等学校,47,嘉手納町,,prefectural,high_school,active,SRC000189,2026-10-02,2026硬式加盟校として登録。沖縄県の2026夏大会参加校を学校単位へ展開し、JHBF 2026年5月末公式加盟校数（SRC000099）と照合。 2026夏は2校連合の構成校。
SCH002722,エナジックスポーツ,エナジックスポーツ高等学院,エナジックスポーツ高等学院,,エナジックスポーツ高等学院,47,名護市,,private,high_school,active,SRC000189,2026-10-02,2026硬式加盟校として登録。沖縄県の2026夏大会参加校を学校単位へ展開し、JHBF 2026年5月末公式加盟校数（SRC000099）と照合。
SCH002723,沖縄水産,沖縄県立沖縄水産高等学校,沖縄県立沖縄水産高等学校,,沖縄県立沖縄水産高等学校,47,糸満市,,prefectural,high_school,active,SRC000189,2026-10-02,2026硬式加盟校として登録。沖縄県の2026夏大会参加校を学校単位へ展開し、JHBF 2026年5月末公式加盟校数（SRC000099）と照合。
SCH002724,KBC,KBC高等学院,KBC高等学院,,KBC高等学院,47,那覇市,,private,high_school,active,SRC000189,2026-10-02,2026硬式加盟校として登録。沖縄県の2026夏大会参加校を学校単位へ展開し、JHBF 2026年5月末公式加盟校数（SRC000099）と照合。 大会上のKBC/未来沖縄をKBC高等学院として正規化。
SCH002725,那覇商,沖縄県立那覇商業高等学校,沖縄県立那覇商業高等学校,,沖縄県立那覇商業高等学校,47,那覇市,,prefectural,high_school,active,SRC000189,2026-10-02,2026硬式加盟校として登録。沖縄県の2026夏大会参加校を学校単位へ展開し、JHBF 2026年5月末公式加盟校数（SRC000099）と照合。
SCH002726,南風原,沖縄県立南風原高等学校,沖縄県立南風原高等学校,,沖縄県立南風原高等学校,47,南風原町,,prefectural,high_school,active,SRC000189,2026-10-02,2026硬式加盟校として登録。沖縄県の2026夏大会参加校を学校単位へ展開し、JHBF 2026年5月末公式加盟校数（SRC000099）と照合。
SCH002727,沖縄高専,沖縄工業高等専門学校,沖縄工業高等専門学校,,沖縄工業高等専門学校,47,名護市,,national,technical_college,active,SRC000189,2026-10-02,2026硬式加盟校として登録。沖縄県の2026夏大会参加校を学校単位へ展開し、JHBF 2026年5月末公式加盟校数（SRC000099）と照合。
SCH002728,糸満,沖縄県立糸満高等学校,沖縄県立糸満高等学校,,沖縄県立糸満高等学校,47,糸満市,,prefectural,high_school,active,SRC000189,2026-10-02,2026硬式加盟校として登録。沖縄県の2026夏大会参加校を学校単位へ展開し、JHBF 2026年5月末公式加盟校数（SRC000099）と照合。
SCH002729,北山,沖縄県立北山高等学校,沖縄県立北山高等学校,,沖縄県立北山高等学校,47,今帰仁村,,prefectural,high_school,active,SRC000189,2026-10-02,2026硬式加盟校として登録。沖縄県の2026夏大会参加校を学校単位へ展開し、JHBF 2026年5月末公式加盟校数（SRC000099）と照合。
SCH002730,与勝,沖縄県立与勝高等学校,沖縄県立与勝高等学校,,沖縄県立与勝高等学校,47,うるま市,,prefectural,high_school,active,SRC000189,2026-10-02,2026硬式加盟校として登録。沖縄県の2026夏大会参加校を学校単位へ展開し、JHBF 2026年5月末公式加盟校数（SRC000099）と照合。
SCH002731,浦添,沖縄県立浦添高等学校,沖縄県立浦添高等学校,,沖縄県立浦添高等学校,47,浦添市,,prefectural,high_school,active,SRC000189,2026-10-02,2026硬式加盟校として登録。沖縄県の2026夏大会参加校を学校単位へ展開し、JHBF 2026年5月末公式加盟校数（SRC000099）と照合。
SCH002732,北中城,沖縄県立北中城高等学校,沖縄県立北中城高等学校,,沖縄県立北中城高等学校,47,北中城村,,prefectural,high_school,active,SRC000189,2026-10-02,2026硬式加盟校として登録。沖縄県の2026夏大会参加校を学校単位へ展開し、JHBF 2026年5月末公式加盟校数（SRC000099）と照合。
SCH002733,普天間,沖縄県立普天間高等学校,沖縄県立普天間高等学校,,沖縄県立普天間高等学校,47,宜野湾市,,prefectural,high_school,active,SRC000189,2026-10-02,2026硬式加盟校として登録。沖縄県の2026夏大会参加校を学校単位へ展開し、JHBF 2026年5月末公式加盟校数（SRC000099）と照合。
SCH002734,那覇,沖縄県立那覇高等学校,沖縄県立那覇高等学校,,沖縄県立那覇高等学校,47,那覇市,,prefectural,high_school,active,SRC000189,2026-10-02,2026硬式加盟校として登録。沖縄県の2026夏大会参加校を学校単位へ展開し、JHBF 2026年5月末公式加盟校数（SRC000099）と照合。
SCH002735,前原,沖縄県立前原高等学校,沖縄県立前原高等学校,,沖縄県立前原高等学校,47,うるま市,,prefectural,high_school,active,SRC000189,2026-10-02,2026硬式加盟校として登録。沖縄県の2026夏大会参加校を学校単位へ展開し、JHBF 2026年5月末公式加盟校数（SRC000099）と照合。
SCH002736,宜野湾,沖縄県立宜野湾高等学校,沖縄県立宜野湾高等学校,,沖縄県立宜野湾高等学校,47,宜野湾市,,prefectural,high_school,active,SRC000189,2026-10-02,2026硬式加盟校として登録。沖縄県の2026夏大会参加校を学校単位へ展開し、JHBF 2026年5月末公式加盟校数（SRC000099）と照合。
SCH002737,中部商,沖縄県立中部商業高等学校,沖縄県立中部商業高等学校,,沖縄県立中部商業高等学校,47,宜野湾市,,prefectural,high_school,active,SRC000189,2026-10-02,2026硬式加盟校として登録。沖縄県の2026夏大会参加校を学校単位へ展開し、JHBF 2026年5月末公式加盟校数（SRC000099）と照合。
SCH002738,具志川,沖縄県立具志川高等学校,沖縄県立具志川高等学校,,沖縄県立具志川高等学校,47,うるま市,,prefectural,high_school,active,SRC000189,2026-10-02,2026硬式加盟校として登録。沖縄県の2026夏大会参加校を学校単位へ展開し、JHBF 2026年5月末公式加盟校数（SRC000099）と照合。
SCH002739,昭和薬大付,昭和薬科大学附属高等学校,昭和薬科大学附属高等学校,,昭和薬科大学附属高等学校,47,浦添市,,private,high_school,active,SRC000189,2026-10-02,2026硬式加盟校として登録。沖縄県の2026夏大会参加校を学校単位へ展開し、JHBF 2026年5月末公式加盟校数（SRC000099）と照合。
SCH002740,八重山,沖縄県立八重山高等学校,沖縄県立八重山高等学校,,沖縄県立八重山高等学校,47,石垣市,,prefectural,high_school,active,SRC000189,2026-10-02,2026硬式加盟校として登録。沖縄県の2026夏大会参加校を学校単位へ展開し、JHBF 2026年5月末公式加盟校数（SRC000099）と照合。
SCH002741,具志川商,沖縄県立具志川商業高等学校,沖縄県立具志川商業高等学校,,沖縄県立具志川商業高等学校,47,うるま市,,prefectural,high_school,active,SRC000189,2026-10-02,2026硬式加盟校として登録。沖縄県の2026夏大会参加校を学校単位へ展開し、JHBF 2026年5月末公式加盟校数（SRC000099）と照合。
SCH002742,球陽,沖縄県立球陽高等学校,沖縄県立球陽高等学校,,沖縄県立球陽高等学校,47,沖縄市,,prefectural,high_school,active,SRC000189,2026-10-02,2026硬式加盟校として登録。沖縄県の2026夏大会参加校を学校単位へ展開し、JHBF 2026年5月末公式加盟校数（SRC000099）と照合。
SCH002743,ウェルネス沖縄,日本ウェルネス高等学校 沖縄学習支援センター,日本ウェルネス高等学校 沖縄学習支援センター,,日本ウェルネス高等学校 沖縄学習支援センター,47,沖縄市,,private,high_school,active,SRC000189,2026-10-02,2026硬式加盟校として登録。沖縄県の2026夏大会参加校を学校単位へ展開し、JHBF 2026年5月末公式加盟校数（SRC000099）と照合。 正式校名は日本ウェルネス高等学校 沖縄学習支援センター。
SCH002744,宜野座,沖縄県立宜野座高等学校,沖縄県立宜野座高等学校,,沖縄県立宜野座高等学校,47,宜野座村,,prefectural,high_school,active,SRC000189,2026-10-02,2026硬式加盟校として登録。沖縄県の2026夏大会参加校を学校単位へ展開し、JHBF 2026年5月末公式加盟校数（SRC000099）と照合。
SCH002745,沖縄工,沖縄県立沖縄工業高等学校,沖縄県立沖縄工業高等学校,,沖縄県立沖縄工業高等学校,47,那覇市,,prefectural,high_school,active,SRC000189,2026-10-02,2026硬式加盟校として登録。沖縄県の2026夏大会参加校を学校単位へ展開し、JHBF 2026年5月末公式加盟校数（SRC000099）と照合。
SCH002746,興南,興南高等学校,興南高等学校,,興南高等学校,47,那覇市,,private,high_school,active,SRC000189,2026-10-02,2026硬式加盟校として登録。沖縄県の2026夏大会参加校を学校単位へ展開し、JHBF 2026年5月末公式加盟校数（SRC000099）と照合。
SCH002747,沖縄尚学,沖縄尚学高等学校,沖縄尚学高等学校,,沖縄尚学高等学校,47,那覇市,,private,high_school,active,SRC000189,2026-10-02,2026硬式加盟校として登録。沖縄県の2026夏大会参加校を学校単位へ展開し、JHBF 2026年5月末公式加盟校数（SRC000099）と照合。
SCH002748,美来工科,沖縄県立美来工科高等学校,沖縄県立美来工科高等学校,,沖縄県立美来工科高等学校,47,沖縄市,,prefectural,high_school,active,SRC000189,2026-10-02,2026硬式加盟校として登録。沖縄県の2026夏大会参加校を学校単位へ展開し、JHBF 2026年5月末公式加盟校数（SRC000099）と照合。
SCH002749,小禄,沖縄県立小禄高等学校,沖縄県立小禄高等学校,,沖縄県立小禄高等学校,47,那覇市,,prefectural,high_school,active,SRC000189,2026-10-02,2026硬式加盟校として登録。沖縄県の2026夏大会参加校を学校単位へ展開し、JHBF 2026年5月末公式加盟校数（SRC000099）と照合。
SCH002750,八重山商工,沖縄県立八重山商工高等学校,沖縄県立八重山商工高等学校,,沖縄県立八重山商工高等学校,47,石垣市,,prefectural,high_school,active,SRC000189,2026-10-02,2026硬式加盟校として登録。沖縄県の2026夏大会参加校を学校単位へ展開し、JHBF 2026年5月末公式加盟校数（SRC000099）と照合。
SCH002751,沖縄カトリック,沖縄カトリック高等学校,沖縄カトリック高等学校,,沖縄カトリック高等学校,47,宜野湾市,,private,high_school,active,SRC000189,2026-10-02,2026硬式加盟校として登録。沖縄県の2026夏大会参加校を学校単位へ展開し、JHBF 2026年5月末公式加盟校数（SRC000099）と照合。
SCH002752,知念,沖縄県立知念高等学校,沖縄県立知念高等学校,,沖縄県立知念高等学校,47,与那原町,,prefectural,high_school,active,SRC000189,2026-10-02,2026硬式加盟校として登録。沖縄県の2026夏大会参加校を学校単位へ展開し、JHBF 2026年5月末公式加盟校数（SRC000099）と照合。
SCH002753,豊見城,沖縄県立豊見城高等学校,沖縄県立豊見城高等学校,,沖縄県立豊見城高等学校,47,豊見城市,,prefectural,high_school,active,SRC000189,2026-10-02,2026硬式加盟校として登録。沖縄県の2026夏大会参加校を学校単位へ展開し、JHBF 2026年5月末公式加盟校数（SRC000099）と照合。
SCH002754,中部農林,沖縄県立中部農林高等学校,沖縄県立中部農林高等学校,,沖縄県立中部農林高等学校,47,うるま市,,prefectural,high_school,active,SRC000189,2026-10-02,2026硬式加盟校として登録。沖縄県の2026夏大会参加校を学校単位へ展開し、JHBF 2026年5月末公式加盟校数（SRC000099）と照合。
SCH002755,首里,沖縄県立首里高等学校,沖縄県立首里高等学校,,沖縄県立首里高等学校,47,那覇市,,prefectural,high_school,active,SRC000189,2026-10-02,2026硬式加盟校として登録。沖縄県の2026夏大会参加校を学校単位へ展開し、JHBF 2026年5月末公式加盟校数（SRC000099）と照合。
SCH002756,宮古,沖縄県立宮古高等学校,沖縄県立宮古高等学校,,沖縄県立宮古高等学校,47,宮古島市,,prefectural,high_school,active,SRC000189,2026-10-02,2026硬式加盟校として登録。沖縄県の2026夏大会参加校を学校単位へ展開し、JHBF 2026年5月末公式加盟校数（SRC000099）と照合。
SCH002757,西原,沖縄県立西原高等学校,沖縄県立西原高等学校,,沖縄県立西原高等学校,47,西原町,,prefectural,high_school,active,SRC000189,2026-10-02,2026硬式加盟校として登録。沖縄県の2026夏大会参加校を学校単位へ展開し、JHBF 2026年5月末公式加盟校数（SRC000099）と照合。
SCH002758,八重山農林,沖縄県立八重山農林高等学校,沖縄県立八重山農林高等学校,,沖縄県立八重山農林高等学校,47,石垣市,,prefectural,high_school,active,SRC000189,2026-10-02,2026硬式加盟校として登録。沖縄県の2026夏大会参加校を学校単位へ展開し、JHBF 2026年5月末公式加盟校数（SRC000099）と照合。
SCH002759,美里工,沖縄県立美里工業高等学校,沖縄県立美里工業高等学校,,沖縄県立美里工業高等学校,47,沖縄市,,prefectural,high_school,active,SRC000189,2026-10-02,2026硬式加盟校として登録。沖縄県の2026夏大会参加校を学校単位へ展開し、JHBF 2026年5月末公式加盟校数（SRC000099）と照合。
SCH002760,浦添商,沖縄県立浦添商業高等学校,沖縄県立浦添商業高等学校,,沖縄県立浦添商業高等学校,47,浦添市,,prefectural,high_school,active,SRC000189,2026-10-02,2026硬式加盟校として登録。沖縄県の2026夏大会参加校を学校単位へ展開し、JHBF 2026年5月末公式加盟校数（SRC000099）と照合。
SCH002761,読谷,沖縄県立読谷高等学校,沖縄県立読谷高等学校,,沖縄県立読谷高等学校,47,読谷村,,prefectural,high_school,active,SRC000189,2026-10-02,2026硬式加盟校として登録。沖縄県の2026夏大会参加校を学校単位へ展開し、JHBF 2026年5月末公式加盟校数（SRC000099）と照合。
SCH002762,名護,沖縄県立名護高等学校,沖縄県立名護高等学校,,沖縄県立名護高等学校,47,名護市,,prefectural,high_school,active,SRC000189,2026-10-02,2026硬式加盟校として登録。沖縄県の2026夏大会参加校を学校単位へ展開し、JHBF 2026年5月末公式加盟校数（SRC000099）と照合。
SCH002763,那覇国際,沖縄県立那覇国際高等学校,沖縄県立那覇国際高等学校,,沖縄県立那覇国際高等学校,47,那覇市,,prefectural,high_school,active,SRC000189,2026-10-02,2026硬式加盟校として登録。沖縄県の2026夏大会参加校を学校単位へ展開し、JHBF 2026年5月末公式加盟校数（SRC000099）と照合。
SCH002764,北谷,沖縄県立北谷高等学校,沖縄県立北谷高等学校,,沖縄県立北谷高等学校,47,北谷町,,prefectural,high_school,active,SRC000189,2026-10-02,2026硬式加盟校として登録。沖縄県の2026夏大会参加校を学校単位へ展開し、JHBF 2026年5月末公式加盟校数（SRC000099）と照合。
SCH002765,那覇工,沖縄県立那覇工業高等学校,沖縄県立那覇工業高等学校,,沖縄県立那覇工業高等学校,47,浦添市,,prefectural,high_school,active,SRC000189,2026-10-02,2026硬式加盟校として登録。沖縄県の2026夏大会参加校を学校単位へ展開し、JHBF 2026年5月末公式加盟校数（SRC000099）と照合。 2026夏は4校連合の構成校。
SCH002766,陽明,沖縄県立陽明高等学校,沖縄県立陽明高等学校,,沖縄県立陽明高等学校,47,浦添市,,prefectural,high_school,active,SRC000189,2026-10-02,2026硬式加盟校として登録。沖縄県の2026夏大会参加校を学校単位へ展開し、JHBF 2026年5月末公式加盟校数（SRC000099）と照合。 2026夏は4校連合の構成校。
SCH002767,開邦,沖縄県立開邦高等学校,沖縄県立開邦高等学校,,沖縄県立開邦高等学校,47,南風原町,,prefectural,high_school,active,SRC000189,2026-10-02,2026硬式加盟校として登録。沖縄県の2026夏大会参加校を学校単位へ展開し、JHBF 2026年5月末公式加盟校数（SRC000099）と照合。 2026夏は4校連合の構成校。
SCH002768,南部農林,沖縄県立南部農林高等学校,沖縄県立南部農林高等学校,,沖縄県立南部農林高等学校,47,豊見城市,,prefectural,high_school,active,SRC000189,2026-10-02,2026硬式加盟校として登録。沖縄県の2026夏大会参加校を学校単位へ展開し、JHBF 2026年5月末公式加盟校数（SRC000099）と照合。 2026夏は4校連合の構成校。
SCH002769,宮古総合実,沖縄県立宮古総合実業高等学校,沖縄県立宮古総合実業高等学校,,沖縄県立宮古総合実業高等学校,47,宮古島市,,prefectural,high_school,active,SRC000189,2026-10-02,2026硬式加盟校として登録。沖縄県の2026夏大会参加校を学校単位へ展開し、JHBF 2026年5月末公式加盟校数（SRC000099）と照合。 2026夏は2校連合の構成校。
SCH002770,宮古工,沖縄県立宮古工業高等学校,沖縄県立宮古工業高等学校,,沖縄県立宮古工業高等学校,47,宮古島市,,prefectural,high_school,active,SRC000189,2026-10-02,2026硬式加盟校として登録。沖縄県の2026夏大会参加校を学校単位へ展開し、JHBF 2026年5月末公式加盟校数（SRC000099）と照合。 2026夏は2校連合の構成校。
SCH002771,石川,沖縄県立石川高等学校,沖縄県立石川高等学校,,沖縄県立石川高等学校,47,うるま市,,prefectural,high_school,active,SRC000189,2026-10-02,2026硬式加盟校として登録。沖縄県の2026夏大会参加校を学校単位へ展開し、JHBF 2026年5月末公式加盟校数（SRC000099）と照合。
SCH002772,首里東,沖縄県立首里東高等学校,沖縄県立首里東高等学校,,沖縄県立首里東高等学校,47,那覇市,,prefectural,high_school,active,SRC000189,2026-10-02,2026硬式加盟校として登録。沖縄県の2026夏大会参加校を学校単位へ展開し、JHBF 2026年5月末公式加盟校数（SRC000099）と照合。
SCH002773,コザ,沖縄県立コザ高等学校,沖縄県立コザ高等学校,,沖縄県立コザ高等学校,47,沖縄市,,prefectural,high_school,active,SRC000189,2026-10-02,2026硬式加盟校として登録。沖縄県の2026夏大会参加校を学校単位へ展開し、JHBF 2026年5月末公式加盟校数（SRC000099）と照合。
SCH002774,本部,沖縄県立本部高等学校,沖縄県立本部高等学校,,沖縄県立本部高等学校,47,本部町,,prefectural,high_school,active,SRC000189,2026-10-02,2026硬式加盟校として登録。沖縄県の2026夏大会参加校を学校単位へ展開し、JHBF 2026年5月末公式加盟校数（SRC000099）と照合。
SCH002775,名護商工,沖縄県立名護商工高等学校,沖縄県立名護商工高等学校,,沖縄県立名護商工高等学校,47,名護市,,prefectural,high_school,active,SRC000189,2026-10-02,2026硬式加盟校として登録。沖縄県の2026夏大会参加校を学校単位へ展開し、JHBF 2026年5月末公式加盟校数（SRC000099）と照合。
SCH002776,辺土名,沖縄県立辺土名高等学校,沖縄県立辺土名高等学校,,沖縄県立辺土名高等学校,47,大宜味村,,prefectural,high_school,active,SRC000189,2026-10-02,2026硬式加盟校として登録。沖縄県の2026夏大会参加校を学校単位へ展開し、JHBF 2026年5月末公式加盟校数（SRC000099）と照合。
SCH002777,向陽,沖縄県立向陽高等学校,沖縄県立向陽高等学校,,沖縄県立向陽高等学校,47,八重瀬町,,prefectural,high_school,active,SRC000189,2026-10-02,2026硬式加盟校として登録。沖縄県の2026夏大会参加校を学校単位へ展開し、JHBF 2026年5月末公式加盟校数（SRC000099）と照合。
SCH002778,久米島,沖縄県立久米島高等学校,沖縄県立久米島高等学校,,沖縄県立久米島高等学校,47,久米島町,,prefectural,high_school,active,SRC000189,2026-10-02,2026硬式加盟校として登録。沖縄県の2026夏大会参加校を学校単位へ展開し、JHBF 2026年5月末公式加盟校数（SRC000099）と照合。
SCH002779,南部工,沖縄県立南部工業高等学校,沖縄県立南部工業高等学校,,沖縄県立南部工業高等学校,47,八重瀬町,,prefectural,high_school,active,SRC000189,2026-10-02,2026硬式加盟校として登録。沖縄県の2026夏大会参加校を学校単位へ展開し、JHBF 2026年5月末公式加盟校数（SRC000099）と照合。
SCH002780,浦添工,沖縄県立浦添工業高等学校,沖縄県立浦添工業高等学校,,沖縄県立浦添工業高等学校,47,浦添市,,prefectural,high_school,active,SRC000189,2026-10-02,2026硬式加盟校として登録。沖縄県の2026夏大会参加校を学校単位へ展開し、JHBF 2026年5月末公式加盟校数（SRC000099）と照合。
SCH002781,北部農林,沖縄県立北部農林高等学校,沖縄県立北部農林高等学校,,沖縄県立北部農林高等学校,47,名護市,名護市字宇茂佐13,prefectural,high_school,active,SRC000191,2026-10-02,2026硬式加盟校として登録。沖縄県の2026夏大会参加校を学校単位へ展開し、JHBF 2026年5月末公式加盟校数（SRC000099）と照合。 2026夏大会不参加。2026秋季大会で辺土名・名護商工・本部との4校連合に参加し、62校目として補完。
SCH002782,花巻東,花巻東高等学校,花巻東高等学校,,花巻東高等学校,03,花巻市,,private,high_school,active,SRC000196,2026-10-03,2026硬式加盟校として登録。JHBF 2026年5月末公式加盟校数（SRC000099）と照合。 2026夏大会参加校を学校単位へ展開。
SCH002783,盛岡農,岩手県立盛岡農業高等学校,岩手県立盛岡農業高等学校,,岩手県立盛岡農業高等学校,03,滝沢市,,prefectural,high_school,active,SRC000196,2026-10-03,2026硬式加盟校として登録。JHBF 2026年5月末公式加盟校数（SRC000099）と照合。 2026夏大会参加校を学校単位へ展開。
SCH002784,岩泉,岩手県立岩泉高等学校,岩手県立岩泉高等学校,,岩手県立岩泉高等学校,03,岩泉町,,prefectural,high_school,active,SRC000196,2026-10-03,2026硬式加盟校として登録。JHBF 2026年5月末公式加盟校数（SRC000099）と照合。 2026夏大会参加校を学校単位へ展開。
SCH002785,花巻南,岩手県立花巻南高等学校,岩手県立花巻南高等学校,,岩手県立花巻南高等学校,03,花巻市,,prefectural,high_school,active,SRC000196,2026-10-03,2026硬式加盟校として登録。JHBF 2026年5月末公式加盟校数（SRC000099）と照合。 2026夏大会参加校を学校単位へ展開。
SCH002786,伊保内,岩手県立伊保内高等学校,岩手県立伊保内高等学校,,岩手県立伊保内高等学校,03,九戸村,,prefectural,high_school,active,SRC000196,2026-10-03,2026硬式加盟校として登録。JHBF 2026年5月末公式加盟校数（SRC000099）と照合。 2026夏大会参加校を学校単位へ展開。
SCH002787,葛巻,岩手県立葛巻高等学校,岩手県立葛巻高等学校,,岩手県立葛巻高等学校,03,葛巻町,,prefectural,high_school,active,SRC000196,2026-10-03,2026硬式加盟校として登録。JHBF 2026年5月末公式加盟校数（SRC000099）と照合。 2026夏大会参加校を学校単位へ展開。
SCH002788,平舘,岩手県立平舘高等学校,岩手県立平舘高等学校,,岩手県立平舘高等学校,03,八幡平市,,prefectural,high_school,active,SRC000196,2026-10-03,2026硬式加盟校として登録。JHBF 2026年5月末公式加盟校数（SRC000099）と照合。 2026夏大会参加校を学校単位へ展開。
SCH002789,北桜,岩手県立北桜高等学校,岩手県立北桜高等学校,,岩手県立北桜高等学校,03,一戸町,,prefectural,high_school,active,SRC000196,2026-10-03,2026硬式加盟校として登録。JHBF 2026年5月末公式加盟校数（SRC000099）と照合。 2026夏大会参加校を学校単位へ展開。
SCH002790,花泉,岩手県立花泉高等学校,岩手県立花泉高等学校,,岩手県立花泉高等学校,03,一関市,,prefectural,high_school,active,SRC000196,2026-10-03,2026硬式加盟校として登録。JHBF 2026年5月末公式加盟校数（SRC000099）と照合。 2026夏大会参加校を学校単位へ展開。
SCH002791,水沢第一,水沢第一高等学校,水沢第一高等学校,,水沢第一高等学校,03,奥州市,,private,high_school,active,SRC000196,2026-10-03,2026硬式加盟校として登録。JHBF 2026年5月末公式加盟校数（SRC000099）と照合。 2026夏大会参加校を学校単位へ展開。
SCH002792,花北青雲,岩手県立花北青雲高等学校,岩手県立花北青雲高等学校,,岩手県立花北青雲高等学校,03,花巻市,,prefectural,high_school,active,SRC000196,2026-10-03,2026硬式加盟校として登録。JHBF 2026年5月末公式加盟校数（SRC000099）と照合。 2026夏大会参加校を学校単位へ展開。
SCH002793,久慈,岩手県立久慈高等学校,岩手県立久慈高等学校,,岩手県立久慈高等学校,03,久慈市,,prefectural,high_school,active,SRC000196,2026-10-03,2026硬式加盟校として登録。JHBF 2026年5月末公式加盟校数（SRC000099）と照合。 2026夏大会参加校を学校単位へ展開。
SCH002794,盛岡商,岩手県立盛岡商業高等学校,岩手県立盛岡商業高等学校,,岩手県立盛岡商業高等学校,03,盛岡市,,prefectural,high_school,active,SRC000196,2026-10-03,2026硬式加盟校として登録。JHBF 2026年5月末公式加盟校数（SRC000099）と照合。 2026夏大会参加校を学校単位へ展開。
SCH002795,一関工,岩手県立一関工業高等学校,岩手県立一関工業高等学校,,岩手県立一関工業高等学校,03,一関市,,prefectural,high_school,active,SRC000196,2026-10-03,2026硬式加盟校として登録。JHBF 2026年5月末公式加盟校数（SRC000099）と照合。 2026夏大会参加校を学校単位へ展開。
SCH002796,福岡,岩手県立福岡高等学校,岩手県立福岡高等学校,,岩手県立福岡高等学校,03,二戸市,,prefectural,high_school,active,SRC000196,2026-10-03,2026硬式加盟校として登録。JHBF 2026年5月末公式加盟校数（SRC000099）と照合。 2026夏大会参加校を学校単位へ展開。
SCH002797,一関学院,一関学院高等学校,一関学院高等学校,,一関学院高等学校,03,一関市,,private,high_school,active,SRC000196,2026-10-03,2026硬式加盟校として登録。JHBF 2026年5月末公式加盟校数（SRC000099）と照合。 2026夏大会参加校を学校単位へ展開。
SCH002798,専大北上,専修大学北上高等学校,専修大学北上高等学校,,専修大学北上高等学校,03,北上市,,private,high_school,active,SRC000196,2026-10-03,2026硬式加盟校として登録。JHBF 2026年5月末公式加盟校数（SRC000099）と照合。 2026夏大会参加校を学校単位へ展開。
SCH002799,釜石,岩手県立釜石高等学校,岩手県立釜石高等学校,,岩手県立釜石高等学校,03,釜石市,,prefectural,high_school,active,SRC000196,2026-10-03,2026硬式加盟校として登録。JHBF 2026年5月末公式加盟校数（SRC000099）と照合。 2026夏大会参加校を学校単位へ展開。
SCH002800,黒沢尻北,岩手県立黒沢尻北高等学校,岩手県立黒沢尻北高等学校,,岩手県立黒沢尻北高等学校,03,北上市,,prefectural,high_school,active,SRC000196,2026-10-03,2026硬式加盟校として登録。JHBF 2026年5月末公式加盟校数（SRC000099）と照合。 2026夏大会参加校を学校単位へ展開。
SCH002801,盛岡第一,岩手県立盛岡第一高等学校,岩手県立盛岡第一高等学校,,岩手県立盛岡第一高等学校,03,盛岡市,,prefectural,high_school,active,SRC000196,2026-10-03,2026硬式加盟校として登録。JHBF 2026年5月末公式加盟校数（SRC000099）と照合。 2026夏大会参加校を学校単位へ展開。
SCH002802,盛岡工,岩手県立盛岡工業高等学校,岩手県立盛岡工業高等学校,,岩手県立盛岡工業高等学校,03,盛岡市,,prefectural,high_school,active,SRC000196,2026-10-03,2026硬式加盟校として登録。JHBF 2026年5月末公式加盟校数（SRC000099）と照合。 2026夏大会参加校を学校単位へ展開。
SCH002803,久慈翔北,岩手県立久慈翔北高等学校,岩手県立久慈翔北高等学校,,岩手県立久慈翔北高等学校,03,久慈市,,prefectural,high_school,active,SRC000196,2026-10-03,2026硬式加盟校として登録。JHBF 2026年5月末公式加盟校数（SRC000099）と照合。 2026夏大会参加校を学校単位へ展開。
SCH002804,水沢工,岩手県立水沢工業高等学校,岩手県立水沢工業高等学校,,岩手県立水沢工業高等学校,03,奥州市,,prefectural,high_school,active,SRC000196,2026-10-03,2026硬式加盟校として登録。JHBF 2026年5月末公式加盟校数（SRC000099）と照合。 2026夏大会参加校を学校単位へ展開。
SCH002805,水沢商,岩手県立水沢商業高等学校,岩手県立水沢商業高等学校,,岩手県立水沢商業高等学校,03,奥州市,,prefectural,high_school,active,SRC000196,2026-10-03,2026硬式加盟校として登録。JHBF 2026年5月末公式加盟校数（SRC000099）と照合。 2026夏大会参加校を学校単位へ展開。
SCH002806,盛岡市立,盛岡市立高等学校,盛岡市立高等学校,,盛岡市立高等学校,03,盛岡市,,municipal,high_school,active,SRC000196,2026-10-03,2026硬式加盟校として登録。JHBF 2026年5月末公式加盟校数（SRC000099）と照合。 2026夏大会参加校を学校単位へ展開。
SCH002807,西和賀,岩手県立西和賀高等学校,岩手県立西和賀高等学校,,岩手県立西和賀高等学校,03,西和賀町,,prefectural,high_school,active,SRC000196,2026-10-03,2026硬式加盟校として登録。JHBF 2026年5月末公式加盟校数（SRC000099）と照合。 2026夏大会参加校を学校単位へ展開。
SCH002808,大船渡,岩手県立大船渡高等学校,岩手県立大船渡高等学校,,岩手県立大船渡高等学校,03,大船渡市,,prefectural,high_school,active,SRC000196,2026-10-03,2026硬式加盟校として登録。JHBF 2026年5月末公式加盟校数（SRC000099）と照合。 2026夏大会参加校を学校単位へ展開。
SCH002809,盛岡誠桜,盛岡誠桜高等学校,盛岡誠桜高等学校,,盛岡誠桜高等学校,03,盛岡市,,private,high_school,active,SRC000196,2026-10-03,2026硬式加盟校として登録。JHBF 2026年5月末公式加盟校数（SRC000099）と照合。 2026夏大会参加校を学校単位へ展開。
SCH002810,宮古商工,岩手県立宮古商工高等学校,岩手県立宮古商工高等学校,,岩手県立宮古商工高等学校,03,宮古市,,prefectural,high_school,active,SRC000196,2026-10-03,2026硬式加盟校として登録。JHBF 2026年5月末公式加盟校数（SRC000099）と照合。 2026夏大会参加校を学校単位へ展開。
SCH002811,花巻北,岩手県立花巻北高等学校,岩手県立花巻北高等学校,,岩手県立花巻北高等学校,03,花巻市,,prefectural,high_school,active,SRC000196,2026-10-03,2026硬式加盟校として登録。JHBF 2026年5月末公式加盟校数（SRC000099）と照合。 2026夏大会参加校を学校単位へ展開。
SCH002812,花巻農,岩手県立花巻農業高等学校,岩手県立花巻農業高等学校,,岩手県立花巻農業高等学校,03,花巻市,,prefectural,high_school,active,SRC000196,2026-10-03,2026硬式加盟校として登録。JHBF 2026年5月末公式加盟校数（SRC000099）と照合。 2026夏大会参加校を学校単位へ展開。
SCH002813,一関高専,一関工業高等専門学校,一関工業高等専門学校,,一関工業高等専門学校,03,一関市,,national,technical_college,active,SRC000196,2026-10-03,2026硬式加盟校として登録。JHBF 2026年5月末公式加盟校数（SRC000099）と照合。 2026夏大会参加校を学校単位へ展開。
SCH002814,前沢,岩手県立前沢高等学校,岩手県立前沢高等学校,,岩手県立前沢高等学校,03,奥州市,,prefectural,high_school,active,SRC000196,2026-10-03,2026硬式加盟校として登録。JHBF 2026年5月末公式加盟校数（SRC000099）と照合。 2026夏大会参加校を学校単位へ展開。
SCH002815,岩谷堂,岩手県立岩谷堂高等学校,岩手県立岩谷堂高等学校,,岩手県立岩谷堂高等学校,03,奥州市,,prefectural,high_school,active,SRC000196,2026-10-03,2026硬式加盟校として登録。JHBF 2026年5月末公式加盟校数（SRC000099）と照合。 2026夏大会参加校を学校単位へ展開。
SCH002816,盛岡白百合,盛岡白百合学園高等学校,盛岡白百合学園高等学校,,盛岡白百合学園高等学校,03,盛岡市,,private,high_school,active,SRC000196,2026-10-03,2026硬式加盟校として登録。JHBF 2026年5月末公式加盟校数（SRC000099）と照合。 2026夏大会参加校を学校単位へ展開。
SCH002817,遠野,岩手県立遠野高等学校,岩手県立遠野高等学校,,岩手県立遠野高等学校,03,遠野市,,prefectural,high_school,active,SRC000196,2026-10-03,2026硬式加盟校として登録。JHBF 2026年5月末公式加盟校数（SRC000099）と照合。 2026夏大会参加校を学校単位へ展開。
SCH002818,宮古,岩手県立宮古高等学校,岩手県立宮古高等学校,,岩手県立宮古高等学校,03,宮古市,,prefectural,high_school,active,SRC000196,2026-10-03,2026硬式加盟校として登録。JHBF 2026年5月末公式加盟校数（SRC000099）と照合。 2026夏大会参加校を学校単位へ展開。
SCH002819,一関修紅,一関修紅高等学校,一関修紅高等学校,,一関修紅高等学校,03,一関市,,private,high_school,active,SRC000196,2026-10-03,2026硬式加盟校として登録。JHBF 2026年5月末公式加盟校数（SRC000099）と照合。 2026夏大会参加校を学校単位へ展開。
SCH002820,黒沢尻工,岩手県立黒沢尻工業高等学校,岩手県立黒沢尻工業高等学校,,岩手県立黒沢尻工業高等学校,03,北上市,,prefectural,high_school,active,SRC000196,2026-10-03,2026硬式加盟校として登録。JHBF 2026年5月末公式加盟校数（SRC000099）と照合。 2026夏大会参加校を学校単位へ展開。
SCH002821,一関二,岩手県立一関第二高等学校,岩手県立一関第二高等学校,,岩手県立一関第二高等学校,03,一関市,,prefectural,high_school,active,SRC000196,2026-10-03,2026硬式加盟校として登録。JHBF 2026年5月末公式加盟校数（SRC000099）と照合。 2026夏大会参加校を学校単位へ展開。
SCH002822,一関第一,岩手県立一関第一高等学校,岩手県立一関第一高等学校,,岩手県立一関第一高等学校,03,一関市,,prefectural,high_school,active,SRC000196,2026-10-03,2026硬式加盟校として登録。JHBF 2026年5月末公式加盟校数（SRC000099）と照合。 2026夏大会参加校を学校単位へ展開。
SCH002823,高田,岩手県立高田高等学校,岩手県立高田高等学校,,岩手県立高田高等学校,03,陸前高田市,,prefectural,high_school,active,SRC000196,2026-10-03,2026硬式加盟校として登録。JHBF 2026年5月末公式加盟校数（SRC000099）と照合。 2026夏大会参加校を学校単位へ展開。
SCH002824,南昌みらい,岩手県立南昌みらい高等学校,岩手県立南昌みらい高等学校,,岩手県立南昌みらい高等学校,03,矢巾町,,prefectural,high_school,active,SRC000196,2026-10-03,2026硬式加盟校として登録。JHBF 2026年5月末公式加盟校数（SRC000099）と照合。 2026夏大会参加校を学校単位へ展開。
SCH002825,釜石商工,岩手県立釜石商工高等学校,岩手県立釜石商工高等学校,,岩手県立釜石商工高等学校,03,釜石市,,prefectural,high_school,active,SRC000196,2026-10-03,2026硬式加盟校として登録。JHBF 2026年5月末公式加盟校数（SRC000099）と照合。 2026夏大会参加校を学校単位へ展開。
SCH002826,水沢,岩手県立水沢高等学校,岩手県立水沢高等学校,,岩手県立水沢高等学校,03,奥州市,,prefectural,high_school,active,SRC000196,2026-10-03,2026硬式加盟校として登録。JHBF 2026年5月末公式加盟校数（SRC000099）と照合。 2026夏大会参加校を学校単位へ展開。
SCH002827,大船渡東,岩手県立大船渡東高等学校,岩手県立大船渡東高等学校,,岩手県立大船渡東高等学校,03,大船渡市,,prefectural,high_school,active,SRC000196,2026-10-03,2026硬式加盟校として登録。JHBF 2026年5月末公式加盟校数（SRC000099）と照合。 2026夏大会参加校を学校単位へ展開。
SCH002828,山田,岩手県立山田高等学校,岩手県立山田高等学校,,岩手県立山田高等学校,03,山田町,,prefectural,high_school,active,SRC000196,2026-10-03,2026硬式加盟校として登録。JHBF 2026年5月末公式加盟校数（SRC000099）と照合。 2026夏大会参加校を学校単位へ展開。
SCH002829,住田,岩手県立住田高等学校,岩手県立住田高等学校,,岩手県立住田高等学校,03,住田町,,prefectural,high_school,active,SRC000196,2026-10-03,2026硬式加盟校として登録。JHBF 2026年5月末公式加盟校数（SRC000099）と照合。 2026夏大会参加校を学校単位へ展開。
SCH002830,江南義塾盛岡,江南義塾盛岡高等学校,江南義塾盛岡高等学校,,江南義塾盛岡高等学校,03,盛岡市,,private,high_school,active,SRC000196,2026-10-03,2026硬式加盟校として登録。JHBF 2026年5月末公式加盟校数（SRC000099）と照合。 2026夏大会参加校を学校単位へ展開。
SCH002831,遠野緑峰,岩手県立遠野緑峰高等学校,岩手県立遠野緑峰高等学校,,岩手県立遠野緑峰高等学校,03,遠野市,,prefectural,high_school,active,SRC000196,2026-10-03,2026硬式加盟校として登録。JHBF 2026年5月末公式加盟校数（SRC000099）と照合。 2026夏大会参加校を学校単位へ展開。
SCH002832,大東,岩手県立大東高等学校,岩手県立大東高等学校,,岩手県立大東高等学校,03,一関市,,prefectural,high_school,active,SRC000196,2026-10-03,2026硬式加盟校として登録。JHBF 2026年5月末公式加盟校数（SRC000099）と照合。 2026夏大会参加校を学校単位へ展開。
SCH002833,盛岡北,岩手県立盛岡北高等学校,岩手県立盛岡北高等学校,,岩手県立盛岡北高等学校,03,滝沢市,,prefectural,high_school,active,SRC000196,2026-10-03,2026硬式加盟校として登録。JHBF 2026年5月末公式加盟校数（SRC000099）と照合。 2026夏大会参加校を学校単位へ展開。
SCH002834,岩手,岩手高等学校,岩手高等学校,,岩手高等学校,03,盛岡市,,private,high_school,active,SRC000196,2026-10-03,2026硬式加盟校として登録。JHBF 2026年5月末公式加盟校数（SRC000099）と照合。 2026夏大会参加校を学校単位へ展開。
SCH002835,盛岡四,岩手県立盛岡第四高等学校,岩手県立盛岡第四高等学校,,岩手県立盛岡第四高等学校,03,盛岡市,,prefectural,high_school,active,SRC000196,2026-10-03,2026硬式加盟校として登録。JHBF 2026年5月末公式加盟校数（SRC000099）と照合。 2026夏大会参加校を学校単位へ展開。
SCH002836,千厩,岩手県立千厩高等学校,岩手県立千厩高等学校,,岩手県立千厩高等学校,03,一関市,,prefectural,high_school,active,SRC000196,2026-10-03,2026硬式加盟校として登録。JHBF 2026年5月末公式加盟校数（SRC000099）と照合。 2026夏大会参加校を学校単位へ展開。
SCH002837,盛岡中央,盛岡中央高等学校,盛岡中央高等学校,,盛岡中央高等学校,03,盛岡市,,private,high_school,active,SRC000196,2026-10-03,2026硬式加盟校として登録。JHBF 2026年5月末公式加盟校数（SRC000099）と照合。 2026夏大会参加校を学校単位へ展開。
SCH002838,盛岡三,岩手県立盛岡第三高等学校,岩手県立盛岡第三高等学校,,岩手県立盛岡第三高等学校,03,盛岡市,,prefectural,high_school,active,SRC000196,2026-10-03,2026硬式加盟校として登録。JHBF 2026年5月末公式加盟校数（SRC000099）と照合。 2026夏大会参加校を学校単位へ展開。
SCH002839,盛岡大付,盛岡大学附属高等学校,盛岡大学附属高等学校,,盛岡大学附属高等学校,03,盛岡市,,private,high_school,active,SRC000196,2026-10-03,2026硬式加盟校として登録。JHBF 2026年5月末公式加盟校数（SRC000099）と照合。 2026夏大会参加校を学校単位へ展開。
SCH002840,水沢農業,岩手県立水沢農業高等学校,岩手県立水沢農業高等学校,,岩手県立水沢農業高等学校,03,奥州市,,prefectural,high_school,active,SRC000197,2026-10-03,2026硬式加盟校として登録。JHBF 2026年5月末公式加盟校数（SRC000099）と照合。 2026夏不参加。現行校・硬式野球部情報を確認し、公式61校との差分3校として補完。
SCH002841,紫波総合,岩手県立紫波総合高等学校,岩手県立紫波総合高等学校,,岩手県立紫波総合高等学校,03,紫波町,,prefectural,high_school,active,SRC000198,2026-10-03,2026硬式加盟校として登録。JHBF 2026年5月末公式加盟校数（SRC000099）と照合。 2026夏不参加。現行校・硬式野球部情報を確認し、公式61校との差分3校として補完。
SCH002842,軽米,岩手県立軽米高等学校,岩手県立軽米高等学校,,岩手県立軽米高等学校,03,軽米町,,prefectural,high_school,active,SRC000199,2026-10-03,2026硬式加盟校として登録。JHBF 2026年5月末公式加盟校数（SRC000099）と照合。 2026夏不参加。現行校・硬式野球部情報を確認し、公式61校との差分3校として補完。
SCH002843,明秀学園日立高等学校,明秀学園日立高等学校,明秀学園日立高等学校,,明秀学園日立高等学校,08,日立市,,private,high_school,active,SRC000200,2026-10-03,2026硬式加盟校として登録。JHBF 2026年5月末公式加盟校数（SRC000099）と照合。 茨城県高野連加盟校ページ掲載校。
SCH002844,科学技術学園高等学校日立,科学技術学園高等学校日立,科学技術学園高等学校日立,,科学技術学園高等学校日立,08,日立市,,private,high_school,active,SRC000200,2026-10-03,2026硬式加盟校として登録。JHBF 2026年5月末公式加盟校数（SRC000099）と照合。 茨城県高野連加盟校ページ掲載校。
SCH002845,茨城工業高等専門学校,茨城工業高等専門学校,茨城工業高等専門学校,,茨城工業高等専門学校,08,ひたちなか市,,national,technical_college,active,SRC000200,2026-10-03,2026硬式加盟校として登録。JHBF 2026年5月末公式加盟校数（SRC000099）と照合。 茨城県高野連加盟校ページ掲載校。
SCH002846,茨城キリスト教学園高等学校,茨城キリスト教学園高等学校,茨城キリスト教学園高等学校,,茨城キリスト教学園高等学校,08,日立市,,private,high_school,active,SRC000200,2026-10-03,2026硬式加盟校として登録。JHBF 2026年5月末公式加盟校数（SRC000099）と照合。 茨城県高野連加盟校ページ掲載校。
SCH002847,茨城県立佐和高等学校,茨城県立佐和高等学校,茨城県立佐和高等学校,,茨城県立佐和高等学校,08,ひたちなか市,,prefectural,high_school,active,SRC000200,2026-10-03,2026硬式加盟校として登録。JHBF 2026年5月末公式加盟校数（SRC000099）と照合。 茨城県高野連加盟校ページ掲載校。
SCH002848,茨城県立勝田中等教育学校,茨城県立勝田中等教育学校,茨城県立勝田中等教育学校,,茨城県立勝田中等教育学校,08,ひたちなか市,,prefectural,secondary_school,active,SRC000200,2026-10-03,2026硬式加盟校として登録。JHBF 2026年5月末公式加盟校数（SRC000099）と照合。 茨城県高野連加盟校ページ掲載校。
SCH002849,茨城県立勝田工業高等学校,茨城県立勝田工業高等学校,茨城県立勝田工業高等学校,,茨城県立勝田工業高等学校,08,ひたちなか市,,prefectural,high_school,active,SRC000200,2026-10-03,2026硬式加盟校として登録。JHBF 2026年5月末公式加盟校数（SRC000099）と照合。 茨城県高野連加盟校ページ掲載校。
SCH002850,茨城県立多賀高等学校,茨城県立多賀高等学校,茨城県立多賀高等学校,,茨城県立多賀高等学校,08,日立市,,prefectural,high_school,active,SRC000200,2026-10-03,2026硬式加盟校として登録。JHBF 2026年5月末公式加盟校数（SRC000099）と照合。 茨城県高野連加盟校ページ掲載校。
SCH002851,茨城県立大子清流高等学校,茨城県立大子清流高等学校,茨城県立大子清流高等学校,,茨城県立大子清流高等学校,08,大子町,,prefectural,high_school,active,SRC000200,2026-10-03,2026硬式加盟校として登録。JHBF 2026年5月末公式加盟校数（SRC000099）と照合。 茨城県高野連加盟校ページ掲載校。
SCH002852,茨城県立太田第一高等学校,茨城県立太田第一高等学校,茨城県立太田第一高等学校,,茨城県立太田第一高等学校,08,常陸太田市,,prefectural,high_school,active,SRC000200,2026-10-03,2026硬式加盟校として登録。JHBF 2026年5月末公式加盟校数（SRC000099）と照合。 茨城県高野連加盟校ページ掲載校。
SCH002853,茨城県立太田西山高等学校,茨城県立太田西山高等学校,茨城県立太田西山高等学校,,茨城県立太田西山高等学校,08,常陸太田市,,prefectural,high_school,active,SRC000200,2026-10-03,2026硬式加盟校として登録。JHBF 2026年5月末公式加盟校数（SRC000099）と照合。 茨城県高野連加盟校ページ掲載校。
SCH002854,茨城県立小瀬高等学校,茨城県立小瀬高等学校,茨城県立小瀬高等学校,,茨城県立小瀬高等学校,08,常陸大宮市,,prefectural,high_school,active,SRC000200,2026-10-03,2026硬式加盟校として登録。JHBF 2026年5月末公式加盟校数（SRC000099）と照合。 茨城県高野連加盟校ページ掲載校。
SCH002855,茨城県立日立北高等学校,茨城県立日立北高等学校,茨城県立日立北高等学校,,茨城県立日立北高等学校,08,日立市,,prefectural,high_school,active,SRC000200,2026-10-03,2026硬式加盟校として登録。JHBF 2026年5月末公式加盟校数（SRC000099）と照合。 茨城県高野連加盟校ページ掲載校。
SCH002856,茨城県立日立商業高等学校,茨城県立日立商業高等学校,茨城県立日立商業高等学校,,茨城県立日立商業高等学校,08,日立市,,prefectural,high_school,active,SRC000200,2026-10-03,2026硬式加盟校として登録。JHBF 2026年5月末公式加盟校数（SRC000099）と照合。 茨城県高野連加盟校ページ掲載校。
SCH002857,茨城県立日立工業高等学校,茨城県立日立工業高等学校,茨城県立日立工業高等学校,,茨城県立日立工業高等学校,08,日立市,,prefectural,high_school,active,SRC000200,2026-10-03,2026硬式加盟校として登録。JHBF 2026年5月末公式加盟校数（SRC000099）と照合。 茨城県高野連加盟校ページ掲載校。
SCH002858,茨城県立日立第一高等学校,茨城県立日立第一高等学校,茨城県立日立第一高等学校,,茨城県立日立第一高等学校,08,日立市,,prefectural,high_school,active,SRC000200,2026-10-03,2026硬式加盟校として登録。JHBF 2026年5月末公式加盟校数（SRC000099）と照合。 茨城県高野連加盟校ページ掲載校。
SCH002859,茨城県立東海高等学校,茨城県立東海高等学校,茨城県立東海高等学校,,茨城県立東海高等学校,08,東海村,,prefectural,high_school,active,SRC000200,2026-10-03,2026硬式加盟校として登録。JHBF 2026年5月末公式加盟校数（SRC000099）と照合。 茨城県高野連加盟校ページ掲載校。
SCH002860,茨城県立海洋高等学校,茨城県立海洋高等学校,茨城県立海洋高等学校,,茨城県立海洋高等学校,08,ひたちなか市,,prefectural,high_school,active,SRC000200,2026-10-03,2026硬式加盟校として登録。JHBF 2026年5月末公式加盟校数（SRC000099）と照合。 茨城県高野連加盟校ページ掲載校。
SCH002861,茨城県立磯原郷英高等学校,茨城県立磯原郷英高等学校,茨城県立磯原郷英高等学校,,茨城県立磯原郷英高等学校,08,北茨城市,,prefectural,high_school,active,SRC000200,2026-10-03,2026硬式加盟校として登録。JHBF 2026年5月末公式加盟校数（SRC000099）と照合。 茨城県高野連加盟校ページ掲載校。
SCH002862,茨城県立那珂湊高等学校,茨城県立那珂湊高等学校,茨城県立那珂湊高等学校,,茨城県立那珂湊高等学校,08,ひたちなか市,,prefectural,high_school,active,SRC000200,2026-10-03,2026硬式加盟校として登録。JHBF 2026年5月末公式加盟校数（SRC000099）と照合。 茨城県高野連加盟校ページ掲載校。
SCH002863,茨城県立高萩清松高等学校,茨城県立高萩清松高等学校,茨城県立高萩清松高等学校,,茨城県立高萩清松高等学校,08,高萩市,,prefectural,high_school,active,SRC000200,2026-10-03,2026硬式加盟校として登録。JHBF 2026年5月末公式加盟校数（SRC000099）と照合。 茨城県高野連加盟校ページ掲載校。
SCH002864,常磐大学高等学校,常磐大学高等学校,常磐大学高等学校,,常磐大学高等学校,08,水戸市,,private,high_school,active,SRC000200,2026-10-03,2026硬式加盟校として登録。JHBF 2026年5月末公式加盟校数（SRC000099）と照合。 茨城県高野連加盟校ページ掲載校。
SCH002865,日本ウェルネス高等学校　茨城キャンパス,日本ウェルネス高等学校　茨城キャンパス,日本ウェルネス高等学校　茨城キャンパス,,日本ウェルネス高等学校　茨城キャンパス,08,笠間市,,private,high_school,active,SRC000200,2026-10-03,2026硬式加盟校として登録。JHBF 2026年5月末公式加盟校数（SRC000099）と照合。 茨城県高野連加盟校ページ掲載校。
SCH002866,水城高等学校,水城高等学校,水城高等学校,,水城高等学校,08,水戸市,,private,high_school,active,SRC000200,2026-10-03,2026硬式加盟校として登録。JHBF 2026年5月末公式加盟校数（SRC000099）と照合。 茨城県高野連加盟校ページ掲載校。
SCH002867,水戸啓明高等学校,水戸啓明高等学校,水戸啓明高等学校,,水戸啓明高等学校,08,水戸市,,private,high_school,active,SRC000200,2026-10-03,2026硬式加盟校として登録。JHBF 2026年5月末公式加盟校数（SRC000099）と照合。 茨城県高野連加盟校ページ掲載校。
SCH002868,水戸葵陵高等学校,水戸葵陵高等学校,水戸葵陵高等学校,,水戸葵陵高等学校,08,水戸市,,private,high_school,active,SRC000200,2026-10-03,2026硬式加盟校として登録。JHBF 2026年5月末公式加盟校数（SRC000099）と照合。 茨城県高野連加盟校ページ掲載校。
SCH002869,清真学園高等学校,清真学園高等学校,清真学園高等学校,,清真学園高等学校,08,鹿嶋市,,private,high_school,active,SRC000200,2026-10-03,2026硬式加盟校として登録。JHBF 2026年5月末公式加盟校数（SRC000099）と照合。 茨城県高野連加盟校ページ掲載校。
SCH002870,茨城県立中央高等学校,茨城県立中央高等学校,茨城県立中央高等学校,,茨城県立中央高等学校,08,小美玉市,,prefectural,high_school,active,SRC000200,2026-10-03,2026硬式加盟校として登録。JHBF 2026年5月末公式加盟校数（SRC000099）と照合。 茨城県高野連加盟校ページ掲載校。
SCH002871,茨城県立水戸商業高等学校,茨城県立水戸商業高等学校,茨城県立水戸商業高等学校,,茨城県立水戸商業高等学校,08,水戸市,,prefectural,high_school,active,SRC000200,2026-10-03,2026硬式加盟校として登録。JHBF 2026年5月末公式加盟校数（SRC000099）と照合。 茨城県高野連加盟校ページ掲載校。
SCH002872,茨城県立水戸工業高等学校,茨城県立水戸工業高等学校,茨城県立水戸工業高等学校,,茨城県立水戸工業高等学校,08,水戸市,,prefectural,high_school,active,SRC000200,2026-10-03,2026硬式加盟校として登録。JHBF 2026年5月末公式加盟校数（SRC000099）と照合。 茨城県高野連加盟校ページ掲載校。
SCH002873,茨城県立水戸桜ノ牧高等学校,茨城県立水戸桜ノ牧高等学校,茨城県立水戸桜ノ牧高等学校,,茨城県立水戸桜ノ牧高等学校,08,水戸市,,prefectural,high_school,active,SRC000200,2026-10-03,2026硬式加盟校として登録。JHBF 2026年5月末公式加盟校数（SRC000099）と照合。 茨城県高野連加盟校ページ掲載校。
SCH002874,茨城県立水戸第一高等学校,茨城県立水戸第一高等学校,茨城県立水戸第一高等学校,,茨城県立水戸第一高等学校,08,水戸市,,prefectural,high_school,active,SRC000200,2026-10-03,2026硬式加盟校として登録。JHBF 2026年5月末公式加盟校数（SRC000099）と照合。 茨城県高野連加盟校ページ掲載校。
SCH002875,茨城県立水戸第三高等学校,茨城県立水戸第三高等学校,茨城県立水戸第三高等学校,,茨城県立水戸第三高等学校,08,水戸市,,prefectural,high_school,active,SRC000200,2026-10-03,2026硬式加盟校として登録。JHBF 2026年5月末公式加盟校数（SRC000099）と照合。 茨城県高野連加盟校ページ掲載校。
SCH002876,茨城県立水戸農業高等学校,茨城県立水戸農業高等学校,茨城県立水戸農業高等学校,,茨城県立水戸農業高等学校,08,那珂市,,prefectural,high_school,active,SRC000200,2026-10-03,2026硬式加盟校として登録。JHBF 2026年5月末公式加盟校数（SRC000099）と照合。 茨城県高野連加盟校ページ掲載校。
SCH002877,茨城県立波崎柳川高等学校,茨城県立波崎柳川高等学校,茨城県立波崎柳川高等学校,,茨城県立波崎柳川高等学校,08,神栖市,,prefectural,high_school,active,SRC000200,2026-10-03,2026硬式加盟校として登録。JHBF 2026年5月末公式加盟校数（SRC000099）と照合。 茨城県高野連加盟校ページ掲載校。
SCH002878,茨城県立波崎高等学校,茨城県立波崎高等学校,茨城県立波崎高等学校,,茨城県立波崎高等学校,08,神栖市,,prefectural,high_school,active,SRC000200,2026-10-03,2026硬式加盟校として登録。JHBF 2026年5月末公式加盟校数（SRC000099）と照合。 茨城県高野連加盟校ページ掲載校。
SCH002879,茨城県立玉造工業高等学校,茨城県立玉造工業高等学校,茨城県立玉造工業高等学校,,茨城県立玉造工業高等学校,08,行方市,,prefectural,high_school,active,SRC000200,2026-10-03,2026硬式加盟校として登録。JHBF 2026年5月末公式加盟校数（SRC000099）と照合。 茨城県高野連加盟校ページ掲載校。
SCH002880,茨城県立神栖高等学校,茨城県立神栖高等学校,茨城県立神栖高等学校,,茨城県立神栖高等学校,08,神栖市,,prefectural,high_school,active,SRC000200,2026-10-03,2026硬式加盟校として登録。JHBF 2026年5月末公式加盟校数（SRC000099）と照合。 茨城県高野連加盟校ページ掲載校。
SCH002881,茨城県立笠間高等学校,茨城県立笠間高等学校,茨城県立笠間高等学校,,茨城県立笠間高等学校,08,笠間市,,prefectural,high_school,active,SRC000200,2026-10-03,2026硬式加盟校として登録。JHBF 2026年5月末公式加盟校数（SRC000099）と照合。 茨城県高野連加盟校ページ掲載校。
SCH002882,茨城県立緑岡高等学校,茨城県立緑岡高等学校,茨城県立緑岡高等学校,,茨城県立緑岡高等学校,08,水戸市,,prefectural,high_school,active,SRC000200,2026-10-03,2026硬式加盟校として登録。JHBF 2026年5月末公式加盟校数（SRC000099）と照合。 茨城県高野連加盟校ページ掲載校。
SCH002883,茨城県立茨城東高等学校,茨城県立茨城東高等学校,茨城県立茨城東高等学校,,茨城県立茨城東高等学校,08,茨城町,,prefectural,high_school,active,SRC000200,2026-10-03,2026硬式加盟校として登録。JHBF 2026年5月末公式加盟校数（SRC000099）と照合。 茨城県高野連加盟校ページ掲載校。
SCH002884,茨城県立那珂高等学校,茨城県立那珂高等学校,茨城県立那珂高等学校,,茨城県立那珂高等学校,08,那珂市,,prefectural,high_school,active,SRC000200,2026-10-03,2026硬式加盟校として登録。JHBF 2026年5月末公式加盟校数（SRC000099）と照合。 茨城県高野連加盟校ページ掲載校。
SCH002885,茨城県立鉾田第一高等学校,茨城県立鉾田第一高等学校,茨城県立鉾田第一高等学校,,茨城県立鉾田第一高等学校,08,鉾田市,,prefectural,high_school,active,SRC000200,2026-10-03,2026硬式加盟校として登録。JHBF 2026年5月末公式加盟校数（SRC000099）と照合。 茨城県高野連加盟校ページ掲載校。
SCH002886,茨城県立鉾田第二高等学校,茨城県立鉾田第二高等学校,茨城県立鉾田第二高等学校,,茨城県立鉾田第二高等学校,08,鉾田市,,prefectural,high_school,active,SRC000200,2026-10-03,2026硬式加盟校として登録。JHBF 2026年5月末公式加盟校数（SRC000099）と照合。 茨城県高野連加盟校ページ掲載校。
SCH002887,茨城県立鹿島高等学校,茨城県立鹿島高等学校,茨城県立鹿島高等学校,,茨城県立鹿島高等学校,08,鹿嶋市,,prefectural,high_school,active,SRC000200,2026-10-03,2026硬式加盟校として登録。JHBF 2026年5月末公式加盟校数（SRC000099）と照合。 茨城県高野連加盟校ページ掲載校。
SCH002888,茨城高等学校,茨城高等学校,茨城高等学校,,茨城高等学校,08,水戸市,,private,high_school,active,SRC000200,2026-10-03,2026硬式加盟校として登録。JHBF 2026年5月末公式加盟校数（SRC000099）と照合。 茨城県高野連加盟校ページ掲載校。
SCH002889,鹿島学園高等学校,鹿島学園高等学校,鹿島学園高等学校,,鹿島学園高等学校,08,鹿嶋市,,private,high_school,active,SRC000200,2026-10-03,2026硬式加盟校として登録。JHBF 2026年5月末公式加盟校数（SRC000099）と照合。 茨城県高野連加盟校ページ掲載校。
SCH002890,つくば国際大学東風高等学校,つくば国際大学東風高等学校,つくば国際大学東風高等学校,,つくば国際大学東風高等学校,08,かすみがうら市,,private,high_school,active,SRC000200,2026-10-03,2026硬式加盟校として登録。JHBF 2026年5月末公式加盟校数（SRC000099）と照合。 茨城県高野連加盟校ページ掲載校。
SCH002891,つくば国際大学高等学校,つくば国際大学高等学校,つくば国際大学高等学校,,つくば国際大学高等学校,08,土浦市,,private,high_school,active,SRC000200,2026-10-03,2026硬式加盟校として登録。JHBF 2026年5月末公式加盟校数（SRC000099）と照合。 茨城県高野連加盟校ページ掲載校。
SCH002892,土浦日本大学高等学校,土浦日本大学高等学校,土浦日本大学高等学校,,土浦日本大学高等学校,08,土浦市,,private,high_school,active,SRC000200,2026-10-03,2026硬式加盟校として登録。JHBF 2026年5月末公式加盟校数（SRC000099）と照合。 茨城県高野連加盟校ページ掲載校。
SCH002893,常総学院高等学校,常総学院高等学校,常総学院高等学校,,常総学院高等学校,08,土浦市,,private,high_school,active,SRC000200,2026-10-03,2026硬式加盟校として登録。JHBF 2026年5月末公式加盟校数（SRC000099）と照合。 茨城県高野連加盟校ページ掲載校。
SCH002894,東洋大学附属牛久高等学校,東洋大学附属牛久高等学校,東洋大学附属牛久高等学校,,東洋大学附属牛久高等学校,08,牛久市,,private,high_school,active,SRC000200,2026-10-03,2026硬式加盟校として登録。JHBF 2026年5月末公式加盟校数（SRC000099）と照合。 茨城県高野連加盟校ページ掲載校。
SCH002895,江戸川学園取手高等学校,江戸川学園取手高等学校,江戸川学園取手高等学校,,江戸川学園取手高等学校,08,取手市,,private,high_school,active,SRC000200,2026-10-03,2026硬式加盟校として登録。JHBF 2026年5月末公式加盟校数（SRC000099）と照合。 茨城県高野連加盟校ページ掲載校。
SCH002896,茨城県立取手松陽高等学校,茨城県立取手松陽高等学校,茨城県立取手松陽高等学校,,茨城県立取手松陽高等学校,08,取手市,,prefectural,high_school,active,SRC000200,2026-10-03,2026硬式加盟校として登録。JHBF 2026年5月末公式加盟校数（SRC000099）と照合。 茨城県高野連加盟校ページ掲載校。
SCH002897,茨城県立取手第一高等学校,茨城県立取手第一高等学校,茨城県立取手第一高等学校,,茨城県立取手第一高等学校,08,取手市,,prefectural,high_school,active,SRC000200,2026-10-03,2026硬式加盟校として登録。JHBF 2026年5月末公式加盟校数（SRC000099）と照合。 茨城県高野連加盟校ページ掲載校。
SCH002898,茨城県立取手第二高等学校,茨城県立取手第二高等学校,茨城県立取手第二高等学校,,茨城県立取手第二高等学校,08,取手市,,prefectural,high_school,active,SRC000200,2026-10-03,2026硬式加盟校として登録。JHBF 2026年5月末公式加盟校数（SRC000099）と照合。 茨城県高野連加盟校ページ掲載校。
SCH002899,茨城県立土浦工業高等学校,茨城県立土浦工業高等学校,茨城県立土浦工業高等学校,,茨城県立土浦工業高等学校,08,土浦市,,prefectural,high_school,active,SRC000200,2026-10-03,2026硬式加盟校として登録。JHBF 2026年5月末公式加盟校数（SRC000099）と照合。 茨城県高野連加盟校ページ掲載校。
SCH002900,茨城県立土浦湖北高等学校,茨城県立土浦湖北高等学校,茨城県立土浦湖北高等学校,,茨城県立土浦湖北高等学校,08,土浦市,,prefectural,high_school,active,SRC000200,2026-10-03,2026硬式加盟校として登録。JHBF 2026年5月末公式加盟校数（SRC000099）と照合。 茨城県高野連加盟校ページ掲載校。
SCH002901,茨城県立土浦第一高等学校,茨城県立土浦第一高等学校,茨城県立土浦第一高等学校,,茨城県立土浦第一高等学校,08,土浦市,,prefectural,high_school,active,SRC000200,2026-10-03,2026硬式加盟校として登録。JHBF 2026年5月末公式加盟校数（SRC000099）と照合。 茨城県高野連加盟校ページ掲載校。
SCH002902,茨城県立土浦第三高等学校,茨城県立土浦第三高等学校,茨城県立土浦第三高等学校,,茨城県立土浦第三高等学校,08,土浦市,,prefectural,high_school,active,SRC000200,2026-10-03,2026硬式加盟校として登録。JHBF 2026年5月末公式加盟校数（SRC000099）と照合。 茨城県高野連加盟校ページ掲載校。
SCH002903,茨城県立土浦第二高等学校,茨城県立土浦第二高等学校,茨城県立土浦第二高等学校,,茨城県立土浦第二高等学校,08,土浦市,,prefectural,high_school,active,SRC000200,2026-10-03,2026硬式加盟校として登録。JHBF 2026年5月末公式加盟校数（SRC000099）と照合。 茨城県高野連加盟校ページ掲載校。
SCH002904,茨城県立江戸崎総合高等学校,茨城県立江戸崎総合高等学校,茨城県立江戸崎総合高等学校,,茨城県立江戸崎総合高等学校,08,稲敷市,,prefectural,high_school,active,SRC000200,2026-10-03,2026硬式加盟校として登録。JHBF 2026年5月末公式加盟校数（SRC000099）と照合。 茨城県高野連加盟校ページ掲載校。
SCH002905,茨城県立牛久栄進高等学校,茨城県立牛久栄進高等学校,茨城県立牛久栄進高等学校,,茨城県立牛久栄進高等学校,08,牛久市,,prefectural,high_school,active,SRC000200,2026-10-03,2026硬式加盟校として登録。JHBF 2026年5月末公式加盟校数（SRC000099）と照合。 茨城県高野連加盟校ページ掲載校。
SCH002906,茨城県立牛久高等学校,茨城県立牛久高等学校,茨城県立牛久高等学校,,茨城県立牛久高等学校,08,牛久市,,prefectural,high_school,active,SRC000200,2026-10-03,2026硬式加盟校として登録。JHBF 2026年5月末公式加盟校数（SRC000099）と照合。 茨城県高野連加盟校ページ掲載校。
SCH002907,茨城県立石岡商業高等学校,茨城県立石岡商業高等学校,茨城県立石岡商業高等学校,,茨城県立石岡商業高等学校,08,石岡市,,prefectural,high_school,active,SRC000200,2026-10-03,2026硬式加盟校として登録。JHBF 2026年5月末公式加盟校数（SRC000099）と照合。 茨城県高野連加盟校ページ掲載校。
SCH002908,茨城県立石岡第一高等学校,茨城県立石岡第一高等学校,茨城県立石岡第一高等学校,,茨城県立石岡第一高等学校,08,石岡市,,prefectural,high_school,active,SRC000200,2026-10-03,2026硬式加盟校として登録。JHBF 2026年5月末公式加盟校数（SRC000099）と照合。 茨城県高野連加盟校ページ掲載校。
SCH002909,茨城県立竜ヶ崎南高等学校,茨城県立竜ヶ崎南高等学校,茨城県立竜ヶ崎南高等学校,,茨城県立竜ヶ崎南高等学校,08,龍ケ崎市,,prefectural,high_school,active,SRC000200,2026-10-03,2026硬式加盟校として登録。JHBF 2026年5月末公式加盟校数（SRC000099）と照合。 茨城県高野連加盟校ページ掲載校。
SCH002910,茨城県立竜ヶ崎第一高等学校,茨城県立竜ヶ崎第一高等学校,茨城県立竜ヶ崎第一高等学校,,茨城県立竜ヶ崎第一高等学校,08,龍ケ崎市,,prefectural,high_school,active,SRC000200,2026-10-03,2026硬式加盟校として登録。JHBF 2026年5月末公式加盟校数（SRC000099）と照合。 茨城県高野連加盟校ページ掲載校。
SCH002911,茨城県立藤代紫水高等学校,茨城県立藤代紫水高等学校,茨城県立藤代紫水高等学校,,茨城県立藤代紫水高等学校,08,取手市,,prefectural,high_school,active,SRC000200,2026-10-03,2026硬式加盟校として登録。JHBF 2026年5月末公式加盟校数（SRC000099）と照合。 茨城県高野連加盟校ページ掲載校。
SCH002912,茨城県立藤代高等学校,茨城県立藤代高等学校,茨城県立藤代高等学校,,茨城県立藤代高等学校,08,取手市,,prefectural,high_school,active,SRC000200,2026-10-03,2026硬式加盟校として登録。JHBF 2026年5月末公式加盟校数（SRC000099）と照合。 茨城県高野連加盟校ページ掲載校。
SCH002913,茨城県立麻生高等学校,茨城県立麻生高等学校,茨城県立麻生高等学校,,茨城県立麻生高等学校,08,行方市,,prefectural,high_school,active,SRC000200,2026-10-03,2026硬式加盟校として登録。JHBF 2026年5月末公式加盟校数（SRC000099）と照合。 茨城県高野連加盟校ページ掲載校。
SCH002914,霞ヶ浦高等学校,霞ヶ浦高等学校,霞ヶ浦高等学校,,霞ヶ浦高等学校,08,阿見町,,private,high_school,active,SRC000200,2026-10-03,2026硬式加盟校として登録。JHBF 2026年5月末公式加盟校数（SRC000099）と照合。 茨城県高野連加盟校ページ掲載校。
SCH002915,わせがくPURE高等学校,わせがくPURE高等学校,わせがくPURE高等学校,,わせがくPURE高等学校,08,常総市,,private,high_school,active,SRC000200,2026-10-03,2026硬式加盟校として登録。JHBF 2026年5月末公式加盟校数（SRC000099）と照合。 茨城県高野連加盟校ページ掲載校。
SCH002916,四谷学院高等学校,四谷学院高等学校,四谷学院高等学校,,四谷学院高等学校,08,筑西市,,private,high_school,active,SRC000200,2026-10-03,2026硬式加盟校として登録。JHBF 2026年5月末公式加盟校数（SRC000099）と照合。 茨城県高野連加盟校ページ掲載校。
SCH002917,岩瀬日本大学高等学校,岩瀬日本大学高等学校,岩瀬日本大学高等学校,,岩瀬日本大学高等学校,08,桜川市,,private,high_school,active,SRC000200,2026-10-03,2026硬式加盟校として登録。JHBF 2026年5月末公式加盟校数（SRC000099）と照合。 茨城県高野連加盟校ページ掲載校。
SCH002918,つくば秀英高等学校,つくば秀英高等学校,つくば秀英高等学校,,つくば秀英高等学校,08,つくば市,,private,high_school,active,SRC000200,2026-10-03,2026硬式加盟校として登録。JHBF 2026年5月末公式加盟校数（SRC000099）と照合。 茨城県高野連加盟校ページ掲載校。
SCH002919,茨城県立三和高等学校,茨城県立三和高等学校,茨城県立三和高等学校,,茨城県立三和高等学校,08,古河市,,prefectural,high_school,active,SRC000200,2026-10-03,2026硬式加盟校として登録。JHBF 2026年5月末公式加盟校数（SRC000099）と照合。 茨城県高野連加盟校ページ掲載校。
SCH002920,茨城県立下妻第一高等学校,茨城県立下妻第一高等学校,茨城県立下妻第一高等学校,,茨城県立下妻第一高等学校,08,下妻市,,prefectural,high_school,active,SRC000200,2026-10-03,2026硬式加盟校として登録。JHBF 2026年5月末公式加盟校数（SRC000099）と照合。 茨城県高野連加盟校ページ掲載校。
SCH002921,茨城県立下妻第二高等学校,茨城県立下妻第二高等学校,茨城県立下妻第二高等学校,,茨城県立下妻第二高等学校,08,下妻市,,prefectural,high_school,active,SRC000200,2026-10-03,2026硬式加盟校として登録。JHBF 2026年5月末公式加盟校数（SRC000099）と照合。 茨城県高野連加盟校ページ掲載校。
SCH002922,茨城県立下館工業高等学校,茨城県立下館工業高等学校,茨城県立下館工業高等学校,,茨城県立下館工業高等学校,08,筑西市,,prefectural,high_school,active,SRC000200,2026-10-03,2026硬式加盟校として登録。JHBF 2026年5月末公式加盟校数（SRC000099）と照合。 茨城県高野連加盟校ページ掲載校。
SCH002923,茨城県立下館第一高等学校,茨城県立下館第一高等学校,茨城県立下館第一高等学校,,茨城県立下館第一高等学校,08,筑西市,,prefectural,high_school,active,SRC000200,2026-10-03,2026硬式加盟校として登録。JHBF 2026年5月末公式加盟校数（SRC000099）と照合。 茨城県高野連加盟校ページ掲載校。
SCH002924,茨城県立伊奈高等学校,茨城県立伊奈高等学校,茨城県立伊奈高等学校,,茨城県立伊奈高等学校,08,つくばみらい市,,prefectural,high_school,active,SRC000200,2026-10-03,2026硬式加盟校として登録。JHBF 2026年5月末公式加盟校数（SRC000099）と照合。 茨城県高野連加盟校ページ掲載校。
SCH002925,茨城県立八千代高等学校,茨城県立八千代高等学校,茨城県立八千代高等学校,,茨城県立八千代高等学校,08,八千代町,,prefectural,high_school,active,SRC000200,2026-10-03,2026硬式加盟校として登録。JHBF 2026年5月末公式加盟校数（SRC000099）と照合。 茨城県高野連加盟校ページ掲載校。
SCH002926,茨城県立古河第一高等学校,茨城県立古河第一高等学校,茨城県立古河第一高等学校,,茨城県立古河第一高等学校,08,古河市,,prefectural,high_school,active,SRC000200,2026-10-03,2026硬式加盟校として登録。JHBF 2026年5月末公式加盟校数（SRC000099）と照合。 茨城県高野連加盟校ページ掲載校。
SCH002927,茨城県立古河第三高等学校,茨城県立古河第三高等学校,茨城県立古河第三高等学校,,茨城県立古河第三高等学校,08,古河市,,prefectural,high_school,active,SRC000200,2026-10-03,2026硬式加盟校として登録。JHBF 2026年5月末公式加盟校数（SRC000099）と照合。 茨城県高野連加盟校ページ掲載校。
SCH002928,茨城県立古河第二高等学校,茨城県立古河第二高等学校,茨城県立古河第二高等学校,,茨城県立古河第二高等学校,08,古河市,,prefectural,high_school,active,SRC000200,2026-10-03,2026硬式加盟校として登録。JHBF 2026年5月末公式加盟校数（SRC000099）と照合。 茨城県高野連加盟校ページ掲載校。
SCH002929,茨城県立坂東清風高等学校,茨城県立坂東清風高等学校,茨城県立坂東清風高等学校,,茨城県立坂東清風高等学校,08,坂東市,,prefectural,high_school,active,SRC000200,2026-10-03,2026硬式加盟校として登録。JHBF 2026年5月末公式加盟校数（SRC000099）と照合。 茨城県高野連加盟校ページ掲載校。
SCH002930,茨城県立境高等学校,茨城県立境高等学校,茨城県立境高等学校,,茨城県立境高等学校,08,境町,,prefectural,high_school,active,SRC000200,2026-10-03,2026硬式加盟校として登録。JHBF 2026年5月末公式加盟校数（SRC000099）と照合。 茨城県高野連加盟校ページ掲載校。
SCH002931,茨城県立守谷高等学校,茨城県立守谷高等学校,茨城県立守谷高等学校,,茨城県立守谷高等学校,08,守谷市,,prefectural,high_school,active,SRC000200,2026-10-03,2026硬式加盟校として登録。JHBF 2026年5月末公式加盟校数（SRC000099）と照合。 茨城県高野連加盟校ページ掲載校。
SCH002932,茨城県立岩瀬高等学校,茨城県立岩瀬高等学校,茨城県立岩瀬高等学校,,茨城県立岩瀬高等学校,08,桜川市,,prefectural,high_school,active,SRC000200,2026-10-03,2026硬式加盟校として登録。JHBF 2026年5月末公式加盟校数（SRC000099）と照合。 茨城県高野連加盟校ページ掲載校。
SCH002933,茨城県立明野高等学校,茨城県立明野高等学校,茨城県立明野高等学校,,茨城県立明野高等学校,08,筑西市,,prefectural,high_school,active,SRC000200,2026-10-03,2026硬式加盟校として登録。JHBF 2026年5月末公式加盟校数（SRC000099）と照合。 茨城県高野連加盟校ページ掲載校。
SCH002934,茨城県立水海道第一高等学校,茨城県立水海道第一高等学校,茨城県立水海道第一高等学校,,茨城県立水海道第一高等学校,08,常総市,,prefectural,high_school,active,SRC000200,2026-10-03,2026硬式加盟校として登録。JHBF 2026年5月末公式加盟校数（SRC000099）と照合。 茨城県高野連加盟校ページ掲載校。
SCH002935,茨城県立水海道第二高等学校,茨城県立水海道第二高等学校,茨城県立水海道第二高等学校,,茨城県立水海道第二高等学校,08,常総市,,prefectural,high_school,active,SRC000200,2026-10-03,2026硬式加盟校として登録。JHBF 2026年5月末公式加盟校数（SRC000099）と照合。 茨城県高野連加盟校ページ掲載校。
SCH002936,茨城県立真壁高等学校,茨城県立真壁高等学校,茨城県立真壁高等学校,,茨城県立真壁高等学校,08,桜川市,,prefectural,high_school,active,SRC000200,2026-10-03,2026硬式加盟校として登録。JHBF 2026年5月末公式加盟校数（SRC000099）と照合。 茨城県高野連加盟校ページ掲載校。
SCH002937,茨城県立石下紫峰高等学校,茨城県立石下紫峰高等学校,茨城県立石下紫峰高等学校,,茨城県立石下紫峰高等学校,08,常総市,,prefectural,high_school,active,SRC000200,2026-10-03,2026硬式加盟校として登録。JHBF 2026年5月末公式加盟校数（SRC000099）と照合。 茨城県高野連加盟校ページ掲載校。
SCH002938,茨城県立結城第一高等学校,茨城県立結城第一高等学校,茨城県立結城第一高等学校,,茨城県立結城第一高等学校,08,結城市,,prefectural,high_school,active,SRC000200,2026-10-03,2026硬式加盟校として登録。JHBF 2026年5月末公式加盟校数（SRC000099）と照合。 茨城県高野連加盟校ページ掲載校。
SCH002939,茨城県立総和工業高等学校,茨城県立総和工業高等学校,茨城県立総和工業高等学校,,茨城県立総和工業高等学校,08,古河市,,prefectural,high_school,active,SRC000200,2026-10-03,2026硬式加盟校として登録。JHBF 2026年5月末公式加盟校数（SRC000099）と照合。 茨城県高野連加盟校ページ掲載校。
SCH002940,茨城県立つくばサイエンス高等学校,茨城県立つくばサイエンス高等学校,茨城県立つくばサイエンス高等学校,,茨城県立つくばサイエンス高等学校,08,つくば市,,prefectural,high_school,active,SRC000200,2026-10-03,2026硬式加盟校として登録。JHBF 2026年5月末公式加盟校数（SRC000099）と照合。 茨城県高野連加盟校ページ掲載校。
SCH002941,茨城県立鬼怒商業高等学校,茨城県立鬼怒商業高等学校,茨城県立鬼怒商業高等学校,,茨城県立鬼怒商業高等学校,08,結城市,,prefectural,high_school,active,SRC000200,2026-10-03,2026硬式加盟校として登録。JHBF 2026年5月末公式加盟校数（SRC000099）と照合。 茨城県高野連加盟校ページ掲載校。
SCH002942,茨城県立茎崎高等学校,茨城県立茎崎高等学校,茨城県立茎崎高等学校,,茨城県立茎崎高等学校,08,つくば市,,prefectural,high_school,active,SRC000202,2026-10-03,2026硬式加盟校として登録。JHBF 2026年5月末公式加盟校数（SRC000099）と照合。 加盟校ページ99校に未掲載だが、2026夏7校連合で出場。100校目として補完。
SCH002943,健大高崎,高崎健康福祉大学高崎高等学校,高崎健康福祉大学高崎高等学校,,高崎健康福祉大学高崎高等学校,10,高崎市,,private,high_school,active,SRC000203,2026-10-03,2026硬式加盟校として登録。JHBF 2026年5月末公式加盟校数（SRC000099）と照合。 2026夏大会参加校を学校単位へ展開。
SCH002944,伊勢崎工,群馬県立伊勢崎工業高等学校,群馬県立伊勢崎工業高等学校,,群馬県立伊勢崎工業高等学校,10,伊勢崎市,,prefectural,high_school,active,SRC000203,2026-10-03,2026硬式加盟校として登録。JHBF 2026年5月末公式加盟校数（SRC000099）と照合。 2026夏大会参加校を学校単位へ展開。
SCH002945,渋川工,群馬県立渋川工業高等学校,群馬県立渋川工業高等学校,,群馬県立渋川工業高等学校,10,渋川市,,prefectural,high_school,active,SRC000203,2026-10-03,2026硬式加盟校として登録。JHBF 2026年5月末公式加盟校数（SRC000099）と照合。 2026夏大会参加校を学校単位へ展開。
SCH002946,尾瀬,群馬県立尾瀬高等学校,群馬県立尾瀬高等学校,,群馬県立尾瀬高等学校,10,沼田市,,prefectural,high_school,active,SRC000203,2026-10-03,2026硬式加盟校として登録。JHBF 2026年5月末公式加盟校数（SRC000099）と照合。 2026夏大会参加校を学校単位へ展開。
SCH002947,伊勢崎,群馬県立伊勢崎高等学校,群馬県立伊勢崎高等学校,,群馬県立伊勢崎高等学校,10,伊勢崎市,,prefectural,high_school,active,SRC000203,2026-10-03,2026硬式加盟校として登録。JHBF 2026年5月末公式加盟校数（SRC000099）と照合。 2026夏大会参加校を学校単位へ展開。
SCH002948,前橋南,群馬県立前橋南高等学校,群馬県立前橋南高等学校,,群馬県立前橋南高等学校,10,前橋市,,prefectural,high_school,active,SRC000203,2026-10-03,2026硬式加盟校として登録。JHBF 2026年5月末公式加盟校数（SRC000099）と照合。 2026夏大会参加校を学校単位へ展開。
SCH002949,四ツ葉学園中等,伊勢崎市立四ツ葉学園中等教育学校,伊勢崎市立四ツ葉学園中等教育学校,,伊勢崎市立四ツ葉学園中等教育学校,10,伊勢崎市,,municipal,secondary_school,active,SRC000203,2026-10-03,2026硬式加盟校として登録。JHBF 2026年5月末公式加盟校数（SRC000099）と照合。 2026夏大会参加校を学校単位へ展開。
SCH002950,前橋,群馬県立前橋高等学校,群馬県立前橋高等学校,,群馬県立前橋高等学校,10,前橋市,,prefectural,high_school,active,SRC000203,2026-10-03,2026硬式加盟校として登録。JHBF 2026年5月末公式加盟校数（SRC000099）と照合。 2026夏大会参加校を学校単位へ展開。
SCH002951,東農大二,東京農業大学第二高等学校,東京農業大学第二高等学校,,東京農業大学第二高等学校,10,高崎市,,private,high_school,active,SRC000203,2026-10-03,2026硬式加盟校として登録。JHBF 2026年5月末公式加盟校数（SRC000099）と照合。 2026夏大会参加校を学校単位へ展開。
SCH002952,伊勢崎清明,群馬県立伊勢崎清明高等学校,群馬県立伊勢崎清明高等学校,,群馬県立伊勢崎清明高等学校,10,伊勢崎市,,prefectural,high_school,active,SRC000203,2026-10-03,2026硬式加盟校として登録。JHBF 2026年5月末公式加盟校数（SRC000099）と照合。 2026夏大会参加校を学校単位へ展開。
SCH002953,吾妻中央,群馬県立吾妻中央高等学校,群馬県立吾妻中央高等学校,,群馬県立吾妻中央高等学校,10,中之条町,,prefectural,high_school,active,SRC000203,2026-10-03,2026硬式加盟校として登録。JHBF 2026年5月末公式加盟校数（SRC000099）と照合。 2026夏大会参加校を学校単位へ展開。
SCH002954,利根実,群馬県立利根実業高等学校,群馬県立利根実業高等学校,,群馬県立利根実業高等学校,10,沼田市,,prefectural,high_school,active,SRC000203,2026-10-03,2026硬式加盟校として登録。JHBF 2026年5月末公式加盟校数（SRC000099）と照合。 2026夏大会参加校を学校単位へ展開。
SCH002955,群馬高専,群馬工業高等専門学校,群馬工業高等専門学校,,群馬工業高等専門学校,10,前橋市,,national,technical_college,active,SRC000203,2026-10-03,2026硬式加盟校として登録。JHBF 2026年5月末公式加盟校数（SRC000099）と照合。 2026夏大会参加校を学校単位へ展開。
SCH002956,大間々,群馬県立大間々高等学校,群馬県立大間々高等学校,,群馬県立大間々高等学校,10,みどり市,,prefectural,high_school,active,SRC000203,2026-10-03,2026硬式加盟校として登録。JHBF 2026年5月末公式加盟校数（SRC000099）と照合。 2026夏大会参加校を学校単位へ展開。
SCH002957,前橋工,群馬県立前橋工業高等学校,群馬県立前橋工業高等学校,,群馬県立前橋工業高等学校,10,前橋市,,prefectural,high_school,active,SRC000203,2026-10-03,2026硬式加盟校として登録。JHBF 2026年5月末公式加盟校数（SRC000099）と照合。 2026夏大会参加校を学校単位へ展開。
SCH002958,高崎商大付,高崎商科大学附属高等学校,高崎商科大学附属高等学校,,高崎商科大学附属高等学校,10,高崎市,,private,high_school,active,SRC000203,2026-10-03,2026硬式加盟校として登録。JHBF 2026年5月末公式加盟校数（SRC000099）と照合。 2026夏大会参加校を学校単位へ展開。
SCH002959,大泉,群馬県立大泉高等学校,群馬県立大泉高等学校,,群馬県立大泉高等学校,10,大泉町,,prefectural,high_school,active,SRC000203,2026-10-03,2026硬式加盟校として登録。JHBF 2026年5月末公式加盟校数（SRC000099）と照合。 2026夏大会参加校を学校単位へ展開。
SCH002960,前橋育英,前橋育英高等学校,前橋育英高等学校,,前橋育英高等学校,10,前橋市,,private,high_school,active,SRC000203,2026-10-03,2026硬式加盟校として登録。JHBF 2026年5月末公式加盟校数（SRC000099）と照合。 2026夏大会参加校を学校単位へ展開。
SCH002961,市立太田,太田市立太田高等学校,太田市立太田高等学校,,太田市立太田高等学校,10,太田市,,municipal,high_school,active,SRC000203,2026-10-03,2026硬式加盟校として登録。JHBF 2026年5月末公式加盟校数（SRC000099）と照合。 2026夏大会参加校を学校単位へ展開。
SCH002962,高崎北,群馬県立高崎北高等学校,群馬県立高崎北高等学校,,群馬県立高崎北高等学校,10,高崎市,,prefectural,high_school,active,SRC000203,2026-10-03,2026硬式加盟校として登録。JHBF 2026年5月末公式加盟校数（SRC000099）と照合。 2026夏大会参加校を学校単位へ展開。
SCH002963,伊勢崎興陽,群馬県立伊勢崎興陽高等学校,群馬県立伊勢崎興陽高等学校,,群馬県立伊勢崎興陽高等学校,10,伊勢崎市,,prefectural,high_school,active,SRC000203,2026-10-03,2026硬式加盟校として登録。JHBF 2026年5月末公式加盟校数（SRC000099）と照合。 2026夏大会参加校を学校単位へ展開。
SCH002964,桐生市商,桐生市立商業高等学校,桐生市立商業高等学校,,桐生市立商業高等学校,10,桐生市,,municipal,high_school,active,SRC000203,2026-10-03,2026硬式加盟校として登録。JHBF 2026年5月末公式加盟校数（SRC000099）と照合。 2026夏大会参加校を学校単位へ展開。
SCH002965,常磐,常磐高等学校,常磐高等学校,,常磐高等学校,10,太田市,,private,high_school,active,SRC000203,2026-10-03,2026硬式加盟校として登録。JHBF 2026年5月末公式加盟校数（SRC000099）と照合。 2026夏大会参加校を学校単位へ展開。
SCH002966,桐生工,群馬県立桐生工業高等学校,群馬県立桐生工業高等学校,,群馬県立桐生工業高等学校,10,桐生市,,prefectural,high_school,active,SRC000203,2026-10-03,2026硬式加盟校として登録。JHBF 2026年5月末公式加盟校数（SRC000099）と照合。 2026夏大会参加校を学校単位へ展開。
SCH002967,伊勢崎商,群馬県立伊勢崎商業高等学校,群馬県立伊勢崎商業高等学校,,群馬県立伊勢崎商業高等学校,10,伊勢崎市,,prefectural,high_school,active,SRC000203,2026-10-03,2026硬式加盟校として登録。JHBF 2026年5月末公式加盟校数（SRC000099）と照合。 2026夏大会参加校を学校単位へ展開。
SCH002968,高崎商,群馬県立高崎商業高等学校,群馬県立高崎商業高等学校,,群馬県立高崎商業高等学校,10,高崎市,,prefectural,high_school,active,SRC000203,2026-10-03,2026硬式加盟校として登録。JHBF 2026年5月末公式加盟校数（SRC000099）と照合。 2026夏大会参加校を学校単位へ展開。
SCH002969,市立前橋,前橋市立前橋高等学校,前橋市立前橋高等学校,,前橋市立前橋高等学校,10,前橋市,,municipal,high_school,active,SRC000203,2026-10-03,2026硬式加盟校として登録。JHBF 2026年5月末公式加盟校数（SRC000099）と照合。 2026夏大会参加校を学校単位へ展開。
SCH002970,桐生,群馬県立桐生高等学校,群馬県立桐生高等学校,,群馬県立桐生高等学校,10,桐生市,,prefectural,high_school,active,SRC000203,2026-10-03,2026硬式加盟校として登録。JHBF 2026年5月末公式加盟校数（SRC000099）と照合。 2026夏大会参加校を学校単位へ展開。
SCH002971,高崎工,群馬県立高崎工業高等学校,群馬県立高崎工業高等学校,,群馬県立高崎工業高等学校,10,高崎市,,prefectural,high_school,active,SRC000203,2026-10-03,2026硬式加盟校として登録。JHBF 2026年5月末公式加盟校数（SRC000099）と照合。 2026夏大会参加校を学校単位へ展開。
SCH002972,前橋商,群馬県立前橋商業高等学校,群馬県立前橋商業高等学校,,群馬県立前橋商業高等学校,10,前橋市,,prefectural,high_school,active,SRC000203,2026-10-03,2026硬式加盟校として登録。JHBF 2026年5月末公式加盟校数（SRC000099）と照合。 2026夏大会参加校を学校単位へ展開。
SCH002973,沼田,群馬県立沼田高等学校,群馬県立沼田高等学校,,群馬県立沼田高等学校,10,沼田市,,prefectural,high_school,active,SRC000203,2026-10-03,2026硬式加盟校として登録。JHBF 2026年5月末公式加盟校数（SRC000099）と照合。 2026夏大会参加校を学校単位へ展開。
SCH002974,勢多農林,群馬県立勢多農林高等学校,群馬県立勢多農林高等学校,,群馬県立勢多農林高等学校,10,前橋市,,prefectural,high_school,active,SRC000203,2026-10-03,2026硬式加盟校として登録。JHBF 2026年5月末公式加盟校数（SRC000099）と照合。 2026夏大会参加校を学校単位へ展開。
SCH002975,松井田,群馬県立松井田高等学校,群馬県立松井田高等学校,,群馬県立松井田高等学校,10,安中市,,prefectural,high_school,active,SRC000203,2026-10-03,2026硬式加盟校として登録。JHBF 2026年5月末公式加盟校数（SRC000099）と照合。 2026夏大会参加校を学校単位へ展開。
SCH002976,渋川青翠,群馬県立渋川青翠高等学校,群馬県立渋川青翠高等学校,,群馬県立渋川青翠高等学校,10,渋川市,,prefectural,high_school,active,SRC000203,2026-10-03,2026硬式加盟校として登録。JHBF 2026年5月末公式加盟校数（SRC000099）と照合。 2026夏大会参加校を学校単位へ展開。
SCH002977,館林商工,群馬県立館林商工高等学校,群馬県立館林商工高等学校,,群馬県立館林商工高等学校,10,明和町,,prefectural,high_school,active,SRC000203,2026-10-03,2026硬式加盟校として登録。JHBF 2026年5月末公式加盟校数（SRC000099）と照合。 2026夏大会参加校を学校単位へ展開。
SCH002978,西邑楽,群馬県立西邑楽高等学校,群馬県立西邑楽高等学校,,群馬県立西邑楽高等学校,10,大泉町,,prefectural,high_school,active,SRC000203,2026-10-03,2026硬式加盟校として登録。JHBF 2026年5月末公式加盟校数（SRC000099）と照合。 2026夏大会参加校を学校単位へ展開。
SCH002979,利根商,群馬県立利根商業高等学校,群馬県立利根商業高等学校,,群馬県立利根商業高等学校,10,みなかみ町,,prefectural,high_school,active,SRC000203,2026-10-03,2026硬式加盟校として登録。JHBF 2026年5月末公式加盟校数（SRC000099）と照合。 2026夏大会参加校を学校単位へ展開。
SCH002980,太田工,群馬県立太田工業高等学校,群馬県立太田工業高等学校,,群馬県立太田工業高等学校,10,太田市,,prefectural,high_school,active,SRC000203,2026-10-03,2026硬式加盟校として登録。JHBF 2026年5月末公式加盟校数（SRC000099）と照合。 2026夏大会参加校を学校単位へ展開。
SCH002981,高崎経大付,高崎市立高崎経済大学附属高等学校,高崎市立高崎経済大学附属高等学校,,高崎市立高崎経済大学附属高等学校,10,高崎市,,municipal,high_school,active,SRC000203,2026-10-03,2026硬式加盟校として登録。JHBF 2026年5月末公式加盟校数（SRC000099）と照合。 2026夏大会参加校を学校単位へ展開。
SCH002982,富岡,群馬県立富岡高等学校,群馬県立富岡高等学校,,群馬県立富岡高等学校,10,富岡市,,prefectural,high_school,active,SRC000203,2026-10-03,2026硬式加盟校として登録。JHBF 2026年5月末公式加盟校数（SRC000099）と照合。 2026夏大会参加校を学校単位へ展開。
SCH002983,前橋東,群馬県立前橋東高等学校,群馬県立前橋東高等学校,,群馬県立前橋東高等学校,10,前橋市,,prefectural,high_school,active,SRC000203,2026-10-03,2026硬式加盟校として登録。JHBF 2026年5月末公式加盟校数（SRC000099）と照合。 2026夏大会参加校を学校単位へ展開。
SCH002984,高崎東,群馬県立高崎東高等学校,群馬県立高崎東高等学校,,群馬県立高崎東高等学校,10,高崎市,,prefectural,high_school,active,SRC000203,2026-10-03,2026硬式加盟校として登録。JHBF 2026年5月末公式加盟校数（SRC000099）と照合。 2026夏大会参加校を学校単位へ展開。
SCH002985,明和県央,明和県央高等学校,明和県央高等学校,,明和県央高等学校,10,高崎市,,private,high_school,active,SRC000203,2026-10-03,2026硬式加盟校として登録。JHBF 2026年5月末公式加盟校数（SRC000099）と照合。 2026夏大会参加校を学校単位へ展開。
SCH002986,藤岡北,群馬県立藤岡北高等学校,群馬県立藤岡北高等学校,,群馬県立藤岡北高等学校,10,藤岡市,,prefectural,high_school,active,SRC000203,2026-10-03,2026硬式加盟校として登録。JHBF 2026年5月末公式加盟校数（SRC000099）と照合。 2026夏大会参加校を学校単位へ展開。
SCH002987,桐生第一,桐生第一高等学校,桐生第一高等学校,,桐生第一高等学校,10,桐生市,,private,high_school,active,SRC000203,2026-10-03,2026硬式加盟校として登録。JHBF 2026年5月末公式加盟校数（SRC000099）と照合。 2026夏大会参加校を学校単位へ展開。
SCH002988,高崎,群馬県立高崎高等学校,群馬県立高崎高等学校,,群馬県立高崎高等学校,10,高崎市,,prefectural,high_school,active,SRC000203,2026-10-03,2026硬式加盟校として登録。JHBF 2026年5月末公式加盟校数（SRC000099）と照合。 2026夏大会参加校を学校単位へ展開。
SCH002989,前橋西,群馬県立前橋西高等学校,群馬県立前橋西高等学校,,群馬県立前橋西高等学校,10,前橋市,,prefectural,high_school,active,SRC000203,2026-10-03,2026硬式加盟校として登録。JHBF 2026年5月末公式加盟校数（SRC000099）と照合。 2026夏大会参加校を学校単位へ展開。
SCH002990,玉村,群馬県立玉村高等学校,群馬県立玉村高等学校,,群馬県立玉村高等学校,10,玉村町,,prefectural,high_school,active,SRC000203,2026-10-03,2026硬式加盟校として登録。JHBF 2026年5月末公式加盟校数（SRC000099）と照合。 2026夏大会参加校を学校単位へ展開。
SCH002991,榛名,群馬県立榛名高等学校,群馬県立榛名高等学校,,群馬県立榛名高等学校,10,高崎市,,prefectural,high_school,active,SRC000203,2026-10-03,2026硬式加盟校として登録。JHBF 2026年5月末公式加盟校数（SRC000099）と照合。 2026夏大会参加校を学校単位へ展開。
SCH002992,下仁田,群馬県立下仁田高等学校,群馬県立下仁田高等学校,,群馬県立下仁田高等学校,10,下仁田町,,prefectural,high_school,active,SRC000203,2026-10-03,2026硬式加盟校として登録。JHBF 2026年5月末公式加盟校数（SRC000099）と照合。 2026夏大会参加校を学校単位へ展開。
SCH002993,藤岡工,群馬県立藤岡工業高等学校,群馬県立藤岡工業高等学校,,群馬県立藤岡工業高等学校,10,藤岡市,,prefectural,high_school,active,SRC000203,2026-10-03,2026硬式加盟校として登録。JHBF 2026年5月末公式加盟校数（SRC000099）と照合。 2026夏大会参加校を学校単位へ展開。
SCH002994,吉井,群馬県立吉井高等学校,群馬県立吉井高等学校,,群馬県立吉井高等学校,10,高崎市,,prefectural,high_school,active,SRC000203,2026-10-03,2026硬式加盟校として登録。JHBF 2026年5月末公式加盟校数（SRC000099）と照合。 2026夏大会参加校を学校単位へ展開。
SCH002995,長野原,群馬県立長野原高等学校,群馬県立長野原高等学校,,群馬県立長野原高等学校,10,長野原町,,prefectural,high_school,active,SRC000203,2026-10-03,2026硬式加盟校として登録。JHBF 2026年5月末公式加盟校数（SRC000099）と照合。 2026夏大会参加校を学校単位へ展開。
SCH002996,安中総合,群馬県立安中総合学園高等学校,群馬県立安中総合学園高等学校,,群馬県立安中総合学園高等学校,10,安中市,,prefectural,high_school,active,SRC000203,2026-10-03,2026硬式加盟校として登録。JHBF 2026年5月末公式加盟校数（SRC000099）と照合。 2026夏大会参加校を学校単位へ展開。
SCH002997,藤岡中央,群馬県立藤岡中央高等学校,群馬県立藤岡中央高等学校,,群馬県立藤岡中央高等学校,10,藤岡市,,prefectural,high_school,active,SRC000203,2026-10-03,2026硬式加盟校として登録。JHBF 2026年5月末公式加盟校数（SRC000099）と照合。 2026夏大会参加校を学校単位へ展開。
SCH002998,渋川,群馬県立渋川高等学校,群馬県立渋川高等学校,,群馬県立渋川高等学校,10,渋川市,,prefectural,high_school,active,SRC000203,2026-10-03,2026硬式加盟校として登録。JHBF 2026年5月末公式加盟校数（SRC000099）と照合。 2026夏大会参加校を学校単位へ展開。
SCH002999,新田暁,群馬県立新田暁高等学校,群馬県立新田暁高等学校,,群馬県立新田暁高等学校,10,太田市,,prefectural,high_school,active,SRC000203,2026-10-03,2026硬式加盟校として登録。JHBF 2026年5月末公式加盟校数（SRC000099）と照合。 2026夏大会参加校を学校単位へ展開。
SCH003000,関東学園大付,関東学園大学附属高等学校,関東学園大学附属高等学校,,関東学園大学附属高等学校,10,館林市,,private,high_school,active,SRC000203,2026-10-03,2026硬式加盟校として登録。JHBF 2026年5月末公式加盟校数（SRC000099）と照合。 2026夏大会参加校を学校単位へ展開。
SCH003001,太田東,群馬県立太田東高等学校,群馬県立太田東高等学校,,群馬県立太田東高等学校,10,太田市,,prefectural,high_school,active,SRC000203,2026-10-03,2026硬式加盟校として登録。JHBF 2026年5月末公式加盟校数（SRC000099）と照合。 2026夏大会参加校を学校単位へ展開。
SCH003002,中央中等,群馬県立中央中等教育学校,群馬県立中央中等教育学校,,群馬県立中央中等教育学校,10,高崎市,,prefectural,secondary_school,active,SRC000203,2026-10-03,2026硬式加盟校として登録。JHBF 2026年5月末公式加盟校数（SRC000099）と照合。 2026夏大会参加校を学校単位へ展開。
SCH003003,館林,群馬県立館林高等学校,群馬県立館林高等学校,,群馬県立館林高等学校,10,館林市,,prefectural,high_school,active,SRC000203,2026-10-03,2026硬式加盟校として登録。JHBF 2026年5月末公式加盟校数（SRC000099）と照合。 2026夏大会参加校を学校単位へ展開。
SCH003004,太田,群馬県立太田高等学校,群馬県立太田高等学校,,群馬県立太田高等学校,10,太田市,,prefectural,high_school,active,SRC000203,2026-10-03,2026硬式加盟校として登録。JHBF 2026年5月末公式加盟校数（SRC000099）と照合。 2026夏大会参加校を学校単位へ展開。
SCH003005,桐生清桜,群馬県立桐生清桜高等学校,群馬県立桐生清桜高等学校,,群馬県立桐生清桜高等学校,10,桐生市,,prefectural,high_school,active,SRC000203,2026-10-03,2026硬式加盟校として登録。JHBF 2026年5月末公式加盟校数（SRC000099）と照合。 2026夏大会参加校を学校単位へ展開。
SCH003006,富岡実,群馬県立富岡実業高等学校,群馬県立富岡実業高等学校,,群馬県立富岡実業高等学校,10,富岡市,,prefectural,high_school,active,SRC000203,2026-10-03,2026硬式加盟校として登録。JHBF 2026年5月末公式加盟校数（SRC000099）と照合。 2026夏大会参加校を学校単位へ展開。
SCH003007,樹徳,樹徳高等学校,樹徳高等学校,,樹徳高等学校,10,桐生市,,private,high_school,active,SRC000203,2026-10-03,2026硬式加盟校として登録。JHBF 2026年5月末公式加盟校数（SRC000099）と照合。 2026夏大会参加校を学校単位へ展開。
SCH003008,万場,群馬県立万場高等学校,群馬県立万場高等学校,,群馬県立万場高等学校,10,神流町,,prefectural,high_school,active,SRC000057,2026-10-03,2026硬式加盟校として登録。JHBF 2026年5月末公式加盟校数（SRC000099）と照合。 2026夏不参加。県高野連加盟校情報と公式68校との差分3校として補完。
SCH003009,嬬恋,群馬県立嬬恋高等学校,群馬県立嬬恋高等学校,,群馬県立嬬恋高等学校,10,嬬恋村,,prefectural,high_school,active,SRC000057,2026-10-03,2026硬式加盟校として登録。JHBF 2026年5月末公式加盟校数（SRC000099）と照合。 2026夏不参加。県高野連加盟校情報と公式68校との差分3校として補完。
SCH003010,板倉,群馬県立板倉高等学校,群馬県立板倉高等学校,,群馬県立板倉高等学校,10,板倉町,,prefectural,high_school,active,SRC000057,2026-10-03,2026硬式加盟校として登録。JHBF 2026年5月末公式加盟校数（SRC000099）と照合。 2026夏不参加。県高野連加盟校情報と公式68校との差分3校として補完。
SCH003011,高知商,高知市立高知商業高等学校,高知市立高知商業高等学校,,高知市立高知商業高等学校,39,高知市,,municipal,high_school,active,SRC000204,2026-10-03,2026硬式加盟校として登録。JHBF 2026年5月末公式加盟校数（SRC000099）と照合。 2026夏大会参加校を学校単位へ展開。
SCH003012,高知東工,高知県立高知東工業高等学校,高知県立高知東工業高等学校,,高知県立高知東工業高等学校,39,高知市,,prefectural,high_school,active,SRC000204,2026-10-03,2026硬式加盟校として登録。JHBF 2026年5月末公式加盟校数（SRC000099）と照合。 2026夏大会参加校を学校単位へ展開。
SCH003013,高知農,高知県立高知農業高等学校,高知県立高知農業高等学校,,高知県立高知農業高等学校,39,南国市,,prefectural,high_school,active,SRC000204,2026-10-03,2026硬式加盟校として登録。JHBF 2026年5月末公式加盟校数（SRC000099）と照合。 2026夏大会参加校を学校単位へ展開。
SCH003014,高知小津,高知県立高知小津高等学校,高知県立高知小津高等学校,,高知県立高知小津高等学校,39,高知市,,prefectural,high_school,active,SRC000204,2026-10-03,2026硬式加盟校として登録。JHBF 2026年5月末公式加盟校数（SRC000099）と照合。 2026夏大会参加校を学校単位へ展開。
SCH003015,須崎総合,高知県立須崎総合高等学校,高知県立須崎総合高等学校,,高知県立須崎総合高等学校,39,須崎市,,prefectural,high_school,active,SRC000204,2026-10-03,2026硬式加盟校として登録。JHBF 2026年5月末公式加盟校数（SRC000099）と照合。 2026夏大会参加校を学校単位へ展開。
SCH003016,高知,高知高等学校,高知高等学校,,高知高等学校,39,高知市,,private,high_school,active,SRC000204,2026-10-03,2026硬式加盟校として登録。JHBF 2026年5月末公式加盟校数（SRC000099）と照合。 2026夏大会参加校を学校単位へ展開。
SCH003017,高知中央,高知中央高等学校,高知中央高等学校,,高知中央高等学校,39,高知市,,private,high_school,active,SRC000204,2026-10-03,2026硬式加盟校として登録。JHBF 2026年5月末公式加盟校数（SRC000099）と照合。 2026夏大会参加校を学校単位へ展開。
SCH003018,高知海洋,高知県立高知海洋高等学校,高知県立高知海洋高等学校,,高知県立高知海洋高等学校,39,土佐市,,prefectural,high_school,active,SRC000204,2026-10-03,2026硬式加盟校として登録。JHBF 2026年5月末公式加盟校数（SRC000099）と照合。 2026夏大会参加校を学校単位へ展開。
SCH003019,室戸,高知県立室戸高等学校,高知県立室戸高等学校,,高知県立室戸高等学校,39,室戸市,,prefectural,high_school,active,SRC000204,2026-10-03,2026硬式加盟校として登録。JHBF 2026年5月末公式加盟校数（SRC000099）と照合。 2026夏大会参加校を学校単位へ展開。
SCH003020,幡多農,高知県立幡多農業高等学校,高知県立幡多農業高等学校,,高知県立幡多農業高等学校,39,四万十市,,prefectural,high_school,active,SRC000204,2026-10-03,2026硬式加盟校として登録。JHBF 2026年5月末公式加盟校数（SRC000099）と照合。 2026夏大会参加校を学校単位へ展開。
SCH003021,高知高専,高知工業高等専門学校,高知工業高等専門学校,,高知工業高等専門学校,39,南国市,,national,technical_college,active,SRC000204,2026-10-03,2026硬式加盟校として登録。JHBF 2026年5月末公式加盟校数（SRC000099）と照合。 2026夏大会参加校を学校単位へ展開。
SCH003022,中村,高知県立中村高等学校,高知県立中村高等学校,,高知県立中村高等学校,39,四万十市,,prefectural,high_school,active,SRC000204,2026-10-03,2026硬式加盟校として登録。JHBF 2026年5月末公式加盟校数（SRC000099）と照合。 2026夏大会参加校を学校単位へ展開。
SCH003023,窪川,高知県立窪川高等学校,高知県立窪川高等学校,,高知県立窪川高等学校,39,四万十町,,prefectural,high_school,active,SRC000204,2026-10-03,2026硬式加盟校として登録。JHBF 2026年5月末公式加盟校数（SRC000099）と照合。 2026夏大会参加校を学校単位へ展開。
SCH003024,高知追手前,高知県立高知追手前高等学校,高知県立高知追手前高等学校,,高知県立高知追手前高等学校,39,高知市,,prefectural,high_school,active,SRC000204,2026-10-03,2026硬式加盟校として登録。JHBF 2026年5月末公式加盟校数（SRC000099）と照合。 2026夏大会参加校を学校単位へ展開。
SCH003025,明徳義塾,明徳義塾高等学校,明徳義塾高等学校,,明徳義塾高等学校,39,須崎市,,private,high_school,active,SRC000204,2026-10-03,2026硬式加盟校として登録。JHBF 2026年5月末公式加盟校数（SRC000099）と照合。 2026夏大会参加校を学校単位へ展開。
SCH003026,伊野商,高知県立伊野商業高等学校,高知県立伊野商業高等学校,,高知県立伊野商業高等学校,39,いの町,,prefectural,high_school,active,SRC000204,2026-10-03,2026硬式加盟校として登録。JHBF 2026年5月末公式加盟校数（SRC000099）と照合。 2026夏大会参加校を学校単位へ展開。
SCH003027,高知丸の内,高知県立高知丸の内高等学校,高知県立高知丸の内高等学校,,高知県立高知丸の内高等学校,39,高知市,,prefectural,high_school,active,SRC000204,2026-10-03,2026硬式加盟校として登録。JHBF 2026年5月末公式加盟校数（SRC000099）と照合。 2026夏大会参加校を学校単位へ展開。
SCH003028,土佐塾,土佐塾高等学校,土佐塾高等学校,,土佐塾高等学校,39,高知市,,private,high_school,active,SRC000204,2026-10-03,2026硬式加盟校として登録。JHBF 2026年5月末公式加盟校数（SRC000099）と照合。 2026夏大会参加校を学校単位へ展開。
SCH003029,梼原,高知県立檮原高等学校,高知県立檮原高等学校,,高知県立檮原高等学校,39,梼原町,,prefectural,high_school,active,SRC000204,2026-10-03,2026硬式加盟校として登録。JHBF 2026年5月末公式加盟校数（SRC000099）と照合。 2026夏大会参加校を学校単位へ展開。
SCH003030,高知工,高知県立高知工業高等学校,高知県立高知工業高等学校,,高知県立高知工業高等学校,39,高知市,,prefectural,high_school,active,SRC000204,2026-10-03,2026硬式加盟校として登録。JHBF 2026年5月末公式加盟校数（SRC000099）と照合。 2026夏大会参加校を学校単位へ展開。
SCH003031,土佐,土佐高等学校,土佐高等学校,,土佐高等学校,39,高知市,,private,high_school,active,SRC000204,2026-10-03,2026硬式加盟校として登録。JHBF 2026年5月末公式加盟校数（SRC000099）と照合。 2026夏大会参加校を学校単位へ展開。
SCH003032,岡豊,高知県立岡豊高等学校,高知県立岡豊高等学校,,高知県立岡豊高等学校,39,南国市,,prefectural,high_school,active,SRC000204,2026-10-03,2026硬式加盟校として登録。JHBF 2026年5月末公式加盟校数（SRC000099）と照合。 2026夏大会参加校を学校単位へ展開。
SCH003033,宿毛工,高知県立宿毛工業高等学校,高知県立宿毛工業高等学校,,高知県立宿毛工業高等学校,39,宿毛市,,prefectural,high_school,active,SRC000204,2026-10-03,2026硬式加盟校として登録。JHBF 2026年5月末公式加盟校数（SRC000099）と照合。 2026夏大会参加校を学校単位へ展開。
SCH003034,高知東,高知県立高知東高等学校,高知県立高知東高等学校,,高知県立高知東高等学校,39,高知市,,prefectural,high_school,active,SRC000204,2026-10-03,2026硬式加盟校として登録。JHBF 2026年5月末公式加盟校数（SRC000099）と照合。 2026夏大会参加校を学校単位へ展開。
SCH003035,安芸,高知県立安芸高等学校,高知県立安芸高等学校,,高知県立安芸高等学校,39,安芸市,,prefectural,high_school,active,SRC000204,2026-10-03,2026硬式加盟校として登録。JHBF 2026年5月末公式加盟校数（SRC000099）と照合。 2026夏大会参加校を学校単位へ展開。
SCH003036,高知国際,高知県立高知国際高等学校,高知県立高知国際高等学校,,高知県立高知国際高等学校,39,高知市,,prefectural,high_school,active,SRC000204,2026-10-03,2026硬式加盟校として登録。JHBF 2026年5月末公式加盟校数（SRC000099）と照合。 2026夏大会参加校を学校単位へ展開。
SCH003037,嶺北,高知県立嶺北高等学校,高知県立嶺北高等学校,,高知県立嶺北高等学校,39,本山町,,prefectural,high_school,active,SRC000205,2026-10-03,2026硬式加盟校として登録。JHBF 2026年5月末公式加盟校数（SRC000099）と照合。 2026夏不参加。学校公式が令和8年5月1日現在も高野連所属と明記。
SCH003038,清水,高知県立清水高等学校,高知県立清水高等学校,,高知県立清水高等学校,39,土佐清水市,,prefectural,high_school,active,SRC000206,2026-10-03,2026硬式加盟校として登録。JHBF 2026年5月末公式加盟校数（SRC000099）と照合。 2026夏不参加。加盟校履歴・現行校確認・閉校校整理後、公式28校に一致する差分校として補完。
SCH003039,大阪教育大学附属高等学校池田校舎,大阪教育大学附属高等学校池田校舎,大阪教育大学附属高等学校池田校舎,,大阪教育大学附属高等学校池田校舎,27,池田市,,national,high_school,active,SRC000208,2026-10-03,2026年5月末硬式加盟校として登録。現行OmyuTech加盟校173校から、2026年8月新規加盟の明浄学院を基準日後加盟として除外し、JHBF公式172校と一致。
SCH003040,大阪教育大学附属高等学校天王寺校舎,大阪教育大学附属高等学校天王寺校舎,大阪教育大学附属高等学校天王寺校舎,,大阪教育大学附属高等学校天王寺校舎,27,大阪市,,national,high_school,active,SRC000208,2026-10-03,2026年5月末硬式加盟校として登録。現行OmyuTech加盟校173校から、2026年8月新規加盟の明浄学院を基準日後加盟として除外し、JHBF公式172校と一致。
SCH003041,大阪府立旭高等学校,大阪府立旭高等学校,大阪府立旭高等学校,,大阪府立旭高等学校,27,大阪市,,prefectural,high_school,active,SRC000208,2026-10-03,2026年5月末硬式加盟校として登録。現行OmyuTech加盟校173校から、2026年8月新規加盟の明浄学院を基準日後加盟として除外し、JHBF公式172校と一致。
SCH003042,大阪府立阿武野高等学校,大阪府立阿武野高等学校,大阪府立阿武野高等学校,,大阪府立阿武野高等学校,27,高槻市,,prefectural,high_school,active,SRC000208,2026-10-03,2026年5月末硬式加盟校として登録。現行OmyuTech加盟校173校から、2026年8月新規加盟の明浄学院を基準日後加盟として除外し、JHBF公式172校と一致。
SCH003043,大阪府立阿倍野高等学校,大阪府立阿倍野高等学校,大阪府立阿倍野高等学校,,大阪府立阿倍野高等学校,27,大阪市,,prefectural,high_school,active,SRC000208,2026-10-03,2026年5月末硬式加盟校として登録。現行OmyuTech加盟校173校から、2026年8月新規加盟の明浄学院を基準日後加盟として除外し、JHBF公式172校と一致。
SCH003044,大阪府立生野高等学校,大阪府立生野高等学校,大阪府立生野高等学校,,大阪府立生野高等学校,27,松原市,,prefectural,high_school,active,SRC000208,2026-10-03,2026年5月末硬式加盟校として登録。現行OmyuTech加盟校173校から、2026年8月新規加盟の明浄学院を基準日後加盟として除外し、JHBF公式172校と一致。
SCH003045,大阪府立池田高等学校,大阪府立池田高等学校,大阪府立池田高等学校,,大阪府立池田高等学校,27,池田市,,prefectural,high_school,active,SRC000208,2026-10-03,2026年5月末硬式加盟校として登録。現行OmyuTech加盟校173校から、2026年8月新規加盟の明浄学院を基準日後加盟として除外し、JHBF公式172校と一致。
SCH003046,大阪府立和泉高等学校,大阪府立和泉高等学校,大阪府立和泉高等学校,,大阪府立和泉高等学校,27,岸和田市,,prefectural,high_school,active,SRC000208,2026-10-03,2026年5月末硬式加盟校として登録。現行OmyuTech加盟校173校から、2026年8月新規加盟の明浄学院を基準日後加盟として除外し、JHBF公式172校と一致。
SCH003047,大阪府立泉大津高等学校,大阪府立泉大津高等学校,大阪府立泉大津高等学校,,大阪府立泉大津高等学校,27,泉大津市,,prefectural,high_school,active,SRC000208,2026-10-03,2026年5月末硬式加盟校として登録。現行OmyuTech加盟校173校から、2026年8月新規加盟の明浄学院を基準日後加盟として除外し、JHBF公式172校と一致。
SCH003048,大阪府立和泉総合高等学校,大阪府立和泉総合高等学校,大阪府立和泉総合高等学校,,大阪府立和泉総合高等学校,27,和泉市,,prefectural,high_school,active,SRC000208,2026-10-03,2026年5月末硬式加盟校として登録。現行OmyuTech加盟校173校から、2026年8月新規加盟の明浄学院を基準日後加盟として除外し、JHBF公式172校と一致。
SCH003049,大阪府立市岡高等学校,大阪府立市岡高等学校,大阪府立市岡高等学校,,大阪府立市岡高等学校,27,大阪市,,prefectural,high_school,active,SRC000208,2026-10-03,2026年5月末硬式加盟校として登録。現行OmyuTech加盟校173校から、2026年8月新規加盟の明浄学院を基準日後加盟として除外し、JHBF公式172校と一致。
SCH003050,大阪府立いちりつ高等学校,大阪府立いちりつ高等学校,大阪府立いちりつ高等学校,,大阪府立いちりつ高等学校,27,枚方市,,prefectural,high_school,active,SRC000208,2026-10-03,2026年5月末硬式加盟校として登録。現行OmyuTech加盟校173校から、2026年8月新規加盟の明浄学院を基準日後加盟として除外し、JHBF公式172校と一致。
SCH003051,大阪府立茨木高等学校,大阪府立茨木高等学校,大阪府立茨木高等学校,,大阪府立茨木高等学校,27,茨木市,,prefectural,high_school,active,SRC000208,2026-10-03,2026年5月末硬式加盟校として登録。現行OmyuTech加盟校173校から、2026年8月新規加盟の明浄学院を基準日後加盟として除外し、JHBF公式172校と一致。
SCH003052,大阪府立今宮高等学校,大阪府立今宮高等学校,大阪府立今宮高等学校,,大阪府立今宮高等学校,27,大阪市,,prefectural,high_school,active,SRC000208,2026-10-03,2026年5月末硬式加盟校として登録。現行OmyuTech加盟校173校から、2026年8月新規加盟の明浄学院を基準日後加盟として除外し、JHBF公式172校と一致。
SCH003053,大阪府立桜和高等学校,大阪府立桜和高等学校,大阪府立桜和高等学校,,大阪府立桜和高等学校,27,大阪市,,prefectural,high_school,active,SRC000208,2026-10-03,2026年5月末硬式加盟校として登録。現行OmyuTech加盟校173校から、2026年8月新規加盟の明浄学院を基準日後加盟として除外し、JHBF公式172校と一致。
SCH003054,大阪府立大冠高等学校,大阪府立大冠高等学校,大阪府立大冠高等学校,,大阪府立大冠高等学校,27,高槻市,,prefectural,high_school,active,SRC000208,2026-10-03,2026年5月末硬式加盟校として登録。現行OmyuTech加盟校173校から、2026年8月新規加盟の明浄学院を基準日後加盟として除外し、JHBF公式172校と一致。
SCH003055,大阪府立大阪ビジネスフロンティア高等学校,大阪府立大阪ビジネスフロンティア高等学校,大阪府立大阪ビジネスフロンティア高等学校,,大阪府立大阪ビジネスフロンティア高等学校,27,大阪市,,prefectural,high_school,active,SRC000208,2026-10-03,2026年5月末硬式加盟校として登録。現行OmyuTech加盟校173校から、2026年8月新規加盟の明浄学院を基準日後加盟として除外し、JHBF公式172校と一致。
SCH003056,大阪府教育センター附属高等学校,大阪府教育センター附属高等学校,大阪府教育センター附属高等学校,,大阪府教育センター附属高等学校,27,大阪市,,prefectural,high_school,active,SRC000208,2026-10-03,2026年5月末硬式加盟校として登録。現行OmyuTech加盟校173校から、2026年8月新規加盟の明浄学院を基準日後加盟として除外し、JHBF公式172校と一致。
SCH003057,大阪府立大塚高等学校,大阪府立大塚高等学校,大阪府立大塚高等学校,,大阪府立大塚高等学校,27,松原市,,prefectural,high_school,active,SRC000208,2026-10-03,2026年5月末硬式加盟校として登録。現行OmyuTech加盟校173校から、2026年8月新規加盟の明浄学院を基準日後加盟として除外し、JHBF公式172校と一致。
SCH003058,大阪府立大手前高等学校,大阪府立大手前高等学校,大阪府立大手前高等学校,,大阪府立大手前高等学校,27,大阪市,,prefectural,high_school,active,SRC000208,2026-10-03,2026年5月末硬式加盟校として登録。現行OmyuTech加盟校173校から、2026年8月新規加盟の明浄学院を基準日後加盟として除外し、JHBF公式172校と一致。
SCH003059,大阪府立鳳高等学校,大阪府立鳳高等学校,大阪府立鳳高等学校,,大阪府立鳳高等学校,27,堺市,,prefectural,high_school,active,SRC000208,2026-10-03,2026年5月末硬式加盟校として登録。現行OmyuTech加盟校173校から、2026年8月新規加盟の明浄学院を基準日後加盟として除外し、JHBF公式172校と一致。
SCH003060,大阪府立貝塚高等学校,大阪府立貝塚高等学校,大阪府立貝塚高等学校,,大阪府立貝塚高等学校,27,貝塚市,,prefectural,high_school,active,SRC000208,2026-10-03,2026年5月末硬式加盟校として登録。現行OmyuTech加盟校173校から、2026年8月新規加盟の明浄学院を基準日後加盟として除外し、JHBF公式172校と一致。
SCH003061,大阪府立貝塚南高等学校,大阪府立貝塚南高等学校,大阪府立貝塚南高等学校,,大阪府立貝塚南高等学校,27,貝塚市,,prefectural,high_school,active,SRC000208,2026-10-03,2026年5月末硬式加盟校として登録。現行OmyuTech加盟校173校から、2026年8月新規加盟の明浄学院を基準日後加盟として除外し、JHBF公式172校と一致。
SCH003062,大阪府立懐風館高等学校,大阪府立懐風館高等学校,大阪府立懐風館高等学校,,大阪府立懐風館高等学校,27,羽曳野市,,prefectural,high_school,active,SRC000208,2026-10-03,2026年5月末硬式加盟校として登録。現行OmyuTech加盟校173校から、2026年8月新規加盟の明浄学院を基準日後加盟として除外し、JHBF公式172校と一致。
SCH003063,大阪府立春日丘高等学校,大阪府立春日丘高等学校,大阪府立春日丘高等学校,,大阪府立春日丘高等学校,27,茨木市,,prefectural,high_school,active,SRC000208,2026-10-03,2026年5月末硬式加盟校として登録。現行OmyuTech加盟校173校から、2026年8月新規加盟の明浄学院を基準日後加盟として除外し、JHBF公式172校と一致。
SCH003064,大阪府立交野高等学校,大阪府立交野高等学校,大阪府立交野高等学校,,大阪府立交野高等学校,27,交野市,,prefectural,high_school,active,SRC000208,2026-10-03,2026年5月末硬式加盟校として登録。現行OmyuTech加盟校173校から、2026年8月新規加盟の明浄学院を基準日後加盟として除外し、JHBF公式172校と一致。
SCH003065,大阪府立門真なみはや高等学校,大阪府立門真なみはや高等学校,大阪府立門真なみはや高等学校,,大阪府立門真なみはや高等学校,27,門真市,,prefectural,high_school,active,SRC000208,2026-10-03,2026年5月末硬式加盟校として登録。現行OmyuTech加盟校173校から、2026年8月新規加盟の明浄学院を基準日後加盟として除外し、JHBF公式172校と一致。
SCH003066,大阪府立門真西高等学校,大阪府立門真西高等学校,大阪府立門真西高等学校,,大阪府立門真西高等学校,27,門真市,,prefectural,high_school,active,SRC000208,2026-10-03,2026年5月末硬式加盟校として登録。現行OmyuTech加盟校173校から、2026年8月新規加盟の明浄学院を基準日後加盟として除外し、JHBF公式172校と一致。
SCH003067,大阪府立河南高等学校,大阪府立河南高等学校,大阪府立河南高等学校,,大阪府立河南高等学校,27,富田林市,,prefectural,high_school,active,SRC000208,2026-10-03,2026年5月末硬式加盟校として登録。現行OmyuTech加盟校173校から、2026年8月新規加盟の明浄学院を基準日後加盟として除外し、JHBF公式172校と一致。
SCH003068,大阪府立岸和田高等学校,大阪府立岸和田高等学校,大阪府立岸和田高等学校,,大阪府立岸和田高等学校,27,岸和田市,,prefectural,high_school,active,SRC000208,2026-10-03,2026年5月末硬式加盟校として登録。現行OmyuTech加盟校173校から、2026年8月新規加盟の明浄学院を基準日後加盟として除外し、JHBF公式172校と一致。
SCH003069,大阪府立北かわち皐が丘高等学校,大阪府立北かわち皐が丘高等学校,大阪府立北かわち皐が丘高等学校,,大阪府立北かわち皐が丘高等学校,27,寝屋川市,,prefectural,high_school,active,SRC000208,2026-10-03,2026年5月末硬式加盟校として登録。現行OmyuTech加盟校173校から、2026年8月新規加盟の明浄学院を基準日後加盟として除外し、JHBF公式172校と一致。
SCH003070,大阪府立北野高等学校,大阪府立北野高等学校,大阪府立北野高等学校,,大阪府立北野高等学校,27,大阪市,,prefectural,high_school,active,SRC000208,2026-10-03,2026年5月末硬式加盟校として登録。現行OmyuTech加盟校173校から、2026年8月新規加盟の明浄学院を基準日後加盟として除外し、JHBF公式172校と一致。
SCH003071,大阪府立柴島高等学校,大阪府立柴島高等学校,大阪府立柴島高等学校,,大阪府立柴島高等学校,27,大阪市,,prefectural,high_school,active,SRC000208,2026-10-03,2026年5月末硬式加盟校として登録。現行OmyuTech加盟校173校から、2026年8月新規加盟の明浄学院を基準日後加盟として除外し、JHBF公式172校と一致。
SCH003072,大阪府立久米田高等学校,大阪府立久米田高等学校,大阪府立久米田高等学校,,大阪府立久米田高等学校,27,岸和田市,,prefectural,high_school,active,SRC000208,2026-10-03,2026年5月末硬式加盟校として登録。現行OmyuTech加盟校173校から、2026年8月新規加盟の明浄学院を基準日後加盟として除外し、JHBF公式172校と一致。
SCH003073,大阪府立高津高等学校,大阪府立高津高等学校,大阪府立高津高等学校,,大阪府立高津高等学校,27,大阪市,,prefectural,high_school,active,SRC000208,2026-10-03,2026年5月末硬式加盟校として登録。現行OmyuTech加盟校173校から、2026年8月新規加盟の明浄学院を基準日後加盟として除外し、JHBF公式172校と一致。
SCH003074,大阪府立香里丘高等学校,大阪府立香里丘高等学校,大阪府立香里丘高等学校,,大阪府立香里丘高等学校,27,枚方市,,prefectural,high_school,active,SRC000208,2026-10-03,2026年5月末硬式加盟校として登録。現行OmyuTech加盟校173校から、2026年8月新規加盟の明浄学院を基準日後加盟として除外し、JHBF公式172校と一致。
SCH003075,大阪府立金剛高等学校,大阪府立金剛高等学校,大阪府立金剛高等学校,,大阪府立金剛高等学校,27,富田林市,,prefectural,high_school,active,SRC000208,2026-10-03,2026年5月末硬式加盟校として登録。現行OmyuTech加盟校173校から、2026年8月新規加盟の明浄学院を基準日後加盟として除外し、JHBF公式172校と一致。
SCH003076,大阪府立堺上高等学校,大阪府立堺上高等学校,大阪府立堺上高等学校,,大阪府立堺上高等学校,27,堺市,,prefectural,high_school,active,SRC000208,2026-10-03,2026年5月末硬式加盟校として登録。現行OmyuTech加盟校173校から、2026年8月新規加盟の明浄学院を基準日後加盟として除外し、JHBF公式172校と一致。
SCH003077,大阪府立堺西高等学校,大阪府立堺西高等学校,大阪府立堺西高等学校,,大阪府立堺西高等学校,27,堺市,,prefectural,high_school,active,SRC000208,2026-10-03,2026年5月末硬式加盟校として登録。現行OmyuTech加盟校173校から、2026年8月新規加盟の明浄学院を基準日後加盟として除外し、JHBF公式172校と一致。
SCH003078,大阪府立堺東高等学校,大阪府立堺東高等学校,大阪府立堺東高等学校,,大阪府立堺東高等学校,27,堺市,,prefectural,high_school,active,SRC000208,2026-10-03,2026年5月末硬式加盟校として登録。現行OmyuTech加盟校173校から、2026年8月新規加盟の明浄学院を基準日後加盟として除外し、JHBF公式172校と一致。
SCH003079,大阪府立咲くやこの花高等学校,大阪府立咲くやこの花高等学校,大阪府立咲くやこの花高等学校,,大阪府立咲くやこの花高等学校,27,大阪市,,prefectural,high_school,active,SRC000208,2026-10-03,2026年5月末硬式加盟校として登録。現行OmyuTech加盟校173校から、2026年8月新規加盟の明浄学院を基準日後加盟として除外し、JHBF公式172校と一致。
SCH003080,大阪府立桜塚高等学校,大阪府立桜塚高等学校,大阪府立桜塚高等学校,,大阪府立桜塚高等学校,27,豊中市,,prefectural,high_school,active,SRC000208,2026-10-03,2026年5月末硬式加盟校として登録。現行OmyuTech加盟校173校から、2026年8月新規加盟の明浄学院を基準日後加盟として除外し、JHBF公式172校と一致。
SCH003081,大阪府立桜宮高等学校,大阪府立桜宮高等学校,大阪府立桜宮高等学校,,大阪府立桜宮高等学校,27,大阪市,,prefectural,high_school,active,SRC000208,2026-10-03,2026年5月末硬式加盟校として登録。現行OmyuTech加盟校173校から、2026年8月新規加盟の明浄学院を基準日後加盟として除外し、JHBF公式172校と一致。
SCH003082,大阪府立佐野高等学校,大阪府立佐野高等学校,大阪府立佐野高等学校,,大阪府立佐野高等学校,27,泉佐野市,,prefectural,high_school,active,SRC000208,2026-10-03,2026年5月末硬式加盟校として登録。現行OmyuTech加盟校173校から、2026年8月新規加盟の明浄学院を基準日後加盟として除外し、JHBF公式172校と一致。
SCH003083,大阪府立狭山高等学校,大阪府立狭山高等学校,大阪府立狭山高等学校,,大阪府立狭山高等学校,27,大阪狭山市,,prefectural,high_school,active,SRC000208,2026-10-03,2026年5月末硬式加盟校として登録。現行OmyuTech加盟校173校から、2026年8月新規加盟の明浄学院を基準日後加盟として除外し、JHBF公式172校と一致。
SCH003084,大阪府立四條畷高等学校,大阪府立四條畷高等学校,大阪府立四條畷高等学校,,大阪府立四條畷高等学校,27,四條畷市,,prefectural,high_school,active,SRC000208,2026-10-03,2026年5月末硬式加盟校として登録。現行OmyuTech加盟校173校から、2026年8月新規加盟の明浄学院を基準日後加盟として除外し、JHBF公式172校と一致。
SCH003085,大阪府立信太高等学校,大阪府立信太高等学校,大阪府立信太高等学校,,大阪府立信太高等学校,27,和泉市,,prefectural,high_school,active,SRC000208,2026-10-03,2026年5月末硬式加盟校として登録。現行OmyuTech加盟校173校から、2026年8月新規加盟の明浄学院を基準日後加盟として除外し、JHBF公式172校と一致。
SCH003086,大阪府立渋谷高等学校,大阪府立渋谷高等学校,大阪府立渋谷高等学校,,大阪府立渋谷高等学校,27,池田市,,prefectural,high_school,active,SRC000208,2026-10-03,2026年5月末硬式加盟校として登録。現行OmyuTech加盟校173校から、2026年8月新規加盟の明浄学院を基準日後加盟として除外し、JHBF公式172校と一致。
SCH003087,大阪府立清水谷高等学校,大阪府立清水谷高等学校,大阪府立清水谷高等学校,,大阪府立清水谷高等学校,27,大阪市,,prefectural,high_school,active,SRC000208,2026-10-03,2026年5月末硬式加盟校として登録。現行OmyuTech加盟校173校から、2026年8月新規加盟の明浄学院を基準日後加盟として除外し、JHBF公式172校と一致。
SCH003088,大阪府立吹田高等学校,大阪府立吹田高等学校,大阪府立吹田高等学校,,大阪府立吹田高等学校,27,吹田市,,prefectural,high_school,active,SRC000208,2026-10-03,2026年5月末硬式加盟校として登録。現行OmyuTech加盟校173校から、2026年8月新規加盟の明浄学院を基準日後加盟として除外し、JHBF公式172校と一致。
SCH003089,大阪府立住吉高等学校,大阪府立住吉高等学校,大阪府立住吉高等学校,,大阪府立住吉高等学校,27,大阪市,,prefectural,high_school,active,SRC000208,2026-10-03,2026年5月末硬式加盟校として登録。現行OmyuTech加盟校173校から、2026年8月新規加盟の明浄学院を基準日後加盟として除外し、JHBF公式172校と一致。
SCH003090,大阪府立成城高等学校,大阪府立成城高等学校,大阪府立成城高等学校,,大阪府立成城高等学校,27,大阪市,,prefectural,high_school,active,SRC000208,2026-10-03,2026年5月末硬式加盟校として登録。現行OmyuTech加盟校173校から、2026年8月新規加盟の明浄学院を基準日後加盟として除外し、JHBF公式172校と一致。
SCH003091,大阪府立成美高等学校,大阪府立成美高等学校,大阪府立成美高等学校,,大阪府立成美高等学校,27,堺市,,prefectural,high_school,active,SRC000208,2026-10-03,2026年5月末硬式加盟校として登録。現行OmyuTech加盟校173校から、2026年8月新規加盟の明浄学院を基準日後加盟として除外し、JHBF公式172校と一致。
SCH003092,大阪府立摂津高等学校,大阪府立摂津高等学校,大阪府立摂津高等学校,,大阪府立摂津高等学校,27,摂津市,,prefectural,high_school,active,SRC000208,2026-10-03,2026年5月末硬式加盟校として登録。現行OmyuTech加盟校173校から、2026年8月新規加盟の明浄学院を基準日後加盟として除外し、JHBF公式172校と一致。
SCH003093,大阪府立泉陽高等学校,大阪府立泉陽高等学校,大阪府立泉陽高等学校,,大阪府立泉陽高等学校,27,堺市,,prefectural,high_school,active,SRC000208,2026-10-03,2026年5月末硬式加盟校として登録。現行OmyuTech加盟校173校から、2026年8月新規加盟の明浄学院を基準日後加盟として除外し、JHBF公式172校と一致。
SCH003094,大阪府立千里高等学校,大阪府立千里高等学校,大阪府立千里高等学校,,大阪府立千里高等学校,27,吹田市,,prefectural,high_school,active,SRC000208,2026-10-03,2026年5月末硬式加盟校として登録。現行OmyuTech加盟校173校から、2026年8月新規加盟の明浄学院を基準日後加盟として除外し、JHBF公式172校と一致。
SCH003095,大阪府立千里青雲高等学校,大阪府立千里青雲高等学校,大阪府立千里青雲高等学校,,大阪府立千里青雲高等学校,27,豊中市,,prefectural,high_school,active,SRC000208,2026-10-03,2026年5月末硬式加盟校として登録。現行OmyuTech加盟校173校から、2026年8月新規加盟の明浄学院を基準日後加盟として除外し、JHBF公式172校と一致。
SCH003096,大阪府立高石高等学校,大阪府立高石高等学校,大阪府立高石高等学校,,大阪府立高石高等学校,27,高石市,,prefectural,high_school,active,SRC000208,2026-10-03,2026年5月末硬式加盟校として登録。現行OmyuTech加盟校173校から、2026年8月新規加盟の明浄学院を基準日後加盟として除外し、JHBF公式172校と一致。
SCH003097,大阪府立高槻北高等学校,大阪府立高槻北高等学校,大阪府立高槻北高等学校,,大阪府立高槻北高等学校,27,高槻市,,prefectural,high_school,active,SRC000208,2026-10-03,2026年5月末硬式加盟校として登録。現行OmyuTech加盟校173校から、2026年8月新規加盟の明浄学院を基準日後加盟として除外し、JHBF公式172校と一致。
SCH003098,大阪府立槻の木高等学校,大阪府立槻の木高等学校,大阪府立槻の木高等学校,,大阪府立槻の木高等学校,27,高槻市,,prefectural,high_school,active,SRC000208,2026-10-03,2026年5月末硬式加盟校として登録。現行OmyuTech加盟校173校から、2026年8月新規加盟の明浄学院を基準日後加盟として除外し、JHBF公式172校と一致。
SCH003099,大阪府立豊島高等学校,大阪府立豊島高等学校,大阪府立豊島高等学校,,大阪府立豊島高等学校,27,豊中市,,prefectural,high_school,active,SRC000208,2026-10-03,2026年5月末硬式加盟校として登録。現行OmyuTech加盟校173校から、2026年8月新規加盟の明浄学院を基準日後加盟として除外し、JHBF公式172校と一致。
SCH003100,大阪府立天王寺高等学校,大阪府立天王寺高等学校,大阪府立天王寺高等学校,,大阪府立天王寺高等学校,27,大阪市,,prefectural,high_school,active,SRC000208,2026-10-03,2026年5月末硬式加盟校として登録。現行OmyuTech加盟校173校から、2026年8月新規加盟の明浄学院を基準日後加盟として除外し、JHBF公式172校と一致。
SCH003101,大阪府立刀根山高等学校,大阪府立刀根山高等学校,大阪府立刀根山高等学校,,大阪府立刀根山高等学校,27,豊中市,,prefectural,high_school,active,SRC000208,2026-10-03,2026年5月末硬式加盟校として登録。現行OmyuTech加盟校173校から、2026年8月新規加盟の明浄学院を基準日後加盟として除外し、JHBF公式172校と一致。
SCH003102,大阪府立登美丘高等学校,大阪府立登美丘高等学校,大阪府立登美丘高等学校,,大阪府立登美丘高等学校,27,堺市,,prefectural,high_school,active,SRC000208,2026-10-03,2026年5月末硬式加盟校として登録。現行OmyuTech加盟校173校から、2026年8月新規加盟の明浄学院を基準日後加盟として除外し、JHBF公式172校と一致。
SCH003103,大阪府立豊中高等学校,大阪府立豊中高等学校,大阪府立豊中高等学校,,大阪府立豊中高等学校,27,豊中市,,prefectural,high_school,active,SRC000208,2026-10-03,2026年5月末硬式加盟校として登録。現行OmyuTech加盟校173校から、2026年8月新規加盟の明浄学院を基準日後加盟として除外し、JHBF公式172校と一致。
SCH003104,大阪府立富田林高等学校,大阪府立富田林高等学校,大阪府立富田林高等学校,,大阪府立富田林高等学校,27,富田林市,,prefectural,high_school,active,SRC000208,2026-10-03,2026年5月末硬式加盟校として登録。現行OmyuTech加盟校173校から、2026年8月新規加盟の明浄学院を基準日後加盟として除外し、JHBF公式172校と一致。
SCH003105,大阪府立長野高等学校,大阪府立長野高等学校,大阪府立長野高等学校,,大阪府立長野高等学校,27,河内長野市,,prefectural,high_school,active,SRC000208,2026-10-03,2026年5月末硬式加盟校として登録。現行OmyuTech加盟校173校から、2026年8月新規加盟の明浄学院を基準日後加盟として除外し、JHBF公式172校と一致。
SCH003106,大阪府立長吉高等学校,大阪府立長吉高等学校,大阪府立長吉高等学校,,大阪府立長吉高等学校,27,大阪市,,prefectural,high_school,active,SRC000208,2026-10-03,2026年5月末硬式加盟校として登録。現行OmyuTech加盟校173校から、2026年8月新規加盟の明浄学院を基準日後加盟として除外し、JHBF公式172校と一致。
SCH003107,大阪府立西成高等学校,大阪府立西成高等学校,大阪府立西成高等学校,,大阪府立西成高等学校,27,大阪市,,prefectural,high_school,active,SRC000208,2026-10-03,2026年5月末硬式加盟校として登録。現行OmyuTech加盟校173校から、2026年8月新規加盟の明浄学院を基準日後加盟として除外し、JHBF公式172校と一致。
SCH003108,大阪府立寝屋川高等学校,大阪府立寝屋川高等学校,大阪府立寝屋川高等学校,,大阪府立寝屋川高等学校,27,寝屋川市,,prefectural,high_school,active,SRC000208,2026-10-03,2026年5月末硬式加盟校として登録。現行OmyuTech加盟校173校から、2026年8月新規加盟の明浄学院を基準日後加盟として除外し、JHBF公式172校と一致。
SCH003109,大阪府立野崎高等学校,大阪府立野崎高等学校,大阪府立野崎高等学校,,大阪府立野崎高等学校,27,大東市,,prefectural,high_school,active,SRC000208,2026-10-03,2026年5月末硬式加盟校として登録。現行OmyuTech加盟校173校から、2026年8月新規加盟の明浄学院を基準日後加盟として除外し、JHBF公式172校と一致。
SCH003110,大阪府立伯太高等学校,大阪府立伯太高等学校,大阪府立伯太高等学校,,大阪府立伯太高等学校,27,和泉市,,prefectural,high_school,active,SRC000208,2026-10-03,2026年5月末硬式加盟校として登録。現行OmyuTech加盟校173校から、2026年8月新規加盟の明浄学院を基準日後加盟として除外し、JHBF公式172校と一致。
SCH003111,大阪府立花園高等学校,大阪府立花園高等学校,大阪府立花園高等学校,,大阪府立花園高等学校,27,東大阪市,,prefectural,high_school,active,SRC000208,2026-10-03,2026年5月末硬式加盟校として登録。現行OmyuTech加盟校173校から、2026年8月新規加盟の明浄学院を基準日後加盟として除外し、JHBF公式172校と一致。
SCH003112,大阪府立汎愛高等学校,大阪府立汎愛高等学校,大阪府立汎愛高等学校,,大阪府立汎愛高等学校,27,大阪市,,prefectural,high_school,active,SRC000208,2026-10-03,2026年5月末硬式加盟校として登録。現行OmyuTech加盟校173校から、2026年8月新規加盟の明浄学院を基準日後加盟として除外し、JHBF公式172校と一致。
SCH003113,大阪府立阪南高等学校,大阪府立阪南高等学校,大阪府立阪南高等学校,,大阪府立阪南高等学校,27,大阪市,,prefectural,high_school,active,SRC000208,2026-10-03,2026年5月末硬式加盟校として登録。現行OmyuTech加盟校173校から、2026年8月新規加盟の明浄学院を基準日後加盟として除外し、JHBF公式172校と一致。
SCH003114,大阪府立東高等学校,大阪府立東高等学校,大阪府立東高等学校,,大阪府立東高等学校,27,大阪市,,prefectural,high_school,active,SRC000208,2026-10-03,2026年5月末硬式加盟校として登録。現行OmyuTech加盟校173校から、2026年8月新規加盟の明浄学院を基準日後加盟として除外し、JHBF公式172校と一致。
SCH003115,大阪府立東住吉高等学校,大阪府立東住吉高等学校,大阪府立東住吉高等学校,,大阪府立東住吉高等学校,27,大阪市,,prefectural,high_school,active,SRC000208,2026-10-03,2026年5月末硬式加盟校として登録。現行OmyuTech加盟校173校から、2026年8月新規加盟の明浄学院を基準日後加盟として除外し、JHBF公式172校と一致。
SCH003116,大阪府立東住吉総合高等学校,大阪府立東住吉総合高等学校,大阪府立東住吉総合高等学校,,大阪府立東住吉総合高等学校,27,大阪市,,prefectural,high_school,active,SRC000208,2026-10-03,2026年5月末硬式加盟校として登録。現行OmyuTech加盟校173校から、2026年8月新規加盟の明浄学院を基準日後加盟として除外し、JHBF公式172校と一致。
SCH003117,大阪府立東淀川高等学校,大阪府立東淀川高等学校,大阪府立東淀川高等学校,,大阪府立東淀川高等学校,27,大阪市,,prefectural,high_school,active,SRC000208,2026-10-03,2026年5月末硬式加盟校として登録。現行OmyuTech加盟校173校から、2026年8月新規加盟の明浄学院を基準日後加盟として除外し、JHBF公式172校と一致。
SCH003118,大阪府立枚方津田高等学校,大阪府立枚方津田高等学校,大阪府立枚方津田高等学校,,大阪府立枚方津田高等学校,27,枚方市,,prefectural,high_school,active,SRC000208,2026-10-03,2026年5月末硬式加盟校として登録。現行OmyuTech加盟校173校から、2026年8月新規加盟の明浄学院を基準日後加盟として除外し、JHBF公式172校と一致。
SCH003119,大阪府立枚方なぎさ高等学校,大阪府立枚方なぎさ高等学校,大阪府立枚方なぎさ高等学校,,大阪府立枚方なぎさ高等学校,27,枚方市,,prefectural,high_school,active,SRC000208,2026-10-03,2026年5月末硬式加盟校として登録。現行OmyuTech加盟校173校から、2026年8月新規加盟の明浄学院を基準日後加盟として除外し、JHBF公式172校と一致。
SCH003120,大阪府立福井高等学校,大阪府立福井高等学校,大阪府立福井高等学校,,大阪府立福井高等学校,27,茨木市,,prefectural,high_school,active,SRC000208,2026-10-03,2026年5月末硬式加盟校として登録。現行OmyuTech加盟校173校から、2026年8月新規加盟の明浄学院を基準日後加盟として除外し、JHBF公式172校と一致。
SCH003121,大阪府立藤井寺高等学校,大阪府立藤井寺高等学校,大阪府立藤井寺高等学校,,大阪府立藤井寺高等学校,27,藤井寺市,,prefectural,high_school,active,SRC000208,2026-10-03,2026年5月末硬式加盟校として登録。現行OmyuTech加盟校173校から、2026年8月新規加盟の明浄学院を基準日後加盟として除外し、JHBF公式172校と一致。
SCH003122,大阪府立布施高等学校,大阪府立布施高等学校,大阪府立布施高等学校,,大阪府立布施高等学校,27,東大阪市,,prefectural,high_school,active,SRC000208,2026-10-03,2026年5月末硬式加盟校として登録。現行OmyuTech加盟校173校から、2026年8月新規加盟の明浄学院を基準日後加盟として除外し、JHBF公式172校と一致。
SCH003123,大阪府立布施北高等学校,大阪府立布施北高等学校,大阪府立布施北高等学校,,大阪府立布施北高等学校,27,東大阪市,,prefectural,high_school,active,SRC000208,2026-10-03,2026年5月末硬式加盟校として登録。現行OmyuTech加盟校173校から、2026年8月新規加盟の明浄学院を基準日後加盟として除外し、JHBF公式172校と一致。
SCH003124,大阪府立北摂つばさ高等学校,大阪府立北摂つばさ高等学校,大阪府立北摂つばさ高等学校,,大阪府立北摂つばさ高等学校,27,茨木市,,prefectural,high_school,active,SRC000208,2026-10-03,2026年5月末硬式加盟校として登録。現行OmyuTech加盟校173校から、2026年8月新規加盟の明浄学院を基準日後加盟として除外し、JHBF公式172校と一致。
SCH003125,大阪府立牧野高等学校,大阪府立牧野高等学校,大阪府立牧野高等学校,,大阪府立牧野高等学校,27,枚方市,,prefectural,high_school,active,SRC000208,2026-10-03,2026年5月末硬式加盟校として登録。現行OmyuTech加盟校173校から、2026年8月新規加盟の明浄学院を基準日後加盟として除外し、JHBF公式172校と一致。
SCH003126,大阪府立松原高等学校,大阪府立松原高等学校,大阪府立松原高等学校,,大阪府立松原高等学校,27,松原市,,prefectural,high_school,active,SRC000208,2026-10-03,2026年5月末硬式加盟校として登録。現行OmyuTech加盟校173校から、2026年8月新規加盟の明浄学院を基準日後加盟として除外し、JHBF公式172校と一致。
SCH003127,大阪府立三国丘高等学校,大阪府立三国丘高等学校,大阪府立三国丘高等学校,,大阪府立三国丘高等学校,27,堺市,,prefectural,high_school,active,SRC000208,2026-10-03,2026年5月末硬式加盟校として登録。現行OmyuTech加盟校173校から、2026年8月新規加盟の明浄学院を基準日後加盟として除外し、JHBF公式172校と一致。
SCH003128,大阪府立岬高等学校,大阪府立岬高等学校,大阪府立岬高等学校,,大阪府立岬高等学校,27,岬町,,prefectural,high_school,active,SRC000208,2026-10-03,2026年5月末硬式加盟校として登録。現行OmyuTech加盟校173校から、2026年8月新規加盟の明浄学院を基準日後加盟として除外し、JHBF公式172校と一致。
SCH003129,大阪府立三島高等学校,大阪府立三島高等学校,大阪府立三島高等学校,,大阪府立三島高等学校,27,高槻市,,prefectural,high_school,active,SRC000208,2026-10-03,2026年5月末硬式加盟校として登録。現行OmyuTech加盟校173校から、2026年8月新規加盟の明浄学院を基準日後加盟として除外し、JHBF公式172校と一致。
SCH003130,大阪府立みどり清朋高等学校,大阪府立みどり清朋高等学校,大阪府立みどり清朋高等学校,,大阪府立みどり清朋高等学校,27,東大阪市,,prefectural,high_school,active,SRC000208,2026-10-03,2026年5月末硬式加盟校として登録。現行OmyuTech加盟校173校から、2026年8月新規加盟の明浄学院を基準日後加盟として除外し、JHBF公式172校と一致。
SCH003131,大阪府立港高等学校,大阪府立港高等学校,大阪府立港高等学校,,大阪府立港高等学校,27,大阪市,,prefectural,high_school,active,SRC000208,2026-10-03,2026年5月末硬式加盟校として登録。現行OmyuTech加盟校173校から、2026年8月新規加盟の明浄学院を基準日後加盟として除外し、JHBF公式172校と一致。
SCH003132,大阪府立箕面東高等学校,大阪府立箕面東高等学校,大阪府立箕面東高等学校,,大阪府立箕面東高等学校,27,箕面市,,prefectural,high_school,active,SRC000208,2026-10-03,2026年5月末硬式加盟校として登録。現行OmyuTech加盟校173校から、2026年8月新規加盟の明浄学院を基準日後加盟として除外し、JHBF公式172校と一致。
SCH003133,大阪府立守口東高等学校,大阪府立守口東高等学校,大阪府立守口東高等学校,,大阪府立守口東高等学校,27,守口市,,prefectural,high_school,active,SRC000208,2026-10-03,2026年5月末硬式加盟校として登録。現行OmyuTech加盟校173校から、2026年8月新規加盟の明浄学院を基準日後加盟として除外し、JHBF公式172校と一致。
SCH003134,大阪府立八尾高等学校,大阪府立八尾高等学校,大阪府立八尾高等学校,,大阪府立八尾高等学校,27,八尾市,,prefectural,high_school,active,SRC000208,2026-10-03,2026年5月末硬式加盟校として登録。現行OmyuTech加盟校173校から、2026年8月新規加盟の明浄学院を基準日後加盟として除外し、JHBF公式172校と一致。
SCH003135,大阪府立八尾北高等学校,大阪府立八尾北高等学校,大阪府立八尾北高等学校,,大阪府立八尾北高等学校,27,八尾市,,prefectural,high_school,active,SRC000208,2026-10-03,2026年5月末硬式加盟校として登録。現行OmyuTech加盟校173校から、2026年8月新規加盟の明浄学院を基準日後加盟として除外し、JHBF公式172校と一致。
SCH003136,大阪府立八尾翠翔高等学校,大阪府立八尾翠翔高等学校,大阪府立八尾翠翔高等学校,,大阪府立八尾翠翔高等学校,27,八尾市,,prefectural,high_school,active,SRC000208,2026-10-03,2026年5月末硬式加盟校として登録。現行OmyuTech加盟校173校から、2026年8月新規加盟の明浄学院を基準日後加盟として除外し、JHBF公式172校と一致。
SCH003137,大阪府立山田高等学校,大阪府立山田高等学校,大阪府立山田高等学校,,大阪府立山田高等学校,27,吹田市,,prefectural,high_school,active,SRC000208,2026-10-03,2026年5月末硬式加盟校として登録。現行OmyuTech加盟校173校から、2026年8月新規加盟の明浄学院を基準日後加盟として除外し、JHBF公式172校と一致。
SCH003138,大阪府立山本高等学校,大阪府立山本高等学校,大阪府立山本高等学校,,大阪府立山本高等学校,27,八尾市,,prefectural,high_school,active,SRC000208,2026-10-03,2026年5月末硬式加盟校として登録。現行OmyuTech加盟校173校から、2026年8月新規加盟の明浄学院を基準日後加盟として除外し、JHBF公式172校と一致。
SCH003139,大阪府立夕陽丘高等学校,大阪府立夕陽丘高等学校,大阪府立夕陽丘高等学校,,大阪府立夕陽丘高等学校,27,大阪市,,prefectural,high_school,active,SRC000208,2026-10-03,2026年5月末硬式加盟校として登録。現行OmyuTech加盟校173校から、2026年8月新規加盟の明浄学院を基準日後加盟として除外し、JHBF公式172校と一致。
SCH003140,大阪府立淀川清流高等学校,大阪府立淀川清流高等学校,大阪府立淀川清流高等学校,,大阪府立淀川清流高等学校,27,大阪市,,prefectural,high_school,active,SRC000208,2026-10-03,2026年5月末硬式加盟校として登録。現行OmyuTech加盟校173校から、2026年8月新規加盟の明浄学院を基準日後加盟として除外し、JHBF公式172校と一致。
SCH003141,大阪府立緑風冠高等学校,大阪府立緑風冠高等学校,大阪府立緑風冠高等学校,,大阪府立緑風冠高等学校,27,大東市,,prefectural,high_school,active,SRC000208,2026-10-03,2026年5月末硬式加盟校として登録。現行OmyuTech加盟校173校から、2026年8月新規加盟の明浄学院を基準日後加盟として除外し、JHBF公式172校と一致。
SCH003142,大阪府立りんくう翔南高等学校,大阪府立りんくう翔南高等学校,大阪府立りんくう翔南高等学校,,大阪府立りんくう翔南高等学校,27,泉南市,,prefectural,high_school,active,SRC000208,2026-10-03,2026年5月末硬式加盟校として登録。現行OmyuTech加盟校173校から、2026年8月新規加盟の明浄学院を基準日後加盟として除外し、JHBF公式172校と一致。
SCH003143,大阪府立大正白稜高等学校,大阪府立大正白稜高等学校,大阪府立大正白稜高等学校,,大阪府立大正白稜高等学校,27,大阪市,,prefectural,high_school,active,SRC000208,2026-10-03,2026年5月末硬式加盟校として登録。現行OmyuTech加盟校173校から、2026年8月新規加盟の明浄学院を基準日後加盟として除外し、JHBF公式172校と一致。
SCH003144,東大阪市立日新高等学校,東大阪市立日新高等学校,東大阪市立日新高等学校,,東大阪市立日新高等学校,27,東大阪市,,municipal,high_school,active,SRC000208,2026-10-03,2026年5月末硬式加盟校として登録。現行OmyuTech加盟校173校から、2026年8月新規加盟の明浄学院を基準日後加盟として除外し、JHBF公式172校と一致。
SCH003145,岸和田市立産業高等学校,岸和田市立産業高等学校,岸和田市立産業高等学校,,岸和田市立産業高等学校,27,岸和田市,,municipal,high_school,active,SRC000208,2026-10-03,2026年5月末硬式加盟校として登録。現行OmyuTech加盟校173校から、2026年8月新規加盟の明浄学院を基準日後加盟として除外し、JHBF公式172校と一致。
SCH003146,堺市立堺高等学校,堺市立堺高等学校,堺市立堺高等学校,,堺市立堺高等学校,27,堺市,,municipal,high_school,active,SRC000208,2026-10-03,2026年5月末硬式加盟校として登録。現行OmyuTech加盟校173校から、2026年8月新規加盟の明浄学院を基準日後加盟として除外し、JHBF公式172校と一致。
SCH003147,上宮高等学校,上宮高等学校,上宮高等学校,,上宮高等学校,27,大阪市,,private,high_school,active,SRC000208,2026-10-03,2026年5月末硬式加盟校として登録。現行OmyuTech加盟校173校から、2026年8月新規加盟の明浄学院を基準日後加盟として除外し、JHBF公式172校と一致。
SCH003148,上宮太子高等学校,上宮太子高等学校,上宮太子高等学校,,上宮太子高等学校,27,太子町,,private,high_school,active,SRC000208,2026-10-03,2026年5月末硬式加盟校として登録。現行OmyuTech加盟校173校から、2026年8月新規加盟の明浄学院を基準日後加盟として除外し、JHBF公式172校と一致。
SCH003149,英真学園高等学校,英真学園高等学校,英真学園高等学校,,英真学園高等学校,27,大阪市,,private,high_school,active,SRC000208,2026-10-03,2026年5月末硬式加盟校として登録。現行OmyuTech加盟校173校から、2026年8月新規加盟の明浄学院を基準日後加盟として除外し、JHBF公式172校と一致。
SCH003150,追手門学院高等学校,追手門学院高等学校,追手門学院高等学校,,追手門学院高等学校,27,茨木市,,private,high_school,active,SRC000208,2026-10-03,2026年5月末硬式加盟校として登録。現行OmyuTech加盟校173校から、2026年8月新規加盟の明浄学院を基準日後加盟として除外し、JHBF公式172校と一致。
SCH003151,大阪高等学校,大阪高等学校,大阪高等学校,,大阪高等学校,27,大阪市,,private,high_school,active,SRC000208,2026-10-03,2026年5月末硬式加盟校として登録。現行OmyuTech加盟校173校から、2026年8月新規加盟の明浄学院を基準日後加盟として除外し、JHBF公式172校と一致。
SCH003152,大阪偕星学園高等学校,大阪偕星学園高等学校,大阪偕星学園高等学校,,大阪偕星学園高等学校,27,大阪市,,private,high_school,active,SRC000208,2026-10-03,2026年5月末硬式加盟校として登録。現行OmyuTech加盟校173校から、2026年8月新規加盟の明浄学院を基準日後加盟として除外し、JHBF公式172校と一致。
SCH003153,大阪学院大学高等学校,大阪学院大学高等学校,大阪学院大学高等学校,,大阪学院大学高等学校,27,吹田市,,private,high_school,active,SRC000208,2026-10-03,2026年5月末硬式加盟校として登録。現行OmyuTech加盟校173校から、2026年8月新規加盟の明浄学院を基準日後加盟として除外し、JHBF公式172校と一致。
SCH003154,大阪学芸高等学校,大阪学芸高等学校,大阪学芸高等学校,,大阪学芸高等学校,27,大阪市,,private,high_school,active,SRC000208,2026-10-03,2026年5月末硬式加盟校として登録。現行OmyuTech加盟校173校から、2026年8月新規加盟の明浄学院を基準日後加盟として除外し、JHBF公式172校と一致。
SCH003155,大阪国際高等学校,大阪国際高等学校,大阪国際高等学校,,大阪国際高等学校,27,守口市,,private,high_school,active,SRC000208,2026-10-03,2026年5月末硬式加盟校として登録。現行OmyuTech加盟校173校から、2026年8月新規加盟の明浄学院を基準日後加盟として除外し、JHBF公式172校と一致。
SCH003156,大阪産業大学附属高等学校,大阪産業大学附属高等学校,大阪産業大学附属高等学校,,大阪産業大学附属高等学校,27,大阪市,,private,high_school,active,SRC000208,2026-10-03,2026年5月末硬式加盟校として登録。現行OmyuTech加盟校173校から、2026年8月新規加盟の明浄学院を基準日後加盟として除外し、JHBF公式172校と一致。
SCH003157,大阪商業大学高等学校,大阪商業大学高等学校,大阪商業大学高等学校,,大阪商業大学高等学校,27,東大阪市,,private,high_school,active,SRC000208,2026-10-03,2026年5月末硬式加盟校として登録。現行OmyuTech加盟校173校から、2026年8月新規加盟の明浄学院を基準日後加盟として除外し、JHBF公式172校と一致。
SCH003158,大阪商業大学堺高等学校,大阪商業大学堺高等学校,大阪商業大学堺高等学校,,大阪商業大学堺高等学校,27,堺市,,private,high_school,active,SRC000208,2026-10-03,2026年5月末硬式加盟校として登録。現行OmyuTech加盟校173校から、2026年8月新規加盟の明浄学院を基準日後加盟として除外し、JHBF公式172校と一致。
SCH003159,大阪星光学院高等学校,大阪星光学院高等学校,大阪星光学院高等学校,,大阪星光学院高等学校,27,大阪市,,private,high_school,active,SRC000208,2026-10-03,2026年5月末硬式加盟校として登録。現行OmyuTech加盟校173校から、2026年8月新規加盟の明浄学院を基準日後加盟として除外し、JHBF公式172校と一致。
SCH003160,大阪青凌高等学校,大阪青凌高等学校,大阪青凌高等学校,,大阪青凌高等学校,27,島本町,,private,high_school,active,SRC000208,2026-10-03,2026年5月末硬式加盟校として登録。現行OmyuTech加盟校173校から、2026年8月新規加盟の明浄学院を基準日後加盟として除外し、JHBF公式172校と一致。
SCH003161,大阪体育大学浪商高等学校,大阪体育大学浪商高等学校,大阪体育大学浪商高等学校,,大阪体育大学浪商高等学校,27,熊取町,,private,high_school,active,SRC000208,2026-10-03,2026年5月末硬式加盟校として登録。現行OmyuTech加盟校173校から、2026年8月新規加盟の明浄学院を基準日後加盟として除外し、JHBF公式172校と一致。
SCH003162,大阪電気通信大学高等学校,大阪電気通信大学高等学校,大阪電気通信大学高等学校,,大阪電気通信大学高等学校,27,寝屋川市,,private,high_school,active,SRC000208,2026-10-03,2026年5月末硬式加盟校として登録。現行OmyuTech加盟校173校から、2026年8月新規加盟の明浄学院を基準日後加盟として除外し、JHBF公式172校と一致。
SCH003163,大阪桐蔭高等学校,大阪桐蔭高等学校,大阪桐蔭高等学校,,大阪桐蔭高等学校,27,大東市,,private,high_school,active,SRC000208,2026-10-03,2026年5月末硬式加盟校として登録。現行OmyuTech加盟校173校から、2026年8月新規加盟の明浄学院を基準日後加盟として除外し、JHBF公式172校と一致。
SCH003164,利晶学園大阪立命館高等学校,利晶学園大阪立命館高等学校,利晶学園大阪立命館高等学校,,利晶学園大阪立命館高等学校,27,堺市,,private,high_school,active,SRC000208,2026-10-03,2026年5月末硬式加盟校として登録。現行OmyuTech加盟校173校から、2026年8月新規加盟の明浄学院を基準日後加盟として除外し、JHBF公式172校と一致。
SCH003165,開明高等学校,開明高等学校,開明高等学校,,開明高等学校,27,大阪市,,private,high_school,active,SRC000208,2026-10-03,2026年5月末硬式加盟校として登録。現行OmyuTech加盟校173校から、2026年8月新規加盟の明浄学院を基準日後加盟として除外し、JHBF公式172校と一致。
SCH003166,関西大倉高等学校,関西大倉高等学校,関西大倉高等学校,,関西大倉高等学校,27,茨木市,,private,high_school,active,SRC000208,2026-10-03,2026年5月末硬式加盟校として登録。現行OmyuTech加盟校173校から、2026年8月新規加盟の明浄学院を基準日後加盟として除外し、JHBF公式172校と一致。
SCH003167,関西創価高等学校,関西創価高等学校,関西創価高等学校,,関西創価高等学校,27,交野市,,private,high_school,active,SRC000208,2026-10-03,2026年5月末硬式加盟校として登録。現行OmyuTech加盟校173校から、2026年8月新規加盟の明浄学院を基準日後加盟として除外し、JHBF公式172校と一致。
SCH003168,関西大学第一高等学校,関西大学第一高等学校,関西大学第一高等学校,,関西大学第一高等学校,27,吹田市,,private,high_school,active,SRC000208,2026-10-03,2026年5月末硬式加盟校として登録。現行OmyuTech加盟校173校から、2026年8月新規加盟の明浄学院を基準日後加盟として除外し、JHBF公式172校と一致。
SCH003169,関西大学北陽高等学校,関西大学北陽高等学校,関西大学北陽高等学校,,関西大学北陽高等学校,27,大阪市,,private,high_school,active,SRC000208,2026-10-03,2026年5月末硬式加盟校として登録。現行OmyuTech加盟校173校から、2026年8月新規加盟の明浄学院を基準日後加盟として除外し、JHBF公式172校と一致。
SCH003170,近畿大学泉州高等学校,近畿大学泉州高等学校,近畿大学泉州高等学校,,近畿大学泉州高等学校,27,岸和田市,,private,high_school,active,SRC000208,2026-10-03,2026年5月末硬式加盟校として登録。現行OmyuTech加盟校173校から、2026年8月新規加盟の明浄学院を基準日後加盟として除外し、JHBF公式172校と一致。
SCH003171,近畿大学附属高等学校,近畿大学附属高等学校,近畿大学附属高等学校,,近畿大学附属高等学校,27,東大阪市,,private,high_school,active,SRC000208,2026-10-03,2026年5月末硬式加盟校として登録。現行OmyuTech加盟校173校から、2026年8月新規加盟の明浄学院を基準日後加盟として除外し、JHBF公式172校と一致。
SCH003172,興國高等学校,興國高等学校,興國高等学校,,興國高等学校,27,大阪市,,private,high_school,active,SRC000208,2026-10-03,2026年5月末硬式加盟校として登録。現行OmyuTech加盟校173校から、2026年8月新規加盟の明浄学院を基準日後加盟として除外し、JHBF公式172校と一致。
SCH003173,金光大阪高等学校,金光大阪高等学校,金光大阪高等学校,,金光大阪高等学校,27,高槻市,,private,high_school,active,SRC000208,2026-10-03,2026年5月末硬式加盟校として登録。現行OmyuTech加盟校173校から、2026年8月新規加盟の明浄学院を基準日後加盟として除外し、JHBF公式172校と一致。
SCH003174,金光八尾高等学校,金光八尾高等学校,金光八尾高等学校,,金光八尾高等学校,27,八尾市,,private,high_school,active,SRC000208,2026-10-03,2026年5月末硬式加盟校として登録。現行OmyuTech加盟校173校から、2026年8月新規加盟の明浄学院を基準日後加盟として除外し、JHBF公式172校と一致。
SCH003175,常翔学園高等学校,常翔学園高等学校,常翔学園高等学校,,常翔学園高等学校,27,大阪市,,private,high_school,active,SRC000208,2026-10-03,2026年5月末硬式加盟校として登録。現行OmyuTech加盟校173校から、2026年8月新規加盟の明浄学院を基準日後加盟として除外し、JHBF公式172校と一致。
SCH003176,常翔啓光学園高等学校,常翔啓光学園高等学校,常翔啓光学園高等学校,,常翔啓光学園高等学校,27,枚方市,,private,high_school,active,SRC000208,2026-10-03,2026年5月末硬式加盟校として登録。現行OmyuTech加盟校173校から、2026年8月新規加盟の明浄学院を基準日後加盟として除外し、JHBF公式172校と一致。
SCH003177,精華高等学校,精華高等学校,精華高等学校,,精華高等学校,27,堺市,,private,high_school,active,SRC000208,2026-10-03,2026年5月末硬式加盟校として登録。現行OmyuTech加盟校173校から、2026年8月新規加盟の明浄学院を基準日後加盟として除外し、JHBF公式172校と一致。
SCH003178,清教学園高等学校,清教学園高等学校,清教学園高等学校,,清教学園高等学校,27,河内長野市,,private,high_school,active,SRC000208,2026-10-03,2026年5月末硬式加盟校として登録。現行OmyuTech加盟校173校から、2026年8月新規加盟の明浄学院を基準日後加盟として除外し、JHBF公式172校と一致。
SCH003179,星翔高等学校,星翔高等学校,星翔高等学校,,星翔高等学校,27,摂津市,,private,high_school,active,SRC000208,2026-10-03,2026年5月末硬式加盟校として登録。現行OmyuTech加盟校173校から、2026年8月新規加盟の明浄学院を基準日後加盟として除外し、JHBF公式172校と一致。
SCH003180,大商学園高等学校,大商学園高等学校,大商学園高等学校,,大商学園高等学校,27,豊中市,,private,high_school,active,SRC000208,2026-10-03,2026年5月末硬式加盟校として登録。現行OmyuTech加盟校173校から、2026年8月新規加盟の明浄学院を基準日後加盟として除外し、JHBF公式172校と一致。
SCH003181,太成学院大学高等学校,太成学院大学高等学校,太成学院大学高等学校,,太成学院大学高等学校,27,大東市,,private,high_school,active,SRC000208,2026-10-03,2026年5月末硬式加盟校として登録。現行OmyuTech加盟校173校から、2026年8月新規加盟の明浄学院を基準日後加盟として除外し、JHBF公式172校と一致。
SCH003182,高槻高等学校,高槻高等学校,高槻高等学校,,高槻高等学校,27,高槻市,,private,high_school,active,SRC000208,2026-10-03,2026年5月末硬式加盟校として登録。現行OmyuTech加盟校173校から、2026年8月新規加盟の明浄学院を基準日後加盟として除外し、JHBF公式172校と一致。
SCH003183,東海大学付属大阪仰星高等学校,東海大学付属大阪仰星高等学校,東海大学付属大阪仰星高等学校,,東海大学付属大阪仰星高等学校,27,枚方市,,private,high_school,active,SRC000208,2026-10-03,2026年5月末硬式加盟校として登録。現行OmyuTech加盟校173校から、2026年8月新規加盟の明浄学院を基準日後加盟として除外し、JHBF公式172校と一致。
SCH003184,同志社香里高等学校,同志社香里高等学校,同志社香里高等学校,,同志社香里高等学校,27,寝屋川市,,private,high_school,active,SRC000208,2026-10-03,2026年5月末硬式加盟校として登録。現行OmyuTech加盟校173校から、2026年8月新規加盟の明浄学院を基準日後加盟として除外し、JHBF公式172校と一致。
SCH003185,浪速高等学校,浪速高等学校,浪速高等学校,,浪速高等学校,27,大阪市,,private,high_school,active,SRC000208,2026-10-03,2026年5月末硬式加盟校として登録。現行OmyuTech加盟校173校から、2026年8月新規加盟の明浄学院を基準日後加盟として除外し、JHBF公式172校と一致。
SCH003186,羽衣学園高等学校,羽衣学園高等学校,羽衣学園高等学校,,羽衣学園高等学校,27,高石市,,private,high_school,active,SRC000208,2026-10-03,2026年5月末硬式加盟校として登録。現行OmyuTech加盟校173校から、2026年8月新規加盟の明浄学院を基準日後加盟として除外し、JHBF公式172校と一致。
SCH003187,阪南大学高等学校,阪南大学高等学校,阪南大学高等学校,,阪南大学高等学校,27,松原市,,private,high_school,active,SRC000208,2026-10-03,2026年5月末硬式加盟校として登録。現行OmyuTech加盟校173校から、2026年8月新規加盟の明浄学院を基準日後加盟として除外し、JHBF公式172校と一致。
SCH003188,東大阪大学柏原高等学校,東大阪大学柏原高等学校,東大阪大学柏原高等学校,,東大阪大学柏原高等学校,27,柏原市,,private,high_school,active,SRC000208,2026-10-03,2026年5月末硬式加盟校として登録。現行OmyuTech加盟校173校から、2026年8月新規加盟の明浄学院を基準日後加盟として除外し、JHBF公式172校と一致。
SCH003189,箕面学園高等学校,箕面学園高等学校,箕面学園高等学校,,箕面学園高等学校,27,箕面市,,private,high_school,active,SRC000208,2026-10-03,2026年5月末硬式加盟校として登録。現行OmyuTech加盟校173校から、2026年8月新規加盟の明浄学院を基準日後加盟として除外し、JHBF公式172校と一致。
SCH003190,箕面自由学園高等学校,箕面自由学園高等学校,箕面自由学園高等学校,,箕面自由学園高等学校,27,豊中市,,private,high_school,active,SRC000208,2026-10-03,2026年5月末硬式加盟校として登録。現行OmyuTech加盟校173校から、2026年8月新規加盟の明浄学院を基準日後加盟として除外し、JHBF公式172校と一致。
SCH003191,明星高等学校,明星高等学校,明星高等学校,,明星高等学校,27,大阪市,,private,high_school,active,SRC000208,2026-10-03,2026年5月末硬式加盟校として登録。現行OmyuTech加盟校173校から、2026年8月新規加盟の明浄学院を基準日後加盟として除外し、JHBF公式172校と一致。
SCH003192,桃山学院高等学校,桃山学院高等学校,桃山学院高等学校,,桃山学院高等学校,27,大阪市,,private,high_school,active,SRC000208,2026-10-03,2026年5月末硬式加盟校として登録。現行OmyuTech加盟校173校から、2026年8月新規加盟の明浄学院を基準日後加盟として除外し、JHBF公式172校と一致。
SCH003193,履正社高等学校,履正社高等学校,履正社高等学校,,履正社高等学校,27,豊中市,,private,high_school,active,SRC000208,2026-10-03,2026年5月末硬式加盟校として登録。現行OmyuTech加盟校173校から、2026年8月新規加盟の明浄学院を基準日後加盟として除外し、JHBF公式172校と一致。
SCH003194,早稲田大阪高等学校,早稲田大阪高等学校,早稲田大阪高等学校,,早稲田大阪高等学校,27,茨木市,,private,high_school,active,SRC000208,2026-10-03,2026年5月末硬式加盟校として登録。現行OmyuTech加盟校173校から、2026年8月新規加盟の明浄学院を基準日後加盟として除外し、JHBF公式172校と一致。
SCH003195,大阪府立淀商業高等学校,大阪府立淀商業高等学校,大阪府立淀商業高等学校,,大阪府立淀商業高等学校,27,大阪市,,prefectural,high_school,active,SRC000208,2026-10-03,2026年5月末硬式加盟校として登録。現行OmyuTech加盟校173校から、2026年8月新規加盟の明浄学院を基準日後加盟として除外し、JHBF公式172校と一致。
SCH003196,大阪公立大学工業高等専門学校,大阪公立大学工業高等専門学校,大阪公立大学工業高等専門学校,,大阪公立大学工業高等専門学校,27,寝屋川市,,municipal,technical_college,active,SRC000208,2026-10-03,2026年5月末硬式加盟校として登録。現行OmyuTech加盟校173校から、2026年8月新規加盟の明浄学院を基準日後加盟として除外し、JHBF公式172校と一致。
SCH003197,大阪府立茨木工科高等学校,大阪府立茨木工科高等学校,大阪府立茨木工科高等学校,,大阪府立茨木工科高等学校,27,茨木市,,prefectural,high_school,active,SRC000208,2026-10-03,2026年5月末硬式加盟校として登録。現行OmyuTech加盟校173校から、2026年8月新規加盟の明浄学院を基準日後加盟として除外し、JHBF公式172校と一致。
SCH003198,大阪府立今宮工科高等学校,大阪府立今宮工科高等学校,大阪府立今宮工科高等学校,,大阪府立今宮工科高等学校,27,大阪市,,prefectural,high_school,active,SRC000208,2026-10-03,2026年5月末硬式加盟校として登録。現行OmyuTech加盟校173校から、2026年8月新規加盟の明浄学院を基準日後加盟として除外し、JHBF公式172校と一致。
SCH003199,大阪府立堺工科高等学校,大阪府立堺工科高等学校,大阪府立堺工科高等学校,,大阪府立堺工科高等学校,27,堺市,,prefectural,high_school,active,SRC000208,2026-10-03,2026年5月末硬式加盟校として登録。現行OmyuTech加盟校173校から、2026年8月新規加盟の明浄学院を基準日後加盟として除外し、JHBF公式172校と一致。
SCH003200,大阪府立佐野工科高等学校,大阪府立佐野工科高等学校,大阪府立佐野工科高等学校,,大阪府立佐野工科高等学校,27,泉佐野市,,prefectural,high_school,active,SRC000208,2026-10-03,2026年5月末硬式加盟校として登録。現行OmyuTech加盟校173校から、2026年8月新規加盟の明浄学院を基準日後加盟として除外し、JHBF公式172校と一致。
SCH003201,大阪府立西野田工科高等学校,大阪府立西野田工科高等学校,大阪府立西野田工科高等学校,,大阪府立西野田工科高等学校,27,大阪市,,prefectural,high_school,active,SRC000208,2026-10-03,2026年5月末硬式加盟校として登録。現行OmyuTech加盟校173校から、2026年8月新規加盟の明浄学院を基準日後加盟として除外し、JHBF公式172校と一致。
SCH003202,大阪府立藤井寺工科高等学校,大阪府立藤井寺工科高等学校,大阪府立藤井寺工科高等学校,,大阪府立藤井寺工科高等学校,27,藤井寺市,,prefectural,high_school,active,SRC000208,2026-10-03,2026年5月末硬式加盟校として登録。現行OmyuTech加盟校173校から、2026年8月新規加盟の明浄学院を基準日後加盟として除外し、JHBF公式172校と一致。
SCH003203,大阪府立都島工業高等学校,大阪府立都島工業高等学校,大阪府立都島工業高等学校,,大阪府立都島工業高等学校,27,大阪市,,prefectural,high_school,active,SRC000208,2026-10-03,2026年5月末硬式加盟校として登録。現行OmyuTech加盟校173校から、2026年8月新規加盟の明浄学院を基準日後加盟として除外し、JHBF公式172校と一致。
SCH003204,大阪府立淀川工科高等学校,大阪府立淀川工科高等学校,大阪府立淀川工科高等学校,,大阪府立淀川工科高等学校,27,大阪市,,prefectural,high_school,active,SRC000208,2026-10-03,2026年5月末硬式加盟校として登録。現行OmyuTech加盟校173校から、2026年8月新規加盟の明浄学院を基準日後加盟として除外し、JHBF公式172校と一致。
SCH003205,大阪府立泉尾工業高等学校,大阪府立泉尾工業高等学校,大阪府立泉尾工業高等学校,,大阪府立泉尾工業高等学校,27,大阪市,,prefectural,high_school,active,SRC000208,2026-10-03,2026年5月末硬式加盟校として登録。現行OmyuTech加盟校173校から、2026年8月新規加盟の明浄学院を基準日後加盟として除外し、JHBF公式172校と一致。
SCH003206,大阪府立城東工科高等学校,大阪府立城東工科高等学校,大阪府立城東工科高等学校,,大阪府立城東工科高等学校,27,東大阪市,,prefectural,high_school,active,SRC000208,2026-10-03,2026年5月末硬式加盟校として登録。現行OmyuTech加盟校173校から、2026年8月新規加盟の明浄学院を基準日後加盟として除外し、JHBF公式172校と一致。
SCH003207,大阪府立東淀工業高等学校,大阪府立東淀工業高等学校,大阪府立東淀工業高等学校,,大阪府立東淀工業高等学校,27,大阪市,,prefectural,high_school,active,SRC000208,2026-10-03,2026年5月末硬式加盟校として登録。現行OmyuTech加盟校173校から、2026年8月新規加盟の明浄学院を基準日後加盟として除外し、JHBF公式172校と一致。
SCH003208,大阪府立園芸高等学校,大阪府立園芸高等学校,大阪府立園芸高等学校,,大阪府立園芸高等学校,27,池田市,,prefectural,high_school,active,SRC000208,2026-10-03,2026年5月末硬式加盟校として登録。現行OmyuTech加盟校173校から、2026年8月新規加盟の明浄学院を基準日後加盟として除外し、JHBF公式172校と一致。
SCH003209,大阪府立農芸高等学校,大阪府立農芸高等学校,大阪府立農芸高等学校,,大阪府立農芸高等学校,27,堺市,,prefectural,high_school,active,SRC000208,2026-10-03,2026年5月末硬式加盟校として登録。現行OmyuTech加盟校173校から、2026年8月新規加盟の明浄学院を基準日後加盟として除外し、JHBF公式172校と一致。
SCH003210,大阪府立東大阪みらい工科高等学校,大阪府立東大阪みらい工科高等学校,大阪府立東大阪みらい工科高等学校,,大阪府立東大阪みらい工科高等学校,27,東大阪市,,prefectural,high_school,active,SRC000208,2026-10-03,2026年5月末硬式加盟校として登録。現行OmyuTech加盟校173校から、2026年8月新規加盟の明浄学院を基準日後加盟として除外し、JHBF公式172校と一致。
SCH003211,三浦学苑高等学校,三浦学苑高等学校,三浦学苑高等学校,,三浦学苑高等学校,14,横須賀市,,private,high_school,active,SRC000213,2026-10-03,2026年度硬式加盟校として現行加盟校一覧の硬式ユニーク校から登録。
SCH003212,中央大学附属横浜高等学校,中央大学附属横浜高等学校,中央大学附属横浜高等学校,,中央大学附属横浜高等学校,14,横浜市,,private,high_school,active,SRC000213,2026-10-03,2026年度硬式加盟校として現行加盟校一覧の硬式ユニーク校から登録。
SCH003213,光明学園相模原高等学校,光明学園相模原高等学校,光明学園相模原高等学校,,光明学園相模原高等学校,14,相模原市,,private,high_school,active,SRC000213,2026-10-03,2026年度硬式加盟校として現行加盟校一覧の硬式ユニーク校から登録。
SCH003214,向上高等学校,向上高等学校,向上高等学校,,向上高等学校,14,伊勢原市,,private,high_school,active,SRC000213,2026-10-03,2026年度硬式加盟校として現行加盟校一覧の硬式ユニーク校から登録。
SCH003215,学校法人森村学園,森村学園高等部,森村学園高等部,,森村学園高等部,14,横浜市,,private,high_school,active,SRC000213,2026-10-03,2026年度硬式加盟校として現行加盟校一覧の硬式ユニーク校から登録。 連盟表記「学校法人森村学園」を学校公式表記「森村学園高等部」へ正規化。
SCH003216,サレジオ学院高等学校,サレジオ学院高等学校,サレジオ学院高等学校,,サレジオ学院高等学校,14,横浜市,,private,high_school,active,SRC000213,2026-10-03,2026年度硬式加盟校として現行加盟校一覧の硬式ユニーク校から登録。
SCH003217,山手学院高等学校,山手学院高等学校,山手学院高等学校,,山手学院高等学校,14,横浜市,,private,high_school,active,SRC000213,2026-10-03,2026年度硬式加盟校として現行加盟校一覧の硬式ユニーク校から登録。
SCH003218,川崎市立川崎総合科学高等学校,川崎市立川崎総合科学高等学校,川崎市立川崎総合科学高等学校,,川崎市立川崎総合科学高等学校,14,川崎市,,municipal,high_school,active,SRC000213,2026-10-03,2026年度硬式加盟校として現行加盟校一覧の硬式ユニーク校から登録。
SCH003219,川崎市立川崎高等学校,川崎市立川崎高等学校,川崎市立川崎高等学校,,川崎市立川崎高等学校,14,川崎市,,municipal,high_school,active,SRC000213,2026-10-03,2026年度硬式加盟校として現行加盟校一覧の硬式ユニーク校から登録。
SCH003220,川崎市立幸高等学校,川崎市立幸高等学校,川崎市立幸高等学校,,川崎市立幸高等学校,14,川崎市,,municipal,high_school,active,SRC000213,2026-10-03,2026年度硬式加盟校として現行加盟校一覧の硬式ユニーク校から登録。
SCH003221,川崎市立橘高等学校,川崎市立橘高等学校,川崎市立橘高等学校,,川崎市立橘高等学校,14,川崎市,,municipal,high_school,active,SRC000213,2026-10-03,2026年度硬式加盟校として現行加盟校一覧の硬式ユニーク校から登録。
SCH003222,川崎市立高津高等学校,川崎市立高津高等学校,川崎市立高津高等学校,,川崎市立高津高等学校,14,川崎市,,municipal,high_school,active,SRC000213,2026-10-03,2026年度硬式加盟校として現行加盟校一覧の硬式ユニーク校から登録。
SCH003223,平塚学園高等学校,平塚学園高等学校,平塚学園高等学校,,平塚学園高等学校,14,平塚市,,private,high_school,active,SRC000213,2026-10-03,2026年度硬式加盟校として現行加盟校一覧の硬式ユニーク校から登録。
SCH003224,慶應義塾湘南藤沢高等部,慶應義塾湘南藤沢高等部,慶應義塾湘南藤沢高等部,,慶應義塾湘南藤沢高等部,14,藤沢市,,private,high_school,active,SRC000213,2026-10-03,2026年度硬式加盟校として現行加盟校一覧の硬式ユニーク校から登録。
SCH003225,慶應義塾高等学校,慶應義塾高等学校,慶應義塾高等学校,,慶應義塾高等学校,14,横浜市,,private,high_school,active,SRC000213,2026-10-03,2026年度硬式加盟校として現行加盟校一覧の硬式ユニーク校から登録。
SCH003226,日本大学藤沢高等学校,日本大学藤沢高等学校,日本大学藤沢高等学校,,日本大学藤沢高等学校,14,藤沢市,,private,high_school,active,SRC000213,2026-10-03,2026年度硬式加盟校として現行加盟校一覧の硬式ユニーク校から登録。
SCH003227,日本大学高等学校,日本大学高等学校,日本大学高等学校,,日本大学高等学校,14,横浜市,,private,high_school,active,SRC000213,2026-10-03,2026年度硬式加盟校として現行加盟校一覧の硬式ユニーク校から登録。
SCH003228,旭丘高等学校,旭丘高等学校,旭丘高等学校,,旭丘高等学校,14,小田原市,,private,high_school,active,SRC000213,2026-10-03,2026年度硬式加盟校として現行加盟校一覧の硬式ユニーク校から登録。
SCH003229,星槎国際高等学校湘南,星槎国際高等学校湘南,星槎国際高等学校湘南,,星槎国際高等学校湘南,14,大磯町,,private,high_school,active,SRC000213,2026-10-03,2026年度硬式加盟校として現行加盟校一覧の硬式ユニーク校から登録。
SCH003230,東海大学付属相模高等学校,東海大学付属相模高等学校,東海大学付属相模高等学校,,東海大学付属相模高等学校,14,相模原市,,private,high_school,active,SRC000213,2026-10-03,2026年度硬式加盟校として現行加盟校一覧の硬式ユニーク校から登録。
SCH003231,柏木学園高等学校,柏木学園高等学校,柏木学園高等学校,,柏木学園高等学校,14,大和市,,private,high_school,active,SRC000213,2026-10-03,2026年度硬式加盟校として現行加盟校一覧の硬式ユニーク校から登録。
SCH003232,桐光学園高等学校,桐光学園高等学校,桐光学園高等学校,,桐光学園高等学校,14,川崎市,,private,high_school,active,SRC000213,2026-10-03,2026年度硬式加盟校として現行加盟校一覧の硬式ユニーク校から登録。
SCH003233,桐蔭学園高等学校,桐蔭学園高等学校,桐蔭学園高等学校,,桐蔭学園高等学校,14,横浜市,,private,high_school,active,SRC000213,2026-10-03,2026年度硬式加盟校として現行加盟校一覧の硬式ユニーク校から登録。
SCH003234,横浜創学館高等学校,横浜創学館高等学校,横浜創学館高等学校,,横浜創学館高等学校,14,横浜市,,private,high_school,active,SRC000213,2026-10-03,2026年度硬式加盟校として現行加盟校一覧の硬式ユニーク校から登録。
SCH003235,横浜商科大学高等学校,横浜商科大学高等学校,横浜商科大学高等学校,,横浜商科大学高等学校,14,横浜市,,private,high_school,active,SRC000213,2026-10-03,2026年度硬式加盟校として現行加盟校一覧の硬式ユニーク校から登録。
SCH003236,横浜学園高等学校,横浜学園高等学校,横浜学園高等学校,,横浜学園高等学校,14,横浜市,,private,high_school,active,SRC000213,2026-10-03,2026年度硬式加盟校として現行加盟校一覧の硬式ユニーク校から登録。
SCH003237,横浜市立南高等学校,横浜市立南高等学校,横浜市立南高等学校,,横浜市立南高等学校,14,横浜市,,municipal,high_school,active,SRC000213,2026-10-03,2026年度硬式加盟校として現行加盟校一覧の硬式ユニーク校から登録。
SCH003238,横浜市立戸塚高等学校,横浜市立戸塚高等学校,横浜市立戸塚高等学校,,横浜市立戸塚高等学校,14,横浜市,,municipal,high_school,active,SRC000213,2026-10-03,2026年度硬式加盟校として現行加盟校一覧の硬式ユニーク校から登録。
SCH003239,横浜市立東高等学校,横浜市立東高等学校,横浜市立東高等学校,,横浜市立東高等学校,14,横浜市,,municipal,high_school,active,SRC000213,2026-10-03,2026年度硬式加盟校として現行加盟校一覧の硬式ユニーク校から登録。
SCH003240,横浜市立桜丘高等学校,横浜市立桜丘高等学校,横浜市立桜丘高等学校,,横浜市立桜丘高等学校,14,横浜市,,municipal,high_school,active,SRC000213,2026-10-03,2026年度硬式加盟校として現行加盟校一覧の硬式ユニーク校から登録。
SCH003241,横浜市立横浜商業高等学校,横浜市立横浜商業高等学校,横浜市立横浜商業高等学校,,横浜市立横浜商業高等学校,14,横浜市,,municipal,high_school,active,SRC000213,2026-10-03,2026年度硬式加盟校として現行加盟校一覧の硬式ユニーク校から登録。
SCH003242,横浜市立横浜サイエンスフロンティア高等学校,横浜市立横浜サイエンスフロンティア高等学校,横浜市立横浜サイエンスフロンティア高等学校,,横浜市立横浜サイエンスフロンティア高等学校,14,横浜市,,municipal,high_school,active,SRC000213,2026-10-03,2026年度硬式加盟校として現行加盟校一覧の硬式ユニーク校から登録。
SCH003243,横浜市立金沢高等学校,横浜市立金沢高等学校,横浜市立金沢高等学校,,横浜市立金沢高等学校,14,横浜市,,municipal,high_school,active,SRC000213,2026-10-03,2026年度硬式加盟校として現行加盟校一覧の硬式ユニーク校から登録。
SCH003244,横浜翠陵高等学校,横浜翠陵高等学校,横浜翠陵高等学校,,横浜翠陵高等学校,14,横浜市,,private,high_school,active,SRC000213,2026-10-03,2026年度硬式加盟校として現行加盟校一覧の硬式ユニーク校から登録。
SCH003245,横浜隼人高等学校,横浜隼人高等学校,横浜隼人高等学校,,横浜隼人高等学校,14,横浜市,,private,high_school,active,SRC000213,2026-10-03,2026年度硬式加盟校として現行加盟校一覧の硬式ユニーク校から登録。
SCH003246,横浜高等学校,横浜高等学校,横浜高等学校,,横浜高等学校,14,横浜市,,private,high_school,active,SRC000213,2026-10-03,2026年度硬式加盟校として現行加盟校一覧の硬式ユニーク校から登録。
SCH003247,横須賀学院高等学校,横須賀学院高等学校,横須賀学院高等学校,,横須賀学院高等学校,14,横須賀市,,private,high_school,active,SRC000213,2026-10-03,2026年度硬式加盟校として現行加盟校一覧の硬式ユニーク校から登録。
SCH003248,横須賀市立横須賀総合高等学校,横須賀市立横須賀総合高等学校,横須賀市立横須賀総合高等学校,,横須賀市立横須賀総合高等学校,14,横須賀市,,municipal,high_school,active,SRC000213,2026-10-03,2026年度硬式加盟校として現行加盟校一覧の硬式ユニーク校から登録。
SCH003249,橘学苑高等学校,橘学苑高等学校,橘学苑高等学校,,橘学苑高等学校,14,横浜市,,private,high_school,active,SRC000213,2026-10-03,2026年度硬式加盟校として現行加盟校一覧の硬式ユニーク校から登録。
SCH003250,武相高等学校,武相高等学校,武相高等学校,,武相高等学校,14,横浜市,,private,high_school,active,SRC000213,2026-10-03,2026年度硬式加盟校として現行加盟校一覧の硬式ユニーク校から登録。
SCH003251,法政大学第二高等学校,法政大学第二高等学校,法政大学第二高等学校,,法政大学第二高等学校,14,川崎市,,private,high_school,active,SRC000213,2026-10-03,2026年度硬式加盟校として現行加盟校一覧の硬式ユニーク校から登録。
SCH003252,浅野高等学校,浅野高等学校,浅野高等学校,,浅野高等学校,14,横浜市,,private,high_school,active,SRC000213,2026-10-03,2026年度硬式加盟校として現行加盟校一覧の硬式ユニーク校から登録。
SCH003253,湘南学園高等学校,湘南学園高等学校,湘南学園高等学校,,湘南学園高等学校,14,藤沢市,,private,high_school,active,SRC000213,2026-10-03,2026年度硬式加盟校として現行加盟校一覧の硬式ユニーク校から登録。
SCH003254,湘南学院高等学校,湘南学院高等学校,湘南学院高等学校,,湘南学院高等学校,14,横須賀市,,private,high_school,active,SRC000213,2026-10-03,2026年度硬式加盟校として現行加盟校一覧の硬式ユニーク校から登録。
SCH003255,湘南工科大学附属高等学校,湘南工科大学附属高等学校,湘南工科大学附属高等学校,,湘南工科大学附属高等学校,14,藤沢市,,private,high_school,active,SRC000213,2026-10-03,2026年度硬式加盟校として現行加盟校一覧の硬式ユニーク校から登録。
SCH003256,アレセイア湘南高等学校,アレセイア湘南高等学校,アレセイア湘南高等学校,,アレセイア湘南高等学校,14,茅ヶ崎市,,private,high_school,active,SRC000213,2026-10-03,2026年度硬式加盟校として現行加盟校一覧の硬式ユニーク校から登録。
SCH003257,相洋高等学校,相洋高等学校,相洋高等学校,,相洋高等学校,14,小田原市,,private,high_school,active,SRC000213,2026-10-03,2026年度硬式加盟校として現行加盟校一覧の硬式ユニーク校から登録。
SCH003258,神奈川大学附属高等学校,神奈川大学附属高等学校,神奈川大学附属高等学校,,神奈川大学附属高等学校,14,横浜市,,private,high_school,active,SRC000213,2026-10-03,2026年度硬式加盟校として現行加盟校一覧の硬式ユニーク校から登録。
SCH003259,神奈川県立七里ガ浜高等学校,神奈川県立七里ガ浜高等学校,神奈川県立七里ガ浜高等学校,,神奈川県立七里ガ浜高等学校,14,鎌倉市,,prefectural,high_school,active,SRC000213,2026-10-03,2026年度硬式加盟校として現行加盟校一覧の硬式ユニーク校から登録。
SCH003260,神奈川県立上溝南高等学校,神奈川県立上溝南高等学校,神奈川県立上溝南高等学校,,神奈川県立上溝南高等学校,14,相模原市,,prefectural,high_school,active,SRC000213,2026-10-03,2026年度硬式加盟校として現行加盟校一覧の硬式ユニーク校から登録。
SCH003261,神奈川県立上溝高等学校,神奈川県立上溝高等学校,神奈川県立上溝高等学校,,神奈川県立上溝高等学校,14,相模原市,,prefectural,high_school,active,SRC000213,2026-10-03,2026年度硬式加盟校として現行加盟校一覧の硬式ユニーク校から登録。
SCH003262,神奈川県立上矢部高等学校,神奈川県立上矢部高等学校,神奈川県立上矢部高等学校,,神奈川県立上矢部高等学校,14,横浜市,,prefectural,high_school,active,SRC000213,2026-10-03,2026年度硬式加盟校として現行加盟校一覧の硬式ユニーク校から登録。
SCH003263,神奈川県立上鶴間高等学校,神奈川県立上鶴間高等学校,神奈川県立上鶴間高等学校,,神奈川県立上鶴間高等学校,14,相模原市,,prefectural,high_school,active,SRC000213,2026-10-03,2026年度硬式加盟校として現行加盟校一覧の硬式ユニーク校から登録。
SCH003264,神奈川県立中央農業高等学校,神奈川県立中央農業高等学校,神奈川県立中央農業高等学校,,神奈川県立中央農業高等学校,14,海老名市,,prefectural,high_school,active,SRC000213,2026-10-03,2026年度硬式加盟校として現行加盟校一覧の硬式ユニーク校から登録。
SCH003265,神奈川県立二宮高等学校,神奈川県立二宮高等学校,神奈川県立二宮高等学校,,神奈川県立二宮高等学校,14,二宮町,,prefectural,high_school,active,SRC000213,2026-10-03,2026年度硬式加盟校として現行加盟校一覧の硬式ユニーク校から登録。
SCH003266,神奈川県立伊勢原高等学校,神奈川県立伊勢原高等学校,神奈川県立伊勢原高等学校,,神奈川県立伊勢原高等学校,14,伊勢原市,,prefectural,high_school,active,SRC000213,2026-10-03,2026年度硬式加盟校として現行加盟校一覧の硬式ユニーク校から登録。
SCH003267,神奈川県立伊志田高等学校,神奈川県立伊志田高等学校,神奈川県立伊志田高等学校,,神奈川県立伊志田高等学校,14,伊勢原市,,prefectural,high_school,active,SRC000213,2026-10-03,2026年度硬式加盟校として現行加盟校一覧の硬式ユニーク校から登録。
SCH003268,神奈川県立住吉高等学校,神奈川県立住吉高等学校,神奈川県立住吉高等学校,,神奈川県立住吉高等学校,14,川崎市,,prefectural,high_school,active,SRC000213,2026-10-03,2026年度硬式加盟校として現行加盟校一覧の硬式ユニーク校から登録。
SCH003269,神奈川県立保土ケ谷高等学校,神奈川県立保土ケ谷高等学校,神奈川県立保土ケ谷高等学校,,神奈川県立保土ケ谷高等学校,14,横浜市,,prefectural,high_school,active,SRC000213,2026-10-03,2026年度硬式加盟校として現行加盟校一覧の硬式ユニーク校から登録。
SCH003270,神奈川県立元石川高等学校,神奈川県立元石川高等学校,神奈川県立元石川高等学校,,神奈川県立元石川高等学校,14,横浜市,,prefectural,high_school,active,SRC000213,2026-10-03,2026年度硬式加盟校として現行加盟校一覧の硬式ユニーク校から登録。
SCH003271,神奈川県立光陵高等学校,神奈川県立光陵高等学校,神奈川県立光陵高等学校,,神奈川県立光陵高等学校,14,横浜市,,prefectural,high_school,active,SRC000213,2026-10-03,2026年度硬式加盟校として現行加盟校一覧の硬式ユニーク校から登録。
SCH003272,神奈川県立厚木北高等学校,神奈川県立厚木北高等学校,神奈川県立厚木北高等学校,,神奈川県立厚木北高等学校,14,厚木市,,prefectural,high_school,active,SRC000213,2026-10-03,2026年度硬式加盟校として現行加盟校一覧の硬式ユニーク校から登録。
SCH003273,神奈川県立厚木清南高等学校,神奈川県立厚木清南高等学校,神奈川県立厚木清南高等学校,,神奈川県立厚木清南高等学校,14,厚木市,,prefectural,high_school,active,SRC000213,2026-10-03,2026年度硬式加盟校として現行加盟校一覧の硬式ユニーク校から登録。
SCH003274,神奈川県立厚木西高等学校,神奈川県立厚木西高等学校,神奈川県立厚木西高等学校,,神奈川県立厚木西高等学校,14,厚木市,,prefectural,high_school,active,SRC000213,2026-10-03,2026年度硬式加盟校として現行加盟校一覧の硬式ユニーク校から登録。
SCH003275,神奈川県立厚木高等学校,神奈川県立厚木高等学校,神奈川県立厚木高等学校,,神奈川県立厚木高等学校,14,厚木市,,prefectural,high_school,active,SRC000213,2026-10-03,2026年度硬式加盟校として現行加盟校一覧の硬式ユニーク校から登録。
SCH003276,神奈川県立吉田島高等学校,神奈川県立吉田島高等学校,神奈川県立吉田島高等学校,,神奈川県立吉田島高等学校,14,開成町,,prefectural,high_school,active,SRC000213,2026-10-03,2026年度硬式加盟校として現行加盟校一覧の硬式ユニーク校から登録。 2026夏大会は不参加だが加盟校一覧掲載のため加盟維持。
SCH003277,神奈川県立向の岡工業高等学校,神奈川県立向の岡工業高等学校,神奈川県立向の岡工業高等学校,,神奈川県立向の岡工業高等学校,14,川崎市,,prefectural,high_school,active,SRC000213,2026-10-03,2026年度硬式加盟校として現行加盟校一覧の硬式ユニーク校から登録。
SCH003278,神奈川県立商工高等学校,神奈川県立商工高等学校,神奈川県立商工高等学校,,神奈川県立商工高等学校,14,横浜市,,prefectural,high_school,active,SRC000213,2026-10-03,2026年度硬式加盟校として現行加盟校一覧の硬式ユニーク校から登録。
SCH003279,神奈川県立城郷高等学校,神奈川県立城郷高等学校,神奈川県立城郷高等学校,,神奈川県立城郷高等学校,14,横浜市,,prefectural,high_school,active,SRC000213,2026-10-03,2026年度硬式加盟校として現行加盟校一覧の硬式ユニーク校から登録。
SCH003280,神奈川県立多摩高等学校,神奈川県立多摩高等学校,神奈川県立多摩高等学校,,神奈川県立多摩高等学校,14,川崎市,,prefectural,high_school,active,SRC000213,2026-10-03,2026年度硬式加盟校として現行加盟校一覧の硬式ユニーク校から登録。
SCH003281,神奈川県立大和南高等学校,神奈川県立大和南高等学校,神奈川県立大和南高等学校,,神奈川県立大和南高等学校,14,大和市,,prefectural,high_school,active,SRC000213,2026-10-03,2026年度硬式加盟校として現行加盟校一覧の硬式ユニーク校から登録。
SCH003282,神奈川県立大和東高等学校,神奈川県立大和東高等学校,神奈川県立大和東高等学校,,神奈川県立大和東高等学校,14,大和市,,prefectural,high_school,active,SRC000213,2026-10-03,2026年度硬式加盟校として現行加盟校一覧の硬式ユニーク校から登録。
SCH003283,神奈川県立大和西高等学校,神奈川県立大和西高等学校,神奈川県立大和西高等学校,,神奈川県立大和西高等学校,14,大和市,,prefectural,high_school,active,SRC000213,2026-10-03,2026年度硬式加盟校として現行加盟校一覧の硬式ユニーク校から登録。
SCH003284,神奈川県立大和高等学校,神奈川県立大和高等学校,神奈川県立大和高等学校,,神奈川県立大和高等学校,14,大和市,,prefectural,high_school,active,SRC000213,2026-10-03,2026年度硬式加盟校として現行加盟校一覧の硬式ユニーク校から登録。
SCH003285,神奈川県立大師高等学校,神奈川県立大師高等学校,神奈川県立大師高等学校,,神奈川県立大師高等学校,14,川崎市,,prefectural,high_school,active,SRC000213,2026-10-03,2026年度硬式加盟校として現行加盟校一覧の硬式ユニーク校から登録。
SCH003286,神奈川県立大磯高等学校,神奈川県立大磯高等学校,神奈川県立大磯高等学校,,神奈川県立大磯高等学校,14,大磯町,,prefectural,high_school,active,SRC000213,2026-10-03,2026年度硬式加盟校として現行加盟校一覧の硬式ユニーク校から登録。
SCH003287,神奈川県立大船高等学校,神奈川県立大船高等学校,神奈川県立大船高等学校,,神奈川県立大船高等学校,14,鎌倉市,,prefectural,high_school,active,SRC000213,2026-10-03,2026年度硬式加盟校として現行加盟校一覧の硬式ユニーク校から登録。
SCH003288,神奈川県立寒川高等学校,神奈川県立寒川高等学校,神奈川県立寒川高等学校,,神奈川県立寒川高等学校,14,寒川町,,prefectural,high_school,active,SRC000213,2026-10-03,2026年度硬式加盟校として現行加盟校一覧の硬式ユニーク校から登録。
SCH003289,神奈川県立小田原高等学校,神奈川県立小田原高等学校,神奈川県立小田原高等学校,,神奈川県立小田原高等学校,14,小田原市,,prefectural,high_school,active,SRC000213,2026-10-03,2026年度硬式加盟校として現行加盟校一覧の硬式ユニーク校から登録。
SCH003290,神奈川県立山北高等学校,神奈川県立山北高等学校,神奈川県立山北高等学校,,神奈川県立山北高等学校,14,山北町,,prefectural,high_school,active,SRC000213,2026-10-03,2026年度硬式加盟校として現行加盟校一覧の硬式ユニーク校から登録。
SCH003291,神奈川県立岸根高等学校,神奈川県立岸根高等学校,神奈川県立岸根高等学校,,神奈川県立岸根高等学校,14,横浜市,,prefectural,high_school,active,SRC000213,2026-10-03,2026年度硬式加盟校として現行加盟校一覧の硬式ユニーク校から登録。
SCH003292,神奈川県立川和高等学校,神奈川県立川和高等学校,神奈川県立川和高等学校,,神奈川県立川和高等学校,14,横浜市,,prefectural,high_school,active,SRC000213,2026-10-03,2026年度硬式加盟校として現行加盟校一覧の硬式ユニーク校から登録。
SCH003293,神奈川県立川崎北高等学校,神奈川県立川崎北高等学校,神奈川県立川崎北高等学校,,神奈川県立川崎北高等学校,14,川崎市,,prefectural,high_school,active,SRC000213,2026-10-03,2026年度硬式加盟校として現行加盟校一覧の硬式ユニーク校から登録。
SCH003294,神奈川県立川崎工科高等学校,神奈川県立川崎工科高等学校,神奈川県立川崎工科高等学校,,神奈川県立川崎工科高等学校,14,川崎市,,prefectural,high_school,active,SRC000213,2026-10-03,2026年度硬式加盟校として現行加盟校一覧の硬式ユニーク校から登録。
SCH003295,神奈川県立川崎高等学校,神奈川県立川崎高等学校,神奈川県立川崎高等学校,,神奈川県立川崎高等学校,14,川崎市,,prefectural,high_school,active,SRC000213,2026-10-03,2026年度硬式加盟校として現行加盟校一覧の硬式ユニーク校から登録。
SCH003296,神奈川県立市ケ尾高等学校,神奈川県立市ケ尾高等学校,神奈川県立市ケ尾高等学校,,神奈川県立市ケ尾高等学校,14,横浜市,,prefectural,high_school,active,SRC000213,2026-10-03,2026年度硬式加盟校として現行加盟校一覧の硬式ユニーク校から登録。
SCH003297,神奈川県立希望ケ丘高等学校,神奈川県立希望ケ丘高等学校,神奈川県立希望ケ丘高等学校,,神奈川県立希望ケ丘高等学校,14,横浜市,,prefectural,high_school,active,SRC000213,2026-10-03,2026年度硬式加盟校として現行加盟校一覧の硬式ユニーク校から登録。
SCH003298,神奈川県立平塚工科高等学校,神奈川県立平塚工科高等学校,神奈川県立平塚工科高等学校,,神奈川県立平塚工科高等学校,14,平塚市,,prefectural,high_school,active,SRC000213,2026-10-03,2026年度硬式加盟校として現行加盟校一覧の硬式ユニーク校から登録。
SCH003299,神奈川県立平塚江南高等学校,神奈川県立平塚江南高等学校,神奈川県立平塚江南高等学校,,神奈川県立平塚江南高等学校,14,平塚市,,prefectural,high_school,active,SRC000213,2026-10-03,2026年度硬式加盟校として現行加盟校一覧の硬式ユニーク校から登録。
SCH003300,神奈川県立平塚湘風高等学校,神奈川県立平塚湘風高等学校,神奈川県立平塚湘風高等学校,,神奈川県立平塚湘風高等学校,14,平塚市,,prefectural,high_school,active,SRC000213,2026-10-03,2026年度硬式加盟校として現行加盟校一覧の硬式ユニーク校から登録。
SCH003301,神奈川県立座間総合高等学校,神奈川県立座間総合高等学校,神奈川県立座間総合高等学校,,神奈川県立座間総合高等学校,14,座間市,,prefectural,high_school,active,SRC000213,2026-10-03,2026年度硬式加盟校として現行加盟校一覧の硬式ユニーク校から登録。
SCH003302,神奈川県立座間高等学校,神奈川県立座間高等学校,神奈川県立座間高等学校,,神奈川県立座間高等学校,14,座間市,,prefectural,high_school,active,SRC000213,2026-10-03,2026年度硬式加盟校として現行加盟校一覧の硬式ユニーク校から登録。
SCH003303,神奈川県立愛川高等学校,神奈川県立愛川高等学校,神奈川県立愛川高等学校,,神奈川県立愛川高等学校,14,愛川町,,prefectural,high_school,active,SRC000213,2026-10-03,2026年度硬式加盟校として現行加盟校一覧の硬式ユニーク校から登録。 2026夏大会は不参加だが加盟校一覧掲載のため加盟維持。
SCH003304,神奈川県立新城高等学校,神奈川県立新城高等学校,神奈川県立新城高等学校,,神奈川県立新城高等学校,14,川崎市,,prefectural,high_school,active,SRC000213,2026-10-03,2026年度硬式加盟校として現行加盟校一覧の硬式ユニーク校から登録。
SCH003305,神奈川県立新栄高等学校,神奈川県立新栄高等学校,神奈川県立新栄高等学校,,神奈川県立新栄高等学校,14,横浜市,,prefectural,high_school,active,SRC000213,2026-10-03,2026年度硬式加盟校として現行加盟校一覧の硬式ユニーク校から登録。
SCH003306,神奈川県立新羽高等学校,神奈川県立新羽高等学校,神奈川県立新羽高等学校,,神奈川県立新羽高等学校,14,横浜市,,prefectural,high_school,active,SRC000213,2026-10-03,2026年度硬式加盟校として現行加盟校一覧の硬式ユニーク校から登録。
SCH003307,神奈川県立旭高等学校,神奈川県立旭高等学校,神奈川県立旭高等学校,,神奈川県立旭高等学校,14,横浜市,,prefectural,high_school,active,SRC000213,2026-10-03,2026年度硬式加盟校として現行加盟校一覧の硬式ユニーク校から登録。
SCH003308,神奈川県立有馬高等学校,神奈川県立有馬高等学校,神奈川県立有馬高等学校,,神奈川県立有馬高等学校,14,海老名市,,prefectural,high_school,active,SRC000213,2026-10-03,2026年度硬式加盟校として現行加盟校一覧の硬式ユニーク校から登録。
SCH003309,神奈川県立松陽高等学校,神奈川県立松陽高等学校,神奈川県立松陽高等学校,,神奈川県立松陽高等学校,14,横浜市,,prefectural,high_school,active,SRC000213,2026-10-03,2026年度硬式加盟校として現行加盟校一覧の硬式ユニーク校から登録。
SCH003310,神奈川県立柏陽高等学校,神奈川県立柏陽高等学校,神奈川県立柏陽高等学校,,神奈川県立柏陽高等学校,14,横浜市,,prefectural,high_school,active,SRC000213,2026-10-03,2026年度硬式加盟校として現行加盟校一覧の硬式ユニーク校から登録。
SCH003311,神奈川県立横浜南陵高等学校,神奈川県立横浜南陵高等学校,神奈川県立横浜南陵高等学校,,神奈川県立横浜南陵高等学校,14,横浜市,,prefectural,high_school,active,SRC000213,2026-10-03,2026年度硬式加盟校として現行加盟校一覧の硬式ユニーク校から登録。
SCH003312,神奈川県立横浜平沼高等学校,神奈川県立横浜平沼高等学校,神奈川県立横浜平沼高等学校,,神奈川県立横浜平沼高等学校,14,横浜市,,prefectural,high_school,active,SRC000213,2026-10-03,2026年度硬式加盟校として現行加盟校一覧の硬式ユニーク校から登録。
SCH003313,神奈川県立横浜旭陵高等学校,神奈川県立横浜旭陵高等学校,神奈川県立横浜旭陵高等学校,,神奈川県立横浜旭陵高等学校,14,横浜市,,prefectural,high_school,active,SRC000213,2026-10-03,2026年度硬式加盟校として現行加盟校一覧の硬式ユニーク校から登録。
SCH003314,神奈川県立横浜明朋高等学校,神奈川県立横浜明朋高等学校,神奈川県立横浜明朋高等学校,,神奈川県立横浜明朋高等学校,14,横浜市,,prefectural,high_school,active,SRC000213,2026-10-03,2026年度硬式加盟校として現行加盟校一覧の硬式ユニーク校から登録。
SCH003315,神奈川県立横浜栄高等学校,神奈川県立横浜栄高等学校,神奈川県立横浜栄高等学校,,神奈川県立横浜栄高等学校,14,横浜市,,prefectural,high_school,active,SRC000213,2026-10-03,2026年度硬式加盟校として現行加盟校一覧の硬式ユニーク校から登録。
SCH003316,神奈川県立横浜桜陽高等学校,神奈川県立横浜桜陽高等学校,神奈川県立横浜桜陽高等学校,,神奈川県立横浜桜陽高等学校,14,横浜市,,prefectural,high_school,active,SRC000213,2026-10-03,2026年度硬式加盟校として現行加盟校一覧の硬式ユニーク校から登録。
SCH003317,神奈川県立横浜氷取沢高等学校,神奈川県立横浜氷取沢高等学校,神奈川県立横浜氷取沢高等学校,,神奈川県立横浜氷取沢高等学校,14,横浜市,,prefectural,high_school,active,SRC000213,2026-10-03,2026年度硬式加盟校として現行加盟校一覧の硬式ユニーク校から登録。
SCH003318,神奈川県立横浜清陵高等学校,神奈川県立横浜清陵高等学校,神奈川県立横浜清陵高等学校,,神奈川県立横浜清陵高等学校,14,横浜市,,prefectural,high_school,active,SRC000213,2026-10-03,2026年度硬式加盟校として現行加盟校一覧の硬式ユニーク校から登録。
SCH003319,神奈川県立横浜立野高等学校,神奈川県立横浜立野高等学校,神奈川県立横浜立野高等学校,,神奈川県立横浜立野高等学校,14,横浜市,,prefectural,high_school,active,SRC000213,2026-10-03,2026年度硬式加盟校として現行加盟校一覧の硬式ユニーク校から登録。
SCH003320,神奈川県立横浜緑ケ丘高等学校,神奈川県立横浜緑ケ丘高等学校,神奈川県立横浜緑ケ丘高等学校,,神奈川県立横浜緑ケ丘高等学校,14,横浜市,,prefectural,high_school,active,SRC000213,2026-10-03,2026年度硬式加盟校として現行加盟校一覧の硬式ユニーク校から登録。
SCH003321,神奈川県立横浜緑園高等学校,神奈川県立横浜緑園高等学校,神奈川県立横浜緑園高等学校,,神奈川県立横浜緑園高等学校,14,横浜市,,prefectural,high_school,active,SRC000213,2026-10-03,2026年度硬式加盟校として現行加盟校一覧の硬式ユニーク校から登録。
SCH003322,神奈川県立横浜翠嵐高等学校,神奈川県立横浜翠嵐高等学校,神奈川県立横浜翠嵐高等学校,,神奈川県立横浜翠嵐高等学校,14,横浜市,,prefectural,high_school,active,SRC000213,2026-10-03,2026年度硬式加盟校として現行加盟校一覧の硬式ユニーク校から登録。
SCH003323,神奈川県立横須賀南高等学校,神奈川県立横須賀南高等学校,神奈川県立横須賀南高等学校,,神奈川県立横須賀南高等学校,14,横須賀市,,prefectural,high_school,active,SRC000213,2026-10-03,2026年度硬式加盟校として現行加盟校一覧の硬式ユニーク校から登録。 2026夏大会は不参加だが加盟校一覧掲載のため加盟維持。
SCH003324,神奈川県立横須賀大津高等学校,神奈川県立横須賀大津高等学校,神奈川県立横須賀大津高等学校,,神奈川県立横須賀大津高等学校,14,横須賀市,,prefectural,high_school,active,SRC000213,2026-10-03,2026年度硬式加盟校として現行加盟校一覧の硬式ユニーク校から登録。
SCH003325,神奈川県立横須賀工業高等学校,神奈川県立横須賀工業高等学校,神奈川県立横須賀工業高等学校,,神奈川県立横須賀工業高等学校,14,横須賀市,,prefectural,high_school,active,SRC000213,2026-10-03,2026年度硬式加盟校として現行加盟校一覧の硬式ユニーク校から登録。
SCH003326,神奈川県立横須賀高等学校,神奈川県立横須賀高等学校,神奈川県立横須賀高等学校,,神奈川県立横須賀高等学校,14,横須賀市,,prefectural,high_school,active,SRC000213,2026-10-03,2026年度硬式加盟校として現行加盟校一覧の硬式ユニーク校から登録。
SCH003327,神奈川県立橋本高等学校,神奈川県立橋本高等学校,神奈川県立橋本高等学校,,神奈川県立橋本高等学校,14,相模原市,,prefectural,high_school,active,SRC000213,2026-10-03,2026年度硬式加盟校として現行加盟校一覧の硬式ユニーク校から登録。
SCH003328,神奈川県立永谷高等学校,神奈川県立永谷高等学校,神奈川県立永谷高等学校,,神奈川県立永谷高等学校,14,横浜市,,prefectural,high_school,active,SRC000213,2026-10-03,2026年度硬式加盟校として現行加盟校一覧の硬式ユニーク校から登録。
SCH003329,神奈川県立津久井浜高等学校,神奈川県立津久井浜高等学校,神奈川県立津久井浜高等学校,,神奈川県立津久井浜高等学校,14,横須賀市,,prefectural,high_school,active,SRC000213,2026-10-03,2026年度硬式加盟校として現行加盟校一覧の硬式ユニーク校から登録。
SCH003330,神奈川県立津久井高等学校,神奈川県立津久井高等学校,神奈川県立津久井高等学校,,神奈川県立津久井高等学校,14,相模原市,,prefectural,high_school,active,SRC000213,2026-10-03,2026年度硬式加盟校として現行加盟校一覧の硬式ユニーク校から登録。
SCH003331,神奈川県立海洋科学高等学校,神奈川県立海洋科学高等学校,神奈川県立海洋科学高等学校,,神奈川県立海洋科学高等学校,14,横須賀市,,prefectural,high_school,active,SRC000213,2026-10-03,2026年度硬式加盟校として現行加盟校一覧の硬式ユニーク校から登録。
SCH003332,神奈川県立海老名高等学校,神奈川県立海老名高等学校,神奈川県立海老名高等学校,,神奈川県立海老名高等学校,14,海老名市,,prefectural,high_school,active,SRC000213,2026-10-03,2026年度硬式加盟校として現行加盟校一覧の硬式ユニーク校から登録。
SCH003333,神奈川県立深沢高等学校,神奈川県立深沢高等学校,神奈川県立深沢高等学校,,神奈川県立深沢高等学校,14,鎌倉市,,prefectural,high_school,active,SRC000213,2026-10-03,2026年度硬式加盟校として現行加盟校一覧の硬式ユニーク校から登録。
SCH003334,神奈川県立港北高等学校,神奈川県立港北高等学校,神奈川県立港北高等学校,,神奈川県立港北高等学校,14,横浜市,,prefectural,high_school,active,SRC000213,2026-10-03,2026年度硬式加盟校として現行加盟校一覧の硬式ユニーク校から登録。
SCH003335,神奈川県立湘南台高等学校,神奈川県立湘南台高等学校,神奈川県立湘南台高等学校,,神奈川県立湘南台高等学校,14,藤沢市,,prefectural,high_school,active,SRC000213,2026-10-03,2026年度硬式加盟校として現行加盟校一覧の硬式ユニーク校から登録。
SCH003336,神奈川県立湘南高等学校,神奈川県立湘南高等学校,神奈川県立湘南高等学校,,神奈川県立湘南高等学校,14,藤沢市,,prefectural,high_school,active,SRC000213,2026-10-03,2026年度硬式加盟校として現行加盟校一覧の硬式ユニーク校から登録。
SCH003337,神奈川県立生田東高等学校,神奈川県立生田東高等学校,神奈川県立生田東高等学校,,神奈川県立生田東高等学校,14,川崎市,,prefectural,high_school,active,SRC000213,2026-10-03,2026年度硬式加盟校として現行加盟校一覧の硬式ユニーク校から登録。
SCH003338,神奈川県立生田高等学校,神奈川県立生田高等学校,神奈川県立生田高等学校,,神奈川県立生田高等学校,14,川崎市,,prefectural,high_school,active,SRC000213,2026-10-03,2026年度硬式加盟校として現行加盟校一覧の硬式ユニーク校から登録。
SCH003339,神奈川県立白山高等学校,神奈川県立白山高等学校,神奈川県立白山高等学校,,神奈川県立白山高等学校,14,横浜市,,prefectural,high_school,active,SRC000213,2026-10-03,2026年度硬式加盟校として現行加盟校一覧の硬式ユニーク校から登録。
SCH003340,神奈川県立百合丘高等学校,神奈川県立百合丘高等学校,神奈川県立百合丘高等学校,,神奈川県立百合丘高等学校,14,川崎市,,prefectural,high_school,active,SRC000213,2026-10-03,2026年度硬式加盟校として現行加盟校一覧の硬式ユニーク校から登録。
SCH003341,神奈川県立相原高等学校,神奈川県立相原高等学校,神奈川県立相原高等学校,,神奈川県立相原高等学校,14,相模原市,,prefectural,high_school,active,SRC000213,2026-10-03,2026年度硬式加盟校として現行加盟校一覧の硬式ユニーク校から登録。
SCH003342,神奈川県立相模原中等教育学校,神奈川県立相模原中等教育学校,神奈川県立相模原中等教育学校,,神奈川県立相模原中等教育学校,14,相模原市,,prefectural,secondary_school,active,SRC000213,2026-10-03,2026年度硬式加盟校として現行加盟校一覧の硬式ユニーク校から登録。
SCH003343,神奈川県立相模原城山高等学校,神奈川県立相模原城山高等学校,神奈川県立相模原城山高等学校,,神奈川県立相模原城山高等学校,14,相模原市,,prefectural,high_school,active,SRC000213,2026-10-03,2026年度硬式加盟校として現行加盟校一覧の硬式ユニーク校から登録。
SCH003344,神奈川県立相模原弥栄高等学校,神奈川県立相模原弥栄高等学校,神奈川県立相模原弥栄高等学校,,神奈川県立相模原弥栄高等学校,14,相模原市,,prefectural,high_school,active,SRC000213,2026-10-03,2026年度硬式加盟校として現行加盟校一覧の硬式ユニーク校から登録。
SCH003345,神奈川県立相模原高等学校,神奈川県立相模原高等学校,神奈川県立相模原高等学校,,神奈川県立相模原高等学校,14,相模原市,,prefectural,high_school,active,SRC000213,2026-10-03,2026年度硬式加盟校として現行加盟校一覧の硬式ユニーク校から登録。
SCH003346,神奈川県立相模向陽館高等学校,神奈川県立相模向陽館高等学校,神奈川県立相模向陽館高等学校,,神奈川県立相模向陽館高等学校,14,相模原市,,prefectural,high_school,active,SRC000213,2026-10-03,2026年度硬式加盟校として現行加盟校一覧の硬式ユニーク校から登録。
SCH003347,神奈川県立相模田名高等学校,神奈川県立相模田名高等学校,神奈川県立相模田名高等学校,,神奈川県立相模田名高等学校,14,相模原市,,prefectural,high_school,active,SRC000213,2026-10-03,2026年度硬式加盟校として現行加盟校一覧の硬式ユニーク校から登録。
SCH003348,神奈川県立磯子工業高等学校,神奈川県立磯子工業高等学校,神奈川県立磯子工業高等学校,,神奈川県立磯子工業高等学校,14,横浜市,,prefectural,high_school,active,SRC000213,2026-10-03,2026年度硬式加盟校として現行加盟校一覧の硬式ユニーク校から登録。
SCH003349,神奈川県立神奈川工業高等学校,神奈川県立神奈川工業高等学校,神奈川県立神奈川工業高等学校,,神奈川県立神奈川工業高等学校,14,横浜市,,prefectural,high_school,active,SRC000213,2026-10-03,2026年度硬式加盟校として現行加盟校一覧の硬式ユニーク校から登録。
SCH003350,神奈川県立神奈川総合産業高等学校,神奈川県立神奈川総合産業高等学校,神奈川県立神奈川総合産業高等学校,,神奈川県立神奈川総合産業高等学校,14,相模原市,,prefectural,high_school,active,SRC000213,2026-10-03,2026年度硬式加盟校として現行加盟校一覧の硬式ユニーク校から登録。
SCH003351,神奈川県立秦野曽屋高等学校,神奈川県立秦野曽屋高等学校,神奈川県立秦野曽屋高等学校,,神奈川県立秦野曽屋高等学校,14,秦野市,,prefectural,high_school,active,SRC000213,2026-10-03,2026年度硬式加盟校として現行加盟校一覧の硬式ユニーク校から登録。
SCH003352,神奈川県立秦野総合高等学校,神奈川県立秦野総合高等学校,神奈川県立秦野総合高等学校,,神奈川県立秦野総合高等学校,14,秦野市,,prefectural,high_school,active,SRC000213,2026-10-03,2026年度硬式加盟校として現行加盟校一覧の硬式ユニーク校から登録。
SCH003353,神奈川県立秦野高等学校,神奈川県立秦野高等学校,神奈川県立秦野高等学校,,神奈川県立秦野高等学校,14,秦野市,,prefectural,high_school,active,SRC000213,2026-10-03,2026年度硬式加盟校として現行加盟校一覧の硬式ユニーク校から登録。
SCH003354,神奈川県立綾瀬西高等学校,神奈川県立綾瀬西高等学校,神奈川県立綾瀬西高等学校,,神奈川県立綾瀬西高等学校,14,綾瀬市,,prefectural,high_school,active,SRC000213,2026-10-03,2026年度硬式加盟校として現行加盟校一覧の硬式ユニーク校から登録。
SCH003355,神奈川県立綾瀬高等学校,神奈川県立綾瀬高等学校,神奈川県立綾瀬高等学校,,神奈川県立綾瀬高等学校,14,綾瀬市,,prefectural,high_school,active,SRC000213,2026-10-03,2026年度硬式加盟校として現行加盟校一覧の硬式ユニーク校から登録。
SCH003356,神奈川県立舞岡高等学校,神奈川県立舞岡高等学校,神奈川県立舞岡高等学校,,神奈川県立舞岡高等学校,14,横浜市,,prefectural,high_school,active,SRC000213,2026-10-03,2026年度硬式加盟校として現行加盟校一覧の硬式ユニーク校から登録。
SCH003357,神奈川県立茅ケ崎北陵高等学校,神奈川県立茅ケ崎北陵高等学校,神奈川県立茅ケ崎北陵高等学校,,神奈川県立茅ケ崎北陵高等学校,14,茅ヶ崎市,,prefectural,high_school,active,SRC000213,2026-10-03,2026年度硬式加盟校として現行加盟校一覧の硬式ユニーク校から登録。
SCH003358,神奈川県立茅ケ崎西浜高等学校,神奈川県立茅ケ崎西浜高等学校,神奈川県立茅ケ崎西浜高等学校,,神奈川県立茅ケ崎西浜高等学校,14,茅ヶ崎市,,prefectural,high_school,active,SRC000213,2026-10-03,2026年度硬式加盟校として現行加盟校一覧の硬式ユニーク校から登録。
SCH003359,神奈川県立茅ケ崎高等学校,神奈川県立茅ケ崎高等学校,神奈川県立茅ケ崎高等学校,,神奈川県立茅ケ崎高等学校,14,茅ヶ崎市,,prefectural,high_school,active,SRC000213,2026-10-03,2026年度硬式加盟校として現行加盟校一覧の硬式ユニーク校から登録。
SCH003360,神奈川県立荏田高等学校,神奈川県立荏田高等学校,神奈川県立荏田高等学校,,神奈川県立荏田高等学校,14,横浜市,,prefectural,high_school,active,SRC000213,2026-10-03,2026年度硬式加盟校として現行加盟校一覧の硬式ユニーク校から登録。
SCH003361,神奈川県立菅高等学校,神奈川県立菅高等学校,神奈川県立菅高等学校,,神奈川県立菅高等学校,14,川崎市,,prefectural,high_school,active,SRC000213,2026-10-03,2026年度硬式加盟校として現行加盟校一覧の硬式ユニーク校から登録。
SCH003362,神奈川県立藤沢工科高等学校,神奈川県立藤沢工科高等学校,神奈川県立藤沢工科高等学校,,神奈川県立藤沢工科高等学校,14,藤沢市,,prefectural,high_school,active,SRC000213,2026-10-03,2026年度硬式加盟校として現行加盟校一覧の硬式ユニーク校から登録。
SCH003363,神奈川県立藤沢清流高等学校,神奈川県立藤沢清流高等学校,神奈川県立藤沢清流高等学校,,神奈川県立藤沢清流高等学校,14,藤沢市,,prefectural,high_school,active,SRC000213,2026-10-03,2026年度硬式加盟校として現行加盟校一覧の硬式ユニーク校から登録。
SCH003364,神奈川県立藤沢総合高等学校,神奈川県立藤沢総合高等学校,神奈川県立藤沢総合高等学校,,神奈川県立藤沢総合高等学校,14,藤沢市,,prefectural,high_school,active,SRC000213,2026-10-03,2026年度硬式加盟校として現行加盟校一覧の硬式ユニーク校から登録。
SCH003365,神奈川県立藤沢西高等学校,神奈川県立藤沢西高等学校,神奈川県立藤沢西高等学校,,神奈川県立藤沢西高等学校,14,藤沢市,,prefectural,high_school,active,SRC000213,2026-10-03,2026年度硬式加盟校として現行加盟校一覧の硬式ユニーク校から登録。
SCH003366,神奈川県立西湘高等学校,神奈川県立西湘高等学校,神奈川県立西湘高等学校,,神奈川県立西湘高等学校,14,小田原市,,prefectural,high_school,active,SRC000213,2026-10-03,2026年度硬式加盟校として現行加盟校一覧の硬式ユニーク校から登録。
SCH003367,神奈川県立足柄高等学校,神奈川県立足柄高等学校,神奈川県立足柄高等学校,,神奈川県立足柄高等学校,14,南足柄市,,prefectural,high_school,active,SRC000213,2026-10-03,2026年度硬式加盟校として現行加盟校一覧の硬式ユニーク校から登録。
SCH003368,神奈川県立追浜高等学校,神奈川県立追浜高等学校,神奈川県立追浜高等学校,,神奈川県立追浜高等学校,14,横須賀市,,prefectural,high_school,active,SRC000213,2026-10-03,2026年度硬式加盟校として現行加盟校一覧の硬式ユニーク校から登録。
SCH003369,神奈川県立逗子葉山高等学校,神奈川県立逗子葉山高等学校,神奈川県立逗子葉山高等学校,,神奈川県立逗子葉山高等学校,14,逗子市,,prefectural,high_school,active,SRC000213,2026-10-03,2026年度硬式加盟校として現行加盟校一覧の硬式ユニーク校から登録。
SCH003370,神奈川県立金井高等学校,神奈川県立金井高等学校,神奈川県立金井高等学校,,神奈川県立金井高等学校,14,横浜市,,prefectural,high_school,active,SRC000213,2026-10-03,2026年度硬式加盟校として現行加盟校一覧の硬式ユニーク校から登録。
SCH003371,神奈川県立金沢総合高等学校,神奈川県立金沢総合高等学校,神奈川県立金沢総合高等学校,,神奈川県立金沢総合高等学校,14,横浜市,,prefectural,high_school,active,SRC000213,2026-10-03,2026年度硬式加盟校として現行加盟校一覧の硬式ユニーク校から登録。
SCH003372,神奈川県立釜利谷高等学校,神奈川県立釜利谷高等学校,神奈川県立釜利谷高等学校,,神奈川県立釜利谷高等学校,14,横浜市,,prefectural,high_school,active,SRC000213,2026-10-03,2026年度硬式加盟校として現行加盟校一覧の硬式ユニーク校から登録。
SCH003373,神奈川県立鎌倉高等学校,神奈川県立鎌倉高等学校,神奈川県立鎌倉高等学校,,神奈川県立鎌倉高等学校,14,鎌倉市,,prefectural,high_school,active,SRC000213,2026-10-03,2026年度硬式加盟校として現行加盟校一覧の硬式ユニーク校から登録。
SCH003374,神奈川県立霧が丘高等学校,神奈川県立霧が丘高等学校,神奈川県立霧が丘高等学校,,神奈川県立霧が丘高等学校,14,横浜市,,prefectural,high_school,active,SRC000213,2026-10-03,2026年度硬式加盟校として現行加盟校一覧の硬式ユニーク校から登録。
SCH003375,神奈川県立高浜高等学校,神奈川県立高浜高等学校,神奈川県立高浜高等学校,,神奈川県立高浜高等学校,14,平塚市,,prefectural,high_school,active,SRC000213,2026-10-03,2026年度硬式加盟校として現行加盟校一覧の硬式ユニーク校から登録。
SCH003376,神奈川県立鶴嶺高等学校,神奈川県立鶴嶺高等学校,神奈川県立鶴嶺高等学校,,神奈川県立鶴嶺高等学校,14,茅ヶ崎市,,prefectural,high_school,active,SRC000213,2026-10-03,2026年度硬式加盟校として現行加盟校一覧の硬式ユニーク校から登録。
SCH003377,神奈川県立鶴見総合高等学校,神奈川県立鶴見総合高等学校,神奈川県立鶴見総合高等学校,,神奈川県立鶴見総合高等学校,14,横浜市,,prefectural,high_school,active,SRC000213,2026-10-03,2026年度硬式加盟校として現行加盟校一覧の硬式ユニーク校から登録。
SCH003378,神奈川県立鶴見高等学校,神奈川県立鶴見高等学校,神奈川県立鶴見高等学校,,神奈川県立鶴見高等学校,14,横浜市,,prefectural,high_school,active,SRC000213,2026-10-03,2026年度硬式加盟校として現行加盟校一覧の硬式ユニーク校から登録。
SCH003379,神奈川県立麻溝台高等学校,神奈川県立麻溝台高等学校,神奈川県立麻溝台高等学校,,神奈川県立麻溝台高等学校,14,相模原市,,prefectural,high_school,active,SRC000213,2026-10-03,2026年度硬式加盟校として現行加盟校一覧の硬式ユニーク校から登録。
SCH003380,神奈川県立麻生高等学校,神奈川県立麻生高等学校,神奈川県立麻生高等学校,,神奈川県立麻生高等学校,14,川崎市,,prefectural,high_school,active,SRC000213,2026-10-03,2026年度硬式加盟校として現行加盟校一覧の硬式ユニーク校から登録。
SCH003381,秀英高等学校,秀英高等学校,秀英高等学校,,秀英高等学校,14,横浜市,,private,high_school,active,SRC000213,2026-10-03,2026年度硬式加盟校として現行加盟校一覧の硬式ユニーク校から登録。
SCH003382,立花学園高等学校,立花学園高等学校,立花学園高等学校,,立花学園高等学校,14,松田町,,private,high_school,active,SRC000213,2026-10-03,2026年度硬式加盟校として現行加盟校一覧の硬式ユニーク校から登録。
SCH003383,藤嶺学園藤沢高等学校,藤嶺学園藤沢高等学校,藤嶺学園藤沢高等学校,,藤嶺学園藤沢高等学校,14,藤沢市,,private,high_school,active,SRC000213,2026-10-03,2026年度硬式加盟校として現行加盟校一覧の硬式ユニーク校から登録。
SCH003384,藤沢翔陵高等学校,藤沢翔陵高等学校,藤沢翔陵高等学校,,藤沢翔陵高等学校,14,藤沢市,,private,high_school,active,SRC000213,2026-10-03,2026年度硬式加盟校として現行加盟校一覧の硬式ユニーク校から登録。
SCH003385,逗子開成高等学校,逗子開成高等学校,逗子開成高等学校,,逗子開成高等学校,14,逗子市,,private,high_school,active,SRC000213,2026-10-03,2026年度硬式加盟校として現行加盟校一覧の硬式ユニーク校から登録。
SCH003386,鎌倉学園高等学校,鎌倉学園高等学校,鎌倉学園高等学校,,鎌倉学園高等学校,14,鎌倉市,,private,high_school,active,SRC000213,2026-10-03,2026年度硬式加盟校として現行加盟校一覧の硬式ユニーク校から登録。
SCH003387,関東学院六浦高等学校,関東学院六浦高等学校,関東学院六浦高等学校,,関東学院六浦高等学校,14,横浜市,,private,high_school,active,SRC000213,2026-10-03,2026年度硬式加盟校として現行加盟校一覧の硬式ユニーク校から登録。
SCH003388,関東学院高等学校,関東学院高等学校,関東学院高等学校,,関東学院高等学校,14,横浜市,,private,high_school,active,SRC000213,2026-10-03,2026年度硬式加盟校として現行加盟校一覧の硬式ユニーク校から登録。
SCH003389,鶴見大学附属高等学校,鶴見大学附属高等学校,鶴見大学附属高等学校,,鶴見大学附属高等学校,14,横浜市,,private,high_school,active,SRC000213,2026-10-03,2026年度硬式加盟校として現行加盟校一覧の硬式ユニーク校から登録。
SCH003390,麻布大学附属高等学校,麻布大学附属高等学校,麻布大学附属高等学校,,麻布大学附属高等学校,14,相模原市,,private,high_school,active,SRC000213,2026-10-03,2026年度硬式加盟校として現行加盟校一覧の硬式ユニーク校から登録。
SCH003391,神奈川県立厚木王子高等学校,神奈川県立厚木王子高等学校,神奈川県立厚木王子高等学校,,神奈川県立厚木王子高等学校,14,厚木市,,prefectural,high_school,active,SRC000214,2026-10-03,2026年度硬式加盟校として登録。現行加盟校一覧から欠落するが、県高野連公式2026春季地区予選で活動確認し、JHBF 5月末186校との差分として補完。
SCH003392,神奈川県立平塚農商高等学校,神奈川県立平塚農商高等学校,神奈川県立平塚農商高等学校,,神奈川県立平塚農商高等学校,14,平塚市,,prefectural,high_school,active,SRC000214,2026-10-03,2026年度硬式加盟校として登録。現行加盟校一覧から欠落するが、県高野連公式2026春季地区予選で活動確認し、JHBF 5月末186校との差分として補完。
SCH003393,神奈川県立小田原北高等学校,神奈川県立小田原北高等学校,神奈川県立小田原北高等学校,,神奈川県立小田原北高等学校,14,小田原市,,prefectural,high_school,active,SRC000214,2026-10-03,2026年度硬式加盟校として登録。現行加盟校一覧から欠落するが、県高野連公式2026春季地区予選で活動確認し、JHBF 5月末186校との差分として補完。
SCH003394,神奈川県立青葉総合高等学校,神奈川県立青葉総合高等学校,神奈川県立青葉総合高等学校,,神奈川県立青葉総合高等学校,14,横浜市,,prefectural,high_school,active,SRC000214,2026-10-03,2026年度硬式加盟校として登録。現行加盟校一覧から欠落するが、県高野連公式2026春季地区予選で活動確認し、JHBF 5月末186校との差分として補完。
SCH003395,神奈川県立三浦初声高等学校,神奈川県立三浦初声高等学校,神奈川県立三浦初声高等学校,,神奈川県立三浦初声高等学校,14,三浦市,,prefectural,high_school,active,SRC000214,2026-10-03,2026年度硬式加盟校として登録。現行加盟校一覧から欠落するが、県高野連公式2026春季地区予選で活動確認し、JHBF 5月末186校との差分として補完。
SCH003396,神奈川県立横浜瀬谷高等学校,神奈川県立横浜瀬谷高等学校,神奈川県立横浜瀬谷高等学校,,神奈川県立横浜瀬谷高等学校,14,横浜市,,prefectural,high_school,active,SRC000214,2026-10-03,2026年度硬式加盟校として登録。現行加盟校一覧から欠落するが、県高野連公式2026春季地区予選で活動確認し、JHBF 5月末186校との差分として補完。
SCH003397,尼崎市立尼崎高等学校,尼崎市立尼崎高等学校,尼崎市立尼崎高等学校,,尼崎市立尼崎高等学校,28,尼崎市,,municipal,high_school,active,SRC000219,2026-10-03,2026年度硬式加盟校として登録。2026夏大会参加校を学校単位へ展開。
SCH003398,兵庫県立神戸高等学校,兵庫県立神戸高等学校,兵庫県立神戸高等学校,,兵庫県立神戸高等学校,28,神戸市,,prefectural,high_school,active,SRC000219,2026-10-03,2026年度硬式加盟校として登録。2026夏大会参加校を学校単位へ展開。
SCH003399,兵庫県立尼崎西高等学校,兵庫県立尼崎西高等学校,兵庫県立尼崎西高等学校,,兵庫県立尼崎西高等学校,28,尼崎市,,prefectural,high_school,active,SRC000219,2026-10-03,2026年度硬式加盟校として登録。2026夏大会参加校を学校単位へ展開。
SCH003400,神戸第一高等学校,神戸第一高等学校,神戸第一高等学校,,神戸第一高等学校,28,神戸市,,private,high_school,active,SRC000219,2026-10-03,2026年度硬式加盟校として登録。2026夏大会参加校を学校単位へ展開。
SCH003401,兵庫県立明石高等学校,兵庫県立明石高等学校,兵庫県立明石高等学校,,兵庫県立明石高等学校,28,明石市,,prefectural,high_school,active,SRC000219,2026-10-03,2026年度硬式加盟校として登録。2026夏大会参加校を学校単位へ展開。
SCH003402,兵庫県立加古川北高等学校,兵庫県立加古川北高等学校,兵庫県立加古川北高等学校,,兵庫県立加古川北高等学校,28,加古川市,,prefectural,high_school,active,SRC000219,2026-10-03,2026年度硬式加盟校として登録。2026夏大会参加校を学校単位へ展開。
SCH003403,兵庫県立浜坂高等学校,兵庫県立浜坂高等学校,兵庫県立浜坂高等学校,,兵庫県立浜坂高等学校,28,美方郡新温泉町,,prefectural,high_school,active,SRC000219,2026-10-03,2026年度硬式加盟校として登録。2026夏大会参加校を学校単位へ展開。
SCH003404,兵庫県立須磨友が丘高等学校,兵庫県立須磨友が丘高等学校,兵庫県立須磨友が丘高等学校,,兵庫県立須磨友が丘高等学校,28,神戸市,,prefectural,high_school,active,SRC000219,2026-10-03,2026年度硬式加盟校として登録。2026夏大会参加校を学校単位へ展開。
SCH003405,兵庫県立姫路工業高等学校,兵庫県立姫路工業高等学校,兵庫県立姫路工業高等学校,,兵庫県立姫路工業高等学校,28,姫路市,,prefectural,high_school,active,SRC000219,2026-10-03,2026年度硬式加盟校として登録。2026夏大会参加校を学校単位へ展開。
SCH003406,須磨学園高等学校,須磨学園高等学校,須磨学園高等学校,,須磨学園高等学校,28,神戸市,,private,high_school,active,SRC000219,2026-10-03,2026年度硬式加盟校として登録。2026夏大会参加校を学校単位へ展開。
SCH003407,兵庫県立播磨南高等学校,兵庫県立播磨南高等学校,兵庫県立播磨南高等学校,,兵庫県立播磨南高等学校,28,加古郡播磨町,,prefectural,high_school,active,SRC000219,2026-10-03,2026年度硬式加盟校として登録。2026夏大会参加校を学校単位へ展開。
SCH003408,尼崎市立尼崎双星高等学校,尼崎市立尼崎双星高等学校,尼崎市立尼崎双星高等学校,,尼崎市立尼崎双星高等学校,28,尼崎市,,municipal,high_school,active,SRC000219,2026-10-03,2026年度硬式加盟校として登録。2026夏大会参加校を学校単位へ展開。
SCH003409,兵庫県立姫路東高等学校,兵庫県立姫路東高等学校,兵庫県立姫路東高等学校,,兵庫県立姫路東高等学校,28,姫路市,,prefectural,high_school,active,SRC000219,2026-10-03,2026年度硬式加盟校として登録。2026夏大会参加校を学校単位へ展開。
SCH003410,兵庫県立小野工業高等学校,兵庫県立小野工業高等学校,兵庫県立小野工業高等学校,,兵庫県立小野工業高等学校,28,小野市,,prefectural,high_school,active,SRC000219,2026-10-03,2026年度硬式加盟校として登録。2026夏大会参加校を学校単位へ展開。
SCH003411,兵庫県立加古川南高等学校,兵庫県立加古川南高等学校,兵庫県立加古川南高等学校,,兵庫県立加古川南高等学校,28,加古川市,,prefectural,high_school,active,SRC000219,2026-10-03,2026年度硬式加盟校として登録。2026夏大会参加校を学校単位へ展開。
SCH003412,兵庫県立飾磨工業高等学校,兵庫県立飾磨工業高等学校,兵庫県立飾磨工業高等学校,,兵庫県立飾磨工業高等学校,28,姫路市,,prefectural,high_school,active,SRC000219,2026-10-03,2026年度硬式加盟校として登録。2026夏大会参加校を学校単位へ展開。
SCH003413,兵庫県立香住高等学校,兵庫県立香住高等学校,兵庫県立香住高等学校,,兵庫県立香住高等学校,28,美方郡香美町,,prefectural,high_school,active,SRC000219,2026-10-03,2026年度硬式加盟校として登録。2026夏大会参加校を学校単位へ展開。
SCH003414,兵庫県立川西北陵高等学校,兵庫県立川西北陵高等学校,兵庫県立川西北陵高等学校,,兵庫県立川西北陵高等学校,28,川西市,,prefectural,high_school,active,SRC000219,2026-10-03,2026年度硬式加盟校として登録。2026夏大会参加校を学校単位へ展開。
SCH003415,兵庫県立社高等学校,兵庫県立社高等学校,兵庫県立社高等学校,,兵庫県立社高等学校,28,加東市,,prefectural,high_school,active,SRC000219,2026-10-03,2026年度硬式加盟校として登録。2026夏大会参加校を学校単位へ展開。
SCH003416,神戸市立六甲アイランド高等学校,神戸市立六甲アイランド高等学校,神戸市立六甲アイランド高等学校,,神戸市立六甲アイランド高等学校,28,神戸市,,municipal,high_school,active,SRC000219,2026-10-03,2026年度硬式加盟校として登録。2026夏大会参加校を学校単位へ展開。
SCH003417,兵庫県立明石西高等学校,兵庫県立明石西高等学校,兵庫県立明石西高等学校,,兵庫県立明石西高等学校,28,明石市,,prefectural,high_school,active,SRC000219,2026-10-03,2026年度硬式加盟校として登録。2026夏大会参加校を学校単位へ展開。
SCH003418,兵庫県立八鹿高等学校,兵庫県立八鹿高等学校,兵庫県立八鹿高等学校,,兵庫県立八鹿高等学校,28,養父市,,prefectural,high_school,active,SRC000219,2026-10-03,2026年度硬式加盟校として登録。2026夏大会参加校を学校単位へ展開。
SCH003419,兵庫県立東播工業高等学校,兵庫県立東播工業高等学校,兵庫県立東播工業高等学校,,兵庫県立東播工業高等学校,28,加古川市,,prefectural,high_school,active,SRC000219,2026-10-03,2026年度硬式加盟校として登録。2026夏大会参加校を学校単位へ展開。
SCH003420,兵庫県立明石城西高等学校,兵庫県立明石城西高等学校,兵庫県立明石城西高等学校,,兵庫県立明石城西高等学校,28,明石市,,prefectural,high_school,active,SRC000219,2026-10-03,2026年度硬式加盟校として登録。2026夏大会参加校を学校単位へ展開。
SCH003421,市川高等学校,市川高等学校,市川高等学校,,市川高等学校,28,神崎郡市川町,,private,high_school,active,SRC000219,2026-10-03,2026年度硬式加盟校として登録。2026夏大会参加校を学校単位へ展開。
SCH003422,兵庫県立神戸高塚高等学校,兵庫県立神戸高塚高等学校,兵庫県立神戸高塚高等学校,,兵庫県立神戸高塚高等学校,28,神戸市,,prefectural,high_school,active,SRC000219,2026-10-03,2026年度硬式加盟校として登録。2026夏大会参加校を学校単位へ展開。
SCH003423,神戸市立須磨翔風高等学校,神戸市立須磨翔風高等学校,神戸市立須磨翔風高等学校,,神戸市立須磨翔風高等学校,28,神戸市,,municipal,high_school,active,SRC000219,2026-10-03,2026年度硬式加盟校として登録。2026夏大会参加校を学校単位へ展開。
SCH003424,兵庫県立豊岡総合高等学校,兵庫県立豊岡総合高等学校,兵庫県立豊岡総合高等学校,,兵庫県立豊岡総合高等学校,28,豊岡市,,prefectural,high_school,active,SRC000219,2026-10-03,2026年度硬式加盟校として登録。2026夏大会参加校を学校単位へ展開。
SCH003425,西宮市立西宮高等学校,西宮市立西宮高等学校,西宮市立西宮高等学校,,西宮市立西宮高等学校,28,西宮市,,municipal,high_school,active,SRC000219,2026-10-03,2026年度硬式加盟校として登録。2026夏大会参加校を学校単位へ展開。
SCH003426,兵庫県立伊川谷高等学校,兵庫県立伊川谷高等学校,兵庫県立伊川谷高等学校,,兵庫県立伊川谷高等学校,28,神戸市,,prefectural,high_school,active,SRC000219,2026-10-03,2026年度硬式加盟校として登録。2026夏大会参加校を学校単位へ展開。
SCH003427,兵庫県立伊川谷北高等学校,兵庫県立伊川谷北高等学校,兵庫県立伊川谷北高等学校,,兵庫県立伊川谷北高等学校,28,神戸市,,prefectural,high_school,active,SRC000219,2026-10-03,2026年度硬式加盟校として登録。2026夏大会参加校を学校単位へ展開。
SCH003428,兵庫県立神戸学園都市高等学校,兵庫県立神戸学園都市高等学校,兵庫県立神戸学園都市高等学校,,兵庫県立神戸学園都市高等学校,28,神戸市,,prefectural,high_school,active,SRC000219,2026-10-03,2026年度硬式加盟校として登録。2026夏大会参加校を学校単位へ展開。 2025年県立高校再編による新設校で、旧校も在校生卒業まで併存。
SCH003429,兵庫県立川西明峰高等学校,兵庫県立川西明峰高等学校,兵庫県立川西明峰高等学校,,兵庫県立川西明峰高等学校,28,川西市,,prefectural,high_school,active,SRC000219,2026-10-03,2026年度硬式加盟校として登録。2026夏大会参加校を学校単位へ展開。
SCH003430,兵庫県立津名高等学校,兵庫県立津名高等学校,兵庫県立津名高等学校,,兵庫県立津名高等学校,28,淡路市,,prefectural,high_school,active,SRC000219,2026-10-03,2026年度硬式加盟校として登録。2026夏大会参加校を学校単位へ展開。
SCH003431,兵庫県立西宮南高等学校,兵庫県立西宮南高等学校,兵庫県立西宮南高等学校,,兵庫県立西宮南高等学校,28,西宮市,,prefectural,high_school,active,SRC000219,2026-10-03,2026年度硬式加盟校として登録。2026夏大会参加校を学校単位へ展開。
SCH003432,兵庫県立姫路飾西高等学校,兵庫県立姫路飾西高等学校,兵庫県立姫路飾西高等学校,,兵庫県立姫路飾西高等学校,28,姫路市,,prefectural,high_school,active,SRC000219,2026-10-03,2026年度硬式加盟校として登録。2026夏大会参加校を学校単位へ展開。
SCH003433,兵庫県立神戸商業高等学校,兵庫県立神戸商業高等学校,兵庫県立神戸商業高等学校,,兵庫県立神戸商業高等学校,28,神戸市,,prefectural,high_school,active,SRC000219,2026-10-03,2026年度硬式加盟校として登録。2026夏大会参加校を学校単位へ展開。
SCH003434,兵庫県立尼崎小田高等学校,兵庫県立尼崎小田高等学校,兵庫県立尼崎小田高等学校,,兵庫県立尼崎小田高等学校,28,尼崎市,,prefectural,high_school,active,SRC000219,2026-10-03,2026年度硬式加盟校として登録。2026夏大会参加校を学校単位へ展開。
SCH003435,神戸学院大学附属高等学校,神戸学院大学附属高等学校,神戸学院大学附属高等学校,,神戸学院大学附属高等学校,28,神戸市,,private,high_school,active,SRC000219,2026-10-03,2026年度硬式加盟校として登録。2026夏大会参加校を学校単位へ展開。
SCH003436,兵庫県立西脇高等学校,兵庫県立西脇高等学校,兵庫県立西脇高等学校,,兵庫県立西脇高等学校,28,西脇市,,prefectural,high_school,active,SRC000219,2026-10-03,2026年度硬式加盟校として登録。2026夏大会参加校を学校単位へ展開。
SCH003437,甲南高等学校,甲南高等学校,甲南高等学校,,甲南高等学校,28,芦屋市,,private,high_school,active,SRC000219,2026-10-03,2026年度硬式加盟校として登録。2026夏大会参加校を学校単位へ展開。
SCH003438,姫路市立高等学校,姫路市立高等学校,姫路市立高等学校,,姫路市立高等学校,28,姫路市,,municipal,high_school,active,SRC000219,2026-10-03,2026年度硬式加盟校として登録。2026夏大会参加校を学校単位へ展開。 2026年4月新設。姫路・琴丘・飾磨の旧3校も移行期間中併存。
SCH003439,兵庫県立須磨東高等学校,兵庫県立須磨東高等学校,兵庫県立須磨東高等学校,,兵庫県立須磨東高等学校,28,神戸市,,prefectural,high_school,active,SRC000219,2026-10-03,2026年度硬式加盟校として登録。2026夏大会参加校を学校単位へ展開。
SCH003440,兵庫県立福崎高等学校,兵庫県立福崎高等学校,兵庫県立福崎高等学校,,兵庫県立福崎高等学校,28,神崎郡福崎町,,prefectural,high_school,active,SRC000219,2026-10-03,2026年度硬式加盟校として登録。2026夏大会参加校を学校単位へ展開。
SCH003441,兵庫県立夢前高等学校,兵庫県立夢前高等学校,兵庫県立夢前高等学校,,兵庫県立夢前高等学校,28,姫路市,,prefectural,high_school,active,SRC000219,2026-10-03,2026年度硬式加盟校として登録。2026夏大会参加校を学校単位へ展開。
SCH003442,兵庫県立播磨福崎高等学校,兵庫県立播磨福崎高等学校,兵庫県立播磨福崎高等学校,,兵庫県立播磨福崎高等学校,28,神崎郡福崎町,,prefectural,high_school,active,SRC000219,2026-10-03,2026年度硬式加盟校として登録。2026夏大会参加校を学校単位へ展開。 2025年県立高校再編による新設校で、旧校も在校生卒業まで併存。
SCH003443,兵庫県立星陵高等学校,兵庫県立星陵高等学校,兵庫県立星陵高等学校,,兵庫県立星陵高等学校,28,神戸市,,prefectural,high_school,active,SRC000219,2026-10-03,2026年度硬式加盟校として登録。2026夏大会参加校を学校単位へ展開。
SCH003444,兵庫県立篠山鳳鳴高等学校,兵庫県立篠山鳳鳴高等学校,兵庫県立篠山鳳鳴高等学校,,兵庫県立篠山鳳鳴高等学校,28,丹波篠山市,,prefectural,high_school,active,SRC000219,2026-10-03,2026年度硬式加盟校として登録。2026夏大会参加校を学校単位へ展開。
SCH003445,兵庫県立氷上西高等学校,兵庫県立氷上西高等学校,兵庫県立氷上西高等学校,,兵庫県立氷上西高等学校,28,丹波市,,prefectural,high_school,active,SRC000219,2026-10-03,2026年度硬式加盟校として登録。2026夏大会参加校を学校単位へ展開。
SCH003446,兵庫県立北条高等学校,兵庫県立北条高等学校,兵庫県立北条高等学校,,兵庫県立北条高等学校,28,加西市,,prefectural,high_school,active,SRC000219,2026-10-03,2026年度硬式加盟校として登録。2026夏大会参加校を学校単位へ展開。
SCH003447,兵庫県立明石南高等学校,兵庫県立明石南高等学校,兵庫県立明石南高等学校,,兵庫県立明石南高等学校,28,明石市,,prefectural,high_school,active,SRC000219,2026-10-03,2026年度硬式加盟校として登録。2026夏大会参加校を学校単位へ展開。
SCH003448,仁川学院高等学校,仁川学院高等学校,仁川学院高等学校,,仁川学院高等学校,28,西宮市,,private,high_school,active,SRC000219,2026-10-03,2026年度硬式加盟校として登録。2026夏大会参加校を学校単位へ展開。
SCH003449,姫路市立琴丘高等学校,姫路市立琴丘高等学校,姫路市立琴丘高等学校,,姫路市立琴丘高等学校,28,姫路市,,municipal,high_school,active,SRC000219,2026-10-03,2026年度硬式加盟校として登録。2026夏大会参加校を学校単位へ展開。
SCH003450,兵庫県立三木高等学校,兵庫県立三木高等学校,兵庫県立三木高等学校,,兵庫県立三木高等学校,28,三木市,,prefectural,high_school,active,SRC000219,2026-10-03,2026年度硬式加盟校として登録。2026夏大会参加校を学校単位へ展開。
SCH003451,兵庫県立宝塚東高等学校,兵庫県立宝塚東高等学校,兵庫県立宝塚東高等学校,,兵庫県立宝塚東高等学校,28,宝塚市,,prefectural,high_school,active,SRC000219,2026-10-03,2026年度硬式加盟校として登録。2026夏大会参加校を学校単位へ展開。
SCH003452,兵庫県立猪名川高等学校,兵庫県立猪名川高等学校,兵庫県立猪名川高等学校,,兵庫県立猪名川高等学校,28,川辺郡猪名川町,,prefectural,high_school,active,SRC000219,2026-10-03,2026年度硬式加盟校として登録。2026夏大会参加校を学校単位へ展開。
SCH003453,兵庫県立西宮甲山高等学校,兵庫県立西宮甲山高等学校,兵庫県立西宮甲山高等学校,,兵庫県立西宮甲山高等学校,28,西宮市,,prefectural,high_school,active,SRC000219,2026-10-03,2026年度硬式加盟校として登録。2026夏大会参加校を学校単位へ展開。
SCH003454,兵庫県立三木東高等学校,兵庫県立三木東高等学校,兵庫県立三木東高等学校,,兵庫県立三木東高等学校,28,三木市,,prefectural,high_school,active,SRC000219,2026-10-03,2026年度硬式加盟校として登録。2026夏大会参加校を学校単位へ展開。
SCH003455,兵庫県立三木総合高等学校,兵庫県立三木総合高等学校,兵庫県立三木総合高等学校,,兵庫県立三木総合高等学校,28,三木市,,prefectural,high_school,active,SRC000219,2026-10-03,2026年度硬式加盟校として登録。2026夏大会参加校を学校単位へ展開。 2025年県立高校再編による新設校で、旧校も在校生卒業まで併存。
SCH003456,兵庫県立大学附属高等学校,兵庫県立大学附属高等学校,兵庫県立大学附属高等学校,,兵庫県立大学附属高等学校,28,赤穂郡上郡町,,prefectural,high_school,active,SRC000219,2026-10-03,2026年度硬式加盟校として登録。2026夏大会参加校を学校単位へ展開。
SCH003457,兵庫県立和田山高等学校,兵庫県立和田山高等学校,兵庫県立和田山高等学校,,兵庫県立和田山高等学校,28,朝来市,,prefectural,high_school,active,SRC000219,2026-10-03,2026年度硬式加盟校として登録。2026夏大会参加校を学校単位へ展開。
SCH003458,兵庫県立三田祥雲館高等学校,兵庫県立三田祥雲館高等学校,兵庫県立三田祥雲館高等学校,,兵庫県立三田祥雲館高等学校,28,三田市,,prefectural,high_school,active,SRC000219,2026-10-03,2026年度硬式加盟校として登録。2026夏大会参加校を学校単位へ展開。
SCH003459,兵庫県立赤穂高等学校,兵庫県立赤穂高等学校,兵庫県立赤穂高等学校,,兵庫県立赤穂高等学校,28,赤穂市,,prefectural,high_school,active,SRC000219,2026-10-03,2026年度硬式加盟校として登録。2026夏大会参加校を学校単位へ展開。
SCH003460,兵庫県立高砂高等学校,兵庫県立高砂高等学校,兵庫県立高砂高等学校,,兵庫県立高砂高等学校,28,高砂市,,prefectural,high_school,active,SRC000219,2026-10-03,2026年度硬式加盟校として登録。2026夏大会参加校を学校単位へ展開。
SCH003461,兵庫県立香寺高等学校,兵庫県立香寺高等学校,兵庫県立香寺高等学校,,兵庫県立香寺高等学校,28,姫路市,,prefectural,high_school,active,SRC000219,2026-10-03,2026年度硬式加盟校として登録。2026夏大会参加校を学校単位へ展開。
SCH003462,兵庫県立西宮高等学校,兵庫県立西宮高等学校,兵庫県立西宮高等学校,,兵庫県立西宮高等学校,28,西宮市,,prefectural,high_school,active,SRC000219,2026-10-03,2026年度硬式加盟校として登録。2026夏大会参加校を学校単位へ展開。
SCH003463,雲雀丘学園高等学校,雲雀丘学園高等学校,雲雀丘学園高等学校,,雲雀丘学園高等学校,28,宝塚市,,private,high_school,active,SRC000219,2026-10-03,2026年度硬式加盟校として登録。2026夏大会参加校を学校単位へ展開。
SCH003464,兵庫県立伊丹西高等学校,兵庫県立伊丹西高等学校,兵庫県立伊丹西高等学校,,兵庫県立伊丹西高等学校,28,伊丹市,,prefectural,high_school,active,SRC000219,2026-10-03,2026年度硬式加盟校として登録。2026夏大会参加校を学校単位へ展開。
SCH003465,兵庫県立芦屋高等学校,兵庫県立芦屋高等学校,兵庫県立芦屋高等学校,,兵庫県立芦屋高等学校,28,芦屋市,,prefectural,high_school,active,SRC000219,2026-10-03,2026年度硬式加盟校として登録。2026夏大会参加校を学校単位へ展開。
SCH003466,兵庫県立加古川東高等学校,兵庫県立加古川東高等学校,兵庫県立加古川東高等学校,,兵庫県立加古川東高等学校,28,加古川市,,prefectural,high_school,active,SRC000219,2026-10-03,2026年度硬式加盟校として登録。2026夏大会参加校を学校単位へ展開。
SCH003467,兵庫県立神崎高等学校,兵庫県立神崎高等学校,兵庫県立神崎高等学校,,兵庫県立神崎高等学校,28,神崎郡神河町,,prefectural,high_school,active,SRC000219,2026-10-03,2026年度硬式加盟校として登録。2026夏大会参加校を学校単位へ展開。
SCH003468,兵庫県立北摂三田高等学校,兵庫県立北摂三田高等学校,兵庫県立北摂三田高等学校,,兵庫県立北摂三田高等学校,28,三田市,,prefectural,high_school,active,SRC000219,2026-10-03,2026年度硬式加盟校として登録。2026夏大会参加校を学校単位へ展開。
SCH003469,三田松聖高等学校,三田松聖高等学校,三田松聖高等学校,,三田松聖高等学校,28,三田市,,private,high_school,active,SRC000219,2026-10-03,2026年度硬式加盟校として登録。2026夏大会参加校を学校単位へ展開。
SCH003470,兵庫県立篠山産業高等学校,兵庫県立篠山産業高等学校,兵庫県立篠山産業高等学校,,兵庫県立篠山産業高等学校,28,丹波篠山市,,prefectural,high_school,active,SRC000219,2026-10-03,2026年度硬式加盟校として登録。2026夏大会参加校を学校単位へ展開。
SCH003471,兵庫県立神戸鈴蘭台高等学校,兵庫県立神戸鈴蘭台高等学校,兵庫県立神戸鈴蘭台高等学校,,兵庫県立神戸鈴蘭台高等学校,28,神戸市,,prefectural,high_school,active,SRC000219,2026-10-03,2026年度硬式加盟校として登録。2026夏大会参加校を学校単位へ展開。
SCH003472,甲陽学院高等学校,甲陽学院高等学校,甲陽学院高等学校,,甲陽学院高等学校,28,西宮市,,private,high_school,active,SRC000219,2026-10-03,2026年度硬式加盟校として登録。2026夏大会参加校を学校単位へ展開。
SCH003473,兵庫県立相生高等学校,兵庫県立相生高等学校,兵庫県立相生高等学校,,兵庫県立相生高等学校,28,相生市,,prefectural,high_school,active,SRC000219,2026-10-03,2026年度硬式加盟校として登録。2026夏大会参加校を学校単位へ展開。
SCH003474,兵庫県立姫路海稜高等学校,兵庫県立姫路海稜高等学校,兵庫県立姫路海稜高等学校,,兵庫県立姫路海稜高等学校,28,姫路市,,prefectural,high_school,active,SRC000219,2026-10-03,2026年度硬式加盟校として登録。2026夏大会参加校を学校単位へ展開。 2025年県立高校再編による新設校で、旧校も在校生卒業まで併存。
SCH003475,兵庫県立吉川高等学校,兵庫県立吉川高等学校,兵庫県立吉川高等学校,,兵庫県立吉川高等学校,28,三木市,,prefectural,high_school,active,SRC000219,2026-10-03,2026年度硬式加盟校として登録。2026夏大会参加校を学校単位へ展開。
SCH003476,兵庫県立三木北高等学校,兵庫県立三木北高等学校,兵庫県立三木北高等学校,,兵庫県立三木北高等学校,28,三木市,,prefectural,high_school,active,SRC000219,2026-10-03,2026年度硬式加盟校として登録。2026夏大会参加校を学校単位へ展開。
SCH003477,兵庫県立多可高等学校,兵庫県立多可高等学校,兵庫県立多可高等学校,,兵庫県立多可高等学校,28,多可郡多可町,,prefectural,high_school,active,SRC000219,2026-10-03,2026年度硬式加盟校として登録。2026夏大会参加校を学校単位へ展開。
SCH003478,神戸市立科学技術高等学校,神戸市立科学技術高等学校,神戸市立科学技術高等学校,,神戸市立科学技術高等学校,28,神戸市,,municipal,high_school,active,SRC000219,2026-10-03,2026年度硬式加盟校として登録。2026夏大会参加校を学校単位へ展開。
SCH003479,兵庫県立洲本実業高等学校,兵庫県立洲本実業高等学校,兵庫県立洲本実業高等学校,,兵庫県立洲本実業高等学校,28,洲本市,,prefectural,high_school,active,SRC000219,2026-10-03,2026年度硬式加盟校として登録。2026夏大会参加校を学校単位へ展開。
SCH003480,兵庫県立御影高等学校,兵庫県立御影高等学校,兵庫県立御影高等学校,,兵庫県立御影高等学校,28,神戸市,,prefectural,high_school,active,SRC000219,2026-10-03,2026年度硬式加盟校として登録。2026夏大会参加校を学校単位へ展開。
SCH003481,兵庫県立西脇工業高等学校,兵庫県立西脇工業高等学校,兵庫県立西脇工業高等学校,,兵庫県立西脇工業高等学校,28,西脇市,,prefectural,high_school,active,SRC000219,2026-10-03,2026年度硬式加盟校として登録。2026夏大会参加校を学校単位へ展開。
SCH003482,東洋大学附属姫路高等学校,東洋大学附属姫路高等学校,東洋大学附属姫路高等学校,,東洋大学附属姫路高等学校,28,姫路市,,private,high_school,active,SRC000219,2026-10-03,2026年度硬式加盟校として登録。2026夏大会参加校を学校単位へ展開。
SCH003483,兵庫県立舞子高等学校,兵庫県立舞子高等学校,兵庫県立舞子高等学校,,兵庫県立舞子高等学校,28,神戸市,,prefectural,high_school,active,SRC000219,2026-10-03,2026年度硬式加盟校として登録。2026夏大会参加校を学校単位へ展開。
SCH003484,兵庫県立松陽高等学校,兵庫県立松陽高等学校,兵庫県立松陽高等学校,,兵庫県立松陽高等学校,28,高砂市,,prefectural,high_school,active,SRC000219,2026-10-03,2026年度硬式加盟校として登録。2026夏大会参加校を学校単位へ展開。
SCH003485,兵庫県立尼崎高等学校,兵庫県立尼崎高等学校,兵庫県立尼崎高等学校,,兵庫県立尼崎高等学校,28,尼崎市,,prefectural,high_school,active,SRC000219,2026-10-03,2026年度硬式加盟校として登録。2026夏大会参加校を学校単位へ展開。
SCH003486,神戸市立神港橘高等学校,神戸市立神港橘高等学校,神戸市立神港橘高等学校,,神戸市立神港橘高等学校,28,神戸市,,municipal,high_school,active,SRC000219,2026-10-03,2026年度硬式加盟校として登録。2026夏大会参加校を学校単位へ展開。
SCH003487,神戸市立葺合高等学校,神戸市立葺合高等学校,神戸市立葺合高等学校,,神戸市立葺合高等学校,28,神戸市,,municipal,high_school,active,SRC000219,2026-10-03,2026年度硬式加盟校として登録。2026夏大会参加校を学校単位へ展開。
SCH003488,兵庫県立洲本高等学校,兵庫県立洲本高等学校,兵庫県立洲本高等学校,,兵庫県立洲本高等学校,28,洲本市,,prefectural,high_school,active,SRC000219,2026-10-03,2026年度硬式加盟校として登録。2026夏大会参加校を学校単位へ展開。
SCH003489,伊丹市立伊丹高等学校,伊丹市立伊丹高等学校,伊丹市立伊丹高等学校,,伊丹市立伊丹高等学校,28,伊丹市,,municipal,high_school,active,SRC000219,2026-10-03,2026年度硬式加盟校として登録。2026夏大会参加校を学校単位へ展開。
SCH003490,兵庫県立北須磨高等学校,兵庫県立北須磨高等学校,兵庫県立北須磨高等学校,,兵庫県立北須磨高等学校,28,神戸市,,prefectural,high_school,active,SRC000219,2026-10-03,2026年度硬式加盟校として登録。2026夏大会参加校を学校単位へ展開。
SCH003491,兵庫県立相生産業高等学校,兵庫県立相生産業高等学校,兵庫県立相生産業高等学校,,兵庫県立相生産業高等学校,28,相生市,,prefectural,high_school,active,SRC000219,2026-10-03,2026年度硬式加盟校として登録。2026夏大会参加校を学校単位へ展開。
SCH003492,兵庫県立東播磨高等学校,兵庫県立東播磨高等学校,兵庫県立東播磨高等学校,,兵庫県立東播磨高等学校,28,加古郡稲美町,,prefectural,high_school,active,SRC000219,2026-10-03,2026年度硬式加盟校として登録。2026夏大会参加校を学校単位へ展開。
SCH003493,兵庫県立出石高等学校,兵庫県立出石高等学校,兵庫県立出石高等学校,,兵庫県立出石高等学校,28,豊岡市,,prefectural,high_school,active,SRC000219,2026-10-03,2026年度硬式加盟校として登録。2026夏大会参加校を学校単位へ展開。
SCH003494,兵庫県立村岡高等学校,兵庫県立村岡高等学校,兵庫県立村岡高等学校,,兵庫県立村岡高等学校,28,美方郡香美町,,prefectural,high_school,active,SRC000219,2026-10-03,2026年度硬式加盟校として登録。2026夏大会参加校を学校単位へ展開。
SCH003495,兵庫県立尼崎北高等学校,兵庫県立尼崎北高等学校,兵庫県立尼崎北高等学校,,兵庫県立尼崎北高等学校,28,尼崎市,,prefectural,high_school,active,SRC000219,2026-10-03,2026年度硬式加盟校として登録。2026夏大会参加校を学校単位へ展開。
SCH003496,兵庫県立豊岡高等学校,兵庫県立豊岡高等学校,兵庫県立豊岡高等学校,,兵庫県立豊岡高等学校,28,豊岡市,,prefectural,high_school,active,SRC000219,2026-10-03,2026年度硬式加盟校として登録。2026夏大会参加校を学校単位へ展開。
SCH003497,兵庫県立高砂南高等学校,兵庫県立高砂南高等学校,兵庫県立高砂南高等学校,,兵庫県立高砂南高等学校,28,高砂市,,prefectural,high_school,active,SRC000219,2026-10-03,2026年度硬式加盟校として登録。2026夏大会参加校を学校単位へ展開。
SCH003498,兵庫県立柏原高等学校,兵庫県立柏原高等学校,兵庫県立柏原高等学校,,兵庫県立柏原高等学校,28,丹波市,,prefectural,high_school,active,SRC000219,2026-10-03,2026年度硬式加盟校として登録。2026夏大会参加校を学校単位へ展開。
SCH003499,兵庫県立氷上高等学校,兵庫県立氷上高等学校,兵庫県立氷上高等学校,,兵庫県立氷上高等学校,28,丹波市,,prefectural,high_school,active,SRC000219,2026-10-03,2026年度硬式加盟校として登録。2026夏大会参加校を学校単位へ展開。
SCH003500,兵庫県立神戸甲北高等学校,兵庫県立神戸甲北高等学校,兵庫県立神戸甲北高等学校,,兵庫県立神戸甲北高等学校,28,神戸市,,prefectural,high_school,active,SRC000219,2026-10-03,2026年度硬式加盟校として登録。2026夏大会参加校を学校単位へ展開。
SCH003501,兵庫県立神戸北高等学校,兵庫県立神戸北高等学校,兵庫県立神戸北高等学校,,兵庫県立神戸北高等学校,28,神戸市,,prefectural,high_school,active,SRC000219,2026-10-03,2026年度硬式加盟校として登録。2026夏大会参加校を学校単位へ展開。
SCH003502,兵庫県立北神戸総合高等学校,兵庫県立北神戸総合高等学校,兵庫県立北神戸総合高等学校,,兵庫県立北神戸総合高等学校,28,神戸市,,prefectural,high_school,active,SRC000219,2026-10-03,2026年度硬式加盟校として登録。2026夏大会参加校を学校単位へ展開。 2025年県立高校再編による新設校で、旧校も在校生卒業まで併存。
SCH003503,兵庫県立西宮北高等学校,兵庫県立西宮北高等学校,兵庫県立西宮北高等学校,,兵庫県立西宮北高等学校,28,西宮市,,prefectural,high_school,active,SRC000219,2026-10-03,2026年度硬式加盟校として登録。2026夏大会参加校を学校単位へ展開。
SCH003504,兵庫県立西宮苦楽園高等学校,兵庫県立西宮苦楽園高等学校,兵庫県立西宮苦楽園高等学校,,兵庫県立西宮苦楽園高等学校,28,西宮市,,prefectural,high_school,active,SRC000219,2026-10-03,2026年度硬式加盟校として登録。2026夏大会参加校を学校単位へ展開。 2025年県立高校再編による新設校で、旧校も在校生卒業まで併存。
SCH003505,神戸国際大学附属高等学校,神戸国際大学附属高等学校,神戸国際大学附属高等学校,,神戸国際大学附属高等学校,28,神戸市,,private,high_school,active,SRC000219,2026-10-03,2026年度硬式加盟校として登録。2026夏大会参加校を学校単位へ展開。
SCH003506,兵庫県立伊丹北高等学校,兵庫県立伊丹北高等学校,兵庫県立伊丹北高等学校,,兵庫県立伊丹北高等学校,28,伊丹市,,prefectural,high_school,active,SRC000219,2026-10-03,2026年度硬式加盟校として登録。2026夏大会参加校を学校単位へ展開。
SCH003507,兵庫県立佐用高等学校,兵庫県立佐用高等学校,兵庫県立佐用高等学校,,兵庫県立佐用高等学校,28,佐用郡佐用町,,prefectural,high_school,active,SRC000219,2026-10-03,2026年度硬式加盟校として登録。2026夏大会参加校を学校単位へ展開。
SCH003508,兵庫県立千種高等学校,兵庫県立千種高等学校,兵庫県立千種高等学校,,兵庫県立千種高等学校,28,宍粟市,,prefectural,high_school,active,SRC000219,2026-10-03,2026年度硬式加盟校として登録。2026夏大会参加校を学校単位へ展開。
SCH003509,兵庫県立姫路別所高等学校,兵庫県立姫路別所高等学校,兵庫県立姫路別所高等学校,,兵庫県立姫路別所高等学校,28,姫路市,,prefectural,high_school,active,SRC000219,2026-10-03,2026年度硬式加盟校として登録。2026夏大会参加校を学校単位へ展開。
SCH003510,兵庫県立太子高等学校,兵庫県立太子高等学校,兵庫県立太子高等学校,,兵庫県立太子高等学校,28,揖保郡太子町,,prefectural,high_school,active,SRC000219,2026-10-03,2026年度硬式加盟校として登録。2026夏大会参加校を学校単位へ展開。
SCH003511,神戸弘陵学園高等学校,神戸弘陵学園高等学校,神戸弘陵学園高等学校,,神戸弘陵学園高等学校,28,神戸市,,private,high_school,active,SRC000219,2026-10-03,2026年度硬式加盟校として登録。2026夏大会参加校を学校単位へ展開。
SCH003512,兵庫県立伊丹高等学校,兵庫県立伊丹高等学校,兵庫県立伊丹高等学校,,兵庫県立伊丹高等学校,28,伊丹市,,prefectural,high_school,active,SRC000219,2026-10-03,2026年度硬式加盟校として登録。2026夏大会参加校を学校単位へ展開。
SCH003513,明石工業高等専門学校,明石工業高等専門学校,明石工業高等専門学校,,明石工業高等専門学校,28,明石市,,national,technical_college,active,SRC000219,2026-10-03,2026年度硬式加盟校として登録。2026夏大会参加校を学校単位へ展開。
SCH003514,兵庫県立農業高等学校,兵庫県立農業高等学校,兵庫県立農業高等学校,,兵庫県立農業高等学校,28,加古川市,,prefectural,high_school,active,SRC000219,2026-10-03,2026年度硬式加盟校として登録。2026夏大会参加校を学校単位へ展開。
SCH003515,兵庫県立西宮今津高等学校,兵庫県立西宮今津高等学校,兵庫県立西宮今津高等学校,,兵庫県立西宮今津高等学校,28,西宮市,,prefectural,high_school,active,SRC000219,2026-10-03,2026年度硬式加盟校として登録。2026夏大会参加校を学校単位へ展開。
SCH003516,兵庫県立武庫荘総合高等学校,兵庫県立武庫荘総合高等学校,兵庫県立武庫荘総合高等学校,,兵庫県立武庫荘総合高等学校,28,尼崎市,,prefectural,high_school,active,SRC000219,2026-10-03,2026年度硬式加盟校として登録。2026夏大会参加校を学校単位へ展開。
SCH003517,報徳学園高等学校,報徳学園高等学校,報徳学園高等学校,,報徳学園高等学校,28,西宮市,,private,high_school,active,SRC000219,2026-10-03,2026年度硬式加盟校として登録。2026夏大会参加校を学校単位へ展開。
SCH003518,育英高等学校,育英高等学校,育英高等学校,,育英高等学校,28,神戸市,,private,high_school,active,SRC000219,2026-10-03,2026年度硬式加盟校として登録。2026夏大会参加校を学校単位へ展開。
SCH003519,姫路市立飾磨高等学校,姫路市立飾磨高等学校,姫路市立飾磨高等学校,,姫路市立飾磨高等学校,28,姫路市,,municipal,high_school,active,SRC000219,2026-10-03,2026年度硬式加盟校として登録。2026夏大会参加校を学校単位へ展開。
SCH003520,神戸市立工業高等専門学校,神戸市立工業高等専門学校,神戸市立工業高等専門学校,,神戸市立工業高等専門学校,28,神戸市,,municipal,technical_college,active,SRC000219,2026-10-03,2026年度硬式加盟校として登録。2026夏大会参加校を学校単位へ展開。
SCH003521,兵庫県立龍野北高等学校,兵庫県立龍野北高等学校,兵庫県立龍野北高等学校,,兵庫県立龍野北高等学校,28,たつの市,,prefectural,high_school,active,SRC000219,2026-10-03,2026年度硬式加盟校として登録。2026夏大会参加校を学校単位へ展開。
SCH003522,兵庫県立宝塚高等学校,兵庫県立宝塚高等学校,兵庫県立宝塚高等学校,,兵庫県立宝塚高等学校,28,宝塚市,,prefectural,high_school,active,SRC000219,2026-10-03,2026年度硬式加盟校として登録。2026夏大会参加校を学校単位へ展開。
SCH003523,兵庫県立宝塚西高等学校,兵庫県立宝塚西高等学校,兵庫県立宝塚西高等学校,,兵庫県立宝塚西高等学校,28,宝塚市,,prefectural,high_school,active,SRC000219,2026-10-03,2026年度硬式加盟校として登録。2026夏大会参加校を学校単位へ展開。
SCH003524,兵庫県立尼崎稲園高等学校,兵庫県立尼崎稲園高等学校,兵庫県立尼崎稲園高等学校,,兵庫県立尼崎稲園高等学校,28,尼崎市,,prefectural,high_school,active,SRC000219,2026-10-03,2026年度硬式加盟校として登録。2026夏大会参加校を学校単位へ展開。
SCH003525,関西学院高等部,関西学院高等部,関西学院高等部,,関西学院高等部,28,西宮市,,private,high_school,active,SRC000219,2026-10-03,2026年度硬式加盟校として登録。2026夏大会参加校を学校単位へ展開。
SCH003526,兵庫県立小野高等学校,兵庫県立小野高等学校,兵庫県立小野高等学校,,兵庫県立小野高等学校,28,小野市,,prefectural,high_school,active,SRC000219,2026-10-03,2026年度硬式加盟校として登録。2026夏大会参加校を学校単位へ展開。
SCH003527,兵庫県立淡路高等学校,兵庫県立淡路高等学校,兵庫県立淡路高等学校,,兵庫県立淡路高等学校,28,淡路市,,prefectural,high_school,active,SRC000219,2026-10-03,2026年度硬式加盟校として登録。2026夏大会参加校を学校単位へ展開。
SCH003528,兵庫県立姫路南高等学校,兵庫県立姫路南高等学校,兵庫県立姫路南高等学校,,兵庫県立姫路南高等学校,28,姫路市,,prefectural,high_school,active,SRC000219,2026-10-03,2026年度硬式加盟校として登録。2026夏大会参加校を学校単位へ展開。
SCH003529,兵庫県立網干高等学校,兵庫県立網干高等学校,兵庫県立網干高等学校,,兵庫県立網干高等学校,28,姫路市,,prefectural,high_school,active,SRC000219,2026-10-03,2026年度硬式加盟校として登録。2026夏大会参加校を学校単位へ展開。
SCH003530,兵庫県立姫路西高等学校,兵庫県立姫路西高等学校,兵庫県立姫路西高等学校,,兵庫県立姫路西高等学校,28,姫路市,,prefectural,high_school,active,SRC000219,2026-10-03,2026年度硬式加盟校として登録。2026夏大会参加校を学校単位へ展開。
SCH003531,松陰高等学校 尼崎校,松陰高等学校 尼崎校,松陰高等学校 尼崎校,,松陰高等学校 尼崎校,28,尼崎市,,private,high_school,active,SRC000219,2026-10-03,2026年度硬式加盟校として登録。2026夏大会参加校を学校単位へ展開。
SCH003532,兵庫県立姫路商業高等学校,兵庫県立姫路商業高等学校,兵庫県立姫路商業高等学校,,兵庫県立姫路商業高等学校,28,姫路市,,prefectural,high_school,active,SRC000219,2026-10-03,2026年度硬式加盟校として登録。2026夏大会参加校を学校単位へ展開。
SCH003533,兵庫県立長田高等学校,兵庫県立長田高等学校,兵庫県立長田高等学校,,兵庫県立長田高等学校,28,神戸市,,prefectural,high_school,active,SRC000219,2026-10-03,2026年度硬式加盟校として登録。2026夏大会参加校を学校単位へ展開。
SCH003534,兵庫県立尼崎工業高等学校,兵庫県立尼崎工業高等学校,兵庫県立尼崎工業高等学校,,兵庫県立尼崎工業高等学校,28,尼崎市,,prefectural,high_school,active,SRC000219,2026-10-03,2026年度硬式加盟校として登録。2026夏大会参加校を学校単位へ展開。
SCH003535,滝川高等学校,滝川高等学校,滝川高等学校,,滝川高等学校,28,神戸市,,private,high_school,active,SRC000219,2026-10-03,2026年度硬式加盟校として登録。2026夏大会参加校を学校単位へ展開。
SCH003536,三田学園高等学校,三田学園高等学校,三田学園高等学校,,三田学園高等学校,28,三田市,,private,high_school,active,SRC000219,2026-10-03,2026年度硬式加盟校として登録。2026夏大会参加校を学校単位へ展開。
SCH003537,淳心学院高等学校,淳心学院高等学校,淳心学院高等学校,,淳心学院高等学校,28,姫路市,,private,high_school,active,SRC000219,2026-10-03,2026年度硬式加盟校として登録。2026夏大会参加校を学校単位へ展開。
SCH003538,兵庫県立上郡高等学校,兵庫県立上郡高等学校,兵庫県立上郡高等学校,,兵庫県立上郡高等学校,28,赤穂郡上郡町,,prefectural,high_school,active,SRC000219,2026-10-03,2026年度硬式加盟校として登録。2026夏大会参加校を学校単位へ展開。
SCH003539,灘高等学校,灘高等学校,灘高等学校,,灘高等学校,28,神戸市,,private,high_school,active,SRC000219,2026-10-03,2026年度硬式加盟校として登録。2026夏大会参加校を学校単位へ展開。
SCH003540,西宮市立西宮東高等学校,西宮市立西宮東高等学校,西宮市立西宮東高等学校,,西宮市立西宮東高等学校,28,西宮市,,municipal,high_school,active,SRC000219,2026-10-03,2026年度硬式加盟校として登録。2026夏大会参加校を学校単位へ展開。
SCH003541,兵庫県立三田西陵高等学校,兵庫県立三田西陵高等学校,兵庫県立三田西陵高等学校,,兵庫県立三田西陵高等学校,28,三田市,,prefectural,high_school,active,SRC000219,2026-10-03,2026年度硬式加盟校として登録。2026夏大会参加校を学校単位へ展開。
SCH003542,兵庫県立加古川西高等学校,兵庫県立加古川西高等学校,兵庫県立加古川西高等学校,,兵庫県立加古川西高等学校,28,加古川市,,prefectural,high_school,active,SRC000219,2026-10-03,2026年度硬式加盟校として登録。2026夏大会参加校を学校単位へ展開。
SCH003543,兵庫県立夢野台高等学校,兵庫県立夢野台高等学校,兵庫県立夢野台高等学校,,兵庫県立夢野台高等学校,28,神戸市,,prefectural,high_school,active,SRC000219,2026-10-03,2026年度硬式加盟校として登録。2026夏大会参加校を学校単位へ展開。
SCH003544,姫路市立姫路高等学校,姫路市立姫路高等学校,姫路市立姫路高等学校,,姫路市立姫路高等学校,28,姫路市,,municipal,high_school,active,SRC000219,2026-10-03,2026年度硬式加盟校として登録。2026夏大会参加校を学校単位へ展開。
SCH003545,明石市立明石商業高等学校,明石市立明石商業高等学校,明石市立明石商業高等学校,,明石市立明石商業高等学校,28,明石市,,municipal,high_school,active,SRC000219,2026-10-03,2026年度硬式加盟校として登録。2026夏大会参加校を学校単位へ展開。
SCH003546,兵庫県立淡路三原高等学校,兵庫県立淡路三原高等学校,兵庫県立淡路三原高等学校,,兵庫県立淡路三原高等学校,28,南あわじ市,,prefectural,high_school,active,SRC000219,2026-10-03,2026年度硬式加盟校として登録。2026夏大会参加校を学校単位へ展開。
SCH003547,兵庫県立鳴尾高等学校,兵庫県立鳴尾高等学校,兵庫県立鳴尾高等学校,,兵庫県立鳴尾高等学校,28,西宮市,,prefectural,high_school,active,SRC000219,2026-10-03,2026年度硬式加盟校として登録。2026夏大会参加校を学校単位へ展開。
SCH003548,兵庫県立明石北高等学校,兵庫県立明石北高等学校,兵庫県立明石北高等学校,,兵庫県立明石北高等学校,28,明石市,,prefectural,high_school,active,SRC000219,2026-10-03,2026年度硬式加盟校として登録。2026夏大会参加校を学校単位へ展開。
SCH003549,兵庫県立明石清水高等学校,兵庫県立明石清水高等学校,兵庫県立明石清水高等学校,,兵庫県立明石清水高等学校,28,明石市,,prefectural,high_school,active,SRC000219,2026-10-03,2026年度硬式加盟校として登録。2026夏大会参加校を学校単位へ展開。
SCH003550,兵庫県立川西緑台高等学校,兵庫県立川西緑台高等学校,兵庫県立川西緑台高等学校,,兵庫県立川西緑台高等学校,28,川西市,,prefectural,high_school,active,SRC000219,2026-10-03,2026年度硬式加盟校として登録。2026夏大会参加校を学校単位へ展開。
SCH003551,兵庫県立山崎高等学校,兵庫県立山崎高等学校,兵庫県立山崎高等学校,,兵庫県立山崎高等学校,28,宍粟市,,prefectural,high_school,active,SRC000219,2026-10-03,2026年度硬式加盟校として登録。2026夏大会参加校を学校単位へ展開。
SCH003552,兵庫県立有馬高等学校,兵庫県立有馬高等学校,兵庫県立有馬高等学校,,兵庫県立有馬高等学校,28,三田市,,prefectural,high_school,active,SRC000219,2026-10-03,2026年度硬式加盟校として登録。2026夏大会参加校を学校単位へ展開。
SCH003553,彩星工科高等学校,彩星工科高等学校,彩星工科高等学校,,彩星工科高等学校,28,神戸市,,private,high_school,active,SRC000219,2026-10-03,2026年度硬式加盟校として登録。2026夏大会参加校を学校単位へ展開。
SCH003554,滝川第二高等学校,滝川第二高等学校,滝川第二高等学校,,滝川第二高等学校,28,神戸市,,private,high_school,active,SRC000219,2026-10-03,2026年度硬式加盟校として登録。2026夏大会参加校を学校単位へ展開。
SCH003555,園田学園高等学校,園田学園高等学校,園田学園高等学校,,園田学園高等学校,28,尼崎市,,private,high_school,active,SRC000219,2026-10-03,2026年度硬式加盟校として登録。2026夏大会参加校を学校単位へ展開。
SCH003556,神港学園高等学校,神港学園高等学校,神港学園高等学校,,神港学園高等学校,28,神戸市,,private,high_school,active,SRC000219,2026-10-03,2026年度硬式加盟校として登録。2026夏大会参加校を学校単位へ展開。
SCH003557,兵庫県立龍野高等学校,兵庫県立龍野高等学校,兵庫県立龍野高等学校,,兵庫県立龍野高等学校,28,たつの市,,prefectural,high_school,active,SRC000219,2026-10-03,2026年度硬式加盟校として登録。2026夏大会参加校を学校単位へ展開。
SCH003558,兵庫県立東灘高等学校,兵庫県立東灘高等学校,兵庫県立東灘高等学校,,兵庫県立東灘高等学校,28,神戸市,,prefectural,high_school,active,SRC000219,2026-10-03,2026年度硬式加盟校として登録。2026夏大会参加校を学校単位へ展開。
SCH003559,兵庫県立兵庫高等学校,兵庫県立兵庫高等学校,兵庫県立兵庫高等学校,,兵庫県立兵庫高等学校,28,神戸市,,prefectural,high_school,active,SRC000219,2026-10-03,2026年度硬式加盟校として登録。2026夏大会参加校を学校単位へ展開。
SCH003560,白陵高等学校,白陵高等学校,白陵高等学校,,白陵高等学校,28,高砂市,,private,high_school,active,SRC000219,2026-10-03,2026年度硬式加盟校として登録。2026夏大会参加校を学校単位へ展開。
SCH003561,兵庫県立宝塚北高等学校,兵庫県立宝塚北高等学校,兵庫県立宝塚北高等学校,,兵庫県立宝塚北高等学校,28,宝塚市,,prefectural,high_school,active,SRC000219,2026-10-03,2026年度硬式加盟校として登録。2026夏大会参加校を学校単位へ展開。
SCH003562,兵庫県立兵庫工業高等学校,兵庫県立兵庫工業高等学校,兵庫県立兵庫工業高等学校,,兵庫県立兵庫工業高等学校,28,神戸市,,prefectural,high_school,active,SRC000219,2026-10-03,2026年度硬式加盟校として登録。2026夏大会参加校を学校単位へ展開。
SCH003563,兵庫県立生野高等学校,兵庫県立生野高等学校,兵庫県立生野高等学校,,兵庫県立生野高等学校,28,朝来市,,prefectural,high_school,active,SRC000220,2026-10-03,2026年度硬式加盟校として登録。2026夏は不参加だが、秋季但丹地区予選で4校連合（村岡・和田山・出石・生野）として活動確認。JHBF公式167校との差1校を補完。
SCH003564,酪農学園大学附属とわの森三愛高等学校,酪農学園大学附属とわの森三愛高等学校,酪農学園大学附属とわの森三愛高等学校,,酪農学園大学附属とわの森三愛高等学校,01,江別市,,private,high_school,active,SRC000226,2026-10-03,2026年度硬式加盟校として登録。2026夏大会参加校を合同表記から学校単位へ展開。
SCH003565,北海道札幌月寒高等学校,北海道札幌月寒高等学校,北海道札幌月寒高等学校,,北海道札幌月寒高等学校,01,札幌市,,prefectural,high_school,active,SRC000226,2026-10-03,2026年度硬式加盟校として登録。2026夏大会参加校を合同表記から学校単位へ展開。
SCH003566,札幌新陽高等学校,札幌新陽高等学校,札幌新陽高等学校,,札幌新陽高等学校,01,札幌市,,private,high_school,active,SRC000226,2026-10-03,2026年度硬式加盟校として登録。2026夏大会参加校を合同表記から学校単位へ展開。
SCH003567,北海道札幌真栄高等学校,北海道札幌真栄高等学校,北海道札幌真栄高等学校,,北海道札幌真栄高等学校,01,札幌市,,prefectural,high_school,active,SRC000226,2026-10-03,2026年度硬式加盟校として登録。2026夏大会参加校を合同表記から学校単位へ展開。
SCH003568,北海道札幌手稲高等学校,北海道札幌手稲高等学校,北海道札幌手稲高等学校,,北海道札幌手稲高等学校,01,札幌市,,prefectural,high_school,active,SRC000226,2026-10-03,2026年度硬式加盟校として登録。2026夏大会参加校を合同表記から学校単位へ展開。
SCH003569,北海道札幌啓成高等学校,北海道札幌啓成高等学校,北海道札幌啓成高等学校,,北海道札幌啓成高等学校,01,札幌市,,prefectural,high_school,active,SRC000226,2026-10-03,2026年度硬式加盟校として登録。2026夏大会参加校を合同表記から学校単位へ展開。
SCH003570,北海道科学大学高等学校,北海道科学大学高等学校,北海道科学大学高等学校,,北海道科学大学高等学校,01,札幌市,,private,high_school,active,SRC000226,2026-10-03,2026年度硬式加盟校として登録。2026夏大会参加校を合同表記から学校単位へ展開。
SCH003571,北海学園札幌高等学校,北海学園札幌高等学校,北海学園札幌高等学校,,北海学園札幌高等学校,01,札幌市,,private,high_school,active,SRC000226,2026-10-03,2026年度硬式加盟校として登録。2026夏大会参加校を合同表記から学校単位へ展開。
SCH003572,北海道札幌厚別高等学校,北海道札幌厚別高等学校,北海道札幌厚別高等学校,,北海道札幌厚別高等学校,01,札幌市,,prefectural,high_school,active,SRC000226,2026-10-03,2026年度硬式加盟校として登録。2026夏大会参加校を合同表記から学校単位へ展開。
SCH003573,北海道札幌東高等学校,北海道札幌東高等学校,北海道札幌東高等学校,,北海道札幌東高等学校,01,札幌市,,prefectural,high_school,active,SRC000226,2026-10-03,2026年度硬式加盟校として登録。2026夏大会参加校を合同表記から学校単位へ展開。
SCH003574,北海道札幌英藍高等学校,北海道札幌英藍高等学校,北海道札幌英藍高等学校,,北海道札幌英藍高等学校,01,札幌市,,prefectural,high_school,active,SRC000226,2026-10-03,2026年度硬式加盟校として登録。2026夏大会参加校を合同表記から学校単位へ展開。
SCH003575,北海道寿都高等学校,北海道寿都高等学校,北海道寿都高等学校,,北海道寿都高等学校,01,寿都郡寿都町,,prefectural,high_school,active,SRC000226,2026-10-03,2026年度硬式加盟校として登録。2026夏大会参加校を合同表記から学校単位へ展開。
SCH003576,北海道岩内高等学校,北海道岩内高等学校,北海道岩内高等学校,,北海道岩内高等学校,01,岩内郡岩内町,,prefectural,high_school,active,SRC000226,2026-10-03,2026年度硬式加盟校として登録。2026夏大会参加校を合同表記から学校単位へ展開。
SCH003577,北海道蘭越高等学校,北海道蘭越高等学校,北海道蘭越高等学校,,北海道蘭越高等学校,01,磯谷郡蘭越町,,prefectural,high_school,active,SRC000226,2026-10-03,2026年度硬式加盟校として登録。2026夏大会参加校を合同表記から学校単位へ展開。
SCH003578,北海道小樽水産高等学校,北海道小樽水産高等学校,北海道小樽水産高等学校,,北海道小樽水産高等学校,01,小樽市,,prefectural,high_school,active,SRC000226,2026-10-03,2026年度硬式加盟校として登録。2026夏大会参加校を合同表記から学校単位へ展開。
SCH003579,札幌日本大学高等学校,札幌日本大学高等学校,札幌日本大学高等学校,,札幌日本大学高等学校,01,札幌市,,private,high_school,active,SRC000226,2026-10-03,2026年度硬式加盟校として登録。2026夏大会参加校を合同表記から学校単位へ展開。
SCH003580,北海道札幌琴似工業高等学校,北海道札幌琴似工業高等学校,北海道札幌琴似工業高等学校,,北海道札幌琴似工業高等学校,01,札幌市,,prefectural,high_school,active,SRC000226,2026-10-03,2026年度硬式加盟校として登録。2026夏大会参加校を合同表記から学校単位へ展開。
SCH003581,北海道札幌北高等学校,北海道札幌北高等学校,北海道札幌北高等学校,,北海道札幌北高等学校,01,札幌市,,prefectural,high_school,active,SRC000226,2026-10-03,2026年度硬式加盟校として登録。2026夏大会参加校を合同表記から学校単位へ展開。
SCH003582,北海道七飯高等学校,北海道七飯高等学校,北海道七飯高等学校,,北海道七飯高等学校,01,亀田郡七飯町,,prefectural,high_school,active,SRC000226,2026-10-03,2026年度硬式加盟校として登録。2026夏大会参加校を合同表記から学校単位へ展開。
SCH003583,市立函館高等学校,市立函館高等学校,市立函館高等学校,,市立函館高等学校,01,函館市,,municipal,high_school,active,SRC000226,2026-10-03,2026年度硬式加盟校として登録。2026夏大会参加校を合同表記から学校単位へ展開。
SCH003584,函館ラ・サール高等学校,函館ラ・サール高等学校,函館ラ・サール高等学校,,函館ラ・サール高等学校,01,函館市,,private,high_school,active,SRC000226,2026-10-03,2026年度硬式加盟校として登録。2026夏大会参加校を合同表記から学校単位へ展開。
SCH003585,北海道江別高等学校,北海道江別高等学校,北海道江別高等学校,,北海道江別高等学校,01,江別市,,prefectural,high_school,active,SRC000226,2026-10-03,2026年度硬式加盟校として登録。2026夏大会参加校を合同表記から学校単位へ展開。
SCH003586,市立札幌新川高等学校,市立札幌新川高等学校,市立札幌新川高等学校,,市立札幌新川高等学校,01,札幌市,,municipal,high_school,active,SRC000226,2026-10-03,2026年度硬式加盟校として登録。2026夏大会参加校を合同表記から学校単位へ展開。
SCH003587,市立札幌旭丘高等学校,市立札幌旭丘高等学校,市立札幌旭丘高等学校,,市立札幌旭丘高等学校,01,札幌市,,municipal,high_school,active,SRC000226,2026-10-03,2026年度硬式加盟校として登録。2026夏大会参加校を合同表記から学校単位へ展開。
SCH003588,北海道札幌南高等学校,北海道札幌南高等学校,北海道札幌南高等学校,,北海道札幌南高等学校,01,札幌市,,prefectural,high_school,active,SRC000226,2026-10-03,2026年度硬式加盟校として登録。2026夏大会参加校を合同表記から学校単位へ展開。
SCH003589,北海道札幌国際情報高等学校,北海道札幌国際情報高等学校,北海道札幌国際情報高等学校,,北海道札幌国際情報高等学校,01,札幌市,,prefectural,high_school,active,SRC000226,2026-10-03,2026年度硬式加盟校として登録。2026夏大会参加校を合同表記から学校単位へ展開。
SCH003590,北海道札幌丘珠高等学校,北海道札幌丘珠高等学校,北海道札幌丘珠高等学校,,北海道札幌丘珠高等学校,01,札幌市,,prefectural,high_school,active,SRC000226,2026-10-03,2026年度硬式加盟校として登録。2026夏大会参加校を合同表記から学校単位へ展開。
SCH003591,北海道札幌西陵高等学校,北海道札幌西陵高等学校,北海道札幌西陵高等学校,,北海道札幌西陵高等学校,01,札幌市,,prefectural,high_school,active,SRC000226,2026-10-03,2026年度硬式加盟校として登録。2026夏大会参加校を合同表記から学校単位へ展開。
SCH003592,北海道浦河高等学校,北海道浦河高等学校,北海道浦河高等学校,,北海道浦河高等学校,01,浦河郡浦河町,,prefectural,high_school,active,SRC000226,2026-10-03,2026年度硬式加盟校として登録。2026夏大会参加校を合同表記から学校単位へ展開。
SCH003593,北海道栄高等学校,北海道栄高等学校,北海道栄高等学校,,北海道栄高等学校,01,白老郡白老町,,private,high_school,active,SRC000226,2026-10-03,2026年度硬式加盟校として登録。2026夏大会参加校を合同表記から学校単位へ展開。
SCH003594,北海道苫小牧南高等学校,北海道苫小牧南高等学校,北海道苫小牧南高等学校,,北海道苫小牧南高等学校,01,苫小牧市,,prefectural,high_school,active,SRC000226,2026-10-03,2026年度硬式加盟校として登録。2026夏大会参加校を合同表記から学校単位へ展開。
SCH003595,北海道静内高等学校,北海道静内高等学校,北海道静内高等学校,,北海道静内高等学校,01,日高郡新ひだか町,,prefectural,high_school,active,SRC000226,2026-10-03,2026年度硬式加盟校として登録。2026夏大会参加校を合同表記から学校単位へ展開。
SCH003596,北海道室蘭清水丘高等学校,北海道室蘭清水丘高等学校,北海道室蘭清水丘高等学校,,北海道室蘭清水丘高等学校,01,室蘭市,,prefectural,high_school,active,SRC000226,2026-10-03,2026年度硬式加盟校として登録。2026夏大会参加校を合同表記から学校単位へ展開。
SCH003597,北海道登別青嶺高等学校,北海道登別青嶺高等学校,北海道登別青嶺高等学校,,北海道登別青嶺高等学校,01,登別市,,prefectural,high_school,active,SRC000226,2026-10-03,2026年度硬式加盟校として登録。2026夏大会参加校を合同表記から学校単位へ展開。
SCH003598,北海道八雲高等学校,北海道八雲高等学校,北海道八雲高等学校,,北海道八雲高等学校,01,二海郡八雲町,,prefectural,high_school,active,SRC000226,2026-10-03,2026年度硬式加盟校として登録。2026夏大会参加校を合同表記から学校単位へ展開。
SCH003599,函館大谷高等学校,函館大谷高等学校,函館大谷高等学校,,函館大谷高等学校,01,函館市,,private,high_school,active,SRC000226,2026-10-03,2026年度硬式加盟校として登録。2026夏大会参加校を合同表記から学校単位へ展開。
SCH003600,北海道恵庭南高等学校,北海道恵庭南高等学校,北海道恵庭南高等学校,,北海道恵庭南高等学校,01,恵庭市,,prefectural,high_school,active,SRC000226,2026-10-03,2026年度硬式加盟校として登録。2026夏大会参加校を合同表記から学校単位へ展開。
SCH003601,札幌光星高等学校,札幌光星高等学校,札幌光星高等学校,,札幌光星高等学校,01,札幌市,,private,high_school,active,SRC000226,2026-10-03,2026年度硬式加盟校として登録。2026夏大会参加校を合同表記から学校単位へ展開。
SCH003602,札幌第一高等学校,札幌第一高等学校,札幌第一高等学校,,札幌第一高等学校,01,札幌市,,private,high_school,active,SRC000226,2026-10-03,2026年度硬式加盟校として登録。2026夏大会参加校を合同表記から学校単位へ展開。
SCH003603,北海道森高等学校,北海道森高等学校,北海道森高等学校,,北海道森高等学校,01,茅部郡森町,,prefectural,high_school,active,SRC000226,2026-10-03,2026年度硬式加盟校として登録。2026夏大会参加校を合同表記から学校単位へ展開。
SCH003604,北海道函館中部高等学校,北海道函館中部高等学校,北海道函館中部高等学校,,北海道函館中部高等学校,01,函館市,,prefectural,high_school,active,SRC000226,2026-10-03,2026年度硬式加盟校として登録。2026夏大会参加校を合同表記から学校単位へ展開。
SCH003605,北海道江差高等学校,北海道江差高等学校,北海道江差高等学校,,北海道江差高等学校,01,檜山郡江差町,,prefectural,high_school,active,SRC000226,2026-10-03,2026年度硬式加盟校として登録。2026夏大会参加校を合同表記から学校単位へ展開。
SCH003606,北海道奥尻高等学校,北海道奥尻高等学校,北海道奥尻高等学校,,北海道奥尻高等学校,01,奥尻郡奥尻町,,prefectural,high_school,active,SRC000226,2026-10-03,2026年度硬式加盟校として登録。2026夏大会参加校を合同表記から学校単位へ展開。
SCH003607,北海道大野農業高等学校,北海道大野農業高等学校,北海道大野農業高等学校,,北海道大野農業高等学校,01,北斗市,,prefectural,high_school,active,SRC000226,2026-10-03,2026年度硬式加盟校として登録。2026夏大会参加校を合同表記から学校単位へ展開。
SCH003608,札幌静修高等学校,札幌静修高等学校,札幌静修高等学校,,札幌静修高等学校,01,札幌市,,private,high_school,active,SRC000226,2026-10-03,2026年度硬式加盟校として登録。2026夏大会参加校を合同表記から学校単位へ展開。
SCH003609,北海道文教大学附属高等学校,北海道文教大学附属高等学校,北海道文教大学附属高等学校,,北海道文教大学附属高等学校,01,札幌市,,private,high_school,active,SRC000226,2026-10-03,2026年度硬式加盟校として登録。2026夏大会参加校を合同表記から学校単位へ展開。
SCH003610,北海道千歳高等学校,北海道千歳高等学校,北海道千歳高等学校,,北海道千歳高等学校,01,千歳市,,prefectural,high_school,active,SRC000226,2026-10-03,2026年度硬式加盟校として登録。2026夏大会参加校を合同表記から学校単位へ展開。
SCH003611,苫小牧中央高等学校,苫小牧中央高等学校,苫小牧中央高等学校,,苫小牧中央高等学校,01,苫小牧市,,private,high_school,active,SRC000226,2026-10-03,2026年度硬式加盟校として登録。2026夏大会参加校を合同表記から学校単位へ展開。
SCH003612,北海道室蘭栄高等学校,北海道室蘭栄高等学校,北海道室蘭栄高等学校,,北海道室蘭栄高等学校,01,室蘭市,,prefectural,high_school,active,SRC000226,2026-10-03,2026年度硬式加盟校として登録。2026夏大会参加校を合同表記から学校単位へ展開。
SCH003613,北海道苫小牧工業高等学校,北海道苫小牧工業高等学校,北海道苫小牧工業高等学校,,北海道苫小牧工業高等学校,01,苫小牧市,,prefectural,high_school,active,SRC000226,2026-10-03,2026年度硬式加盟校として登録。2026夏大会参加校を合同表記から学校単位へ展開。
SCH003614,北照高等学校,北照高等学校,北照高等学校,,北照高等学校,01,小樽市,,private,high_school,active,SRC000226,2026-10-03,2026年度硬式加盟校として登録。2026夏大会参加校を合同表記から学校単位へ展開。
SCH003615,北海道小樽潮陵高等学校,北海道小樽潮陵高等学校,北海道小樽潮陵高等学校,,北海道小樽潮陵高等学校,01,小樽市,,prefectural,high_school,active,SRC000226,2026-10-03,2026年度硬式加盟校として登録。2026夏大会参加校を合同表記から学校単位へ展開。
SCH003616,北海道小樽桜陽高等学校,北海道小樽桜陽高等学校,北海道小樽桜陽高等学校,,北海道小樽桜陽高等学校,01,小樽市,,prefectural,high_school,active,SRC000226,2026-10-03,2026年度硬式加盟校として登録。2026夏大会参加校を合同表記から学校単位へ展開。
SCH003617,北海道倶知安高等学校,北海道倶知安高等学校,北海道倶知安高等学校,,北海道倶知安高等学校,01,虻田郡倶知安町,,prefectural,high_school,active,SRC000226,2026-10-03,2026年度硬式加盟校として登録。2026夏大会参加校を合同表記から学校単位へ展開。
SCH003618,北海道札幌白石高等学校,北海道札幌白石高等学校,北海道札幌白石高等学校,,北海道札幌白石高等学校,01,札幌市,,prefectural,high_school,active,SRC000226,2026-10-03,2026年度硬式加盟校として登録。2026夏大会参加校を合同表記から学校単位へ展開。
SCH003619,北海道北広島高等学校,北海道北広島高等学校,北海道北広島高等学校,,北海道北広島高等学校,01,北広島市,,prefectural,high_school,active,SRC000226,2026-10-03,2026年度硬式加盟校として登録。2026夏大会参加校を合同表記から学校単位へ展開。
SCH003620,北海道札幌西高等学校,北海道札幌西高等学校,北海道札幌西高等学校,,北海道札幌西高等学校,01,札幌市,,prefectural,high_school,active,SRC000226,2026-10-03,2026年度硬式加盟校として登録。2026夏大会参加校を合同表記から学校単位へ展開。
SCH003621,北海道石狩南高等学校,北海道石狩南高等学校,北海道石狩南高等学校,,北海道石狩南高等学校,01,石狩市,,prefectural,high_school,active,SRC000226,2026-10-03,2026年度硬式加盟校として登録。2026夏大会参加校を合同表記から学校単位へ展開。
SCH003622,駒澤大学附属苫小牧高等学校,駒澤大学附属苫小牧高等学校,駒澤大学附属苫小牧高等学校,,駒澤大学附属苫小牧高等学校,01,苫小牧市,,private,high_school,active,SRC000226,2026-10-03,2026年度硬式加盟校として登録。2026夏大会参加校を合同表記から学校単位へ展開。
SCH003623,苫小牧工業高等専門学校,苫小牧工業高等専門学校,苫小牧工業高等専門学校,,苫小牧工業高等専門学校,01,苫小牧市,,national,technical_college,active,SRC000226,2026-10-03,2026年度硬式加盟校として登録。2026夏大会参加校を合同表記から学校単位へ展開。
SCH003624,北海道鵡川高等学校,北海道鵡川高等学校,北海道鵡川高等学校,,北海道鵡川高等学校,01,勇払郡むかわ町,,prefectural,high_school,active,SRC000226,2026-10-03,2026年度硬式加盟校として登録。2026夏大会参加校を合同表記から学校単位へ展開。
SCH003625,北海道室蘭東翔高等学校,北海道室蘭東翔高等学校,北海道室蘭東翔高等学校,,北海道室蘭東翔高等学校,01,室蘭市,,prefectural,high_school,active,SRC000226,2026-10-03,2026年度硬式加盟校として登録。2026夏大会参加校を合同表記から学校単位へ展開。
SCH003626,北海道室蘭工業高等学校,北海道室蘭工業高等学校,北海道室蘭工業高等学校,,北海道室蘭工業高等学校,01,室蘭市,,prefectural,high_school,active,SRC000226,2026-10-03,2026年度硬式加盟校として登録。2026夏大会参加校を合同表記から学校単位へ展開。
SCH003627,北海道苫小牧東高等学校,北海道苫小牧東高等学校,北海道苫小牧東高等学校,,北海道苫小牧東高等学校,01,苫小牧市,,prefectural,high_school,active,SRC000226,2026-10-03,2026年度硬式加盟校として登録。2026夏大会参加校を合同表記から学校単位へ展開。
SCH003628,市立札幌啓北商業高等学校,市立札幌啓北商業高等学校,市立札幌啓北商業高等学校,,市立札幌啓北商業高等学校,01,札幌市,,municipal,high_school,active,SRC000226,2026-10-03,2026年度硬式加盟校として登録。2026夏大会参加校を合同表記から学校単位へ展開。
SCH003629,北海道札幌北陵高等学校,北海道札幌北陵高等学校,北海道札幌北陵高等学校,,北海道札幌北陵高等学校,01,札幌市,,prefectural,high_school,active,SRC000226,2026-10-03,2026年度硬式加盟校として登録。2026夏大会参加校を合同表記から学校単位へ展開。
SCH003630,札幌龍谷学園高等学校,札幌龍谷学園高等学校,札幌龍谷学園高等学校,,札幌龍谷学園高等学校,01,札幌市,,private,high_school,active,SRC000226,2026-10-03,2026年度硬式加盟校として登録。2026夏大会参加校を合同表記から学校単位へ展開。
SCH003631,函館工業高等専門学校,函館工業高等専門学校,函館工業高等専門学校,,函館工業高等専門学校,01,函館市,,national,technical_college,active,SRC000226,2026-10-03,2026年度硬式加盟校として登録。2026夏大会参加校を合同表記から学校単位へ展開。
SCH003632,北海道檜山北高等学校,北海道檜山北高等学校,北海道檜山北高等学校,,北海道檜山北高等学校,01,久遠郡せたな町,,prefectural,high_school,active,SRC000226,2026-10-03,2026年度硬式加盟校として登録。2026夏大会参加校を合同表記から学校単位へ展開。
SCH003633,北海道知内高等学校,北海道知内高等学校,北海道知内高等学校,,北海道知内高等学校,01,上磯郡知内町,,prefectural,high_school,active,SRC000226,2026-10-03,2026年度硬式加盟校として登録。2026夏大会参加校を合同表記から学校単位へ展開。
SCH003634,北海道札幌あすかぜ高等学校,北海道札幌あすかぜ高等学校,北海道札幌あすかぜ高等学校,,北海道札幌あすかぜ高等学校,01,札幌市,,prefectural,high_school,active,SRC000226,2026-10-03,2026年度硬式加盟校として登録。2026夏大会参加校を合同表記から学校単位へ展開。
SCH003635,札幌山の手高等学校,札幌山の手高等学校,札幌山の手高等学校,,札幌山の手高等学校,01,札幌市,,private,high_school,active,SRC000226,2026-10-03,2026年度硬式加盟校として登録。2026夏大会参加校を合同表記から学校単位へ展開。
SCH003636,北海道札幌平岡高等学校,北海道札幌平岡高等学校,北海道札幌平岡高等学校,,北海道札幌平岡高等学校,01,札幌市,,prefectural,high_school,active,SRC000226,2026-10-03,2026年度硬式加盟校として登録。2026夏大会参加校を合同表記から学校単位へ展開。
SCH003637,北海道札幌稲雲高等学校,北海道札幌稲雲高等学校,北海道札幌稲雲高等学校,,北海道札幌稲雲高等学校,01,札幌市,,prefectural,high_school,active,SRC000226,2026-10-03,2026年度硬式加盟校として登録。2026夏大会参加校を合同表記から学校単位へ展開。
SCH003638,北海道小樽未来創造高等学校,北海道小樽未来創造高等学校,北海道小樽未来創造高等学校,,北海道小樽未来創造高等学校,01,小樽市,,municipal,high_school,active,SRC000226,2026-10-03,2026年度硬式加盟校として登録。2026夏大会参加校を合同表記から学校単位へ展開。
SCH003639,小樽明峰高等学校,小樽明峰高等学校,小樽明峰高等学校,,小樽明峰高等学校,01,小樽市,,private,high_school,active,SRC000226,2026-10-03,2026年度硬式加盟校として登録。2026夏大会参加校を合同表記から学校単位へ展開。
SCH003640,小樽双葉高等学校,小樽双葉高等学校,小樽双葉高等学校,,小樽双葉高等学校,01,小樽市,,private,high_school,active,SRC000226,2026-10-03,2026年度硬式加盟校として登録。2026夏大会参加校を合同表記から学校単位へ展開。
SCH003641,市立札幌開成中等教育学校,市立札幌開成中等教育学校,市立札幌開成中等教育学校,,市立札幌開成中等教育学校,01,札幌市,,municipal,secondary_school,active,SRC000226,2026-10-03,2026年度硬式加盟校として登録。2026夏大会参加校を合同表記から学校単位へ展開。
SCH003642,札幌北斗高等学校,札幌北斗高等学校,札幌北斗高等学校,,札幌北斗高等学校,01,札幌市,,private,high_school,active,SRC000226,2026-10-03,2026年度硬式加盟校として登録。2026夏大会参加校を合同表記から学校単位へ展開。
SCH003643,北海道北広島西高等学校,北海道北広島西高等学校,北海道北広島西高等学校,,北海道北広島西高等学校,01,北広島市,,prefectural,high_school,active,SRC000226,2026-10-03,2026年度硬式加盟校として登録。2026夏大会参加校を合同表記から学校単位へ展開。
SCH003644,北海道札幌東豊高等学校,北海道札幌東豊高等学校,北海道札幌東豊高等学校,,北海道札幌東豊高等学校,01,札幌市,,prefectural,high_school,active,SRC000226,2026-10-03,2026年度硬式加盟校として登録。2026夏大会参加校を合同表記から学校単位へ展開。
SCH003645,市立札幌平岸高等学校,市立札幌平岸高等学校,市立札幌平岸高等学校,,市立札幌平岸高等学校,01,札幌市,,municipal,high_school,active,SRC000226,2026-10-03,2026年度硬式加盟校として登録。2026夏大会参加校を合同表記から学校単位へ展開。
SCH003646,立命館慶祥高等学校,立命館慶祥高等学校,立命館慶祥高等学校,,立命館慶祥高等学校,01,江別市,,private,high_school,active,SRC000226,2026-10-03,2026年度硬式加盟校として登録。2026夏大会参加校を合同表記から学校単位へ展開。
SCH003647,北海道苫小牧西高等学校,北海道苫小牧西高等学校,北海道苫小牧西高等学校,,北海道苫小牧西高等学校,01,苫小牧市,,prefectural,high_school,active,SRC000226,2026-10-03,2026年度硬式加盟校として登録。2026夏大会参加校を合同表記から学校単位へ展開。
SCH003648,北海道えりも高等学校,北海道えりも高等学校,北海道えりも高等学校,,北海道えりも高等学校,01,幌泉郡えりも町,,prefectural,high_school,active,SRC000226,2026-10-03,2026年度硬式加盟校として登録。2026夏大会参加校を合同表記から学校単位へ展開。
SCH003649,北海道富川高等学校,北海道富川高等学校,北海道富川高等学校,,北海道富川高等学校,01,沙流郡日高町,,prefectural,high_school,active,SRC000226,2026-10-03,2026年度硬式加盟校として登録。2026夏大会参加校を合同表記から学校単位へ展開。
SCH003650,北海道大谷室蘭高等学校,北海道大谷室蘭高等学校,北海道大谷室蘭高等学校,,北海道大谷室蘭高等学校,01,室蘭市,,private,high_school,active,SRC000226,2026-10-03,2026年度硬式加盟校として登録。2026夏大会参加校を合同表記から学校単位へ展開。
SCH003651,北海道伊達開来高等学校,北海道伊達開来高等学校,北海道伊達開来高等学校,,北海道伊達開来高等学校,01,伊達市,,prefectural,high_school,active,SRC000226,2026-10-03,2026年度硬式加盟校として登録。2026夏大会参加校を合同表記から学校単位へ展開。
SCH003652,北星学園大学附属高等学校,北星学園大学附属高等学校,北星学園大学附属高等学校,,北星学園大学附属高等学校,01,札幌市,,private,high_school,active,SRC000226,2026-10-03,2026年度硬式加盟校として登録。2026夏大会参加校を合同表記から学校単位へ展開。
SCH003653,市立札幌清田高等学校,市立札幌清田高等学校,市立札幌清田高等学校,,市立札幌清田高等学校,01,札幌市,,municipal,high_school,active,SRC000226,2026-10-03,2026年度硬式加盟校として登録。2026夏大会参加校を合同表記から学校単位へ展開。
SCH003654,東海大学付属札幌高等学校,東海大学付属札幌高等学校,東海大学付属札幌高等学校,,東海大学付属札幌高等学校,01,札幌市,,private,high_school,active,SRC000226,2026-10-03,2026年度硬式加盟校として登録。2026夏大会参加校を合同表記から学校単位へ展開。
SCH003655,札幌大谷高等学校,札幌大谷高等学校,札幌大谷高等学校,,札幌大谷高等学校,01,札幌市,,private,high_school,active,SRC000226,2026-10-03,2026年度硬式加盟校として登録。2026夏大会参加校を合同表記から学校単位へ展開。
SCH003656,北海道札幌東陵高等学校,北海道札幌東陵高等学校,北海道札幌東陵高等学校,,北海道札幌東陵高等学校,01,札幌市,,prefectural,high_school,active,SRC000226,2026-10-03,2026年度硬式加盟校として登録。2026夏大会参加校を合同表記から学校単位へ展開。
SCH003657,北海道札幌工高等学校,北海道札幌工高等学校,北海道札幌工高等学校,,北海道札幌工高等学校,01,札幌市,,prefectural,high_school,active,SRC000226,2026-10-03,2026年度硬式加盟校として登録。2026夏大会参加校を合同表記から学校単位へ展開。
SCH003658,北海道石狩翔陽高等学校,北海道石狩翔陽高等学校,北海道石狩翔陽高等学校,,北海道石狩翔陽高等学校,01,石狩市,,prefectural,high_school,active,SRC000226,2026-10-03,2026年度硬式加盟校として登録。2026夏大会参加校を合同表記から学校単位へ展開。
SCH003659,北海道恵庭北高等学校,北海道恵庭北高等学校,北海道恵庭北高等学校,,北海道恵庭北高等学校,01,恵庭市,,prefectural,high_school,active,SRC000226,2026-10-03,2026年度硬式加盟校として登録。2026夏大会参加校を合同表記から学校単位へ展開。
SCH003660,北海高等学校,北海高等学校,北海高等学校,,北海高等学校,01,札幌市,,private,high_school,active,SRC000226,2026-10-03,2026年度硬式加盟校として登録。2026夏大会参加校を合同表記から学校単位へ展開。
SCH003661,北海道函館水産高等学校,北海道函館水産高等学校,北海道函館水産高等学校,,北海道函館水産高等学校,01,函館市,,prefectural,high_school,active,SRC000226,2026-10-03,2026年度硬式加盟校として登録。2026夏大会参加校を合同表記から学校単位へ展開。
SCH003662,北海道函館商業高等学校,北海道函館商業高等学校,北海道函館商業高等学校,,北海道函館商業高等学校,01,函館市,,prefectural,high_school,active,SRC000226,2026-10-03,2026年度硬式加盟校として登録。2026夏大会参加校を合同表記から学校単位へ展開。
SCH003663,函館大学付属柏稜高等学校,函館大学付属柏稜高等学校,函館大学付属柏稜高等学校,,函館大学付属柏稜高等学校,01,函館市,,private,high_school,active,SRC000226,2026-10-03,2026年度硬式加盟校として登録。2026夏大会参加校を合同表記から学校単位へ展開。
SCH003664,北海道大麻高等学校,北海道大麻高等学校,北海道大麻高等学校,,北海道大麻高等学校,01,江別市,,prefectural,high_school,active,SRC000226,2026-10-03,2026年度硬式加盟校として登録。2026夏大会参加校を合同表記から学校単位へ展開。
SCH003665,市立札幌藻岩高等学校,市立札幌藻岩高等学校,市立札幌藻岩高等学校,,市立札幌藻岩高等学校,01,札幌市,,municipal,high_school,active,SRC000226,2026-10-03,2026年度硬式加盟校として登録。2026夏大会参加校を合同表記から学校単位へ展開。
SCH003666,札幌創成高等学校,札幌創成高等学校,札幌創成高等学校,,札幌創成高等学校,01,札幌市,,private,high_school,active,SRC000226,2026-10-03,2026年度硬式加盟校として登録。2026夏大会参加校を合同表記から学校単位へ展開。
SCH003667,北海道函館西高等学校,北海道函館西高等学校,北海道函館西高等学校,,北海道函館西高等学校,01,函館市,,prefectural,high_school,active,SRC000226,2026-10-03,2026年度硬式加盟校として登録。2026夏大会参加校を合同表記から学校単位へ展開。
SCH003668,北海道函館工業高等学校,北海道函館工業高等学校,北海道函館工業高等学校,,北海道函館工業高等学校,01,函館市,,prefectural,high_school,active,SRC000226,2026-10-03,2026年度硬式加盟校として登録。2026夏大会参加校を合同表記から学校単位へ展開。
SCH003669,函館大学付属有斗高等学校,函館大学付属有斗高等学校,函館大学付属有斗高等学校,,函館大学付属有斗高等学校,01,函館市,,private,high_school,active,SRC000226,2026-10-03,2026年度硬式加盟校として登録。2026夏大会参加校を合同表記から学校単位へ展開。
SCH003670,北海道網走南ヶ丘高等学校,北海道網走南ヶ丘高等学校,北海道網走南ヶ丘高等学校,,北海道網走南ヶ丘高等学校,01,網走市,,prefectural,high_school,active,SRC000226,2026-10-03,2026年度硬式加盟校として登録。2026夏大会参加校を合同表記から学校単位へ展開。
SCH003671,北海道北見工業高等学校,北海道北見工業高等学校,北海道北見工業高等学校,,北海道北見工業高等学校,01,北見市,,prefectural,high_school,active,SRC000226,2026-10-03,2026年度硬式加盟校として登録。2026夏大会参加校を合同表記から学校単位へ展開。
SCH003672,北海道士別翔雲高等学校,北海道士別翔雲高等学校,北海道士別翔雲高等学校,,北海道士別翔雲高等学校,01,士別市,,prefectural,high_school,active,SRC000226,2026-10-03,2026年度硬式加盟校として登録。2026夏大会参加校を合同表記から学校単位へ展開。
SCH003673,北海道枝幸高等学校,北海道枝幸高等学校,北海道枝幸高等学校,,北海道枝幸高等学校,01,枝幸郡枝幸町,,prefectural,high_school,active,SRC000226,2026-10-03,2026年度硬式加盟校として登録。2026夏大会参加校を合同表記から学校単位へ展開。
SCH003674,北海道豊富高等学校,北海道豊富高等学校,北海道豊富高等学校,,北海道豊富高等学校,01,天塩郡豊富町,,prefectural,high_school,active,SRC000226,2026-10-03,2026年度硬式加盟校として登録。2026夏大会参加校を合同表記から学校単位へ展開。
SCH003675,北海道天塩高等学校,北海道天塩高等学校,北海道天塩高等学校,,北海道天塩高等学校,01,天塩郡天塩町,,prefectural,high_school,active,SRC000226,2026-10-03,2026年度硬式加盟校として登録。2026夏大会参加校を合同表記から学校単位へ展開。
SCH003676,北海道富良野高等学校,北海道富良野高等学校,北海道富良野高等学校,,北海道富良野高等学校,01,富良野市,,prefectural,high_school,active,SRC000226,2026-10-03,2026年度硬式加盟校として登録。2026夏大会参加校を合同表記から学校単位へ展開。
SCH003677,北海道留萌高等学校,北海道留萌高等学校,北海道留萌高等学校,,北海道留萌高等学校,01,留萌市,,prefectural,high_school,active,SRC000226,2026-10-03,2026年度硬式加盟校として登録。2026夏大会参加校を合同表記から学校単位へ展開。
SCH003678,北海道帯広三条高等学校,北海道帯広三条高等学校,北海道帯広三条高等学校,,北海道帯広三条高等学校,01,帯広市,,prefectural,high_school,active,SRC000226,2026-10-03,2026年度硬式加盟校として登録。2026夏大会参加校を合同表記から学校単位へ展開。
SCH003679,北海道芽室高等学校,北海道芽室高等学校,北海道芽室高等学校,,北海道芽室高等学校,01,河西郡芽室町,,prefectural,high_school,active,SRC000226,2026-10-03,2026年度硬式加盟校として登録。2026夏大会参加校を合同表記から学校単位へ展開。
SCH003680,北海道栗山高等学校,北海道栗山高等学校,北海道栗山高等学校,,北海道栗山高等学校,01,夕張郡栗山町,,prefectural,high_school,active,SRC000226,2026-10-03,2026年度硬式加盟校として登録。2026夏大会参加校を合同表記から学校単位へ展開。
SCH003681,北海道深川東高等学校,北海道深川東高等学校,北海道深川東高等学校,,北海道深川東高等学校,01,深川市,,prefectural,high_school,active,SRC000226,2026-10-03,2026年度硬式加盟校として登録。2026夏大会参加校を合同表記から学校単位へ展開。
SCH003682,北海道釧路北陽高等学校,北海道釧路北陽高等学校,北海道釧路北陽高等学校,,北海道釧路北陽高等学校,01,釧路市,,municipal,high_school,active,SRC000226,2026-10-03,2026年度硬式加盟校として登録。2026夏大会参加校を合同表記から学校単位へ展開。
SCH003683,北海道別海高等学校,北海道別海高等学校,北海道別海高等学校,,北海道別海高等学校,01,野付郡別海町,,prefectural,high_school,active,SRC000226,2026-10-03,2026年度硬式加盟校として登録。2026夏大会参加校を合同表記から学校単位へ展開。
SCH003684,北海道深川西高等学校,北海道深川西高等学校,北海道深川西高等学校,,北海道深川西高等学校,01,深川市,,prefectural,high_school,active,SRC000226,2026-10-03,2026年度硬式加盟校として登録。2026夏大会参加校を合同表記から学校単位へ展開。
SCH003685,北海道滝川工業高等学校,北海道滝川工業高等学校,北海道滝川工業高等学校,,北海道滝川工業高等学校,01,滝川市,,prefectural,high_school,active,SRC000226,2026-10-03,2026年度硬式加盟校として登録。2026夏大会参加校を合同表記から学校単位へ展開。
SCH003686,北海道北見商業高等学校,北海道北見商業高等学校,北海道北見商業高等学校,,北海道北見商業高等学校,01,北見市,,prefectural,high_school,active,SRC000226,2026-10-03,2026年度硬式加盟校として登録。2026夏大会参加校を合同表記から学校単位へ展開。
SCH003687,北海道網走桂陽高等学校,北海道網走桂陽高等学校,北海道網走桂陽高等学校,,北海道網走桂陽高等学校,01,網走市,,prefectural,high_school,active,SRC000226,2026-10-03,2026年度硬式加盟校として登録。2026夏大会参加校を合同表記から学校単位へ展開。
SCH003688,旭川明成高等学校,旭川明成高等学校,旭川明成高等学校,,旭川明成高等学校,01,旭川市,,private,high_school,active,SRC000226,2026-10-03,2026年度硬式加盟校として登録。2026夏大会参加校を合同表記から学校単位へ展開。
SCH003689,北海道旭川工業高等学校,北海道旭川工業高等学校,北海道旭川工業高等学校,,北海道旭川工業高等学校,01,旭川市,,prefectural,high_school,active,SRC000226,2026-10-03,2026年度硬式加盟校として登録。2026夏大会参加校を合同表記から学校単位へ展開。
SCH003690,北海道羽幌高等学校,北海道羽幌高等学校,北海道羽幌高等学校,,北海道羽幌高等学校,01,苫前郡羽幌町,,prefectural,high_school,active,SRC000226,2026-10-03,2026年度硬式加盟校として登録。2026夏大会参加校を合同表記から学校単位へ展開。
SCH003691,北海道遠軽高等学校,北海道遠軽高等学校,北海道遠軽高等学校,,北海道遠軽高等学校,01,紋別郡遠軽町,,prefectural,high_school,active,SRC000226,2026-10-03,2026年度硬式加盟校として登録。2026夏大会参加校を合同表記から学校単位へ展開。
SCH003692,北海道北見北斗高等学校,北海道北見北斗高等学校,北海道北見北斗高等学校,,北海道北見北斗高等学校,01,北見市,,prefectural,high_school,active,SRC000226,2026-10-03,2026年度硬式加盟校として登録。2026夏大会参加校を合同表記から学校単位へ展開。
SCH003693,北海道旭川南高等学校,北海道旭川南高等学校,北海道旭川南高等学校,,北海道旭川南高等学校,01,旭川市,,prefectural,high_school,active,SRC000226,2026-10-03,2026年度硬式加盟校として登録。2026夏大会参加校を合同表記から学校単位へ展開。
SCH003694,北海道旭川西高等学校,北海道旭川西高等学校,北海道旭川西高等学校,,北海道旭川西高等学校,01,旭川市,,prefectural,high_school,active,SRC000226,2026-10-03,2026年度硬式加盟校として登録。2026夏大会参加校を合同表記から学校単位へ展開。
SCH003695,武修館高等学校,武修館高等学校,武修館高等学校,,武修館高等学校,01,釧路市,,private,high_school,active,SRC000226,2026-10-03,2026年度硬式加盟校として登録。2026夏大会参加校を合同表記から学校単位へ展開。
SCH003696,北海道釧路工業高等学校,北海道釧路工業高等学校,北海道釧路工業高等学校,,北海道釧路工業高等学校,01,釧路市,,prefectural,high_school,active,SRC000226,2026-10-03,2026年度硬式加盟校として登録。2026夏大会参加校を合同表記から学校単位へ展開。
SCH003697,北海道厚岸翔洋高等学校,北海道厚岸翔洋高等学校,北海道厚岸翔洋高等学校,,北海道厚岸翔洋高等学校,01,厚岸郡厚岸町,,prefectural,high_school,active,SRC000226,2026-10-03,2026年度硬式加盟校として登録。2026夏大会参加校を合同表記から学校単位へ展開。
SCH003698,北海道標茶高等学校,北海道標茶高等学校,北海道標茶高等学校,,北海道標茶高等学校,01,川上郡標茶町,,prefectural,high_school,active,SRC000226,2026-10-03,2026年度硬式加盟校として登録。2026夏大会参加校を合同表記から学校単位へ展開。
SCH003699,北海道弟子屈高等学校,北海道弟子屈高等学校,北海道弟子屈高等学校,,北海道弟子屈高等学校,01,川上郡弟子屈町,,prefectural,high_school,active,SRC000226,2026-10-03,2026年度硬式加盟校として登録。2026夏大会参加校を合同表記から学校単位へ展開。
SCH003700,北海道霧多布高等学校,北海道霧多布高等学校,北海道霧多布高等学校,,北海道霧多布高等学校,01,厚岸郡浜中町,,prefectural,high_school,active,SRC000226,2026-10-03,2026年度硬式加盟校として登録。2026夏大会参加校を合同表記から学校単位へ展開。
SCH003701,白樺学園高等学校,白樺学園高等学校,白樺学園高等学校,,白樺学園高等学校,01,河西郡芽室町,,private,high_school,active,SRC000226,2026-10-03,2026年度硬式加盟校として登録。2026夏大会参加校を合同表記から学校単位へ展開。
SCH003702,北海道音更高等学校,北海道音更高等学校,北海道音更高等学校,,北海道音更高等学校,01,河東郡音更町,,prefectural,high_school,active,SRC000226,2026-10-03,2026年度硬式加盟校として登録。2026夏大会参加校を合同表記から学校単位へ展開。
SCH003703,北海道岩見沢農業高等学校,北海道岩見沢農業高等学校,北海道岩見沢農業高等学校,,北海道岩見沢農業高等学校,01,岩見沢市,,prefectural,high_school,active,SRC000226,2026-10-03,2026年度硬式加盟校として登録。2026夏大会参加校を合同表記から学校単位へ展開。
SCH003704,北海道夕張高等学校,北海道夕張高等学校,北海道夕張高等学校,,北海道夕張高等学校,01,夕張市,,prefectural,high_school,active,SRC000226,2026-10-03,2026年度硬式加盟校として登録。2026夏大会参加校を合同表記から学校単位へ展開。
SCH003705,北海道帯広柏葉高等学校,北海道帯広柏葉高等学校,北海道帯広柏葉高等学校,,北海道帯広柏葉高等学校,01,帯広市,,prefectural,high_school,active,SRC000226,2026-10-03,2026年度硬式加盟校として登録。2026夏大会参加校を合同表記から学校単位へ展開。
SCH003706,北海道本別高等学校,北海道本別高等学校,北海道本別高等学校,,北海道本別高等学校,01,中川郡本別町,,prefectural,high_school,active,SRC000226,2026-10-03,2026年度硬式加盟校として登録。2026夏大会参加校を合同表記から学校単位へ展開。
SCH003707,帯広大谷高等学校,帯広大谷高等学校,帯広大谷高等学校,,帯広大谷高等学校,01,帯広市,,private,high_school,active,SRC000226,2026-10-03,2026年度硬式加盟校として登録。2026夏大会参加校を合同表記から学校単位へ展開。
SCH003708,旭川志峯高等学校,旭川志峯高等学校,旭川志峯高等学校,,旭川志峯高等学校,01,旭川市,,private,high_school,active,SRC000226,2026-10-03,2026年度硬式加盟校として登録。2026夏大会参加校を合同表記から学校単位へ展開。
SCH003709,旭川工業高等専門学校,旭川工業高等専門学校,旭川工業高等専門学校,,旭川工業高等専門学校,01,旭川市,,national,technical_college,active,SRC000226,2026-10-03,2026年度硬式加盟校として登録。2026夏大会参加校を合同表記から学校単位へ展開。
SCH003710,旭川実業高等学校,旭川実業高等学校,旭川実業高等学校,,旭川実業高等学校,01,旭川市,,private,high_school,active,SRC000226,2026-10-03,2026年度硬式加盟校として登録。2026夏大会参加校を合同表記から学校単位へ展開。
SCH003711,北海道旭川商業高等学校,北海道旭川商業高等学校,北海道旭川商業高等学校,,北海道旭川商業高等学校,01,旭川市,,prefectural,high_school,active,SRC000226,2026-10-03,2026年度硬式加盟校として登録。2026夏大会参加校を合同表記から学校単位へ展開。
SCH003712,稚内大谷高等学校,稚内大谷高等学校,稚内大谷高等学校,,稚内大谷高等学校,01,稚内市,,private,high_school,active,SRC000226,2026-10-03,2026年度硬式加盟校として登録。2026夏大会参加校を合同表記から学校単位へ展開。
SCH003713,北海道稚内高等学校,北海道稚内高等学校,北海道稚内高等学校,,北海道稚内高等学校,01,稚内市,,prefectural,high_school,active,SRC000226,2026-10-03,2026年度硬式加盟校として登録。2026夏大会参加校を合同表記から学校単位へ展開。
SCH003714,北海道名寄高等学校,北海道名寄高等学校,北海道名寄高等学校,,北海道名寄高等学校,01,名寄市,,prefectural,high_school,active,SRC000226,2026-10-03,2026年度硬式加盟校として登録。2026夏大会参加校を合同表記から学校単位へ展開。
SCH003715,北海道釧路湖陵高等学校,北海道釧路湖陵高等学校,北海道釧路湖陵高等学校,,北海道釧路湖陵高等学校,01,釧路市,,prefectural,high_school,active,SRC000226,2026-10-03,2026年度硬式加盟校として登録。2026夏大会参加校を合同表記から学校単位へ展開。
SCH003716,北海道釧路明輝高等学校,北海道釧路明輝高等学校,北海道釧路明輝高等学校,,北海道釧路明輝高等学校,01,釧路市,,prefectural,high_school,active,SRC000226,2026-10-03,2026年度硬式加盟校として登録。2026夏大会参加校を合同表記から学校単位へ展開。
SCH003717,北海道滝川西高等学校,北海道滝川西高等学校,北海道滝川西高等学校,,北海道滝川西高等学校,01,滝川市,,prefectural,high_school,active,SRC000226,2026-10-03,2026年度硬式加盟校として登録。2026夏大会参加校を合同表記から学校単位へ展開。
SCH003718,北海道砂川高等学校,北海道砂川高等学校,北海道砂川高等学校,,北海道砂川高等学校,01,砂川市,,prefectural,high_school,active,SRC000226,2026-10-03,2026年度硬式加盟校として登録。2026夏大会参加校を合同表記から学校単位へ展開。
SCH003719,北海道美唄尚栄高等学校,北海道美唄尚栄高等学校,北海道美唄尚栄高等学校,,北海道美唄尚栄高等学校,01,美唄市,,prefectural,high_school,active,SRC000226,2026-10-03,2026年度硬式加盟校として登録。2026夏大会参加校を合同表記から学校単位へ展開。
SCH003720,北海道帯広緑陽高等学校,北海道帯広緑陽高等学校,北海道帯広緑陽高等学校,,北海道帯広緑陽高等学校,01,帯広市,,prefectural,high_school,active,SRC000226,2026-10-03,2026年度硬式加盟校として登録。2026夏大会参加校を合同表記から学校単位へ展開。
SCH003721,北海道足寄高等学校,北海道足寄高等学校,北海道足寄高等学校,,北海道足寄高等学校,01,足寄郡足寄町,,prefectural,high_school,active,SRC000226,2026-10-03,2026年度硬式加盟校として登録。2026夏大会参加校を合同表記から学校単位へ展開。
SCH003722,帯広北高等学校,帯広北高等学校,帯広北高等学校,,帯広北高等学校,01,帯広市,,private,high_school,active,SRC000226,2026-10-03,2026年度硬式加盟校として登録。2026夏大会参加校を合同表記から学校単位へ展開。
SCH003723,北海道北見柏陽高等学校,北海道北見柏陽高等学校,北海道北見柏陽高等学校,,北海道北見柏陽高等学校,01,北見市,,prefectural,high_school,active,SRC000226,2026-10-03,2026年度硬式加盟校として登録。2026夏大会参加校を合同表記から学校単位へ展開。
SCH003724,北海道美幌高等学校,北海道美幌高等学校,北海道美幌高等学校,,北海道美幌高等学校,01,網走郡美幌町,,prefectural,high_school,active,SRC000226,2026-10-03,2026年度硬式加盟校として登録。2026夏大会参加校を合同表記から学校単位へ展開。
SCH003725,旭川龍谷高等学校,旭川龍谷高等学校,旭川龍谷高等学校,,旭川龍谷高等学校,01,旭川市,,private,high_school,active,SRC000226,2026-10-03,2026年度硬式加盟校として登録。2026夏大会参加校を合同表記から学校単位へ展開。
SCH003726,北海道旭川永嶺高等学校,北海道旭川永嶺高等学校,北海道旭川永嶺高等学校,,北海道旭川永嶺高等学校,01,旭川市,,prefectural,high_school,active,SRC000226,2026-10-03,2026年度硬式加盟校として登録。2026夏大会参加校を合同表記から学校単位へ展開。
SCH003727,北海道旭川東高等学校,北海道旭川東高等学校,北海道旭川東高等学校,,北海道旭川東高等学校,01,旭川市,,prefectural,high_school,active,SRC000226,2026-10-03,2026年度硬式加盟校として登録。2026夏大会参加校を合同表記から学校単位へ展開。
SCH003728,北海道東川高等学校,北海道東川高等学校,北海道東川高等学校,,北海道東川高等学校,01,上川郡東川町,,prefectural,high_school,active,SRC000226,2026-10-03,2026年度硬式加盟校として登録。2026夏大会参加校を合同表記から学校単位へ展開。
SCH003729,北海道旭川北高等学校,北海道旭川北高等学校,北海道旭川北高等学校,,北海道旭川北高等学校,01,旭川市,,prefectural,high_school,active,SRC000226,2026-10-03,2026年度硬式加盟校として登録。2026夏大会参加校を合同表記から学校単位へ展開。
SCH003730,北海道旭川農業高等学校,北海道旭川農業高等学校,北海道旭川農業高等学校,,北海道旭川農業高等学校,01,旭川市,,prefectural,high_school,active,SRC000226,2026-10-03,2026年度硬式加盟校として登録。2026夏大会参加校を合同表記から学校単位へ展開。
SCH003731,北海道釧路江南高等学校,北海道釧路江南高等学校,北海道釧路江南高等学校,,北海道釧路江南高等学校,01,釧路市,,prefectural,high_school,active,SRC000226,2026-10-03,2026年度硬式加盟校として登録。2026夏大会参加校を合同表記から学校単位へ展開。
SCH003732,釧路工業高等専門学校,釧路工業高等専門学校,釧路工業高等専門学校,,釧路工業高等専門学校,01,釧路市,,national,technical_college,active,SRC000226,2026-10-03,2026年度硬式加盟校として登録。2026夏大会参加校を合同表記から学校単位へ展開。
SCH003733,北海道中標津高等学校,北海道中標津高等学校,北海道中標津高等学校,,北海道中標津高等学校,01,標津郡中標津町,,prefectural,high_school,active,SRC000226,2026-10-03,2026年度硬式加盟校として登録。2026夏大会参加校を合同表記から学校単位へ展開。
SCH003734,北海道根室高等学校,北海道根室高等学校,北海道根室高等学校,,北海道根室高等学校,01,根室市,,prefectural,high_school,active,SRC000226,2026-10-03,2026年度硬式加盟校として登録。2026夏大会参加校を合同表記から学校単位へ展開。
SCH003735,北海道帯広工業高等学校,北海道帯広工業高等学校,北海道帯広工業高等学校,,北海道帯広工業高等学校,01,帯広市,,prefectural,high_school,active,SRC000226,2026-10-03,2026年度硬式加盟校として登録。2026夏大会参加校を合同表記から学校単位へ展開。
SCH003736,北海道広尾高等学校,北海道広尾高等学校,北海道広尾高等学校,,北海道広尾高等学校,01,広尾郡広尾町,,prefectural,high_school,active,SRC000226,2026-10-03,2026年度硬式加盟校として登録。2026夏大会参加校を合同表記から学校単位へ展開。
SCH003737,北海道鹿追高等学校,北海道鹿追高等学校,北海道鹿追高等学校,,北海道鹿追高等学校,01,河東郡鹿追町,,prefectural,high_school,active,SRC000226,2026-10-03,2026年度硬式加盟校として登録。2026夏大会参加校を合同表記から学校単位へ展開。
SCH003738,北海道清水高等学校,北海道清水高等学校,北海道清水高等学校,,北海道清水高等学校,01,上川郡清水町,,prefectural,high_school,active,SRC000226,2026-10-03,2026年度硬式加盟校として登録。2026夏大会参加校を合同表記から学校単位へ展開。
SCH003739,北海道更別農業高等学校,北海道更別農業高等学校,北海道更別農業高等学校,,北海道更別農業高等学校,01,河西郡更別村,,prefectural,high_school,active,SRC000226,2026-10-03,2026年度硬式加盟校として登録。2026夏大会参加校を合同表記から学校単位へ展開。
SCH003740,北海道幕別清陵高等学校,北海道幕別清陵高等学校,北海道幕別清陵高等学校,,北海道幕別清陵高等学校,01,中川郡幕別町,,prefectural,high_school,active,SRC000226,2026-10-03,2026年度硬式加盟校として登録。2026夏大会参加校を合同表記から学校単位へ展開。
SCH003741,クラーク記念国際高等学校,クラーク記念国際高等学校,クラーク記念国際高等学校,,クラーク記念国際高等学校,01,深川市,,private,high_school,active,SRC000226,2026-10-03,2026年度硬式加盟校として登録。2026夏大会参加校を合同表記から学校単位へ展開。
SCH003742,北海道岩見沢緑陵高等学校,北海道岩見沢緑陵高等学校,北海道岩見沢緑陵高等学校,,北海道岩見沢緑陵高等学校,01,岩見沢市,,municipal,high_school,active,SRC000226,2026-10-03,2026年度硬式加盟校として登録。2026夏大会参加校を合同表記から学校単位へ展開。
SCH003743,北海道帯広南商業高等学校,北海道帯広南商業高等学校,北海道帯広南商業高等学校,,北海道帯広南商業高等学校,01,帯広市,,municipal,high_school,active,SRC000226,2026-10-03,2026年度硬式加盟校として登録。2026夏大会参加校を合同表記から学校単位へ展開。
SCH003744,北海道帯広農業高等学校,北海道帯広農業高等学校,北海道帯広農業高等学校,,北海道帯広農業高等学校,01,帯広市,,prefectural,high_school,active,SRC000226,2026-10-03,2026年度硬式加盟校として登録。2026夏大会参加校を合同表記から学校単位へ展開。
SCH003745,北海道紋別高等学校,北海道紋別高等学校,北海道紋別高等学校,,北海道紋別高等学校,01,紋別市,,prefectural,high_school,active,SRC000226,2026-10-03,2026年度硬式加盟校として登録。2026夏大会参加校を合同表記から学校単位へ展開。
SCH003746,北海道北見緑陵高等学校,北海道北見緑陵高等学校,北海道北見緑陵高等学校,,北海道北見緑陵高等学校,01,北見市,,prefectural,high_school,active,SRC000226,2026-10-03,2026年度硬式加盟校として登録。2026夏大会参加校を合同表記から学校単位へ展開。
SCH003747,北海道岩見沢東高等学校,北海道岩見沢東高等学校,北海道岩見沢東高等学校,,北海道岩見沢東高等学校,01,岩見沢市,,prefectural,high_school,active,SRC000226,2026-10-03,2026年度硬式加盟校として登録。2026夏大会参加校を合同表記から学校単位へ展開。
SCH003748,北海道滝川高等学校,北海道滝川高等学校,北海道滝川高等学校,,北海道滝川高等学校,01,滝川市,,prefectural,high_school,active,SRC000226,2026-10-03,2026年度硬式加盟校として登録。2026夏大会参加校を合同表記から学校単位へ展開。
SCH003749,北海道野幌高等学校,北海道野幌高等学校,北海道野幌高等学校,,北海道野幌高等学校,01,江別市,,prefectural,high_school,active,SRC000235,2026-10-03,2026年度硬式加盟校として登録。学校公式で野球部・連合公式戦活動履歴、道高野連現行単独校掲載を確認し、公式192校との差分として補完。
SCH003750,北海道倶知安農業高等学校,北海道倶知安農業高等学校,北海道倶知安農業高等学校,,北海道倶知安農業高等学校,01,虻田郡倶知安町,,prefectural,high_school,active,SRC000231,2026-10-03,2026年度硬式加盟校として登録。2026学校案内で野球部設置、道高野連現行単独校掲載を確認し、公式192校との差分として補完。
SCH003751,北海道上富良野高等学校,北海道上富良野高等学校,北海道上富良野高等学校,,北海道上富良野高等学校,01,空知郡上富良野町,,prefectural,high_school,active,SRC000230,2026-10-03,2026年度硬式加盟校として登録。学校公式が合同相手を組めず旭川ブロックで唯一2026夏不参加と明記。
SCH003752,北海道津別高等学校,北海道津別高等学校,北海道津別高等学校,,北海道津別高等学校,01,網走郡津別町,,prefectural,high_school,active,SRC000229,2026-10-03,2026年度硬式加盟校として登録。2026春季北見支部予選で美幌・津別連合として硬式大会出場を確認。
SCH003753,北海道斜里高等学校,北海道斜里高等学校,北海道斜里高等学校,,北海道斜里高等学校,01,斜里郡斜里町,,prefectural,high_school,active,SRC000232,2026-10-03,2026年度硬式加盟校として登録。学校公式では野球部休部中。道高野連現行単独校掲載とJHBF公式192校との照合で加盟維持校として補完。
SCH003754,北海道釧路商業高等学校,北海道釧路商業高等学校,北海道釧路商業高等学校,,北海道釧路商業高等学校,01,釧路市,,prefectural,high_school,active,SRC000234,2026-10-03,2026年度硬式加盟校として登録。直近の硬式公式戦活動（2025春釧路連合）と道高野連現行単独校掲載を確認し、2026公式192校との照合で補完。
SCH003755,北海道阿寒高等学校,北海道阿寒高等学校,北海道阿寒高等学校,,北海道阿寒高等学校,01,釧路市,,prefectural,high_school,active,SRC000233,2026-10-03,2026年度硬式加盟校として登録。学校公式では野球部休部中。道高野連現行単独校掲載とJHBF公式192校との照合で加盟維持校として補完。
