membership_id,program_id,scheme_id,area_id,reference_year,primary_source_id,verified_at,notes
SAM000001,PRG003564,ASM000001,AREA000003,2026,SRC000228,2026-10-03,2026北海道高野連加盟校。札幌支部所属。
SAM000002,PRG003564,ASM000002,AREA000011,2026,SRC000238,2026-10-03,札幌支部所属を基に2026選手権の南北海道区分へ展開。
SAM000003,PRG003565,ASM000001,AREA000003,2026,SRC000228,2026-10-03,2026北海道高野連加盟校。札幌支部所属。
SAM000004,PRG003565,ASM000002,AREA000011,2026,SRC000238,2026-10-03,札幌支部所属を基に2026選手権の南北海道区分へ展開。
SAM000005,PRG003566,ASM000001,AREA000003,2026,SRC000228,2026-10-03,2026北海道高野連加盟校。札幌支部所属。
SAM000006,PRG003566,ASM000002,AREA000011,2026,SRC000238,2026-10-03,札幌支部所属を基に2026選手権の南北海道区分へ展開。
SAM000007,PRG003567,ASM000001,AREA000003,2026,SRC000228,2026-10-03,2026北海道高野連加盟校。札幌支部所属。
SAM000008,PRG003567,ASM000002,AREA000011,2026,SRC000238,2026-10-03,札幌支部所属を基に2026選手権の南北海道区分へ展開。
SAM000009,PRG003568,ASM000001,AREA000003,2026,SRC000228,2026-10-03,2026北海道高野連加盟校。札幌支部所属。
SAM000010,PRG003568,ASM000002,AREA000011,2026,SRC000238,2026-10-03,札幌支部所属を基に2026選手権の南北海道区分へ展開。
SAM000011,PRG003569,ASM000001,AREA000003,2026,SRC000228,2026-10-03,2026北海道高野連加盟校。札幌支部所属。
SAM000012,PRG003569,ASM000002,AREA000011,2026,SRC000238,2026-10-03,札幌支部所属を基に2026選手権の南北海道区分へ展開。
SAM000013,PRG003570,ASM000001,AREA000003,2026,SRC000228,2026-10-03,2026北海道高野連加盟校。札幌支部所属。
SAM000014,PRG003570,ASM000002,AREA000011,2026,SRC000238,2026-10-03,札幌支部所属を基に2026選手権の南北海道区分へ展開。
SAM000015,PRG003571,ASM000001,AREA000003,2026,SRC000228,2026-10-03,2026北海道高野連加盟校。札幌支部所属。
SAM000016,PRG003571,ASM000002,AREA000011,2026,SRC000238,2026-10-03,札幌支部所属を基に2026選手権の南北海道区分へ展開。
SAM000017,PRG003572,ASM000001,AREA000003,2026,SRC000228,2026-10-03,2026北海道高野連加盟校。札幌支部所属。
SAM000018,PRG003572,ASM000002,AREA000011,2026,SRC000238,2026-10-03,札幌支部所属を基に2026選手権の南北海道区分へ展開。
SAM000019,PRG003573,ASM000001,AREA000003,2026,SRC000228,2026-10-03,2026北海道高野連加盟校。札幌支部所属。
SAM000020,PRG003573,ASM000002,AREA000011,2026,SRC000238,2026-10-03,札幌支部所属を基に2026選手権の南北海道区分へ展開。
SAM000021,PRG003574,ASM000001,AREA000003,2026,SRC000228,2026-10-03,2026北海道高野連加盟校。札幌支部所属。
SAM000022,PRG003574,ASM000002,AREA000011,2026,SRC000238,2026-10-03,札幌支部所属を基に2026選手権の南北海道区分へ展開。
SAM000023,PRG003575,ASM000001,AREA000004,2026,SRC000228,2026-10-03,2026北海道高野連加盟校。小樽支部所属。
SAM000024,PRG003575,ASM000002,AREA000011,2026,SRC000238,2026-10-03,小樽支部所属を基に2026選手権の南北海道区分へ展開。
SAM000025,PRG003576,ASM000001,AREA000004,2026,SRC000228,2026-10-03,2026北海道高野連加盟校。小樽支部所属。
SAM000026,PRG003576,ASM000002,AREA000011,2026,SRC000238,2026-10-03,小樽支部所属を基に2026選手権の南北海道区分へ展開。
SAM000027,PRG003577,ASM000001,AREA000004,2026,SRC000228,2026-10-03,2026北海道高野連加盟校。小樽支部所属。
SAM000028,PRG003577,ASM000002,AREA000011,2026,SRC000238,2026-10-03,小樽支部所属を基に2026選手権の南北海道区分へ展開。
SAM000029,PRG003578,ASM000001,AREA000004,2026,SRC000228,2026-10-03,2026北海道高野連加盟校。小樽支部所属。
SAM000030,PRG003578,ASM000002,AREA000011,2026,SRC000238,2026-10-03,小樽支部所属を基に2026選手権の南北海道区分へ展開。
SAM000031,PRG003579,ASM000001,AREA000003,2026,SRC000228,2026-10-03,2026北海道高野連加盟校。札幌支部所属。
SAM000032,PRG003579,ASM000002,AREA000011,2026,SRC000238,2026-10-03,札幌支部所属を基に2026選手権の南北海道区分へ展開。
SAM000033,PRG003580,ASM000001,AREA000003,2026,SRC000228,2026-10-03,2026北海道高野連加盟校。札幌支部所属。
SAM000034,PRG003580,ASM000002,AREA000011,2026,SRC000238,2026-10-03,札幌支部所属を基に2026選手権の南北海道区分へ展開。
SAM000035,PRG003581,ASM000001,AREA000003,2026,SRC000228,2026-10-03,2026北海道高野連加盟校。札幌支部所属。
SAM000036,PRG003581,ASM000002,AREA000011,2026,SRC000238,2026-10-03,札幌支部所属を基に2026選手権の南北海道区分へ展開。
SAM000037,PRG003582,ASM000001,AREA000001,2026,SRC000228,2026-10-03,2026北海道高野連加盟校。函館支部所属。
SAM000038,PRG003582,ASM000002,AREA000011,2026,SRC000238,2026-10-03,函館支部所属を基に2026選手権の南北海道区分へ展開。
SAM000039,PRG003583,ASM000001,AREA000001,2026,SRC000228,2026-10-03,2026北海道高野連加盟校。函館支部所属。
SAM000040,PRG003583,ASM000002,AREA000011,2026,SRC000238,2026-10-03,函館支部所属を基に2026選手権の南北海道区分へ展開。
SAM000041,PRG003584,ASM000001,AREA000001,2026,SRC000228,2026-10-03,2026北海道高野連加盟校。函館支部所属。
SAM000042,PRG003584,ASM000002,AREA000011,2026,SRC000238,2026-10-03,函館支部所属を基に2026選手権の南北海道区分へ展開。
SAM000043,PRG003585,ASM000001,AREA000003,2026,SRC000228,2026-10-03,2026北海道高野連加盟校。札幌支部所属。
SAM000044,PRG003585,ASM000002,AREA000011,2026,SRC000238,2026-10-03,札幌支部所属を基に2026選手権の南北海道区分へ展開。
SAM000045,PRG003586,ASM000001,AREA000003,2026,SRC000228,2026-10-03,2026北海道高野連加盟校。札幌支部所属。
SAM000046,PRG003586,ASM000002,AREA000011,2026,SRC000238,2026-10-03,札幌支部所属を基に2026選手権の南北海道区分へ展開。
SAM000047,PRG003587,ASM000001,AREA000003,2026,SRC000228,2026-10-03,2026北海道高野連加盟校。札幌支部所属。
SAM000048,PRG003587,ASM000002,AREA000011,2026,SRC000238,2026-10-03,札幌支部所属を基に2026選手権の南北海道区分へ展開。
SAM000049,PRG003588,ASM000001,AREA000003,2026,SRC000228,2026-10-03,2026北海道高野連加盟校。札幌支部所属。
SAM000050,PRG003588,ASM000002,AREA000011,2026,SRC000238,2026-10-03,札幌支部所属を基に2026選手権の南北海道区分へ展開。
SAM000051,PRG003589,ASM000001,AREA000003,2026,SRC000228,2026-10-03,2026北海道高野連加盟校。札幌支部所属。
SAM000052,PRG003589,ASM000002,AREA000011,2026,SRC000238,2026-10-03,札幌支部所属を基に2026選手権の南北海道区分へ展開。
SAM000053,PRG003590,ASM000001,AREA000003,2026,SRC000228,2026-10-03,2026北海道高野連加盟校。札幌支部所属。
SAM000054,PRG003590,ASM000002,AREA000011,2026,SRC000238,2026-10-03,札幌支部所属を基に2026選手権の南北海道区分へ展開。
SAM000055,PRG003591,ASM000001,AREA000003,2026,SRC000228,2026-10-03,2026北海道高野連加盟校。札幌支部所属。
SAM000056,PRG003591,ASM000002,AREA000011,2026,SRC000238,2026-10-03,札幌支部所属を基に2026選手権の南北海道区分へ展開。
SAM000057,PRG003592,ASM000001,AREA000002,2026,SRC000228,2026-10-03,2026北海道高野連加盟校。室蘭支部所属。
SAM000058,PRG003592,ASM000002,AREA000011,2026,SRC000238,2026-10-03,室蘭支部所属を基に2026選手権の南北海道区分へ展開。
SAM000059,PRG003593,ASM000001,AREA000002,2026,SRC000228,2026-10-03,2026北海道高野連加盟校。室蘭支部所属。
SAM000060,PRG003593,ASM000002,AREA000011,2026,SRC000238,2026-10-03,室蘭支部所属を基に2026選手権の南北海道区分へ展開。
SAM000061,PRG003594,ASM000001,AREA000002,2026,SRC000228,2026-10-03,2026北海道高野連加盟校。室蘭支部所属。
SAM000062,PRG003594,ASM000002,AREA000011,2026,SRC000238,2026-10-03,室蘭支部所属を基に2026選手権の南北海道区分へ展開。
SAM000063,PRG003595,ASM000001,AREA000002,2026,SRC000228,2026-10-03,2026北海道高野連加盟校。室蘭支部所属。
SAM000064,PRG003595,ASM000002,AREA000011,2026,SRC000238,2026-10-03,室蘭支部所属を基に2026選手権の南北海道区分へ展開。
SAM000065,PRG003596,ASM000001,AREA000002,2026,SRC000228,2026-10-03,2026北海道高野連加盟校。室蘭支部所属。
SAM000066,PRG003596,ASM000002,AREA000011,2026,SRC000238,2026-10-03,室蘭支部所属を基に2026選手権の南北海道区分へ展開。
SAM000067,PRG003597,ASM000001,AREA000002,2026,SRC000228,2026-10-03,2026北海道高野連加盟校。室蘭支部所属。
SAM000068,PRG003597,ASM000002,AREA000011,2026,SRC000238,2026-10-03,室蘭支部所属を基に2026選手権の南北海道区分へ展開。
SAM000069,PRG003598,ASM000001,AREA000001,2026,SRC000228,2026-10-03,2026北海道高野連加盟校。函館支部所属。
SAM000070,PRG003598,ASM000002,AREA000011,2026,SRC000238,2026-10-03,函館支部所属を基に2026選手権の南北海道区分へ展開。
SAM000071,PRG003599,ASM000001,AREA000001,2026,SRC000228,2026-10-03,2026北海道高野連加盟校。函館支部所属。
SAM000072,PRG003599,ASM000002,AREA000011,2026,SRC000238,2026-10-03,函館支部所属を基に2026選手権の南北海道区分へ展開。
SAM000073,PRG003600,ASM000001,AREA000003,2026,SRC000228,2026-10-03,2026北海道高野連加盟校。札幌支部所属。
SAM000074,PRG003600,ASM000002,AREA000011,2026,SRC000238,2026-10-03,札幌支部所属を基に2026選手権の南北海道区分へ展開。
SAM000075,PRG003601,ASM000001,AREA000003,2026,SRC000228,2026-10-03,2026北海道高野連加盟校。札幌支部所属。
SAM000076,PRG003601,ASM000002,AREA000011,2026,SRC000238,2026-10-03,札幌支部所属を基に2026選手権の南北海道区分へ展開。
SAM000077,PRG003602,ASM000001,AREA000003,2026,SRC000228,2026-10-03,2026北海道高野連加盟校。札幌支部所属。
SAM000078,PRG003602,ASM000002,AREA000011,2026,SRC000238,2026-10-03,札幌支部所属を基に2026選手権の南北海道区分へ展開。
SAM000079,PRG003603,ASM000001,AREA000001,2026,SRC000228,2026-10-03,2026北海道高野連加盟校。函館支部所属。
SAM000080,PRG003603,ASM000002,AREA000011,2026,SRC000238,2026-10-03,函館支部所属を基に2026選手権の南北海道区分へ展開。
SAM000081,PRG003604,ASM000001,AREA000001,2026,SRC000228,2026-10-03,2026北海道高野連加盟校。函館支部所属。
SAM000082,PRG003604,ASM000002,AREA000011,2026,SRC000238,2026-10-03,函館支部所属を基に2026選手権の南北海道区分へ展開。
SAM000083,PRG003605,ASM000001,AREA000001,2026,SRC000228,2026-10-03,2026北海道高野連加盟校。函館支部所属。
SAM000084,PRG003605,ASM000002,AREA000011,2026,SRC000238,2026-10-03,函館支部所属を基に2026選手権の南北海道区分へ展開。
SAM000085,PRG003606,ASM000001,AREA000001,2026,SRC000228,2026-10-03,2026北海道高野連加盟校。函館支部所属。
SAM000086,PRG003606,ASM000002,AREA000011,2026,SRC000238,2026-10-03,函館支部所属を基に2026選手権の南北海道区分へ展開。
SAM000087,PRG003607,ASM000001,AREA000001,2026,SRC000228,2026-10-03,2026北海道高野連加盟校。函館支部所属。
SAM000088,PRG003607,ASM000002,AREA000011,2026,SRC000238,2026-10-03,函館支部所属を基に2026選手権の南北海道区分へ展開。
SAM000089,PRG003608,ASM000001,AREA000003,2026,SRC000228,2026-10-03,2026北海道高野連加盟校。札幌支部所属。
SAM000090,PRG003608,ASM000002,AREA000011,2026,SRC000238,2026-10-03,札幌支部所属を基に2026選手権の南北海道区分へ展開。
SAM000091,PRG003609,ASM000001,AREA000003,2026,SRC000228,2026-10-03,2026北海道高野連加盟校。札幌支部所属。
SAM000092,PRG003609,ASM000002,AREA000011,2026,SRC000238,2026-10-03,札幌支部所属を基に2026選手権の南北海道区分へ展開。
SAM000093,PRG003610,ASM000001,AREA000003,2026,SRC000228,2026-10-03,2026北海道高野連加盟校。札幌支部所属。
SAM000094,PRG003610,ASM000002,AREA000011,2026,SRC000238,2026-10-03,札幌支部所属を基に2026選手権の南北海道区分へ展開。
SAM000095,PRG003611,ASM000001,AREA000002,2026,SRC000228,2026-10-03,2026北海道高野連加盟校。室蘭支部所属。
SAM000096,PRG003611,ASM000002,AREA000011,2026,SRC000238,2026-10-03,室蘭支部所属を基に2026選手権の南北海道区分へ展開。
SAM000097,PRG003612,ASM000001,AREA000002,2026,SRC000228,2026-10-03,2026北海道高野連加盟校。室蘭支部所属。
SAM000098,PRG003612,ASM000002,AREA000011,2026,SRC000238,2026-10-03,室蘭支部所属を基に2026選手権の南北海道区分へ展開。
SAM000099,PRG003613,ASM000001,AREA000002,2026,SRC000228,2026-10-03,2026北海道高野連加盟校。室蘭支部所属。
SAM000100,PRG003613,ASM000002,AREA000011,2026,SRC000238,2026-10-03,室蘭支部所属を基に2026選手権の南北海道区分へ展開。
SAM000101,PRG003614,ASM000001,AREA000004,2026,SRC000228,2026-10-03,2026北海道高野連加盟校。小樽支部所属。
SAM000102,PRG003614,ASM000002,AREA000011,2026,SRC000238,2026-10-03,小樽支部所属を基に2026選手権の南北海道区分へ展開。
SAM000103,PRG003615,ASM000001,AREA000004,2026,SRC000228,2026-10-03,2026北海道高野連加盟校。小樽支部所属。
SAM000104,PRG003615,ASM000002,AREA000011,2026,SRC000238,2026-10-03,小樽支部所属を基に2026選手権の南北海道区分へ展開。
SAM000105,PRG003616,ASM000001,AREA000004,2026,SRC000228,2026-10-03,2026北海道高野連加盟校。小樽支部所属。
SAM000106,PRG003616,ASM000002,AREA000011,2026,SRC000238,2026-10-03,小樽支部所属を基に2026選手権の南北海道区分へ展開。
SAM000107,PRG003617,ASM000001,AREA000004,2026,SRC000228,2026-10-03,2026北海道高野連加盟校。小樽支部所属。
SAM000108,PRG003617,ASM000002,AREA000011,2026,SRC000238,2026-10-03,小樽支部所属を基に2026選手権の南北海道区分へ展開。
SAM000109,PRG003618,ASM000001,AREA000003,2026,SRC000228,2026-10-03,2026北海道高野連加盟校。札幌支部所属。
SAM000110,PRG003618,ASM000002,AREA000011,2026,SRC000238,2026-10-03,札幌支部所属を基に2026選手権の南北海道区分へ展開。
SAM000111,PRG003619,ASM000001,AREA000003,2026,SRC000228,2026-10-03,2026北海道高野連加盟校。札幌支部所属。
SAM000112,PRG003619,ASM000002,AREA000011,2026,SRC000238,2026-10-03,札幌支部所属を基に2026選手権の南北海道区分へ展開。
SAM000113,PRG003620,ASM000001,AREA000003,2026,SRC000228,2026-10-03,2026北海道高野連加盟校。札幌支部所属。
SAM000114,PRG003620,ASM000002,AREA000011,2026,SRC000238,2026-10-03,札幌支部所属を基に2026選手権の南北海道区分へ展開。
SAM000115,PRG003621,ASM000001,AREA000003,2026,SRC000228,2026-10-03,2026北海道高野連加盟校。札幌支部所属。
SAM000116,PRG003621,ASM000002,AREA000011,2026,SRC000238,2026-10-03,札幌支部所属を基に2026選手権の南北海道区分へ展開。
SAM000117,PRG003622,ASM000001,AREA000002,2026,SRC000228,2026-10-03,2026北海道高野連加盟校。室蘭支部所属。
SAM000118,PRG003622,ASM000002,AREA000011,2026,SRC000238,2026-10-03,室蘭支部所属を基に2026選手権の南北海道区分へ展開。
SAM000119,PRG003623,ASM000001,AREA000002,2026,SRC000228,2026-10-03,2026北海道高野連加盟校。室蘭支部所属。
SAM000120,PRG003623,ASM000002,AREA000011,2026,SRC000238,2026-10-03,室蘭支部所属を基に2026選手権の南北海道区分へ展開。
SAM000121,PRG003624,ASM000001,AREA000002,2026,SRC000228,2026-10-03,2026北海道高野連加盟校。室蘭支部所属。
SAM000122,PRG003624,ASM000002,AREA000011,2026,SRC000238,2026-10-03,室蘭支部所属を基に2026選手権の南北海道区分へ展開。
SAM000123,PRG003625,ASM000001,AREA000002,2026,SRC000228,2026-10-03,2026北海道高野連加盟校。室蘭支部所属。
SAM000124,PRG003625,ASM000002,AREA000011,2026,SRC000238,2026-10-03,室蘭支部所属を基に2026選手権の南北海道区分へ展開。
SAM000125,PRG003626,ASM000001,AREA000002,2026,SRC000228,2026-10-03,2026北海道高野連加盟校。室蘭支部所属。
SAM000126,PRG003626,ASM000002,AREA000011,2026,SRC000238,2026-10-03,室蘭支部所属を基に2026選手権の南北海道区分へ展開。
SAM000127,PRG003627,ASM000001,AREA000002,2026,SRC000228,2026-10-03,2026北海道高野連加盟校。室蘭支部所属。
SAM000128,PRG003627,ASM000002,AREA000011,2026,SRC000238,2026-10-03,室蘭支部所属を基に2026選手権の南北海道区分へ展開。
SAM000129,PRG003628,ASM000001,AREA000003,2026,SRC000228,2026-10-03,2026北海道高野連加盟校。札幌支部所属。
SAM000130,PRG003628,ASM000002,AREA000011,2026,SRC000238,2026-10-03,札幌支部所属を基に2026選手権の南北海道区分へ展開。
SAM000131,PRG003629,ASM000001,AREA000003,2026,SRC000228,2026-10-03,2026北海道高野連加盟校。札幌支部所属。
SAM000132,PRG003629,ASM000002,AREA000011,2026,SRC000238,2026-10-03,札幌支部所属を基に2026選手権の南北海道区分へ展開。
SAM000133,PRG003630,ASM000001,AREA000003,2026,SRC000228,2026-10-03,2026北海道高野連加盟校。札幌支部所属。
SAM000134,PRG003630,ASM000002,AREA000011,2026,SRC000238,2026-10-03,札幌支部所属を基に2026選手権の南北海道区分へ展開。
SAM000135,PRG003631,ASM000001,AREA000001,2026,SRC000228,2026-10-03,2026北海道高野連加盟校。函館支部所属。
SAM000136,PRG003631,ASM000002,AREA000011,2026,SRC000238,2026-10-03,函館支部所属を基に2026選手権の南北海道区分へ展開。
SAM000137,PRG003632,ASM000001,AREA000001,2026,SRC000228,2026-10-03,2026北海道高野連加盟校。函館支部所属。
SAM000138,PRG003632,ASM000002,AREA000011,2026,SRC000238,2026-10-03,函館支部所属を基に2026選手権の南北海道区分へ展開。
SAM000139,PRG003633,ASM000001,AREA000001,2026,SRC000228,2026-10-03,2026北海道高野連加盟校。函館支部所属。
SAM000140,PRG003633,ASM000002,AREA000011,2026,SRC000238,2026-10-03,函館支部所属を基に2026選手権の南北海道区分へ展開。
SAM000141,PRG003634,ASM000001,AREA000003,2026,SRC000228,2026-10-03,2026北海道高野連加盟校。札幌支部所属。
SAM000142,PRG003634,ASM000002,AREA000011,2026,SRC000238,2026-10-03,札幌支部所属を基に2026選手権の南北海道区分へ展開。
SAM000143,PRG003635,ASM000001,AREA000003,2026,SRC000228,2026-10-03,2026北海道高野連加盟校。札幌支部所属。
SAM000144,PRG003635,ASM000002,AREA000011,2026,SRC000238,2026-10-03,札幌支部所属を基に2026選手権の南北海道区分へ展開。
SAM000145,PRG003636,ASM000001,AREA000003,2026,SRC000228,2026-10-03,2026北海道高野連加盟校。札幌支部所属。
SAM000146,PRG003636,ASM000002,AREA000011,2026,SRC000238,2026-10-03,札幌支部所属を基に2026選手権の南北海道区分へ展開。
SAM000147,PRG003637,ASM000001,AREA000003,2026,SRC000228,2026-10-03,2026北海道高野連加盟校。札幌支部所属。
SAM000148,PRG003637,ASM000002,AREA000011,2026,SRC000238,2026-10-03,札幌支部所属を基に2026選手権の南北海道区分へ展開。
SAM000149,PRG003638,ASM000001,AREA000004,2026,SRC000228,2026-10-03,2026北海道高野連加盟校。小樽支部所属。
SAM000150,PRG003638,ASM000002,AREA000011,2026,SRC000238,2026-10-03,小樽支部所属を基に2026選手権の南北海道区分へ展開。
SAM000151,PRG003639,ASM000001,AREA000004,2026,SRC000228,2026-10-03,2026北海道高野連加盟校。小樽支部所属。
SAM000152,PRG003639,ASM000002,AREA000011,2026,SRC000238,2026-10-03,小樽支部所属を基に2026選手権の南北海道区分へ展開。
SAM000153,PRG003640,ASM000001,AREA000004,2026,SRC000228,2026-10-03,2026北海道高野連加盟校。小樽支部所属。
SAM000154,PRG003640,ASM000002,AREA000011,2026,SRC000238,2026-10-03,小樽支部所属を基に2026選手権の南北海道区分へ展開。
SAM000155,PRG003641,ASM000001,AREA000003,2026,SRC000228,2026-10-03,2026北海道高野連加盟校。札幌支部所属。
SAM000156,PRG003641,ASM000002,AREA000011,2026,SRC000238,2026-10-03,札幌支部所属を基に2026選手権の南北海道区分へ展開。
SAM000157,PRG003642,ASM000001,AREA000003,2026,SRC000228,2026-10-03,2026北海道高野連加盟校。札幌支部所属。
SAM000158,PRG003642,ASM000002,AREA000011,2026,SRC000238,2026-10-03,札幌支部所属を基に2026選手権の南北海道区分へ展開。
SAM000159,PRG003643,ASM000001,AREA000003,2026,SRC000228,2026-10-03,2026北海道高野連加盟校。札幌支部所属。
SAM000160,PRG003643,ASM000002,AREA000011,2026,SRC000238,2026-10-03,札幌支部所属を基に2026選手権の南北海道区分へ展開。
SAM000161,PRG003644,ASM000001,AREA000003,2026,SRC000228,2026-10-03,2026北海道高野連加盟校。札幌支部所属。
SAM000162,PRG003644,ASM000002,AREA000011,2026,SRC000238,2026-10-03,札幌支部所属を基に2026選手権の南北海道区分へ展開。
SAM000163,PRG003645,ASM000001,AREA000003,2026,SRC000228,2026-10-03,2026北海道高野連加盟校。札幌支部所属。
SAM000164,PRG003645,ASM000002,AREA000011,2026,SRC000238,2026-10-03,札幌支部所属を基に2026選手権の南北海道区分へ展開。
SAM000165,PRG003646,ASM000001,AREA000003,2026,SRC000228,2026-10-03,2026北海道高野連加盟校。札幌支部所属。
SAM000166,PRG003646,ASM000002,AREA000011,2026,SRC000238,2026-10-03,札幌支部所属を基に2026選手権の南北海道区分へ展開。
SAM000167,PRG003647,ASM000001,AREA000002,2026,SRC000228,2026-10-03,2026北海道高野連加盟校。室蘭支部所属。
SAM000168,PRG003647,ASM000002,AREA000011,2026,SRC000238,2026-10-03,室蘭支部所属を基に2026選手権の南北海道区分へ展開。
SAM000169,PRG003648,ASM000001,AREA000002,2026,SRC000228,2026-10-03,2026北海道高野連加盟校。室蘭支部所属。
SAM000170,PRG003648,ASM000002,AREA000011,2026,SRC000238,2026-10-03,室蘭支部所属を基に2026選手権の南北海道区分へ展開。
SAM000171,PRG003649,ASM000001,AREA000002,2026,SRC000228,2026-10-03,2026北海道高野連加盟校。室蘭支部所属。
SAM000172,PRG003649,ASM000002,AREA000011,2026,SRC000238,2026-10-03,室蘭支部所属を基に2026選手権の南北海道区分へ展開。
SAM000173,PRG003650,ASM000001,AREA000002,2026,SRC000228,2026-10-03,2026北海道高野連加盟校。室蘭支部所属。
SAM000174,PRG003650,ASM000002,AREA000011,2026,SRC000238,2026-10-03,室蘭支部所属を基に2026選手権の南北海道区分へ展開。
SAM000175,PRG003651,ASM000001,AREA000002,2026,SRC000228,2026-10-03,2026北海道高野連加盟校。室蘭支部所属。
SAM000176,PRG003651,ASM000002,AREA000011,2026,SRC000238,2026-10-03,室蘭支部所属を基に2026選手権の南北海道区分へ展開。
SAM000177,PRG003652,ASM000001,AREA000003,2026,SRC000228,2026-10-03,2026北海道高野連加盟校。札幌支部所属。
SAM000178,PRG003652,ASM000002,AREA000011,2026,SRC000238,2026-10-03,札幌支部所属を基に2026選手権の南北海道区分へ展開。
SAM000179,PRG003653,ASM000001,AREA000003,2026,SRC000228,2026-10-03,2026北海道高野連加盟校。札幌支部所属。
SAM000180,PRG003653,ASM000002,AREA000011,2026,SRC000238,2026-10-03,札幌支部所属を基に2026選手権の南北海道区分へ展開。
SAM000181,PRG003654,ASM000001,AREA000003,2026,SRC000228,2026-10-03,2026北海道高野連加盟校。札幌支部所属。
SAM000182,PRG003654,ASM000002,AREA000011,2026,SRC000238,2026-10-03,札幌支部所属を基に2026選手権の南北海道区分へ展開。
SAM000183,PRG003655,ASM000001,AREA000003,2026,SRC000228,2026-10-03,2026北海道高野連加盟校。札幌支部所属。
SAM000184,PRG003655,ASM000002,AREA000011,2026,SRC000238,2026-10-03,札幌支部所属を基に2026選手権の南北海道区分へ展開。
SAM000185,PRG003656,ASM000001,AREA000003,2026,SRC000228,2026-10-03,2026北海道高野連加盟校。札幌支部所属。
SAM000186,PRG003656,ASM000002,AREA000011,2026,SRC000238,2026-10-03,札幌支部所属を基に2026選手権の南北海道区分へ展開。
SAM000187,PRG003657,ASM000001,AREA000003,2026,SRC000228,2026-10-03,2026北海道高野連加盟校。札幌支部所属。
SAM000188,PRG003657,ASM000002,AREA000011,2026,SRC000238,2026-10-03,札幌支部所属を基に2026選手権の南北海道区分へ展開。
SAM000189,PRG003658,ASM000001,AREA000003,2026,SRC000228,2026-10-03,2026北海道高野連加盟校。札幌支部所属。
SAM000190,PRG003658,ASM000002,AREA000011,2026,SRC000238,2026-10-03,札幌支部所属を基に2026選手権の南北海道区分へ展開。
SAM000191,PRG003659,ASM000001,AREA000003,2026,SRC000228,2026-10-03,2026北海道高野連加盟校。札幌支部所属。
SAM000192,PRG003659,ASM000002,AREA000011,2026,SRC000238,2026-10-03,札幌支部所属を基に2026選手権の南北海道区分へ展開。
SAM000193,PRG003660,ASM000001,AREA000003,2026,SRC000228,2026-10-03,2026北海道高野連加盟校。札幌支部所属。
SAM000194,PRG003660,ASM000002,AREA000011,2026,SRC000238,2026-10-03,札幌支部所属を基に2026選手権の南北海道区分へ展開。
SAM000195,PRG003661,ASM000001,AREA000001,2026,SRC000228,2026-10-03,2026北海道高野連加盟校。函館支部所属。
SAM000196,PRG003661,ASM000002,AREA000011,2026,SRC000238,2026-10-03,函館支部所属を基に2026選手権の南北海道区分へ展開。
SAM000197,PRG003662,ASM000001,AREA000001,2026,SRC000228,2026-10-03,2026北海道高野連加盟校。函館支部所属。
SAM000198,PRG003662,ASM000002,AREA000011,2026,SRC000238,2026-10-03,函館支部所属を基に2026選手権の南北海道区分へ展開。
SAM000199,PRG003663,ASM000001,AREA000001,2026,SRC000228,2026-10-03,2026北海道高野連加盟校。函館支部所属。
SAM000200,PRG003663,ASM000002,AREA000011,2026,SRC000238,2026-10-03,函館支部所属を基に2026選手権の南北海道区分へ展開。
SAM000201,PRG003664,ASM000001,AREA000003,2026,SRC000228,2026-10-03,2026北海道高野連加盟校。札幌支部所属。
SAM000202,PRG003664,ASM000002,AREA000011,2026,SRC000238,2026-10-03,札幌支部所属を基に2026選手権の南北海道区分へ展開。
SAM000203,PRG003665,ASM000001,AREA000003,2026,SRC000228,2026-10-03,2026北海道高野連加盟校。札幌支部所属。
SAM000204,PRG003665,ASM000002,AREA000011,2026,SRC000238,2026-10-03,札幌支部所属を基に2026選手権の南北海道区分へ展開。
SAM000205,PRG003666,ASM000001,AREA000003,2026,SRC000228,2026-10-03,2026北海道高野連加盟校。札幌支部所属。
SAM000206,PRG003666,ASM000002,AREA000011,2026,SRC000238,2026-10-03,札幌支部所属を基に2026選手権の南北海道区分へ展開。
SAM000207,PRG003667,ASM000001,AREA000001,2026,SRC000228,2026-10-03,2026北海道高野連加盟校。函館支部所属。
SAM000208,PRG003667,ASM000002,AREA000011,2026,SRC000238,2026-10-03,函館支部所属を基に2026選手権の南北海道区分へ展開。
SAM000209,PRG003668,ASM000001,AREA000001,2026,SRC000228,2026-10-03,2026北海道高野連加盟校。函館支部所属。
SAM000210,PRG003668,ASM000002,AREA000011,2026,SRC000238,2026-10-03,函館支部所属を基に2026選手権の南北海道区分へ展開。
SAM000211,PRG003669,ASM000001,AREA000001,2026,SRC000228,2026-10-03,2026北海道高野連加盟校。函館支部所属。
SAM000212,PRG003669,ASM000002,AREA000011,2026,SRC000238,2026-10-03,函館支部所属を基に2026選手権の南北海道区分へ展開。
SAM000213,PRG003670,ASM000001,AREA000008,2026,SRC000228,2026-10-03,2026北海道高野連加盟校。北見支部所属。
SAM000214,PRG003670,ASM000002,AREA000012,2026,SRC000238,2026-10-03,北見支部所属を基に2026選手権の北北海道区分へ展開。
SAM000215,PRG003671,ASM000001,AREA000008,2026,SRC000228,2026-10-03,2026北海道高野連加盟校。北見支部所属。
SAM000216,PRG003671,ASM000002,AREA000012,2026,SRC000238,2026-10-03,北見支部所属を基に2026選手権の北北海道区分へ展開。
SAM000217,PRG003672,ASM000001,AREA000007,2026,SRC000228,2026-10-03,2026北海道高野連加盟校。名寄支部所属。
SAM000218,PRG003672,ASM000002,AREA000012,2026,SRC000238,2026-10-03,名寄支部所属を基に2026選手権の北北海道区分へ展開。
SAM000219,PRG003673,ASM000001,AREA000007,2026,SRC000228,2026-10-03,2026北海道高野連加盟校。名寄支部所属。
SAM000220,PRG003673,ASM000002,AREA000012,2026,SRC000238,2026-10-03,名寄支部所属を基に2026選手権の北北海道区分へ展開。
SAM000221,PRG003674,ASM000001,AREA000007,2026,SRC000228,2026-10-03,2026北海道高野連加盟校。名寄支部所属。
SAM000222,PRG003674,ASM000002,AREA000012,2026,SRC000238,2026-10-03,名寄支部所属を基に2026選手権の北北海道区分へ展開。
SAM000223,PRG003675,ASM000001,AREA000007,2026,SRC000228,2026-10-03,2026北海道高野連加盟校。名寄支部所属。
SAM000224,PRG003675,ASM000002,AREA000012,2026,SRC000238,2026-10-03,名寄支部所属を基に2026選手権の北北海道区分へ展開。
SAM000225,PRG003676,ASM000001,AREA000006,2026,SRC000228,2026-10-03,2026北海道高野連加盟校。旭川支部所属。
SAM000226,PRG003676,ASM000002,AREA000012,2026,SRC000238,2026-10-03,旭川支部所属を基に2026選手権の北北海道区分へ展開。
SAM000227,PRG003677,ASM000001,AREA000006,2026,SRC000228,2026-10-03,2026北海道高野連加盟校。旭川支部所属。
SAM000228,PRG003677,ASM000002,AREA000012,2026,SRC000238,2026-10-03,旭川支部所属を基に2026選手権の北北海道区分へ展開。
SAM000229,PRG003678,ASM000001,AREA000009,2026,SRC000228,2026-10-03,2026北海道高野連加盟校。十勝支部所属。
SAM000230,PRG003678,ASM000002,AREA000012,2026,SRC000238,2026-10-03,十勝支部所属を基に2026選手権の北北海道区分へ展開。
SAM000231,PRG003679,ASM000001,AREA000009,2026,SRC000228,2026-10-03,2026北海道高野連加盟校。十勝支部所属。
SAM000232,PRG003679,ASM000002,AREA000012,2026,SRC000238,2026-10-03,十勝支部所属を基に2026選手権の北北海道区分へ展開。
SAM000233,PRG003680,ASM000001,AREA000005,2026,SRC000228,2026-10-03,2026北海道高野連加盟校。空知支部所属。
SAM000234,PRG003680,ASM000002,AREA000012,2026,SRC000238,2026-10-03,空知支部所属を基に2026選手権の北北海道区分へ展開。
SAM000235,PRG003681,ASM000001,AREA000005,2026,SRC000228,2026-10-03,2026北海道高野連加盟校。空知支部所属。
SAM000236,PRG003681,ASM000002,AREA000012,2026,SRC000238,2026-10-03,空知支部所属を基に2026選手権の北北海道区分へ展開。
SAM000237,PRG003682,ASM000001,AREA000010,2026,SRC000228,2026-10-03,2026北海道高野連加盟校。釧根支部所属。
SAM000238,PRG003682,ASM000002,AREA000012,2026,SRC000238,2026-10-03,釧根支部所属を基に2026選手権の北北海道区分へ展開。
SAM000239,PRG003683,ASM000001,AREA000010,2026,SRC000228,2026-10-03,2026北海道高野連加盟校。釧根支部所属。
SAM000240,PRG003683,ASM000002,AREA000012,2026,SRC000238,2026-10-03,釧根支部所属を基に2026選手権の北北海道区分へ展開。
SAM000241,PRG003684,ASM000001,AREA000005,2026,SRC000228,2026-10-03,2026北海道高野連加盟校。空知支部所属。
SAM000242,PRG003684,ASM000002,AREA000012,2026,SRC000238,2026-10-03,空知支部所属を基に2026選手権の北北海道区分へ展開。
SAM000243,PRG003685,ASM000001,AREA000005,2026,SRC000228,2026-10-03,2026北海道高野連加盟校。空知支部所属。
SAM000244,PRG003685,ASM000002,AREA000012,2026,SRC000238,2026-10-03,空知支部所属を基に2026選手権の北北海道区分へ展開。
SAM000245,PRG003686,ASM000001,AREA000008,2026,SRC000228,2026-10-03,2026北海道高野連加盟校。北見支部所属。
SAM000246,PRG003686,ASM000002,AREA000012,2026,SRC000238,2026-10-03,北見支部所属を基に2026選手権の北北海道区分へ展開。
SAM000247,PRG003687,ASM000001,AREA000008,2026,SRC000228,2026-10-03,2026北海道高野連加盟校。北見支部所属。
SAM000248,PRG003687,ASM000002,AREA000012,2026,SRC000238,2026-10-03,北見支部所属を基に2026選手権の北北海道区分へ展開。
SAM000249,PRG003688,ASM000001,AREA000006,2026,SRC000228,2026-10-03,2026北海道高野連加盟校。旭川支部所属。
SAM000250,PRG003688,ASM000002,AREA000012,2026,SRC000238,2026-10-03,旭川支部所属を基に2026選手権の北北海道区分へ展開。
SAM000251,PRG003689,ASM000001,AREA000006,2026,SRC000228,2026-10-03,2026北海道高野連加盟校。旭川支部所属。
SAM000252,PRG003689,ASM000002,AREA000012,2026,SRC000238,2026-10-03,旭川支部所属を基に2026選手権の北北海道区分へ展開。
SAM000253,PRG003690,ASM000001,AREA000006,2026,SRC000228,2026-10-03,2026北海道高野連加盟校。旭川支部所属。
SAM000254,PRG003690,ASM000002,AREA000012,2026,SRC000238,2026-10-03,旭川支部所属を基に2026選手権の北北海道区分へ展開。
SAM000255,PRG003691,ASM000001,AREA000008,2026,SRC000228,2026-10-03,2026北海道高野連加盟校。北見支部所属。
SAM000256,PRG003691,ASM000002,AREA000012,2026,SRC000238,2026-10-03,北見支部所属を基に2026選手権の北北海道区分へ展開。
SAM000257,PRG003692,ASM000001,AREA000008,2026,SRC000228,2026-10-03,2026北海道高野連加盟校。北見支部所属。
SAM000258,PRG003692,ASM000002,AREA000012,2026,SRC000238,2026-10-03,北見支部所属を基に2026選手権の北北海道区分へ展開。
SAM000259,PRG003693,ASM000001,AREA000006,2026,SRC000228,2026-10-03,2026北海道高野連加盟校。旭川支部所属。
SAM000260,PRG003693,ASM000002,AREA000012,2026,SRC000238,2026-10-03,旭川支部所属を基に2026選手権の北北海道区分へ展開。
SAM000261,PRG003694,ASM000001,AREA000006,2026,SRC000228,2026-10-03,2026北海道高野連加盟校。旭川支部所属。
SAM000262,PRG003694,ASM000002,AREA000012,2026,SRC000238,2026-10-03,旭川支部所属を基に2026選手権の北北海道区分へ展開。
SAM000263,PRG003695,ASM000001,AREA000010,2026,SRC000228,2026-10-03,2026北海道高野連加盟校。釧根支部所属。
SAM000264,PRG003695,ASM000002,AREA000012,2026,SRC000238,2026-10-03,釧根支部所属を基に2026選手権の北北海道区分へ展開。
SAM000265,PRG003696,ASM000001,AREA000010,2026,SRC000228,2026-10-03,2026北海道高野連加盟校。釧根支部所属。
SAM000266,PRG003696,ASM000002,AREA000012,2026,SRC000238,2026-10-03,釧根支部所属を基に2026選手権の北北海道区分へ展開。
SAM000267,PRG003697,ASM000001,AREA000010,2026,SRC000228,2026-10-03,2026北海道高野連加盟校。釧根支部所属。
SAM000268,PRG003697,ASM000002,AREA000012,2026,SRC000238,2026-10-03,釧根支部所属を基に2026選手権の北北海道区分へ展開。
SAM000269,PRG003698,ASM000001,AREA000010,2026,SRC000228,2026-10-03,2026北海道高野連加盟校。釧根支部所属。
SAM000270,PRG003698,ASM000002,AREA000012,2026,SRC000238,2026-10-03,釧根支部所属を基に2026選手権の北北海道区分へ展開。
SAM000271,PRG003699,ASM000001,AREA000010,2026,SRC000228,2026-10-03,2026北海道高野連加盟校。釧根支部所属。
SAM000272,PRG003699,ASM000002,AREA000012,2026,SRC000238,2026-10-03,釧根支部所属を基に2026選手権の北北海道区分へ展開。
SAM000273,PRG003700,ASM000001,AREA000010,2026,SRC000228,2026-10-03,2026北海道高野連加盟校。釧根支部所属。
SAM000274,PRG003700,ASM000002,AREA000012,2026,SRC000238,2026-10-03,釧根支部所属を基に2026選手権の北北海道区分へ展開。
SAM000275,PRG003701,ASM000001,AREA000009,2026,SRC000228,2026-10-03,2026北海道高野連加盟校。十勝支部所属。
SAM000276,PRG003701,ASM000002,AREA000012,2026,SRC000238,2026-10-03,十勝支部所属を基に2026選手権の北北海道区分へ展開。
SAM000277,PRG003702,ASM000001,AREA000009,2026,SRC000228,2026-10-03,2026北海道高野連加盟校。十勝支部所属。
SAM000278,PRG003702,ASM000002,AREA000012,2026,SRC000238,2026-10-03,十勝支部所属を基に2026選手権の北北海道区分へ展開。
SAM000279,PRG003703,ASM000001,AREA000005,2026,SRC000228,2026-10-03,2026北海道高野連加盟校。空知支部所属。
SAM000280,PRG003703,ASM000002,AREA000012,2026,SRC000238,2026-10-03,空知支部所属を基に2026選手権の北北海道区分へ展開。
SAM000281,PRG003704,ASM000001,AREA000005,2026,SRC000228,2026-10-03,2026北海道高野連加盟校。空知支部所属。
SAM000282,PRG003704,ASM000002,AREA000012,2026,SRC000238,2026-10-03,空知支部所属を基に2026選手権の北北海道区分へ展開。
SAM000283,PRG003705,ASM000001,AREA000009,2026,SRC000228,2026-10-03,2026北海道高野連加盟校。十勝支部所属。
SAM000284,PRG003705,ASM000002,AREA000012,2026,SRC000238,2026-10-03,十勝支部所属を基に2026選手権の北北海道区分へ展開。
SAM000285,PRG003706,ASM000001,AREA000009,2026,SRC000228,2026-10-03,2026北海道高野連加盟校。十勝支部所属。
SAM000286,PRG003706,ASM000002,AREA000012,2026,SRC000238,2026-10-03,十勝支部所属を基に2026選手権の北北海道区分へ展開。
SAM000287,PRG003707,ASM000001,AREA000009,2026,SRC000228,2026-10-03,2026北海道高野連加盟校。十勝支部所属。
SAM000288,PRG003707,ASM000002,AREA000012,2026,SRC000238,2026-10-03,十勝支部所属を基に2026選手権の北北海道区分へ展開。
SAM000289,PRG003708,ASM000001,AREA000006,2026,SRC000228,2026-10-03,2026北海道高野連加盟校。旭川支部所属。
SAM000290,PRG003708,ASM000002,AREA000012,2026,SRC000238,2026-10-03,旭川支部所属を基に2026選手権の北北海道区分へ展開。
SAM000291,PRG003709,ASM000001,AREA000006,2026,SRC000228,2026-10-03,2026北海道高野連加盟校。旭川支部所属。
SAM000292,PRG003709,ASM000002,AREA000012,2026,SRC000238,2026-10-03,旭川支部所属を基に2026選手権の北北海道区分へ展開。
SAM000293,PRG003710,ASM000001,AREA000006,2026,SRC000228,2026-10-03,2026北海道高野連加盟校。旭川支部所属。
SAM000294,PRG003710,ASM000002,AREA000012,2026,SRC000238,2026-10-03,旭川支部所属を基に2026選手権の北北海道区分へ展開。
SAM000295,PRG003711,ASM000001,AREA000006,2026,SRC000228,2026-10-03,2026北海道高野連加盟校。旭川支部所属。
SAM000296,PRG003711,ASM000002,AREA000012,2026,SRC000238,2026-10-03,旭川支部所属を基に2026選手権の北北海道区分へ展開。
SAM000297,PRG003712,ASM000001,AREA000007,2026,SRC000228,2026-10-03,2026北海道高野連加盟校。名寄支部所属。
SAM000298,PRG003712,ASM000002,AREA000012,2026,SRC000238,2026-10-03,名寄支部所属を基に2026選手権の北北海道区分へ展開。
SAM000299,PRG003713,ASM000001,AREA000007,2026,SRC000228,2026-10-03,2026北海道高野連加盟校。名寄支部所属。
SAM000300,PRG003713,ASM000002,AREA000012,2026,SRC000238,2026-10-03,名寄支部所属を基に2026選手権の北北海道区分へ展開。
SAM000301,PRG003714,ASM000001,AREA000007,2026,SRC000228,2026-10-03,2026北海道高野連加盟校。名寄支部所属。
SAM000302,PRG003714,ASM000002,AREA000012,2026,SRC000238,2026-10-03,名寄支部所属を基に2026選手権の北北海道区分へ展開。
SAM000303,PRG003715,ASM000001,AREA000010,2026,SRC000228,2026-10-03,2026北海道高野連加盟校。釧根支部所属。
SAM000304,PRG003715,ASM000002,AREA000012,2026,SRC000238,2026-10-03,釧根支部所属を基に2026選手権の北北海道区分へ展開。
SAM000305,PRG003716,ASM000001,AREA000010,2026,SRC000228,2026-10-03,2026北海道高野連加盟校。釧根支部所属。
SAM000306,PRG003716,ASM000002,AREA000012,2026,SRC000238,2026-10-03,釧根支部所属を基に2026選手権の北北海道区分へ展開。
SAM000307,PRG003717,ASM000001,AREA000005,2026,SRC000228,2026-10-03,2026北海道高野連加盟校。空知支部所属。
SAM000308,PRG003717,ASM000002,AREA000012,2026,SRC000238,2026-10-03,空知支部所属を基に2026選手権の北北海道区分へ展開。
SAM000309,PRG003718,ASM000001,AREA000005,2026,SRC000228,2026-10-03,2026北海道高野連加盟校。空知支部所属。
SAM000310,PRG003718,ASM000002,AREA000012,2026,SRC000238,2026-10-03,空知支部所属を基に2026選手権の北北海道区分へ展開。
SAM000311,PRG003719,ASM000001,AREA000005,2026,SRC000228,2026-10-03,2026北海道高野連加盟校。空知支部所属。
SAM000312,PRG003719,ASM000002,AREA000012,2026,SRC000238,2026-10-03,空知支部所属を基に2026選手権の北北海道区分へ展開。
SAM000313,PRG003720,ASM000001,AREA000009,2026,SRC000228,2026-10-03,2026北海道高野連加盟校。十勝支部所属。
SAM000314,PRG003720,ASM000002,AREA000012,2026,SRC000238,2026-10-03,十勝支部所属を基に2026選手権の北北海道区分へ展開。
SAM000315,PRG003721,ASM000001,AREA000009,2026,SRC000228,2026-10-03,2026北海道高野連加盟校。十勝支部所属。
SAM000316,PRG003721,ASM000002,AREA000012,2026,SRC000238,2026-10-03,十勝支部所属を基に2026選手権の北北海道区分へ展開。
SAM000317,PRG003722,ASM000001,AREA000009,2026,SRC000228,2026-10-03,2026北海道高野連加盟校。十勝支部所属。
SAM000318,PRG003722,ASM000002,AREA000012,2026,SRC000238,2026-10-03,十勝支部所属を基に2026選手権の北北海道区分へ展開。
SAM000319,PRG003723,ASM000001,AREA000008,2026,SRC000228,2026-10-03,2026北海道高野連加盟校。北見支部所属。
SAM000320,PRG003723,ASM000002,AREA000012,2026,SRC000238,2026-10-03,北見支部所属を基に2026選手権の北北海道区分へ展開。
SAM000321,PRG003724,ASM000001,AREA000008,2026,SRC000228,2026-10-03,2026北海道高野連加盟校。北見支部所属。
SAM000322,PRG003724,ASM000002,AREA000012,2026,SRC000238,2026-10-03,北見支部所属を基に2026選手権の北北海道区分へ展開。
SAM000323,PRG003725,ASM000001,AREA000006,2026,SRC000228,2026-10-03,2026北海道高野連加盟校。旭川支部所属。
SAM000324,PRG003725,ASM000002,AREA000012,2026,SRC000238,2026-10-03,旭川支部所属を基に2026選手権の北北海道区分へ展開。
SAM000325,PRG003726,ASM000001,AREA000006,2026,SRC000228,2026-10-03,2026北海道高野連加盟校。旭川支部所属。
SAM000326,PRG003726,ASM000002,AREA000012,2026,SRC000238,2026-10-03,旭川支部所属を基に2026選手権の北北海道区分へ展開。
SAM000327,PRG003727,ASM000001,AREA000006,2026,SRC000228,2026-10-03,2026北海道高野連加盟校。旭川支部所属。
SAM000328,PRG003727,ASM000002,AREA000012,2026,SRC000238,2026-10-03,旭川支部所属を基に2026選手権の北北海道区分へ展開。
SAM000329,PRG003728,ASM000001,AREA000006,2026,SRC000228,2026-10-03,2026北海道高野連加盟校。旭川支部所属。
SAM000330,PRG003728,ASM000002,AREA000012,2026,SRC000238,2026-10-03,旭川支部所属を基に2026選手権の北北海道区分へ展開。
SAM000331,PRG003729,ASM000001,AREA000006,2026,SRC000228,2026-10-03,2026北海道高野連加盟校。旭川支部所属。
SAM000332,PRG003729,ASM000002,AREA000012,2026,SRC000238,2026-10-03,旭川支部所属を基に2026選手権の北北海道区分へ展開。
SAM000333,PRG003730,ASM000001,AREA000006,2026,SRC000228,2026-10-03,2026北海道高野連加盟校。旭川支部所属。
SAM000334,PRG003730,ASM000002,AREA000012,2026,SRC000238,2026-10-03,旭川支部所属を基に2026選手権の北北海道区分へ展開。
SAM000335,PRG003731,ASM000001,AREA000010,2026,SRC000228,2026-10-03,2026北海道高野連加盟校。釧根支部所属。
SAM000336,PRG003731,ASM000002,AREA000012,2026,SRC000238,2026-10-03,釧根支部所属を基に2026選手権の北北海道区分へ展開。
SAM000337,PRG003732,ASM000001,AREA000010,2026,SRC000228,2026-10-03,2026北海道高野連加盟校。釧根支部所属。
SAM000338,PRG003732,ASM000002,AREA000012,2026,SRC000238,2026-10-03,釧根支部所属を基に2026選手権の北北海道区分へ展開。
SAM000339,PRG003733,ASM000001,AREA000010,2026,SRC000228,2026-10-03,2026北海道高野連加盟校。釧根支部所属。
SAM000340,PRG003733,ASM000002,AREA000012,2026,SRC000238,2026-10-03,釧根支部所属を基に2026選手権の北北海道区分へ展開。
SAM000341,PRG003734,ASM000001,AREA000010,2026,SRC000228,2026-10-03,2026北海道高野連加盟校。釧根支部所属。
SAM000342,PRG003734,ASM000002,AREA000012,2026,SRC000238,2026-10-03,釧根支部所属を基に2026選手権の北北海道区分へ展開。
SAM000343,PRG003735,ASM000001,AREA000009,2026,SRC000228,2026-10-03,2026北海道高野連加盟校。十勝支部所属。
SAM000344,PRG003735,ASM000002,AREA000012,2026,SRC000238,2026-10-03,十勝支部所属を基に2026選手権の北北海道区分へ展開。
SAM000345,PRG003736,ASM000001,AREA000009,2026,SRC000228,2026-10-03,2026北海道高野連加盟校。十勝支部所属。
SAM000346,PRG003736,ASM000002,AREA000012,2026,SRC000238,2026-10-03,十勝支部所属を基に2026選手権の北北海道区分へ展開。
SAM000347,PRG003737,ASM000001,AREA000009,2026,SRC000228,2026-10-03,2026北海道高野連加盟校。十勝支部所属。
SAM000348,PRG003737,ASM000002,AREA000012,2026,SRC000238,2026-10-03,十勝支部所属を基に2026選手権の北北海道区分へ展開。
SAM000349,PRG003738,ASM000001,AREA000009,2026,SRC000228,2026-10-03,2026北海道高野連加盟校。十勝支部所属。
SAM000350,PRG003738,ASM000002,AREA000012,2026,SRC000238,2026-10-03,十勝支部所属を基に2026選手権の北北海道区分へ展開。
SAM000351,PRG003739,ASM000001,AREA000009,2026,SRC000228,2026-10-03,2026北海道高野連加盟校。十勝支部所属。
SAM000352,PRG003739,ASM000002,AREA000012,2026,SRC000238,2026-10-03,十勝支部所属を基に2026選手権の北北海道区分へ展開。
SAM000353,PRG003740,ASM000001,AREA000009,2026,SRC000228,2026-10-03,2026北海道高野連加盟校。十勝支部所属。
SAM000354,PRG003740,ASM000002,AREA000012,2026,SRC000238,2026-10-03,十勝支部所属を基に2026選手権の北北海道区分へ展開。
SAM000355,PRG003741,ASM000001,AREA000005,2026,SRC000228,2026-10-03,2026北海道高野連加盟校。空知支部所属。
SAM000356,PRG003741,ASM000002,AREA000012,2026,SRC000238,2026-10-03,空知支部所属を基に2026選手権の北北海道区分へ展開。
SAM000357,PRG003742,ASM000001,AREA000005,2026,SRC000228,2026-10-03,2026北海道高野連加盟校。空知支部所属。
SAM000358,PRG003742,ASM000002,AREA000012,2026,SRC000238,2026-10-03,空知支部所属を基に2026選手権の北北海道区分へ展開。
SAM000359,PRG003743,ASM000001,AREA000009,2026,SRC000228,2026-10-03,2026北海道高野連加盟校。十勝支部所属。
SAM000360,PRG003743,ASM000002,AREA000012,2026,SRC000238,2026-10-03,十勝支部所属を基に2026選手権の北北海道区分へ展開。
SAM000361,PRG003744,ASM000001,AREA000009,2026,SRC000228,2026-10-03,2026北海道高野連加盟校。十勝支部所属。
SAM000362,PRG003744,ASM000002,AREA000012,2026,SRC000238,2026-10-03,十勝支部所属を基に2026選手権の北北海道区分へ展開。
SAM000363,PRG003745,ASM000001,AREA000008,2026,SRC000228,2026-10-03,2026北海道高野連加盟校。北見支部所属。
SAM000364,PRG003745,ASM000002,AREA000012,2026,SRC000238,2026-10-03,北見支部所属を基に2026選手権の北北海道区分へ展開。
SAM000365,PRG003746,ASM000001,AREA000008,2026,SRC000228,2026-10-03,2026北海道高野連加盟校。北見支部所属。
SAM000366,PRG003746,ASM000002,AREA000012,2026,SRC000238,2026-10-03,北見支部所属を基に2026選手権の北北海道区分へ展開。
SAM000367,PRG003747,ASM000001,AREA000005,2026,SRC000228,2026-10-03,2026北海道高野連加盟校。空知支部所属。
SAM000368,PRG003747,ASM000002,AREA000012,2026,SRC000238,2026-10-03,空知支部所属を基に2026選手権の北北海道区分へ展開。
SAM000369,PRG003748,ASM000001,AREA000005,2026,SRC000228,2026-10-03,2026北海道高野連加盟校。空知支部所属。
SAM000370,PRG003748,ASM000002,AREA000012,2026,SRC000238,2026-10-03,空知支部所属を基に2026選手権の北北海道区分へ展開。
SAM000371,PRG003749,ASM000001,AREA000003,2026,SRC000228,2026-10-03,2026北海道高野連加盟校。札幌支部所属。
SAM000372,PRG003749,ASM000002,AREA000011,2026,SRC000238,2026-10-03,札幌支部所属を基に2026選手権の南北海道区分へ展開。
SAM000373,PRG003750,ASM000001,AREA000004,2026,SRC000228,2026-10-03,2026北海道高野連加盟校。小樽支部所属。
SAM000374,PRG003750,ASM000002,AREA000011,2026,SRC000238,2026-10-03,小樽支部所属を基に2026選手権の南北海道区分へ展開。
SAM000375,PRG003751,ASM000001,AREA000006,2026,SRC000228,2026-10-03,2026北海道高野連加盟校。旭川支部所属。
SAM000376,PRG003751,ASM000002,AREA000012,2026,SRC000238,2026-10-03,旭川支部所属を基に2026選手権の北北海道区分へ展開。
SAM000377,PRG003752,ASM000001,AREA000008,2026,SRC000228,2026-10-03,2026北海道高野連加盟校。北見支部所属。
SAM000378,PRG003752,ASM000002,AREA000012,2026,SRC000238,2026-10-03,北見支部所属を基に2026選手権の北北海道区分へ展開。
SAM000379,PRG003753,ASM000001,AREA000008,2026,SRC000228,2026-10-03,2026北海道高野連加盟校。北見支部所属。
SAM000380,PRG003753,ASM000002,AREA000012,2026,SRC000238,2026-10-03,北見支部所属を基に2026選手権の北北海道区分へ展開。
SAM000381,PRG003754,ASM000001,AREA000010,2026,SRC000228,2026-10-03,2026北海道高野連加盟校。釧根支部所属。
SAM000382,PRG003754,ASM000002,AREA000012,2026,SRC000238,2026-10-03,釧根支部所属を基に2026選手権の北北海道区分へ展開。
SAM000383,PRG003755,ASM000001,AREA000010,2026,SRC000228,2026-10-03,2026北海道高野連加盟校。釧根支部所属。
SAM000384,PRG003755,ASM000002,AREA000012,2026,SRC000238,2026-10-03,釧根支部所属を基に2026選手権の北北海道区分へ展開。
SAM000385,PRG000635,ASM000003,AREA000013,2026,SRC000239,2026-10-03,2026東京都高野連加盟校。所在地（足立区）を現行の東西地区割りに適用し東東京へ登録。
SAM000386,PRG000636,ASM000003,AREA000013,2026,SRC000239,2026-10-03,2026東京都高野連加盟校。所在地（足立区）を現行の東西地区割りに適用し東東京へ登録。
SAM000387,PRG000637,ASM000003,AREA000013,2026,SRC000239,2026-10-03,2026東京都高野連加盟校。所在地（足立区）を現行の東西地区割りに適用し東東京へ登録。
SAM000388,PRG000638,ASM000003,AREA000013,2026,SRC000239,2026-10-03,2026東京都高野連加盟校。所在地（足立区）を現行の東西地区割りに適用し東東京へ登録。
SAM000389,PRG000639,ASM000003,AREA000013,2026,SRC000239,2026-10-03,2026東京都高野連加盟校。所在地（足立区）を現行の東西地区割りに適用し東東京へ登録。
SAM000390,PRG000640,ASM000003,AREA000013,2026,SRC000239,2026-10-03,2026東京都高野連加盟校。所在地（足立区）を現行の東西地区割りに適用し東東京へ登録。
SAM000391,PRG000641,ASM000003,AREA000013,2026,SRC000239,2026-10-03,2026東京都高野連加盟校。所在地（足立区）を現行の東西地区割りに適用し東東京へ登録。
SAM000392,PRG000642,ASM000003,AREA000013,2026,SRC000239,2026-10-03,2026東京都高野連加盟校。所在地（荒川区）を現行の東西地区割りに適用し東東京へ登録。
SAM000393,PRG000643,ASM000003,AREA000013,2026,SRC000239,2026-10-03,2026東京都高野連加盟校。所在地（荒川区）を現行の東西地区割りに適用し東東京へ登録。
SAM000394,PRG000644,ASM000003,AREA000013,2026,SRC000239,2026-10-03,2026東京都高野連加盟校。所在地（荒川区）を現行の東西地区割りに適用し東東京へ登録。
SAM000395,PRG000645,ASM000003,AREA000013,2026,SRC000239,2026-10-03,2026東京都高野連加盟校。所在地（板橋区）を現行の東西地区割りに適用し東東京へ登録。
SAM000396,PRG000646,ASM000003,AREA000013,2026,SRC000239,2026-10-03,2026東京都高野連加盟校。所在地（板橋区）を現行の東西地区割りに適用し東東京へ登録。
SAM000397,PRG000647,ASM000003,AREA000013,2026,SRC000239,2026-10-03,2026東京都高野連加盟校。所在地（板橋区）を現行の東西地区割りに適用し東東京へ登録。
SAM000398,PRG000648,ASM000003,AREA000013,2026,SRC000239,2026-10-03,2026東京都高野連加盟校。所在地（板橋区）を現行の東西地区割りに適用し東東京へ登録。
SAM000399,PRG000649,ASM000003,AREA000013,2026,SRC000239,2026-10-03,2026東京都高野連加盟校。所在地（板橋区）を現行の東西地区割りに適用し東東京へ登録。
SAM000400,PRG000650,ASM000003,AREA000013,2026,SRC000239,2026-10-03,2026東京都高野連加盟校。所在地（板橋区）を現行の東西地区割りに適用し東東京へ登録。
SAM000401,PRG000651,ASM000003,AREA000013,2026,SRC000239,2026-10-03,2026東京都高野連加盟校。所在地（板橋区）を現行の東西地区割りに適用し東東京へ登録。
SAM000402,PRG000652,ASM000003,AREA000013,2026,SRC000239,2026-10-03,2026東京都高野連加盟校。所在地（板橋区）を現行の東西地区割りに適用し東東京へ登録。
SAM000403,PRG000653,ASM000003,AREA000013,2026,SRC000239,2026-10-03,2026東京都高野連加盟校。所在地（板橋区）を現行の東西地区割りに適用し東東京へ登録。
SAM000404,PRG000654,ASM000003,AREA000013,2026,SRC000239,2026-10-03,2026東京都高野連加盟校。所在地（江戸川区）を現行の東西地区割りに適用し東東京へ登録。
SAM000405,PRG000655,ASM000003,AREA000013,2026,SRC000239,2026-10-03,2026東京都高野連加盟校。所在地（江戸川区）を現行の東西地区割りに適用し東東京へ登録。
SAM000406,PRG000656,ASM000003,AREA000013,2026,SRC000239,2026-10-03,2026東京都高野連加盟校。所在地（江戸川区）を現行の東西地区割りに適用し東東京へ登録。
SAM000407,PRG000657,ASM000003,AREA000013,2026,SRC000239,2026-10-03,2026東京都高野連加盟校。所在地（江戸川区）を現行の東西地区割りに適用し東東京へ登録。
SAM000408,PRG000658,ASM000003,AREA000013,2026,SRC000239,2026-10-03,2026東京都高野連加盟校。所在地（江戸川区）を現行の東西地区割りに適用し東東京へ登録。
SAM000409,PRG000659,ASM000003,AREA000013,2026,SRC000239,2026-10-03,2026東京都高野連加盟校。所在地（江戸川区）を現行の東西地区割りに適用し東東京へ登録。
SAM000410,PRG000660,ASM000003,AREA000013,2026,SRC000239,2026-10-03,2026東京都高野連加盟校。所在地（江戸川区）を現行の東西地区割りに適用し東東京へ登録。
SAM000411,PRG000661,ASM000003,AREA000013,2026,SRC000239,2026-10-03,2026東京都高野連加盟校。所在地（江戸川区）を現行の東西地区割りに適用し東東京へ登録。
SAM000412,PRG000662,ASM000003,AREA000013,2026,SRC000239,2026-10-03,2026東京都高野連加盟校。所在地（大田区）を現行の東西地区割りに適用し東東京へ登録。
SAM000413,PRG000663,ASM000003,AREA000013,2026,SRC000239,2026-10-03,2026東京都高野連加盟校。所在地（大田区）を現行の東西地区割りに適用し東東京へ登録。
SAM000414,PRG000664,ASM000003,AREA000013,2026,SRC000239,2026-10-03,2026東京都高野連加盟校。所在地（大田区）を現行の東西地区割りに適用し東東京へ登録。
SAM000415,PRG000665,ASM000003,AREA000013,2026,SRC000239,2026-10-03,2026東京都高野連加盟校。所在地（大田区）を現行の東西地区割りに適用し東東京へ登録。
SAM000416,PRG000666,ASM000003,AREA000013,2026,SRC000239,2026-10-03,2026東京都高野連加盟校。所在地（大田区）を現行の東西地区割りに適用し東東京へ登録。
SAM000417,PRG000667,ASM000003,AREA000013,2026,SRC000239,2026-10-03,2026東京都高野連加盟校。所在地（大田区）を現行の東西地区割りに適用し東東京へ登録。
SAM000418,PRG000668,ASM000003,AREA000013,2026,SRC000239,2026-10-03,2026東京都高野連加盟校。所在地（大田区）を現行の東西地区割りに適用し東東京へ登録。
SAM000419,PRG000669,ASM000003,AREA000013,2026,SRC000239,2026-10-03,2026東京都高野連加盟校。所在地（大田区）を現行の東西地区割りに適用し東東京へ登録。
SAM000420,PRG000670,ASM000003,AREA000013,2026,SRC000239,2026-10-03,2026東京都高野連加盟校。所在地（大田区）を現行の東西地区割りに適用し東東京へ登録。
SAM000421,PRG000671,ASM000003,AREA000013,2026,SRC000239,2026-10-03,2026東京都高野連加盟校。所在地（大田区）を現行の東西地区割りに適用し東東京へ登録。
SAM000422,PRG000672,ASM000003,AREA000013,2026,SRC000239,2026-10-03,2026東京都高野連加盟校。所在地（大田区）を現行の東西地区割りに適用し東東京へ登録。
SAM000423,PRG000673,ASM000003,AREA000013,2026,SRC000239,2026-10-03,2026東京都高野連加盟校。所在地（葛飾区）を現行の東西地区割りに適用し東東京へ登録。
SAM000424,PRG000674,ASM000003,AREA000013,2026,SRC000239,2026-10-03,2026東京都高野連加盟校。所在地（葛飾区）を現行の東西地区割りに適用し東東京へ登録。
SAM000425,PRG000675,ASM000003,AREA000013,2026,SRC000239,2026-10-03,2026東京都高野連加盟校。所在地（葛飾区）を現行の東西地区割りに適用し東東京へ登録。
SAM000426,PRG000676,ASM000003,AREA000013,2026,SRC000239,2026-10-03,2026東京都高野連加盟校。所在地（葛飾区）を現行の東西地区割りに適用し東東京へ登録。
SAM000427,PRG000677,ASM000003,AREA000013,2026,SRC000239,2026-10-03,2026東京都高野連加盟校。所在地（葛飾区）を現行の東西地区割りに適用し東東京へ登録。
SAM000428,PRG000678,ASM000003,AREA000013,2026,SRC000239,2026-10-03,2026東京都高野連加盟校。所在地（葛飾区）を現行の東西地区割りに適用し東東京へ登録。
SAM000429,PRG000679,ASM000003,AREA000013,2026,SRC000239,2026-10-03,2026東京都高野連加盟校。所在地（葛飾区）を現行の東西地区割りに適用し東東京へ登録。
SAM000430,PRG000680,ASM000003,AREA000013,2026,SRC000239,2026-10-03,2026東京都高野連加盟校。所在地（北区）を現行の東西地区割りに適用し東東京へ登録。
SAM000431,PRG000681,ASM000003,AREA000013,2026,SRC000239,2026-10-03,2026東京都高野連加盟校。所在地（北区）を現行の東西地区割りに適用し東東京へ登録。
SAM000432,PRG000682,ASM000003,AREA000013,2026,SRC000239,2026-10-03,2026東京都高野連加盟校。所在地（北区）を現行の東西地区割りに適用し東東京へ登録。
SAM000433,PRG000683,ASM000003,AREA000013,2026,SRC000239,2026-10-03,2026東京都高野連加盟校。所在地（北区）を現行の東西地区割りに適用し東東京へ登録。
SAM000434,PRG000684,ASM000003,AREA000013,2026,SRC000239,2026-10-03,2026東京都高野連加盟校。所在地（北区）を現行の東西地区割りに適用し東東京へ登録。
SAM000435,PRG000685,ASM000003,AREA000013,2026,SRC000239,2026-10-03,2026東京都高野連加盟校。所在地（北区）を現行の東西地区割りに適用し東東京へ登録。
SAM000436,PRG000686,ASM000003,AREA000013,2026,SRC000239,2026-10-03,2026東京都高野連加盟校。所在地（北区）を現行の東西地区割りに適用し東東京へ登録。
SAM000437,PRG000687,ASM000003,AREA000013,2026,SRC000239,2026-10-03,2026東京都高野連加盟校。所在地（北区）を現行の東西地区割りに適用し東東京へ登録。
SAM000438,PRG000688,ASM000003,AREA000013,2026,SRC000239,2026-10-03,2026東京都高野連加盟校。所在地（江東区）を現行の東西地区割りに適用し東東京へ登録。
SAM000439,PRG000689,ASM000003,AREA000013,2026,SRC000239,2026-10-03,2026東京都高野連加盟校。所在地（江東区）を現行の東西地区割りに適用し東東京へ登録。
SAM000440,PRG000690,ASM000003,AREA000013,2026,SRC000239,2026-10-03,2026東京都高野連加盟校。所在地（江東区）を現行の東西地区割りに適用し東東京へ登録。
SAM000441,PRG000691,ASM000003,AREA000013,2026,SRC000239,2026-10-03,2026東京都高野連加盟校。所在地（江東区）を現行の東西地区割りに適用し東東京へ登録。
SAM000442,PRG000692,ASM000003,AREA000013,2026,SRC000239,2026-10-03,2026東京都高野連加盟校。所在地（江東区）を現行の東西地区割りに適用し東東京へ登録。
SAM000443,PRG000693,ASM000003,AREA000013,2026,SRC000239,2026-10-03,2026東京都高野連加盟校。所在地（江東区）を現行の東西地区割りに適用し東東京へ登録。
SAM000444,PRG000694,ASM000003,AREA000013,2026,SRC000239,2026-10-03,2026東京都高野連加盟校。所在地（江東区）を現行の東西地区割りに適用し東東京へ登録。
SAM000445,PRG000695,ASM000003,AREA000013,2026,SRC000239,2026-10-03,2026東京都高野連加盟校。所在地（品川区）を現行の東西地区割りに適用し東東京へ登録。
SAM000446,PRG000696,ASM000003,AREA000013,2026,SRC000239,2026-10-03,2026東京都高野連加盟校。所在地（品川区）を現行の東西地区割りに適用し東東京へ登録。
SAM000447,PRG000697,ASM000003,AREA000013,2026,SRC000239,2026-10-03,2026東京都高野連加盟校。所在地（品川区）を現行の東西地区割りに適用し東東京へ登録。
SAM000448,PRG000698,ASM000003,AREA000013,2026,SRC000239,2026-10-03,2026東京都高野連加盟校。所在地（品川区）を現行の東西地区割りに適用し東東京へ登録。
SAM000449,PRG000699,ASM000003,AREA000013,2026,SRC000239,2026-10-03,2026東京都高野連加盟校。所在地（品川区）を現行の東西地区割りに適用し東東京へ登録。
SAM000450,PRG000700,ASM000003,AREA000013,2026,SRC000239,2026-10-03,2026東京都高野連加盟校。所在地（品川区）を現行の東西地区割りに適用し東東京へ登録。
SAM000451,PRG000701,ASM000003,AREA000013,2026,SRC000239,2026-10-03,2026東京都高野連加盟校。所在地（品川区）を現行の東西地区割りに適用し東東京へ登録。
SAM000452,PRG000702,ASM000003,AREA000013,2026,SRC000239,2026-10-03,2026東京都高野連加盟校。所在地（品川区）を現行の東西地区割りに適用し東東京へ登録。
SAM000453,PRG000703,ASM000003,AREA000013,2026,SRC000239,2026-10-03,2026東京都高野連加盟校。所在地（渋谷区）を現行の東西地区割りに適用し東東京へ登録。
SAM000454,PRG000704,ASM000003,AREA000013,2026,SRC000239,2026-10-03,2026東京都高野連加盟校。所在地（渋谷区）を現行の東西地区割りに適用し東東京へ登録。
SAM000455,PRG000705,ASM000003,AREA000013,2026,SRC000239,2026-10-03,2026東京都高野連加盟校。所在地（渋谷区）を現行の東西地区割りに適用し東東京へ登録。
SAM000456,PRG000706,ASM000003,AREA000013,2026,SRC000239,2026-10-03,2026東京都高野連加盟校。所在地（渋谷区）を現行の東西地区割りに適用し東東京へ登録。
SAM000457,PRG000707,ASM000003,AREA000013,2026,SRC000239,2026-10-03,2026東京都高野連加盟校。所在地（渋谷区）を現行の東西地区割りに適用し東東京へ登録。
SAM000458,PRG000708,ASM000003,AREA000013,2026,SRC000239,2026-10-03,2026東京都高野連加盟校。所在地（新宿区）を現行の東西地区割りに適用し東東京へ登録。
SAM000459,PRG000709,ASM000003,AREA000013,2026,SRC000239,2026-10-03,2026東京都高野連加盟校。所在地（新宿区）を現行の東西地区割りに適用し東東京へ登録。
SAM000460,PRG000710,ASM000003,AREA000013,2026,SRC000239,2026-10-03,2026東京都高野連加盟校。所在地（新宿区）を現行の東西地区割りに適用し東東京へ登録。
SAM000461,PRG000711,ASM000003,AREA000013,2026,SRC000239,2026-10-03,2026東京都高野連加盟校。所在地（新宿区）を現行の東西地区割りに適用し東東京へ登録。
SAM000462,PRG000712,ASM000003,AREA000013,2026,SRC000239,2026-10-03,2026東京都高野連加盟校。所在地（新宿区）を現行の東西地区割りに適用し東東京へ登録。
SAM000463,PRG000713,ASM000003,AREA000013,2026,SRC000239,2026-10-03,2026東京都高野連加盟校。所在地（新宿区）を現行の東西地区割りに適用し東東京へ登録。
SAM000464,PRG000714,ASM000003,AREA000014,2026,SRC000239,2026-10-03,2026東京都高野連加盟校。所在地（杉並区）を現行の東西地区割りに適用し西東京へ登録。
SAM000465,PRG000715,ASM000003,AREA000014,2026,SRC000239,2026-10-03,2026東京都高野連加盟校。所在地（杉並区）を現行の東西地区割りに適用し西東京へ登録。
SAM000466,PRG000716,ASM000003,AREA000014,2026,SRC000239,2026-10-03,2026東京都高野連加盟校。所在地（杉並区）を現行の東西地区割りに適用し西東京へ登録。
SAM000467,PRG000717,ASM000003,AREA000014,2026,SRC000239,2026-10-03,2026東京都高野連加盟校。所在地（杉並区）を現行の東西地区割りに適用し西東京へ登録。
SAM000468,PRG000718,ASM000003,AREA000014,2026,SRC000239,2026-10-03,2026東京都高野連加盟校。所在地（杉並区）を現行の東西地区割りに適用し西東京へ登録。
SAM000469,PRG000719,ASM000003,AREA000014,2026,SRC000239,2026-10-03,2026東京都高野連加盟校。所在地（杉並区）を現行の東西地区割りに適用し西東京へ登録。
SAM000470,PRG000720,ASM000003,AREA000014,2026,SRC000239,2026-10-03,2026東京都高野連加盟校。所在地（杉並区）を現行の東西地区割りに適用し西東京へ登録。
SAM000471,PRG000721,ASM000003,AREA000014,2026,SRC000239,2026-10-03,2026東京都高野連加盟校。所在地（杉並区）を現行の東西地区割りに適用し西東京へ登録。
SAM000472,PRG000722,ASM000003,AREA000014,2026,SRC000239,2026-10-03,2026東京都高野連加盟校。所在地（杉並区）を現行の東西地区割りに適用し西東京へ登録。
SAM000473,PRG000723,ASM000003,AREA000014,2026,SRC000239,2026-10-03,2026東京都高野連加盟校。所在地（杉並区）を現行の東西地区割りに適用し西東京へ登録。
SAM000474,PRG000724,ASM000003,AREA000013,2026,SRC000239,2026-10-03,2026東京都高野連加盟校。所在地（墨田区）を現行の東西地区割りに適用し東東京へ登録。
SAM000475,PRG000725,ASM000003,AREA000013,2026,SRC000239,2026-10-03,2026東京都高野連加盟校。所在地（墨田区）を現行の東西地区割りに適用し東東京へ登録。
SAM000476,PRG000726,ASM000003,AREA000013,2026,SRC000239,2026-10-03,2026東京都高野連加盟校。所在地（墨田区）を現行の東西地区割りに適用し東東京へ登録。
SAM000477,PRG000727,ASM000003,AREA000013,2026,SRC000239,2026-10-03,2026東京都高野連加盟校。所在地（墨田区）を現行の東西地区割りに適用し東東京へ登録。
SAM000478,PRG000728,ASM000003,AREA000013,2026,SRC000239,2026-10-03,2026東京都高野連加盟校。所在地（墨田区）を現行の東西地区割りに適用し東東京へ登録。
SAM000479,PRG000729,ASM000003,AREA000013,2026,SRC000239,2026-10-03,2026東京都高野連加盟校。所在地（墨田区）を現行の東西地区割りに適用し東東京へ登録。
SAM000480,PRG000730,ASM000003,AREA000014,2026,SRC000239,2026-10-03,2026東京都高野連加盟校。所在地（世田谷区）を現行の東西地区割りに適用し西東京へ登録。
SAM000481,PRG000731,ASM000003,AREA000014,2026,SRC000239,2026-10-03,2026東京都高野連加盟校。所在地（世田谷区）を現行の東西地区割りに適用し西東京へ登録。
SAM000482,PRG000732,ASM000003,AREA000014,2026,SRC000239,2026-10-03,2026東京都高野連加盟校。所在地（世田谷区）を現行の東西地区割りに適用し西東京へ登録。
SAM000483,PRG000733,ASM000003,AREA000014,2026,SRC000239,2026-10-03,2026東京都高野連加盟校。所在地（世田谷区）を現行の東西地区割りに適用し西東京へ登録。
SAM000484,PRG000734,ASM000003,AREA000014,2026,SRC000239,2026-10-03,2026東京都高野連加盟校。所在地（世田谷区）を現行の東西地区割りに適用し西東京へ登録。
SAM000485,PRG000735,ASM000003,AREA000014,2026,SRC000239,2026-10-03,2026東京都高野連加盟校。所在地（世田谷区）を現行の東西地区割りに適用し西東京へ登録。
SAM000486,PRG000736,ASM000003,AREA000014,2026,SRC000239,2026-10-03,2026東京都高野連加盟校。所在地（世田谷区）を現行の東西地区割りに適用し西東京へ登録。
SAM000487,PRG000737,ASM000003,AREA000014,2026,SRC000239,2026-10-03,2026東京都高野連加盟校。所在地（世田谷区）を現行の東西地区割りに適用し西東京へ登録。
SAM000488,PRG000738,ASM000003,AREA000014,2026,SRC000239,2026-10-03,2026東京都高野連加盟校。所在地（世田谷区）を現行の東西地区割りに適用し西東京へ登録。
SAM000489,PRG000739,ASM000003,AREA000014,2026,SRC000239,2026-10-03,2026東京都高野連加盟校。所在地（世田谷区）を現行の東西地区割りに適用し西東京へ登録。
SAM000490,PRG000740,ASM000003,AREA000014,2026,SRC000239,2026-10-03,2026東京都高野連加盟校。所在地（世田谷区）を現行の東西地区割りに適用し西東京へ登録。
SAM000491,PRG000741,ASM000003,AREA000014,2026,SRC000239,2026-10-03,2026東京都高野連加盟校。所在地（世田谷区）を現行の東西地区割りに適用し西東京へ登録。
SAM000492,PRG000742,ASM000003,AREA000014,2026,SRC000239,2026-10-03,2026東京都高野連加盟校。所在地（世田谷区）を現行の東西地区割りに適用し西東京へ登録。
SAM000493,PRG000743,ASM000003,AREA000014,2026,SRC000239,2026-10-03,2026東京都高野連加盟校。所在地（世田谷区）を現行の東西地区割りに適用し西東京へ登録。
SAM000494,PRG000744,ASM000003,AREA000014,2026,SRC000239,2026-10-03,2026東京都高野連加盟校。所在地（世田谷区）を現行の東西地区割りに適用し西東京へ登録。
SAM000495,PRG000745,ASM000003,AREA000014,2026,SRC000239,2026-10-03,2026東京都高野連加盟校。所在地（世田谷区）を現行の東西地区割りに適用し西東京へ登録。
SAM000496,PRG000746,ASM000003,AREA000014,2026,SRC000239,2026-10-03,2026東京都高野連加盟校。所在地（世田谷区）を現行の東西地区割りに適用し西東京へ登録。
SAM000497,PRG000747,ASM000003,AREA000014,2026,SRC000239,2026-10-03,2026東京都高野連加盟校。所在地（世田谷区）を現行の東西地区割りに適用し西東京へ登録。
SAM000498,PRG000748,ASM000003,AREA000014,2026,SRC000239,2026-10-03,2026東京都高野連加盟校。所在地（世田谷区）を現行の東西地区割りに適用し西東京へ登録。
SAM000499,PRG000749,ASM000003,AREA000014,2026,SRC000239,2026-10-03,2026東京都高野連加盟校。所在地（世田谷区）を現行の東西地区割りに適用し西東京へ登録。
SAM000500,PRG000750,ASM000003,AREA000014,2026,SRC000239,2026-10-03,2026東京都高野連加盟校。所在地（世田谷区）を現行の東西地区割りに適用し西東京へ登録。
SAM000501,PRG000751,ASM000003,AREA000013,2026,SRC000239,2026-10-03,2026東京都高野連加盟校。所在地（台東区）を現行の東西地区割りに適用し東東京へ登録。
SAM000502,PRG000752,ASM000003,AREA000013,2026,SRC000239,2026-10-03,2026東京都高野連加盟校。所在地（台東区）を現行の東西地区割りに適用し東東京へ登録。
SAM000503,PRG000753,ASM000003,AREA000013,2026,SRC000239,2026-10-03,2026東京都高野連加盟校。所在地（台東区）を現行の東西地区割りに適用し東東京へ登録。
SAM000504,PRG000754,ASM000003,AREA000013,2026,SRC000239,2026-10-03,2026東京都高野連加盟校。所在地（千代田区）を現行の東西地区割りに適用し東東京へ登録。
SAM000505,PRG000755,ASM000003,AREA000013,2026,SRC000239,2026-10-03,2026東京都高野連加盟校。所在地（千代田区）を現行の東西地区割りに適用し東東京へ登録。
SAM000506,PRG000756,ASM000003,AREA000013,2026,SRC000239,2026-10-03,2026東京都高野連加盟校。所在地（千代田区）を現行の東西地区割りに適用し東東京へ登録。
SAM000507,PRG000757,ASM000003,AREA000013,2026,SRC000239,2026-10-03,2026東京都高野連加盟校。所在地（千代田区）を現行の東西地区割りに適用し東東京へ登録。
SAM000508,PRG000758,ASM000003,AREA000013,2026,SRC000239,2026-10-03,2026東京都高野連加盟校。所在地（千代田区）を現行の東西地区割りに適用し東東京へ登録。
SAM000509,PRG000759,ASM000003,AREA000013,2026,SRC000239,2026-10-03,2026東京都高野連加盟校。所在地（千代田区）を現行の東西地区割りに適用し東東京へ登録。
SAM000510,PRG000760,ASM000003,AREA000013,2026,SRC000239,2026-10-03,2026東京都高野連加盟校。所在地（豊島区）を現行の東西地区割りに適用し東東京へ登録。
SAM000511,PRG000761,ASM000003,AREA000013,2026,SRC000239,2026-10-03,2026東京都高野連加盟校。所在地（豊島区）を現行の東西地区割りに適用し東東京へ登録。
SAM000512,PRG000762,ASM000003,AREA000013,2026,SRC000239,2026-10-03,2026東京都高野連加盟校。所在地（豊島区）を現行の東西地区割りに適用し東東京へ登録。
SAM000513,PRG000763,ASM000003,AREA000013,2026,SRC000239,2026-10-03,2026東京都高野連加盟校。所在地（豊島区）を現行の東西地区割りに適用し東東京へ登録。
SAM000514,PRG000764,ASM000003,AREA000013,2026,SRC000239,2026-10-03,2026東京都高野連加盟校。所在地（豊島区）を現行の東西地区割りに適用し東東京へ登録。
SAM000515,PRG000765,ASM000003,AREA000013,2026,SRC000239,2026-10-03,2026東京都高野連加盟校。所在地（豊島区）を現行の東西地区割りに適用し東東京へ登録。
SAM000516,PRG000766,ASM000003,AREA000013,2026,SRC000239,2026-10-03,2026東京都高野連加盟校。所在地（豊島区）を現行の東西地区割りに適用し東東京へ登録。
SAM000517,PRG000767,ASM000003,AREA000013,2026,SRC000239,2026-10-03,2026東京都高野連加盟校。所在地（豊島区）を現行の東西地区割りに適用し東東京へ登録。
SAM000518,PRG000768,ASM000003,AREA000013,2026,SRC000239,2026-10-03,2026東京都高野連加盟校。所在地（豊島区）を現行の東西地区割りに適用し東東京へ登録。
SAM000519,PRG000769,ASM000003,AREA000013,2026,SRC000239,2026-10-03,2026東京都高野連加盟校。所在地（豊島区）を現行の東西地区割りに適用し東東京へ登録。
SAM000520,PRG000770,ASM000003,AREA000013,2026,SRC000239,2026-10-03,2026東京都高野連加盟校。所在地（豊島区）を現行の東西地区割りに適用し東東京へ登録。
SAM000521,PRG000771,ASM000003,AREA000013,2026,SRC000239,2026-10-03,2026東京都高野連加盟校。所在地（中野区）を現行の東西地区割りに適用し東東京へ登録。
SAM000522,PRG000772,ASM000003,AREA000013,2026,SRC000239,2026-10-03,2026東京都高野連加盟校。所在地（中野区）を現行の東西地区割りに適用し東東京へ登録。
SAM000523,PRG000773,ASM000003,AREA000013,2026,SRC000239,2026-10-03,2026東京都高野連加盟校。所在地（中野区）を現行の東西地区割りに適用し東東京へ登録。
SAM000524,PRG000774,ASM000003,AREA000013,2026,SRC000239,2026-10-03,2026東京都高野連加盟校。所在地（中野区）を現行の東西地区割りに適用し東東京へ登録。
SAM000525,PRG000775,ASM000003,AREA000013,2026,SRC000239,2026-10-03,2026東京都高野連加盟校。所在地（中野区）を現行の東西地区割りに適用し東東京へ登録。
SAM000526,PRG000776,ASM000003,AREA000013,2026,SRC000239,2026-10-03,2026東京都高野連加盟校。所在地（中野区）を現行の東西地区割りに適用し東東京へ登録。
SAM000527,PRG000777,ASM000003,AREA000013,2026,SRC000239,2026-10-03,2026東京都高野連加盟校。所在地（中野区）を現行の東西地区割りに適用し東東京へ登録。
SAM000528,PRG000778,ASM000003,AREA000013,2026,SRC000239,2026-10-03,2026東京都高野連加盟校。所在地（中野区）を現行の東西地区割りに適用し東東京へ登録。
SAM000529,PRG000779,ASM000003,AREA000014,2026,SRC000239,2026-10-03,2026東京都高野連加盟校。所在地（練馬区）を現行の東西地区割りに適用し西東京へ登録。
SAM000530,PRG000780,ASM000003,AREA000014,2026,SRC000239,2026-10-03,2026東京都高野連加盟校。所在地（練馬区）を現行の東西地区割りに適用し西東京へ登録。
SAM000531,PRG000781,ASM000003,AREA000014,2026,SRC000239,2026-10-03,2026東京都高野連加盟校。所在地（練馬区）を現行の東西地区割りに適用し西東京へ登録。
SAM000532,PRG000782,ASM000003,AREA000014,2026,SRC000239,2026-10-03,2026東京都高野連加盟校。所在地（練馬区）を現行の東西地区割りに適用し西東京へ登録。
SAM000533,PRG000783,ASM000003,AREA000014,2026,SRC000239,2026-10-03,2026東京都高野連加盟校。所在地（練馬区）を現行の東西地区割りに適用し西東京へ登録。
SAM000534,PRG000784,ASM000003,AREA000014,2026,SRC000239,2026-10-03,2026東京都高野連加盟校。所在地（練馬区）を現行の東西地区割りに適用し西東京へ登録。
SAM000535,PRG000785,ASM000003,AREA000014,2026,SRC000239,2026-10-03,2026東京都高野連加盟校。所在地（練馬区）を現行の東西地区割りに適用し西東京へ登録。
SAM000536,PRG000786,ASM000003,AREA000014,2026,SRC000239,2026-10-03,2026東京都高野連加盟校。所在地（練馬区）を現行の東西地区割りに適用し西東京へ登録。
SAM000537,PRG000787,ASM000003,AREA000014,2026,SRC000239,2026-10-03,2026東京都高野連加盟校。所在地（練馬区）を現行の東西地区割りに適用し西東京へ登録。
SAM000538,PRG000788,ASM000003,AREA000014,2026,SRC000239,2026-10-03,2026東京都高野連加盟校。所在地（練馬区）を現行の東西地区割りに適用し西東京へ登録。
SAM000539,PRG000789,ASM000003,AREA000013,2026,SRC000239,2026-10-03,2026東京都高野連加盟校。所在地（文京区）を現行の東西地区割りに適用し東東京へ登録。
SAM000540,PRG000790,ASM000003,AREA000013,2026,SRC000239,2026-10-03,2026東京都高野連加盟校。所在地（文京区）を現行の東西地区割りに適用し東東京へ登録。
SAM000541,PRG000791,ASM000003,AREA000013,2026,SRC000239,2026-10-03,2026東京都高野連加盟校。所在地（文京区）を現行の東西地区割りに適用し東東京へ登録。
SAM000542,PRG000792,ASM000003,AREA000013,2026,SRC000239,2026-10-03,2026東京都高野連加盟校。所在地（文京区）を現行の東西地区割りに適用し東東京へ登録。
SAM000543,PRG000793,ASM000003,AREA000013,2026,SRC000239,2026-10-03,2026東京都高野連加盟校。所在地（文京区）を現行の東西地区割りに適用し東東京へ登録。
SAM000544,PRG000794,ASM000003,AREA000013,2026,SRC000239,2026-10-03,2026東京都高野連加盟校。所在地（文京区）を現行の東西地区割りに適用し東東京へ登録。
SAM000545,PRG000795,ASM000003,AREA000013,2026,SRC000239,2026-10-03,2026東京都高野連加盟校。所在地（文京区）を現行の東西地区割りに適用し東東京へ登録。
SAM000546,PRG000796,ASM000003,AREA000013,2026,SRC000239,2026-10-03,2026東京都高野連加盟校。所在地（文京区）を現行の東西地区割りに適用し東東京へ登録。
SAM000547,PRG000797,ASM000003,AREA000013,2026,SRC000239,2026-10-03,2026東京都高野連加盟校。所在地（港区）を現行の東西地区割りに適用し東東京へ登録。
SAM000548,PRG000798,ASM000003,AREA000013,2026,SRC000239,2026-10-03,2026東京都高野連加盟校。所在地（港区）を現行の東西地区割りに適用し東東京へ登録。
SAM000549,PRG000799,ASM000003,AREA000013,2026,SRC000239,2026-10-03,2026東京都高野連加盟校。所在地（港区）を現行の東西地区割りに適用し東東京へ登録。
SAM000550,PRG000800,ASM000003,AREA000013,2026,SRC000239,2026-10-03,2026東京都高野連加盟校。所在地（港区）を現行の東西地区割りに適用し東東京へ登録。
SAM000551,PRG000801,ASM000003,AREA000013,2026,SRC000239,2026-10-03,2026東京都高野連加盟校。所在地（港区）を現行の東西地区割りに適用し東東京へ登録。
SAM000552,PRG000802,ASM000003,AREA000013,2026,SRC000239,2026-10-03,2026東京都高野連加盟校。所在地（港区）を現行の東西地区割りに適用し東東京へ登録。
SAM000553,PRG000803,ASM000003,AREA000013,2026,SRC000239,2026-10-03,2026東京都高野連加盟校。所在地（港区）を現行の東西地区割りに適用し東東京へ登録。
SAM000554,PRG000804,ASM000003,AREA000013,2026,SRC000239,2026-10-03,2026東京都高野連加盟校。所在地（目黒区）を現行の東西地区割りに適用し東東京へ登録。
SAM000555,PRG000805,ASM000003,AREA000013,2026,SRC000239,2026-10-03,2026東京都高野連加盟校。所在地（目黒区）を現行の東西地区割りに適用し東東京へ登録。
SAM000556,PRG000806,ASM000003,AREA000013,2026,SRC000239,2026-10-03,2026東京都高野連加盟校。所在地（目黒区）を現行の東西地区割りに適用し東東京へ登録。
SAM000557,PRG000807,ASM000003,AREA000013,2026,SRC000239,2026-10-03,2026東京都高野連加盟校。所在地（目黒区）を現行の東西地区割りに適用し東東京へ登録。
SAM000558,PRG000808,ASM000003,AREA000013,2026,SRC000239,2026-10-03,2026東京都高野連加盟校。所在地（目黒区）を現行の東西地区割りに適用し東東京へ登録。
SAM000559,PRG000809,ASM000003,AREA000013,2026,SRC000239,2026-10-03,2026東京都高野連加盟校。所在地（目黒区）を現行の東西地区割りに適用し東東京へ登録。
SAM000560,PRG000810,ASM000003,AREA000013,2026,SRC000239,2026-10-03,2026東京都高野連加盟校。所在地（目黒区）を現行の東西地区割りに適用し東東京へ登録。
SAM000561,PRG000811,ASM000003,AREA000013,2026,SRC000239,2026-10-03,2026東京都高野連加盟校。所在地（目黒区）を現行の東西地区割りに適用し東東京へ登録。
SAM000562,PRG000812,ASM000003,AREA000013,2026,SRC000239,2026-10-03,2026東京都高野連加盟校。所在地（目黒区）を現行の東西地区割りに適用し東東京へ登録。
SAM000563,PRG000813,ASM000003,AREA000014,2026,SRC000239,2026-10-03,2026東京都高野連加盟校。所在地（昭島市）を現行の東西地区割りに適用し西東京へ登録。
SAM000564,PRG000814,ASM000003,AREA000014,2026,SRC000239,2026-10-03,2026東京都高野連加盟校。所在地（昭島市）を現行の東西地区割りに適用し西東京へ登録。
SAM000565,PRG000815,ASM000003,AREA000014,2026,SRC000239,2026-10-03,2026東京都高野連加盟校。所在地（昭島市）を現行の東西地区割りに適用し西東京へ登録。
SAM000566,PRG000816,ASM000003,AREA000014,2026,SRC000239,2026-10-03,2026東京都高野連加盟校。所在地（あきる野市）を現行の東西地区割りに適用し西東京へ登録。
SAM000567,PRG000817,ASM000003,AREA000014,2026,SRC000239,2026-10-03,2026東京都高野連加盟校。所在地（あきる野市）を現行の東西地区割りに適用し西東京へ登録。
SAM000568,PRG000818,ASM000003,AREA000014,2026,SRC000239,2026-10-03,2026東京都高野連加盟校。所在地（あきる野市）を現行の東西地区割りに適用し西東京へ登録。
SAM000569,PRG000819,ASM000003,AREA000014,2026,SRC000239,2026-10-03,2026東京都高野連加盟校。所在地（青梅市）を現行の東西地区割りに適用し西東京へ登録。
SAM000570,PRG000820,ASM000003,AREA000014,2026,SRC000239,2026-10-03,2026東京都高野連加盟校。所在地（青梅市）を現行の東西地区割りに適用し西東京へ登録。
SAM000571,PRG000821,ASM000003,AREA000014,2026,SRC000239,2026-10-03,2026東京都高野連加盟校。所在地（清瀬市）を現行の東西地区割りに適用し西東京へ登録。
SAM000572,PRG000822,ASM000003,AREA000014,2026,SRC000239,2026-10-03,2026東京都高野連加盟校。所在地（国立市）を現行の東西地区割りに適用し西東京へ登録。
SAM000573,PRG000823,ASM000003,AREA000014,2026,SRC000239,2026-10-03,2026東京都高野連加盟校。所在地（国立市）を現行の東西地区割りに適用し西東京へ登録。
SAM000574,PRG000824,ASM000003,AREA000014,2026,SRC000239,2026-10-03,2026東京都高野連加盟校。所在地（国立市）を現行の東西地区割りに適用し西東京へ登録。
SAM000575,PRG000825,ASM000003,AREA000014,2026,SRC000239,2026-10-03,2026東京都高野連加盟校。所在地（小金井市）を現行の東西地区割りに適用し西東京へ登録。
SAM000576,PRG000826,ASM000003,AREA000014,2026,SRC000239,2026-10-03,2026東京都高野連加盟校。所在地（小金井市）を現行の東西地区割りに適用し西東京へ登録。
SAM000577,PRG000827,ASM000003,AREA000014,2026,SRC000239,2026-10-03,2026東京都高野連加盟校。所在地（小金井市）を現行の東西地区割りに適用し西東京へ登録。
SAM000578,PRG000828,ASM000003,AREA000014,2026,SRC000239,2026-10-03,2026東京都高野連加盟校。所在地（国分寺市）を現行の東西地区割りに適用し西東京へ登録。
SAM000579,PRG000829,ASM000003,AREA000014,2026,SRC000239,2026-10-03,2026東京都高野連加盟校。所在地（国分寺市）を現行の東西地区割りに適用し西東京へ登録。
SAM000580,PRG000830,ASM000003,AREA000014,2026,SRC000239,2026-10-03,2026東京都高野連加盟校。所在地（小平市）を現行の東西地区割りに適用し西東京へ登録。
SAM000581,PRG000831,ASM000003,AREA000014,2026,SRC000239,2026-10-03,2026東京都高野連加盟校。所在地（小平市）を現行の東西地区割りに適用し西東京へ登録。
SAM000582,PRG000832,ASM000003,AREA000014,2026,SRC000239,2026-10-03,2026東京都高野連加盟校。所在地（小平市）を現行の東西地区割りに適用し西東京へ登録。
SAM000583,PRG000833,ASM000003,AREA000014,2026,SRC000239,2026-10-03,2026東京都高野連加盟校。所在地（小平市）を現行の東西地区割りに適用し西東京へ登録。
SAM000584,PRG000834,ASM000003,AREA000014,2026,SRC000239,2026-10-03,2026東京都高野連加盟校。所在地（小平市）を現行の東西地区割りに適用し西東京へ登録。
SAM000585,PRG000835,ASM000003,AREA000014,2026,SRC000239,2026-10-03,2026東京都高野連加盟校。所在地（狛江市）を現行の東西地区割りに適用し西東京へ登録。
SAM000586,PRG000836,ASM000003,AREA000014,2026,SRC000239,2026-10-03,2026東京都高野連加盟校。所在地（立川市）を現行の東西地区割りに適用し西東京へ登録。
SAM000587,PRG000837,ASM000003,AREA000014,2026,SRC000239,2026-10-03,2026東京都高野連加盟校。所在地（立川市）を現行の東西地区割りに適用し西東京へ登録。
SAM000588,PRG000838,ASM000003,AREA000014,2026,SRC000239,2026-10-03,2026東京都高野連加盟校。所在地（多摩市）を現行の東西地区割りに適用し西東京へ登録。
SAM000589,PRG000839,ASM000003,AREA000014,2026,SRC000239,2026-10-03,2026東京都高野連加盟校。所在地（多摩市）を現行の東西地区割りに適用し西東京へ登録。
SAM000590,PRG000840,ASM000003,AREA000014,2026,SRC000239,2026-10-03,2026東京都高野連加盟校。所在地（調布市）を現行の東西地区割りに適用し西東京へ登録。
SAM000591,PRG000841,ASM000003,AREA000014,2026,SRC000239,2026-10-03,2026東京都高野連加盟校。所在地（調布市）を現行の東西地区割りに適用し西東京へ登録。
SAM000592,PRG000842,ASM000003,AREA000014,2026,SRC000239,2026-10-03,2026東京都高野連加盟校。所在地（調布市）を現行の東西地区割りに適用し西東京へ登録。
SAM000593,PRG000843,ASM000003,AREA000014,2026,SRC000239,2026-10-03,2026東京都高野連加盟校。所在地（調布市）を現行の東西地区割りに適用し西東京へ登録。
SAM000594,PRG000844,ASM000003,AREA000014,2026,SRC000239,2026-10-03,2026東京都高野連加盟校。所在地（西東京市）を現行の東西地区割りに適用し西東京へ登録。
SAM000595,PRG000845,ASM000003,AREA000014,2026,SRC000239,2026-10-03,2026東京都高野連加盟校。所在地（西東京市）を現行の東西地区割りに適用し西東京へ登録。
SAM000596,PRG000846,ASM000003,AREA000014,2026,SRC000239,2026-10-03,2026東京都高野連加盟校。所在地（西東京市）を現行の東西地区割りに適用し西東京へ登録。
SAM000597,PRG000847,ASM000003,AREA000014,2026,SRC000239,2026-10-03,2026東京都高野連加盟校。所在地（八王子市）を現行の東西地区割りに適用し西東京へ登録。
SAM000598,PRG000848,ASM000003,AREA000014,2026,SRC000239,2026-10-03,2026東京都高野連加盟校。所在地（八王子市）を現行の東西地区割りに適用し西東京へ登録。
SAM000599,PRG000849,ASM000003,AREA000014,2026,SRC000239,2026-10-03,2026東京都高野連加盟校。所在地（八王子市）を現行の東西地区割りに適用し西東京へ登録。
SAM000600,PRG000850,ASM000003,AREA000014,2026,SRC000239,2026-10-03,2026東京都高野連加盟校。所在地（八王子市）を現行の東西地区割りに適用し西東京へ登録。
SAM000601,PRG000851,ASM000003,AREA000014,2026,SRC000239,2026-10-03,2026東京都高野連加盟校。所在地（八王子市）を現行の東西地区割りに適用し西東京へ登録。
SAM000602,PRG000852,ASM000003,AREA000014,2026,SRC000239,2026-10-03,2026東京都高野連加盟校。所在地（八王子市）を現行の東西地区割りに適用し西東京へ登録。
SAM000603,PRG000853,ASM000003,AREA000014,2026,SRC000239,2026-10-03,2026東京都高野連加盟校。所在地（八王子市）を現行の東西地区割りに適用し西東京へ登録。
SAM000604,PRG000854,ASM000003,AREA000014,2026,SRC000239,2026-10-03,2026東京都高野連加盟校。所在地（八王子市）を現行の東西地区割りに適用し西東京へ登録。
SAM000605,PRG000855,ASM000003,AREA000014,2026,SRC000239,2026-10-03,2026東京都高野連加盟校。所在地（八王子市）を現行の東西地区割りに適用し西東京へ登録。
SAM000606,PRG000856,ASM000003,AREA000014,2026,SRC000239,2026-10-03,2026東京都高野連加盟校。所在地（八王子市）を現行の東西地区割りに適用し西東京へ登録。
SAM000607,PRG000857,ASM000003,AREA000014,2026,SRC000239,2026-10-03,2026東京都高野連加盟校。所在地（八王子市）を現行の東西地区割りに適用し西東京へ登録。
SAM000608,PRG000858,ASM000003,AREA000014,2026,SRC000239,2026-10-03,2026東京都高野連加盟校。所在地（八王子市）を現行の東西地区割りに適用し西東京へ登録。
SAM000609,PRG000859,ASM000003,AREA000014,2026,SRC000239,2026-10-03,2026東京都高野連加盟校。所在地（八王子市）を現行の東西地区割りに適用し西東京へ登録。
SAM000610,PRG000860,ASM000003,AREA000014,2026,SRC000239,2026-10-03,2026東京都高野連加盟校。所在地（八王子市）を現行の東西地区割りに適用し西東京へ登録。
SAM000611,PRG000861,ASM000003,AREA000014,2026,SRC000239,2026-10-03,2026東京都高野連加盟校。所在地（八王子市）を現行の東西地区割りに適用し西東京へ登録。
SAM000612,PRG000862,ASM000003,AREA000014,2026,SRC000239,2026-10-03,2026東京都高野連加盟校。所在地（八王子市）を現行の東西地区割りに適用し西東京へ登録。
SAM000613,PRG000863,ASM000003,AREA000014,2026,SRC000239,2026-10-03,2026東京都高野連加盟校。所在地（三鷹市）を現行の東西地区割りに適用し西東京へ登録。
SAM000614,PRG000864,ASM000003,AREA000014,2026,SRC000239,2026-10-03,2026東京都高野連加盟校。所在地（三鷹市）を現行の東西地区割りに適用し西東京へ登録。
SAM000615,PRG000865,ASM000003,AREA000014,2026,SRC000239,2026-10-03,2026東京都高野連加盟校。所在地（三鷹市）を現行の東西地区割りに適用し西東京へ登録。
SAM000616,PRG000866,ASM000003,AREA000014,2026,SRC000239,2026-10-03,2026東京都高野連加盟校。所在地（三鷹市）を現行の東西地区割りに適用し西東京へ登録。
SAM000617,PRG000867,ASM000003,AREA000014,2026,SRC000239,2026-10-03,2026東京都高野連加盟校。所在地（武蔵野市）を現行の東西地区割りに適用し西東京へ登録。
SAM000618,PRG000868,ASM000003,AREA000014,2026,SRC000239,2026-10-03,2026東京都高野連加盟校。所在地（武蔵野市）を現行の東西地区割りに適用し西東京へ登録。
SAM000619,PRG000869,ASM000003,AREA000014,2026,SRC000239,2026-10-03,2026東京都高野連加盟校。所在地（武蔵野市）を現行の東西地区割りに適用し西東京へ登録。
SAM000620,PRG000870,ASM000003,AREA000014,2026,SRC000239,2026-10-03,2026東京都高野連加盟校。所在地（武蔵村山市）を現行の東西地区割りに適用し西東京へ登録。
SAM000621,PRG000871,ASM000003,AREA000014,2026,SRC000239,2026-10-03,2026東京都高野連加盟校。所在地（武蔵村山市）を現行の東西地区割りに適用し西東京へ登録。
SAM000622,PRG000872,ASM000003,AREA000014,2026,SRC000239,2026-10-03,2026東京都高野連加盟校。所在地（武蔵村山市）を現行の東西地区割りに適用し西東京へ登録。
SAM000623,PRG000873,ASM000003,AREA000014,2026,SRC000239,2026-10-03,2026東京都高野連加盟校。所在地（羽村市）を現行の東西地区割りに適用し西東京へ登録。
SAM000624,PRG000874,ASM000003,AREA000014,2026,SRC000239,2026-10-03,2026東京都高野連加盟校。所在地（東久留米市）を現行の東西地区割りに適用し西東京へ登録。
SAM000625,PRG000875,ASM000003,AREA000014,2026,SRC000239,2026-10-03,2026東京都高野連加盟校。所在地（東村山市）を現行の東西地区割りに適用し西東京へ登録。
SAM000626,PRG000876,ASM000003,AREA000014,2026,SRC000239,2026-10-03,2026東京都高野連加盟校。所在地（東村山市）を現行の東西地区割りに適用し西東京へ登録。
SAM000627,PRG000877,ASM000003,AREA000014,2026,SRC000239,2026-10-03,2026東京都高野連加盟校。所在地（東村山市）を現行の東西地区割りに適用し西東京へ登録。
SAM000628,PRG000878,ASM000003,AREA000014,2026,SRC000239,2026-10-03,2026東京都高野連加盟校。所在地（東村山市）を現行の東西地区割りに適用し西東京へ登録。
SAM000629,PRG000879,ASM000003,AREA000014,2026,SRC000239,2026-10-03,2026東京都高野連加盟校。所在地（東大和市）を現行の東西地区割りに適用し西東京へ登録。
SAM000630,PRG000880,ASM000003,AREA000014,2026,SRC000239,2026-10-03,2026東京都高野連加盟校。所在地（東大和市）を現行の東西地区割りに適用し西東京へ登録。
SAM000631,PRG000881,ASM000003,AREA000014,2026,SRC000239,2026-10-03,2026東京都高野連加盟校。所在地（日野市）を現行の東西地区割りに適用し西東京へ登録。
SAM000632,PRG000882,ASM000003,AREA000014,2026,SRC000239,2026-10-03,2026東京都高野連加盟校。所在地（日野市）を現行の東西地区割りに適用し西東京へ登録。
SAM000633,PRG000883,ASM000003,AREA000014,2026,SRC000239,2026-10-03,2026東京都高野連加盟校。所在地（日野市）を現行の東西地区割りに適用し西東京へ登録。
SAM000634,PRG000884,ASM000003,AREA000014,2026,SRC000239,2026-10-03,2026東京都高野連加盟校。所在地（府中市）を現行の東西地区割りに適用し西東京へ登録。
SAM000635,PRG000885,ASM000003,AREA000014,2026,SRC000239,2026-10-03,2026東京都高野連加盟校。所在地（府中市）を現行の東西地区割りに適用し西東京へ登録。
SAM000636,PRG000886,ASM000003,AREA000014,2026,SRC000239,2026-10-03,2026東京都高野連加盟校。所在地（府中市）を現行の東西地区割りに適用し西東京へ登録。
SAM000637,PRG000887,ASM000003,AREA000014,2026,SRC000239,2026-10-03,2026東京都高野連加盟校。所在地（府中市）を現行の東西地区割りに適用し西東京へ登録。
SAM000638,PRG000888,ASM000003,AREA000014,2026,SRC000239,2026-10-03,2026東京都高野連加盟校。所在地（府中市）を現行の東西地区割りに適用し西東京へ登録。
SAM000639,PRG000889,ASM000003,AREA000014,2026,SRC000239,2026-10-03,2026東京都高野連加盟校。所在地（府中市）を現行の東西地区割りに適用し西東京へ登録。
SAM000640,PRG000890,ASM000003,AREA000014,2026,SRC000239,2026-10-03,2026東京都高野連加盟校。所在地（福生市）を現行の東西地区割りに適用し西東京へ登録。
SAM000641,PRG000891,ASM000003,AREA000014,2026,SRC000239,2026-10-03,2026東京都高野連加盟校。所在地（福生市）を現行の東西地区割りに適用し西東京へ登録。
SAM000642,PRG000892,ASM000003,AREA000014,2026,SRC000239,2026-10-03,2026東京都高野連加盟校。所在地（町田市）を現行の東西地区割りに適用し西東京へ登録。
SAM000643,PRG000893,ASM000003,AREA000014,2026,SRC000239,2026-10-03,2026東京都高野連加盟校。所在地（町田市）を現行の東西地区割りに適用し西東京へ登録。
SAM000644,PRG000894,ASM000003,AREA000014,2026,SRC000239,2026-10-03,2026東京都高野連加盟校。所在地（町田市）を現行の東西地区割りに適用し西東京へ登録。
SAM000645,PRG000895,ASM000003,AREA000014,2026,SRC000239,2026-10-03,2026東京都高野連加盟校。所在地（町田市）を現行の東西地区割りに適用し西東京へ登録。
SAM000646,PRG000896,ASM000003,AREA000014,2026,SRC000239,2026-10-03,2026東京都高野連加盟校。所在地（町田市）を現行の東西地区割りに適用し西東京へ登録。
SAM000647,PRG000897,ASM000003,AREA000014,2026,SRC000239,2026-10-03,2026東京都高野連加盟校。所在地（町田市）を現行の東西地区割りに適用し西東京へ登録。
SAM000648,PRG000898,ASM000003,AREA000014,2026,SRC000239,2026-10-03,2026東京都高野連加盟校。所在地（町田市）を現行の東西地区割りに適用し西東京へ登録。
SAM000649,PRG000899,ASM000003,AREA000014,2026,SRC000239,2026-10-03,2026東京都高野連加盟校。所在地（町田市）を現行の東西地区割りに適用し西東京へ登録。
SAM000650,PRG000900,ASM000003,AREA000014,2026,SRC000239,2026-10-03,2026東京都高野連加盟校。所在地（瑞穂町）を現行の東西地区割りに適用し西東京へ登録。
SAM000651,PRG000901,ASM000003,AREA000013,2026,SRC000239,2026-10-03,2026東京都高野連加盟校。所在地（大島町）を現行の東西地区割りに適用し東東京へ登録。
SAM000652,PRG000902,ASM000003,AREA000013,2026,SRC000239,2026-10-03,2026東京都高野連加盟校。所在地（大島町）を現行の東西地区割りに適用し東東京へ登録。
SAM000653,PRG000903,ASM000003,AREA000013,2026,SRC000239,2026-10-03,2026東京都高野連加盟校。所在地（八丈町）を現行の東西地区割りに適用し東東京へ登録。
SAM000654,PRG000001,ASM000004,AREA000015,2026,SRC000241,2026-10-03,2026年第108回選手権の都府県単位代表区分に所属。大会不参加校を含む加盟校マスター上の代表区分属性。
SAM000655,PRG000002,ASM000004,AREA000015,2026,SRC000241,2026-10-03,2026年第108回選手権の都府県単位代表区分に所属。大会不参加校を含む加盟校マスター上の代表区分属性。
SAM000656,PRG000003,ASM000004,AREA000015,2026,SRC000241,2026-10-03,2026年第108回選手権の都府県単位代表区分に所属。大会不参加校を含む加盟校マスター上の代表区分属性。
SAM000657,PRG000004,ASM000004,AREA000015,2026,SRC000241,2026-10-03,2026年第108回選手権の都府県単位代表区分に所属。大会不参加校を含む加盟校マスター上の代表区分属性。
SAM000658,PRG000005,ASM000004,AREA000015,2026,SRC000241,2026-10-03,2026年第108回選手権の都府県単位代表区分に所属。大会不参加校を含む加盟校マスター上の代表区分属性。
SAM000659,PRG000006,ASM000004,AREA000015,2026,SRC000241,2026-10-03,2026年第108回選手権の都府県単位代表区分に所属。大会不参加校を含む加盟校マスター上の代表区分属性。
SAM000660,PRG000007,ASM000004,AREA000015,2026,SRC000241,2026-10-03,2026年第108回選手権の都府県単位代表区分に所属。大会不参加校を含む加盟校マスター上の代表区分属性。
SAM000661,PRG000008,ASM000004,AREA000015,2026,SRC000241,2026-10-03,2026年第108回選手権の都府県単位代表区分に所属。大会不参加校を含む加盟校マスター上の代表区分属性。
SAM000662,PRG000009,ASM000004,AREA000015,2026,SRC000241,2026-10-03,2026年第108回選手権の都府県単位代表区分に所属。大会不参加校を含む加盟校マスター上の代表区分属性。
SAM000663,PRG000010,ASM000004,AREA000015,2026,SRC000241,2026-10-03,2026年第108回選手権の都府県単位代表区分に所属。大会不参加校を含む加盟校マスター上の代表区分属性。
SAM000664,PRG000011,ASM000004,AREA000015,2026,SRC000241,2026-10-03,2026年第108回選手権の都府県単位代表区分に所属。大会不参加校を含む加盟校マスター上の代表区分属性。
SAM000665,PRG000012,ASM000004,AREA000015,2026,SRC000241,2026-10-03,2026年第108回選手権の都府県単位代表区分に所属。大会不参加校を含む加盟校マスター上の代表区分属性。
SAM000666,PRG000013,ASM000004,AREA000015,2026,SRC000241,2026-10-03,2026年第108回選手権の都府県単位代表区分に所属。大会不参加校を含む加盟校マスター上の代表区分属性。
SAM000667,PRG000014,ASM000004,AREA000015,2026,SRC000241,2026-10-03,2026年第108回選手権の都府県単位代表区分に所属。大会不参加校を含む加盟校マスター上の代表区分属性。
SAM000668,PRG000015,ASM000004,AREA000015,2026,SRC000241,2026-10-03,2026年第108回選手権の都府県単位代表区分に所属。大会不参加校を含む加盟校マスター上の代表区分属性。
SAM000669,PRG000016,ASM000004,AREA000015,2026,SRC000241,2026-10-03,2026年第108回選手権の都府県単位代表区分に所属。大会不参加校を含む加盟校マスター上の代表区分属性。
SAM000670,PRG000017,ASM000004,AREA000015,2026,SRC000241,2026-10-03,2026年第108回選手権の都府県単位代表区分に所属。大会不参加校を含む加盟校マスター上の代表区分属性。
SAM000671,PRG000018,ASM000004,AREA000015,2026,SRC000241,2026-10-03,2026年第108回選手権の都府県単位代表区分に所属。大会不参加校を含む加盟校マスター上の代表区分属性。
SAM000672,PRG000019,ASM000004,AREA000015,2026,SRC000241,2026-10-03,2026年第108回選手権の都府県単位代表区分に所属。大会不参加校を含む加盟校マスター上の代表区分属性。
SAM000673,PRG000020,ASM000004,AREA000015,2026,SRC000241,2026-10-03,2026年第108回選手権の都府県単位代表区分に所属。大会不参加校を含む加盟校マスター上の代表区分属性。
SAM000674,PRG000021,ASM000004,AREA000015,2026,SRC000241,2026-10-03,2026年第108回選手権の都府県単位代表区分に所属。大会不参加校を含む加盟校マスター上の代表区分属性。
SAM000675,PRG000022,ASM000004,AREA000015,2026,SRC000241,2026-10-03,2026年第108回選手権の都府県単位代表区分に所属。大会不参加校を含む加盟校マスター上の代表区分属性。
SAM000676,PRG000023,ASM000004,AREA000015,2026,SRC000241,2026-10-03,2026年第108回選手権の都府県単位代表区分に所属。大会不参加校を含む加盟校マスター上の代表区分属性。
SAM000677,PRG000024,ASM000004,AREA000015,2026,SRC000241,2026-10-03,2026年第108回選手権の都府県単位代表区分に所属。大会不参加校を含む加盟校マスター上の代表区分属性。
SAM000678,PRG000025,ASM000004,AREA000015,2026,SRC000241,2026-10-03,2026年第108回選手権の都府県単位代表区分に所属。大会不参加校を含む加盟校マスター上の代表区分属性。
SAM000679,PRG000026,ASM000004,AREA000015,2026,SRC000241,2026-10-03,2026年第108回選手権の都府県単位代表区分に所属。大会不参加校を含む加盟校マスター上の代表区分属性。
SAM000680,PRG000027,ASM000004,AREA000015,2026,SRC000241,2026-10-03,2026年第108回選手権の都府県単位代表区分に所属。大会不参加校を含む加盟校マスター上の代表区分属性。
SAM000681,PRG000028,ASM000004,AREA000015,2026,SRC000241,2026-10-03,2026年第108回選手権の都府県単位代表区分に所属。大会不参加校を含む加盟校マスター上の代表区分属性。
SAM000682,PRG000029,ASM000004,AREA000015,2026,SRC000241,2026-10-03,2026年第108回選手権の都府県単位代表区分に所属。大会不参加校を含む加盟校マスター上の代表区分属性。
SAM000683,PRG000030,ASM000004,AREA000015,2026,SRC000241,2026-10-03,2026年第108回選手権の都府県単位代表区分に所属。大会不参加校を含む加盟校マスター上の代表区分属性。
SAM000684,PRG000031,ASM000004,AREA000015,2026,SRC000241,2026-10-03,2026年第108回選手権の都府県単位代表区分に所属。大会不参加校を含む加盟校マスター上の代表区分属性。
SAM000685,PRG000032,ASM000004,AREA000015,2026,SRC000241,2026-10-03,2026年第108回選手権の都府県単位代表区分に所属。大会不参加校を含む加盟校マスター上の代表区分属性。
SAM000686,PRG000033,ASM000004,AREA000015,2026,SRC000241,2026-10-03,2026年第108回選手権の都府県単位代表区分に所属。大会不参加校を含む加盟校マスター上の代表区分属性。
SAM000687,PRG000034,ASM000004,AREA000015,2026,SRC000241,2026-10-03,2026年第108回選手権の都府県単位代表区分に所属。大会不参加校を含む加盟校マスター上の代表区分属性。
SAM000688,PRG000035,ASM000004,AREA000015,2026,SRC000241,2026-10-03,2026年第108回選手権の都府県単位代表区分に所属。大会不参加校を含む加盟校マスター上の代表区分属性。
SAM000689,PRG000036,ASM000004,AREA000015,2026,SRC000241,2026-10-03,2026年第108回選手権の都府県単位代表区分に所属。大会不参加校を含む加盟校マスター上の代表区分属性。
SAM000690,PRG000037,ASM000004,AREA000015,2026,SRC000241,2026-10-03,2026年第108回選手権の都府県単位代表区分に所属。大会不参加校を含む加盟校マスター上の代表区分属性。
SAM000691,PRG000038,ASM000004,AREA000015,2026,SRC000241,2026-10-03,2026年第108回選手権の都府県単位代表区分に所属。大会不参加校を含む加盟校マスター上の代表区分属性。
SAM000692,PRG000039,ASM000004,AREA000015,2026,SRC000241,2026-10-03,2026年第108回選手権の都府県単位代表区分に所属。大会不参加校を含む加盟校マスター上の代表区分属性。
SAM000693,PRG000040,ASM000004,AREA000015,2026,SRC000241,2026-10-03,2026年第108回選手権の都府県単位代表区分に所属。大会不参加校を含む加盟校マスター上の代表区分属性。
SAM000694,PRG000041,ASM000004,AREA000015,2026,SRC000241,2026-10-03,2026年第108回選手権の都府県単位代表区分に所属。大会不参加校を含む加盟校マスター上の代表区分属性。
SAM000695,PRG000042,ASM000004,AREA000015,2026,SRC000241,2026-10-03,2026年第108回選手権の都府県単位代表区分に所属。大会不参加校を含む加盟校マスター上の代表区分属性。
SAM000696,PRG000043,ASM000004,AREA000015,2026,SRC000241,2026-10-03,2026年第108回選手権の都府県単位代表区分に所属。大会不参加校を含む加盟校マスター上の代表区分属性。
SAM000697,PRG000044,ASM000004,AREA000015,2026,SRC000241,2026-10-03,2026年第108回選手権の都府県単位代表区分に所属。大会不参加校を含む加盟校マスター上の代表区分属性。
SAM000698,PRG000045,ASM000004,AREA000015,2026,SRC000241,2026-10-03,2026年第108回選手権の都府県単位代表区分に所属。大会不参加校を含む加盟校マスター上の代表区分属性。
SAM000699,PRG000046,ASM000004,AREA000015,2026,SRC000241,2026-10-03,2026年第108回選手権の都府県単位代表区分に所属。大会不参加校を含む加盟校マスター上の代表区分属性。
SAM000700,PRG000047,ASM000004,AREA000015,2026,SRC000241,2026-10-03,2026年第108回選手権の都府県単位代表区分に所属。大会不参加校を含む加盟校マスター上の代表区分属性。
SAM000701,PRG000048,ASM000004,AREA000015,2026,SRC000241,2026-10-03,2026年第108回選手権の都府県単位代表区分に所属。大会不参加校を含む加盟校マスター上の代表区分属性。
SAM000702,PRG000049,ASM000004,AREA000015,2026,SRC000241,2026-10-03,2026年第108回選手権の都府県単位代表区分に所属。大会不参加校を含む加盟校マスター上の代表区分属性。
SAM000703,PRG000050,ASM000004,AREA000015,2026,SRC000241,2026-10-03,2026年第108回選手権の都府県単位代表区分に所属。大会不参加校を含む加盟校マスター上の代表区分属性。
SAM000704,PRG000051,ASM000004,AREA000015,2026,SRC000241,2026-10-03,2026年第108回選手権の都府県単位代表区分に所属。大会不参加校を含む加盟校マスター上の代表区分属性。
SAM000705,PRG000052,ASM000004,AREA000015,2026,SRC000241,2026-10-03,2026年第108回選手権の都府県単位代表区分に所属。大会不参加校を含む加盟校マスター上の代表区分属性。
SAM000706,PRG000053,ASM000004,AREA000015,2026,SRC000241,2026-10-03,2026年第108回選手権の都府県単位代表区分に所属。大会不参加校を含む加盟校マスター上の代表区分属性。
SAM000707,PRG000054,ASM000011,AREA000022,2026,SRC000241,2026-10-03,2026年第108回選手権の都府県単位代表区分に所属。大会不参加校を含む加盟校マスター上の代表区分属性。
SAM000708,PRG000055,ASM000011,AREA000022,2026,SRC000241,2026-10-03,2026年第108回選手権の都府県単位代表区分に所属。大会不参加校を含む加盟校マスター上の代表区分属性。
SAM000709,PRG000056,ASM000011,AREA000022,2026,SRC000241,2026-10-03,2026年第108回選手権の都府県単位代表区分に所属。大会不参加校を含む加盟校マスター上の代表区分属性。
SAM000710,PRG000057,ASM000011,AREA000022,2026,SRC000241,2026-10-03,2026年第108回選手権の都府県単位代表区分に所属。大会不参加校を含む加盟校マスター上の代表区分属性。
SAM000711,PRG000058,ASM000011,AREA000022,2026,SRC000241,2026-10-03,2026年第108回選手権の都府県単位代表区分に所属。大会不参加校を含む加盟校マスター上の代表区分属性。
SAM000712,PRG000059,ASM000011,AREA000022,2026,SRC000241,2026-10-03,2026年第108回選手権の都府県単位代表区分に所属。大会不参加校を含む加盟校マスター上の代表区分属性。
SAM000713,PRG000060,ASM000011,AREA000022,2026,SRC000241,2026-10-03,2026年第108回選手権の都府県単位代表区分に所属。大会不参加校を含む加盟校マスター上の代表区分属性。
SAM000714,PRG000061,ASM000011,AREA000022,2026,SRC000241,2026-10-03,2026年第108回選手権の都府県単位代表区分に所属。大会不参加校を含む加盟校マスター上の代表区分属性。
SAM000715,PRG000062,ASM000011,AREA000022,2026,SRC000241,2026-10-03,2026年第108回選手権の都府県単位代表区分に所属。大会不参加校を含む加盟校マスター上の代表区分属性。
SAM000716,PRG000063,ASM000011,AREA000022,2026,SRC000241,2026-10-03,2026年第108回選手権の都府県単位代表区分に所属。大会不参加校を含む加盟校マスター上の代表区分属性。
SAM000717,PRG000064,ASM000011,AREA000022,2026,SRC000241,2026-10-03,2026年第108回選手権の都府県単位代表区分に所属。大会不参加校を含む加盟校マスター上の代表区分属性。
SAM000718,PRG000065,ASM000011,AREA000022,2026,SRC000241,2026-10-03,2026年第108回選手権の都府県単位代表区分に所属。大会不参加校を含む加盟校マスター上の代表区分属性。
SAM000719,PRG000066,ASM000011,AREA000022,2026,SRC000241,2026-10-03,2026年第108回選手権の都府県単位代表区分に所属。大会不参加校を含む加盟校マスター上の代表区分属性。
SAM000720,PRG000067,ASM000011,AREA000022,2026,SRC000241,2026-10-03,2026年第108回選手権の都府県単位代表区分に所属。大会不参加校を含む加盟校マスター上の代表区分属性。
SAM000721,PRG000068,ASM000011,AREA000022,2026,SRC000241,2026-10-03,2026年第108回選手権の都府県単位代表区分に所属。大会不参加校を含む加盟校マスター上の代表区分属性。
SAM000722,PRG000069,ASM000011,AREA000022,2026,SRC000241,2026-10-03,2026年第108回選手権の都府県単位代表区分に所属。大会不参加校を含む加盟校マスター上の代表区分属性。
SAM000723,PRG000070,ASM000011,AREA000022,2026,SRC000241,2026-10-03,2026年第108回選手権の都府県単位代表区分に所属。大会不参加校を含む加盟校マスター上の代表区分属性。
SAM000724,PRG000071,ASM000011,AREA000022,2026,SRC000241,2026-10-03,2026年第108回選手権の都府県単位代表区分に所属。大会不参加校を含む加盟校マスター上の代表区分属性。
SAM000725,PRG000073,ASM000011,AREA000022,2026,SRC000241,2026-10-03,2026年第108回選手権の都府県単位代表区分に所属。大会不参加校を含む加盟校マスター上の代表区分属性。
SAM000726,PRG000074,ASM000011,AREA000022,2026,SRC000241,2026-10-03,2026年第108回選手権の都府県単位代表区分に所属。大会不参加校を含む加盟校マスター上の代表区分属性。
SAM000727,PRG000075,ASM000011,AREA000022,2026,SRC000241,2026-10-03,2026年第108回選手権の都府県単位代表区分に所属。大会不参加校を含む加盟校マスター上の代表区分属性。
SAM000728,PRG000076,ASM000011,AREA000022,2026,SRC000241,2026-10-03,2026年第108回選手権の都府県単位代表区分に所属。大会不参加校を含む加盟校マスター上の代表区分属性。
SAM000729,PRG000077,ASM000011,AREA000022,2026,SRC000241,2026-10-03,2026年第108回選手権の都府県単位代表区分に所属。大会不参加校を含む加盟校マスター上の代表区分属性。
SAM000730,PRG000078,ASM000011,AREA000022,2026,SRC000241,2026-10-03,2026年第108回選手権の都府県単位代表区分に所属。大会不参加校を含む加盟校マスター上の代表区分属性。
SAM000731,PRG000079,ASM000011,AREA000022,2026,SRC000241,2026-10-03,2026年第108回選手権の都府県単位代表区分に所属。大会不参加校を含む加盟校マスター上の代表区分属性。
SAM000732,PRG000080,ASM000011,AREA000022,2026,SRC000241,2026-10-03,2026年第108回選手権の都府県単位代表区分に所属。大会不参加校を含む加盟校マスター上の代表区分属性。
SAM000733,PRG000081,ASM000011,AREA000022,2026,SRC000241,2026-10-03,2026年第108回選手権の都府県単位代表区分に所属。大会不参加校を含む加盟校マスター上の代表区分属性。
SAM000734,PRG000082,ASM000011,AREA000022,2026,SRC000241,2026-10-03,2026年第108回選手権の都府県単位代表区分に所属。大会不参加校を含む加盟校マスター上の代表区分属性。
SAM000735,PRG000083,ASM000011,AREA000022,2026,SRC000241,2026-10-03,2026年第108回選手権の都府県単位代表区分に所属。大会不参加校を含む加盟校マスター上の代表区分属性。
SAM000736,PRG000084,ASM000011,AREA000022,2026,SRC000241,2026-10-03,2026年第108回選手権の都府県単位代表区分に所属。大会不参加校を含む加盟校マスター上の代表区分属性。
SAM000737,PRG000085,ASM000011,AREA000022,2026,SRC000241,2026-10-03,2026年第108回選手権の都府県単位代表区分に所属。大会不参加校を含む加盟校マスター上の代表区分属性。
SAM000738,PRG000086,ASM000011,AREA000022,2026,SRC000241,2026-10-03,2026年第108回選手権の都府県単位代表区分に所属。大会不参加校を含む加盟校マスター上の代表区分属性。
SAM000739,PRG000087,ASM000011,AREA000022,2026,SRC000241,2026-10-03,2026年第108回選手権の都府県単位代表区分に所属。大会不参加校を含む加盟校マスター上の代表区分属性。
SAM000740,PRG000088,ASM000011,AREA000022,2026,SRC000241,2026-10-03,2026年第108回選手権の都府県単位代表区分に所属。大会不参加校を含む加盟校マスター上の代表区分属性。
SAM000741,PRG000089,ASM000011,AREA000022,2026,SRC000241,2026-10-03,2026年第108回選手権の都府県単位代表区分に所属。大会不参加校を含む加盟校マスター上の代表区分属性。
SAM000742,PRG000090,ASM000011,AREA000022,2026,SRC000241,2026-10-03,2026年第108回選手権の都府県単位代表区分に所属。大会不参加校を含む加盟校マスター上の代表区分属性。
SAM000743,PRG000091,ASM000011,AREA000022,2026,SRC000241,2026-10-03,2026年第108回選手権の都府県単位代表区分に所属。大会不参加校を含む加盟校マスター上の代表区分属性。
SAM000744,PRG000092,ASM000011,AREA000022,2026,SRC000241,2026-10-03,2026年第108回選手権の都府県単位代表区分に所属。大会不参加校を含む加盟校マスター上の代表区分属性。
SAM000745,PRG000093,ASM000011,AREA000022,2026,SRC000241,2026-10-03,2026年第108回選手権の都府県単位代表区分に所属。大会不参加校を含む加盟校マスター上の代表区分属性。
SAM000746,PRG000094,ASM000011,AREA000022,2026,SRC000241,2026-10-03,2026年第108回選手権の都府県単位代表区分に所属。大会不参加校を含む加盟校マスター上の代表区分属性。
SAM000747,PRG000095,ASM000011,AREA000022,2026,SRC000241,2026-10-03,2026年第108回選手権の都府県単位代表区分に所属。大会不参加校を含む加盟校マスター上の代表区分属性。
SAM000748,PRG000096,ASM000011,AREA000022,2026,SRC000241,2026-10-03,2026年第108回選手権の都府県単位代表区分に所属。大会不参加校を含む加盟校マスター上の代表区分属性。
SAM000749,PRG000097,ASM000011,AREA000022,2026,SRC000241,2026-10-03,2026年第108回選手権の都府県単位代表区分に所属。大会不参加校を含む加盟校マスター上の代表区分属性。
SAM000750,PRG000098,ASM000011,AREA000022,2026,SRC000241,2026-10-03,2026年第108回選手権の都府県単位代表区分に所属。大会不参加校を含む加盟校マスター上の代表区分属性。
SAM000751,PRG000099,ASM000011,AREA000022,2026,SRC000241,2026-10-03,2026年第108回選手権の都府県単位代表区分に所属。大会不参加校を含む加盟校マスター上の代表区分属性。
SAM000752,PRG000100,ASM000011,AREA000022,2026,SRC000241,2026-10-03,2026年第108回選手権の都府県単位代表区分に所属。大会不参加校を含む加盟校マスター上の代表区分属性。
SAM000753,PRG000101,ASM000011,AREA000022,2026,SRC000241,2026-10-03,2026年第108回選手権の都府県単位代表区分に所属。大会不参加校を含む加盟校マスター上の代表区分属性。
SAM000754,PRG000102,ASM000011,AREA000022,2026,SRC000241,2026-10-03,2026年第108回選手権の都府県単位代表区分に所属。大会不参加校を含む加盟校マスター上の代表区分属性。
SAM000755,PRG000103,ASM000011,AREA000022,2026,SRC000241,2026-10-03,2026年第108回選手権の都府県単位代表区分に所属。大会不参加校を含む加盟校マスター上の代表区分属性。
SAM000756,PRG000104,ASM000011,AREA000022,2026,SRC000241,2026-10-03,2026年第108回選手権の都府県単位代表区分に所属。大会不参加校を含む加盟校マスター上の代表区分属性。
SAM000757,PRG000106,ASM000011,AREA000022,2026,SRC000241,2026-10-03,2026年第108回選手権の都府県単位代表区分に所属。大会不参加校を含む加盟校マスター上の代表区分属性。
SAM000758,PRG000107,ASM000011,AREA000022,2026,SRC000241,2026-10-03,2026年第108回選手権の都府県単位代表区分に所属。大会不参加校を含む加盟校マスター上の代表区分属性。
SAM000759,PRG000108,ASM000011,AREA000022,2026,SRC000241,2026-10-03,2026年第108回選手権の都府県単位代表区分に所属。大会不参加校を含む加盟校マスター上の代表区分属性。
SAM000760,PRG000109,ASM000011,AREA000022,2026,SRC000241,2026-10-03,2026年第108回選手権の都府県単位代表区分に所属。大会不参加校を含む加盟校マスター上の代表区分属性。
SAM000761,PRG000110,ASM000011,AREA000022,2026,SRC000241,2026-10-03,2026年第108回選手権の都府県単位代表区分に所属。大会不参加校を含む加盟校マスター上の代表区分属性。
SAM000762,PRG000111,ASM000011,AREA000022,2026,SRC000241,2026-10-03,2026年第108回選手権の都府県単位代表区分に所属。大会不参加校を含む加盟校マスター上の代表区分属性。
SAM000763,PRG000112,ASM000011,AREA000022,2026,SRC000241,2026-10-03,2026年第108回選手権の都府県単位代表区分に所属。大会不参加校を含む加盟校マスター上の代表区分属性。
SAM000764,PRG000113,ASM000011,AREA000022,2026,SRC000241,2026-10-03,2026年第108回選手権の都府県単位代表区分に所属。大会不参加校を含む加盟校マスター上の代表区分属性。
SAM000765,PRG000114,ASM000011,AREA000022,2026,SRC000241,2026-10-03,2026年第108回選手権の都府県単位代表区分に所属。大会不参加校を含む加盟校マスター上の代表区分属性。
SAM000766,PRG000115,ASM000011,AREA000022,2026,SRC000241,2026-10-03,2026年第108回選手権の都府県単位代表区分に所属。大会不参加校を含む加盟校マスター上の代表区分属性。
SAM000767,PRG000116,ASM000011,AREA000022,2026,SRC000241,2026-10-03,2026年第108回選手権の都府県単位代表区分に所属。大会不参加校を含む加盟校マスター上の代表区分属性。
SAM000768,PRG000117,ASM000011,AREA000022,2026,SRC000241,2026-10-03,2026年第108回選手権の都府県単位代表区分に所属。大会不参加校を含む加盟校マスター上の代表区分属性。
SAM000769,PRG000118,ASM000016,AREA000027,2026,SRC000241,2026-10-03,2026年第108回選手権の都府県単位代表区分に所属。大会不参加校を含む加盟校マスター上の代表区分属性。
SAM000770,PRG000119,ASM000016,AREA000027,2026,SRC000241,2026-10-03,2026年第108回選手権の都府県単位代表区分に所属。大会不参加校を含む加盟校マスター上の代表区分属性。
SAM000771,PRG000120,ASM000016,AREA000027,2026,SRC000241,2026-10-03,2026年第108回選手権の都府県単位代表区分に所属。大会不参加校を含む加盟校マスター上の代表区分属性。
SAM000772,PRG000121,ASM000016,AREA000027,2026,SRC000241,2026-10-03,2026年第108回選手権の都府県単位代表区分に所属。大会不参加校を含む加盟校マスター上の代表区分属性。
SAM000773,PRG000122,ASM000016,AREA000027,2026,SRC000241,2026-10-03,2026年第108回選手権の都府県単位代表区分に所属。大会不参加校を含む加盟校マスター上の代表区分属性。
SAM000774,PRG000123,ASM000016,AREA000027,2026,SRC000241,2026-10-03,2026年第108回選手権の都府県単位代表区分に所属。大会不参加校を含む加盟校マスター上の代表区分属性。
SAM000775,PRG000124,ASM000016,AREA000027,2026,SRC000241,2026-10-03,2026年第108回選手権の都府県単位代表区分に所属。大会不参加校を含む加盟校マスター上の代表区分属性。
SAM000776,PRG000125,ASM000016,AREA000027,2026,SRC000241,2026-10-03,2026年第108回選手権の都府県単位代表区分に所属。大会不参加校を含む加盟校マスター上の代表区分属性。
SAM000777,PRG000126,ASM000016,AREA000027,2026,SRC000241,2026-10-03,2026年第108回選手権の都府県単位代表区分に所属。大会不参加校を含む加盟校マスター上の代表区分属性。
SAM000778,PRG000127,ASM000016,AREA000027,2026,SRC000241,2026-10-03,2026年第108回選手権の都府県単位代表区分に所属。大会不参加校を含む加盟校マスター上の代表区分属性。
SAM000779,PRG000128,ASM000016,AREA000027,2026,SRC000241,2026-10-03,2026年第108回選手権の都府県単位代表区分に所属。大会不参加校を含む加盟校マスター上の代表区分属性。
SAM000780,PRG000129,ASM000016,AREA000027,2026,SRC000241,2026-10-03,2026年第108回選手権の都府県単位代表区分に所属。大会不参加校を含む加盟校マスター上の代表区分属性。
SAM000781,PRG000130,ASM000016,AREA000027,2026,SRC000241,2026-10-03,2026年第108回選手権の都府県単位代表区分に所属。大会不参加校を含む加盟校マスター上の代表区分属性。
SAM000782,PRG000131,ASM000016,AREA000027,2026,SRC000241,2026-10-03,2026年第108回選手権の都府県単位代表区分に所属。大会不参加校を含む加盟校マスター上の代表区分属性。
SAM000783,PRG000132,ASM000016,AREA000027,2026,SRC000241,2026-10-03,2026年第108回選手権の都府県単位代表区分に所属。大会不参加校を含む加盟校マスター上の代表区分属性。
SAM000784,PRG000133,ASM000016,AREA000027,2026,SRC000241,2026-10-03,2026年第108回選手権の都府県単位代表区分に所属。大会不参加校を含む加盟校マスター上の代表区分属性。
SAM000785,PRG000134,ASM000016,AREA000027,2026,SRC000241,2026-10-03,2026年第108回選手権の都府県単位代表区分に所属。大会不参加校を含む加盟校マスター上の代表区分属性。
SAM000786,PRG000135,ASM000016,AREA000027,2026,SRC000241,2026-10-03,2026年第108回選手権の都府県単位代表区分に所属。大会不参加校を含む加盟校マスター上の代表区分属性。
SAM000787,PRG000136,ASM000016,AREA000027,2026,SRC000241,2026-10-03,2026年第108回選手権の都府県単位代表区分に所属。大会不参加校を含む加盟校マスター上の代表区分属性。
SAM000788,PRG000137,ASM000016,AREA000027,2026,SRC000241,2026-10-03,2026年第108回選手権の都府県単位代表区分に所属。大会不参加校を含む加盟校マスター上の代表区分属性。
SAM000789,PRG000138,ASM000016,AREA000027,2026,SRC000241,2026-10-03,2026年第108回選手権の都府県単位代表区分に所属。大会不参加校を含む加盟校マスター上の代表区分属性。
SAM000790,PRG000139,ASM000016,AREA000027,2026,SRC000241,2026-10-03,2026年第108回選手権の都府県単位代表区分に所属。大会不参加校を含む加盟校マスター上の代表区分属性。
SAM000791,PRG000140,ASM000016,AREA000027,2026,SRC000241,2026-10-03,2026年第108回選手権の都府県単位代表区分に所属。大会不参加校を含む加盟校マスター上の代表区分属性。
SAM000792,PRG000141,ASM000016,AREA000027,2026,SRC000241,2026-10-03,2026年第108回選手権の都府県単位代表区分に所属。大会不参加校を含む加盟校マスター上の代表区分属性。
SAM000793,PRG000142,ASM000016,AREA000027,2026,SRC000241,2026-10-03,2026年第108回選手権の都府県単位代表区分に所属。大会不参加校を含む加盟校マスター上の代表区分属性。
SAM000794,PRG000143,ASM000016,AREA000027,2026,SRC000241,2026-10-03,2026年第108回選手権の都府県単位代表区分に所属。大会不参加校を含む加盟校マスター上の代表区分属性。
SAM000795,PRG000144,ASM000016,AREA000027,2026,SRC000241,2026-10-03,2026年第108回選手権の都府県単位代表区分に所属。大会不参加校を含む加盟校マスター上の代表区分属性。
SAM000796,PRG000145,ASM000016,AREA000027,2026,SRC000241,2026-10-03,2026年第108回選手権の都府県単位代表区分に所属。大会不参加校を含む加盟校マスター上の代表区分属性。
SAM000797,PRG000146,ASM000016,AREA000027,2026,SRC000241,2026-10-03,2026年第108回選手権の都府県単位代表区分に所属。大会不参加校を含む加盟校マスター上の代表区分属性。
SAM000798,PRG000147,ASM000016,AREA000027,2026,SRC000241,2026-10-03,2026年第108回選手権の都府県単位代表区分に所属。大会不参加校を含む加盟校マスター上の代表区分属性。
SAM000799,PRG000148,ASM000016,AREA000027,2026,SRC000241,2026-10-03,2026年第108回選手権の都府県単位代表区分に所属。大会不参加校を含む加盟校マスター上の代表区分属性。
SAM000800,PRG000149,ASM000016,AREA000027,2026,SRC000241,2026-10-03,2026年第108回選手権の都府県単位代表区分に所属。大会不参加校を含む加盟校マスター上の代表区分属性。
SAM000801,PRG000150,ASM000016,AREA000027,2026,SRC000241,2026-10-03,2026年第108回選手権の都府県単位代表区分に所属。大会不参加校を含む加盟校マスター上の代表区分属性。
SAM000802,PRG000151,ASM000016,AREA000027,2026,SRC000241,2026-10-03,2026年第108回選手権の都府県単位代表区分に所属。大会不参加校を含む加盟校マスター上の代表区分属性。
SAM000803,PRG000152,ASM000016,AREA000027,2026,SRC000241,2026-10-03,2026年第108回選手権の都府県単位代表区分に所属。大会不参加校を含む加盟校マスター上の代表区分属性。
SAM000804,PRG000153,ASM000016,AREA000027,2026,SRC000241,2026-10-03,2026年第108回選手権の都府県単位代表区分に所属。大会不参加校を含む加盟校マスター上の代表区分属性。
SAM000805,PRG000154,ASM000016,AREA000027,2026,SRC000241,2026-10-03,2026年第108回選手権の都府県単位代表区分に所属。大会不参加校を含む加盟校マスター上の代表区分属性。
SAM000806,PRG000155,ASM000016,AREA000027,2026,SRC000241,2026-10-03,2026年第108回選手権の都府県単位代表区分に所属。大会不参加校を含む加盟校マスター上の代表区分属性。
SAM000807,PRG000156,ASM000016,AREA000027,2026,SRC000241,2026-10-03,2026年第108回選手権の都府県単位代表区分に所属。大会不参加校を含む加盟校マスター上の代表区分属性。
SAM000808,PRG000157,ASM000016,AREA000027,2026,SRC000241,2026-10-03,2026年第108回選手権の都府県単位代表区分に所属。大会不参加校を含む加盟校マスター上の代表区分属性。
SAM000809,PRG000158,ASM000016,AREA000027,2026,SRC000241,2026-10-03,2026年第108回選手権の都府県単位代表区分に所属。大会不参加校を含む加盟校マスター上の代表区分属性。
SAM000810,PRG000159,ASM000016,AREA000027,2026,SRC000241,2026-10-03,2026年第108回選手権の都府県単位代表区分に所属。大会不参加校を含む加盟校マスター上の代表区分属性。
SAM000811,PRG000160,ASM000016,AREA000027,2026,SRC000241,2026-10-03,2026年第108回選手権の都府県単位代表区分に所属。大会不参加校を含む加盟校マスター上の代表区分属性。
SAM000812,PRG000161,ASM000016,AREA000027,2026,SRC000241,2026-10-03,2026年第108回選手権の都府県単位代表区分に所属。大会不参加校を含む加盟校マスター上の代表区分属性。
SAM000813,PRG000162,ASM000016,AREA000027,2026,SRC000241,2026-10-03,2026年第108回選手権の都府県単位代表区分に所属。大会不参加校を含む加盟校マスター上の代表区分属性。
SAM000814,PRG000163,ASM000016,AREA000027,2026,SRC000241,2026-10-03,2026年第108回選手権の都府県単位代表区分に所属。大会不参加校を含む加盟校マスター上の代表区分属性。
SAM000815,PRG000164,ASM000016,AREA000027,2026,SRC000241,2026-10-03,2026年第108回選手権の都府県単位代表区分に所属。大会不参加校を含む加盟校マスター上の代表区分属性。
SAM000816,PRG000165,ASM000016,AREA000027,2026,SRC000241,2026-10-03,2026年第108回選手権の都府県単位代表区分に所属。大会不参加校を含む加盟校マスター上の代表区分属性。
SAM000817,PRG000166,ASM000016,AREA000027,2026,SRC000241,2026-10-03,2026年第108回選手権の都府県単位代表区分に所属。大会不参加校を含む加盟校マスター上の代表区分属性。
SAM000818,PRG000167,ASM000016,AREA000027,2026,SRC000241,2026-10-03,2026年第108回選手権の都府県単位代表区分に所属。大会不参加校を含む加盟校マスター上の代表区分属性。
SAM000819,PRG000168,ASM000016,AREA000027,2026,SRC000241,2026-10-03,2026年第108回選手権の都府県単位代表区分に所属。大会不参加校を含む加盟校マスター上の代表区分属性。
SAM000820,PRG000169,ASM000016,AREA000027,2026,SRC000241,2026-10-03,2026年第108回選手権の都府県単位代表区分に所属。大会不参加校を含む加盟校マスター上の代表区分属性。
SAM000821,PRG000170,ASM000016,AREA000027,2026,SRC000241,2026-10-03,2026年第108回選手権の都府県単位代表区分に所属。大会不参加校を含む加盟校マスター上の代表区分属性。
SAM000822,PRG000171,ASM000016,AREA000027,2026,SRC000241,2026-10-03,2026年第108回選手権の都府県単位代表区分に所属。大会不参加校を含む加盟校マスター上の代表区分属性。
SAM000823,PRG000172,ASM000016,AREA000027,2026,SRC000241,2026-10-03,2026年第108回選手権の都府県単位代表区分に所属。大会不参加校を含む加盟校マスター上の代表区分属性。
SAM000824,PRG000173,ASM000016,AREA000027,2026,SRC000241,2026-10-03,2026年第108回選手権の都府県単位代表区分に所属。大会不参加校を含む加盟校マスター上の代表区分属性。
SAM000825,PRG000174,ASM000016,AREA000027,2026,SRC000241,2026-10-03,2026年第108回選手権の都府県単位代表区分に所属。大会不参加校を含む加盟校マスター上の代表区分属性。
SAM000826,PRG000175,ASM000016,AREA000027,2026,SRC000241,2026-10-03,2026年第108回選手権の都府県単位代表区分に所属。大会不参加校を含む加盟校マスター上の代表区分属性。
SAM000827,PRG000176,ASM000016,AREA000027,2026,SRC000241,2026-10-03,2026年第108回選手権の都府県単位代表区分に所属。大会不参加校を含む加盟校マスター上の代表区分属性。
SAM000828,PRG000177,ASM000016,AREA000027,2026,SRC000241,2026-10-03,2026年第108回選手権の都府県単位代表区分に所属。大会不参加校を含む加盟校マスター上の代表区分属性。
SAM000829,PRG000178,ASM000016,AREA000027,2026,SRC000241,2026-10-03,2026年第108回選手権の都府県単位代表区分に所属。大会不参加校を含む加盟校マスター上の代表区分属性。
SAM000830,PRG000179,ASM000016,AREA000027,2026,SRC000241,2026-10-03,2026年第108回選手権の都府県単位代表区分に所属。大会不参加校を含む加盟校マスター上の代表区分属性。
SAM000831,PRG000180,ASM000016,AREA000027,2026,SRC000241,2026-10-03,2026年第108回選手権の都府県単位代表区分に所属。大会不参加校を含む加盟校マスター上の代表区分属性。
SAM000832,PRG000181,ASM000016,AREA000027,2026,SRC000241,2026-10-03,2026年第108回選手権の都府県単位代表区分に所属。大会不参加校を含む加盟校マスター上の代表区分属性。
SAM000833,PRG000182,ASM000016,AREA000027,2026,SRC000241,2026-10-03,2026年第108回選手権の都府県単位代表区分に所属。大会不参加校を含む加盟校マスター上の代表区分属性。
SAM000834,PRG000183,ASM000016,AREA000027,2026,SRC000241,2026-10-03,2026年第108回選手権の都府県単位代表区分に所属。大会不参加校を含む加盟校マスター上の代表区分属性。
SAM000835,PRG000184,ASM000016,AREA000027,2026,SRC000241,2026-10-03,2026年第108回選手権の都府県単位代表区分に所属。大会不参加校を含む加盟校マスター上の代表区分属性。
SAM000836,PRG000185,ASM000016,AREA000027,2026,SRC000241,2026-10-03,2026年第108回選手権の都府県単位代表区分に所属。大会不参加校を含む加盟校マスター上の代表区分属性。
SAM000837,PRG000186,ASM000016,AREA000027,2026,SRC000241,2026-10-03,2026年第108回選手権の都府県単位代表区分に所属。大会不参加校を含む加盟校マスター上の代表区分属性。
SAM000838,PRG000187,ASM000016,AREA000027,2026,SRC000241,2026-10-03,2026年第108回選手権の都府県単位代表区分に所属。大会不参加校を含む加盟校マスター上の代表区分属性。
SAM000839,PRG000188,ASM000016,AREA000027,2026,SRC000241,2026-10-03,2026年第108回選手権の都府県単位代表区分に所属。大会不参加校を含む加盟校マスター上の代表区分属性。
SAM000840,PRG000189,ASM000016,AREA000027,2026,SRC000241,2026-10-03,2026年第108回選手権の都府県単位代表区分に所属。大会不参加校を含む加盟校マスター上の代表区分属性。
SAM000841,PRG000190,ASM000016,AREA000027,2026,SRC000241,2026-10-03,2026年第108回選手権の都府県単位代表区分に所属。大会不参加校を含む加盟校マスター上の代表区分属性。
SAM000842,PRG000191,ASM000016,AREA000027,2026,SRC000241,2026-10-03,2026年第108回選手権の都府県単位代表区分に所属。大会不参加校を含む加盟校マスター上の代表区分属性。
SAM000843,PRG000192,ASM000016,AREA000027,2026,SRC000241,2026-10-03,2026年第108回選手権の都府県単位代表区分に所属。大会不参加校を含む加盟校マスター上の代表区分属性。
SAM000844,PRG000193,ASM000016,AREA000027,2026,SRC000241,2026-10-03,2026年第108回選手権の都府県単位代表区分に所属。大会不参加校を含む加盟校マスター上の代表区分属性。
SAM000845,PRG000194,ASM000016,AREA000027,2026,SRC000241,2026-10-03,2026年第108回選手権の都府県単位代表区分に所属。大会不参加校を含む加盟校マスター上の代表区分属性。
SAM000846,PRG000195,ASM000016,AREA000027,2026,SRC000241,2026-10-03,2026年第108回選手権の都府県単位代表区分に所属。大会不参加校を含む加盟校マスター上の代表区分属性。
SAM000847,PRG000196,ASM000020,AREA000031,2026,SRC000241,2026-10-03,2026年第108回選手権の都府県単位代表区分に所属。大会不参加校を含む加盟校マスター上の代表区分属性。
SAM000848,PRG000197,ASM000020,AREA000031,2026,SRC000241,2026-10-03,2026年第108回選手権の都府県単位代表区分に所属。大会不参加校を含む加盟校マスター上の代表区分属性。
SAM000849,PRG000198,ASM000020,AREA000031,2026,SRC000241,2026-10-03,2026年第108回選手権の都府県単位代表区分に所属。大会不参加校を含む加盟校マスター上の代表区分属性。
SAM000850,PRG000199,ASM000020,AREA000031,2026,SRC000241,2026-10-03,2026年第108回選手権の都府県単位代表区分に所属。大会不参加校を含む加盟校マスター上の代表区分属性。
SAM000851,PRG000200,ASM000020,AREA000031,2026,SRC000241,2026-10-03,2026年第108回選手権の都府県単位代表区分に所属。大会不参加校を含む加盟校マスター上の代表区分属性。
SAM000852,PRG000201,ASM000020,AREA000031,2026,SRC000241,2026-10-03,2026年第108回選手権の都府県単位代表区分に所属。大会不参加校を含む加盟校マスター上の代表区分属性。
SAM000853,PRG000202,ASM000020,AREA000031,2026,SRC000241,2026-10-03,2026年第108回選手権の都府県単位代表区分に所属。大会不参加校を含む加盟校マスター上の代表区分属性。
SAM000854,PRG000203,ASM000020,AREA000031,2026,SRC000241,2026-10-03,2026年第108回選手権の都府県単位代表区分に所属。大会不参加校を含む加盟校マスター上の代表区分属性。
SAM000855,PRG000204,ASM000020,AREA000031,2026,SRC000241,2026-10-03,2026年第108回選手権の都府県単位代表区分に所属。大会不参加校を含む加盟校マスター上の代表区分属性。
SAM000856,PRG000205,ASM000020,AREA000031,2026,SRC000241,2026-10-03,2026年第108回選手権の都府県単位代表区分に所属。大会不参加校を含む加盟校マスター上の代表区分属性。
SAM000857,PRG000206,ASM000020,AREA000031,2026,SRC000241,2026-10-03,2026年第108回選手権の都府県単位代表区分に所属。大会不参加校を含む加盟校マスター上の代表区分属性。
SAM000858,PRG000207,ASM000020,AREA000031,2026,SRC000241,2026-10-03,2026年第108回選手権の都府県単位代表区分に所属。大会不参加校を含む加盟校マスター上の代表区分属性。
SAM000859,PRG000208,ASM000020,AREA000031,2026,SRC000241,2026-10-03,2026年第108回選手権の都府県単位代表区分に所属。大会不参加校を含む加盟校マスター上の代表区分属性。
SAM000860,PRG000209,ASM000020,AREA000031,2026,SRC000241,2026-10-03,2026年第108回選手権の都府県単位代表区分に所属。大会不参加校を含む加盟校マスター上の代表区分属性。
SAM000861,PRG000210,ASM000020,AREA000031,2026,SRC000241,2026-10-03,2026年第108回選手権の都府県単位代表区分に所属。大会不参加校を含む加盟校マスター上の代表区分属性。
SAM000862,PRG000211,ASM000020,AREA000031,2026,SRC000241,2026-10-03,2026年第108回選手権の都府県単位代表区分に所属。大会不参加校を含む加盟校マスター上の代表区分属性。
SAM000863,PRG000212,ASM000020,AREA000031,2026,SRC000241,2026-10-03,2026年第108回選手権の都府県単位代表区分に所属。大会不参加校を含む加盟校マスター上の代表区分属性。
SAM000864,PRG000213,ASM000020,AREA000031,2026,SRC000241,2026-10-03,2026年第108回選手権の都府県単位代表区分に所属。大会不参加校を含む加盟校マスター上の代表区分属性。
SAM000865,PRG000214,ASM000020,AREA000031,2026,SRC000241,2026-10-03,2026年第108回選手権の都府県単位代表区分に所属。大会不参加校を含む加盟校マスター上の代表区分属性。
SAM000866,PRG000215,ASM000020,AREA000031,2026,SRC000241,2026-10-03,2026年第108回選手権の都府県単位代表区分に所属。大会不参加校を含む加盟校マスター上の代表区分属性。
SAM000867,PRG000216,ASM000020,AREA000031,2026,SRC000241,2026-10-03,2026年第108回選手権の都府県単位代表区分に所属。大会不参加校を含む加盟校マスター上の代表区分属性。
SAM000868,PRG000217,ASM000020,AREA000031,2026,SRC000241,2026-10-03,2026年第108回選手権の都府県単位代表区分に所属。大会不参加校を含む加盟校マスター上の代表区分属性。
SAM000869,PRG000218,ASM000020,AREA000031,2026,SRC000241,2026-10-03,2026年第108回選手権の都府県単位代表区分に所属。大会不参加校を含む加盟校マスター上の代表区分属性。
SAM000870,PRG000219,ASM000020,AREA000031,2026,SRC000241,2026-10-03,2026年第108回選手権の都府県単位代表区分に所属。大会不参加校を含む加盟校マスター上の代表区分属性。
SAM000871,PRG000220,ASM000020,AREA000031,2026,SRC000241,2026-10-03,2026年第108回選手権の都府県単位代表区分に所属。大会不参加校を含む加盟校マスター上の代表区分属性。
SAM000872,PRG000221,ASM000020,AREA000031,2026,SRC000241,2026-10-03,2026年第108回選手権の都府県単位代表区分に所属。大会不参加校を含む加盟校マスター上の代表区分属性。
SAM000873,PRG000222,ASM000020,AREA000031,2026,SRC000241,2026-10-03,2026年第108回選手権の都府県単位代表区分に所属。大会不参加校を含む加盟校マスター上の代表区分属性。
SAM000874,PRG000223,ASM000020,AREA000031,2026,SRC000241,2026-10-03,2026年第108回選手権の都府県単位代表区分に所属。大会不参加校を含む加盟校マスター上の代表区分属性。
SAM000875,PRG000224,ASM000020,AREA000031,2026,SRC000241,2026-10-03,2026年第108回選手権の都府県単位代表区分に所属。大会不参加校を含む加盟校マスター上の代表区分属性。
SAM000876,PRG000225,ASM000020,AREA000031,2026,SRC000241,2026-10-03,2026年第108回選手権の都府県単位代表区分に所属。大会不参加校を含む加盟校マスター上の代表区分属性。
SAM000877,PRG000226,ASM000020,AREA000031,2026,SRC000241,2026-10-03,2026年第108回選手権の都府県単位代表区分に所属。大会不参加校を含む加盟校マスター上の代表区分属性。
SAM000878,PRG000227,ASM000020,AREA000031,2026,SRC000241,2026-10-03,2026年第108回選手権の都府県単位代表区分に所属。大会不参加校を含む加盟校マスター上の代表区分属性。
SAM000879,PRG000228,ASM000020,AREA000031,2026,SRC000241,2026-10-03,2026年第108回選手権の都府県単位代表区分に所属。大会不参加校を含む加盟校マスター上の代表区分属性。
SAM000880,PRG000229,ASM000022,AREA000033,2026,SRC000241,2026-10-03,2026年第108回選手権の都府県単位代表区分に所属。大会不参加校を含む加盟校マスター上の代表区分属性。
SAM000881,PRG000230,ASM000022,AREA000033,2026,SRC000241,2026-10-03,2026年第108回選手権の都府県単位代表区分に所属。大会不参加校を含む加盟校マスター上の代表区分属性。
SAM000882,PRG000231,ASM000022,AREA000033,2026,SRC000241,2026-10-03,2026年第108回選手権の都府県単位代表区分に所属。大会不参加校を含む加盟校マスター上の代表区分属性。
SAM000883,PRG000232,ASM000022,AREA000033,2026,SRC000241,2026-10-03,2026年第108回選手権の都府県単位代表区分に所属。大会不参加校を含む加盟校マスター上の代表区分属性。
SAM000884,PRG000233,ASM000022,AREA000033,2026,SRC000241,2026-10-03,2026年第108回選手権の都府県単位代表区分に所属。大会不参加校を含む加盟校マスター上の代表区分属性。
SAM000885,PRG000234,ASM000022,AREA000033,2026,SRC000241,2026-10-03,2026年第108回選手権の都府県単位代表区分に所属。大会不参加校を含む加盟校マスター上の代表区分属性。
SAM000886,PRG000235,ASM000022,AREA000033,2026,SRC000241,2026-10-03,2026年第108回選手権の都府県単位代表区分に所属。大会不参加校を含む加盟校マスター上の代表区分属性。
SAM000887,PRG000236,ASM000022,AREA000033,2026,SRC000241,2026-10-03,2026年第108回選手権の都府県単位代表区分に所属。大会不参加校を含む加盟校マスター上の代表区分属性。
SAM000888,PRG000237,ASM000022,AREA000033,2026,SRC000241,2026-10-03,2026年第108回選手権の都府県単位代表区分に所属。大会不参加校を含む加盟校マスター上の代表区分属性。
SAM000889,PRG000238,ASM000022,AREA000033,2026,SRC000241,2026-10-03,2026年第108回選手権の都府県単位代表区分に所属。大会不参加校を含む加盟校マスター上の代表区分属性。
SAM000890,PRG000239,ASM000022,AREA000033,2026,SRC000241,2026-10-03,2026年第108回選手権の都府県単位代表区分に所属。大会不参加校を含む加盟校マスター上の代表区分属性。
SAM000891,PRG000240,ASM000022,AREA000033,2026,SRC000241,2026-10-03,2026年第108回選手権の都府県単位代表区分に所属。大会不参加校を含む加盟校マスター上の代表区分属性。
SAM000892,PRG000241,ASM000022,AREA000033,2026,SRC000241,2026-10-03,2026年第108回選手権の都府県単位代表区分に所属。大会不参加校を含む加盟校マスター上の代表区分属性。
SAM000893,PRG000242,ASM000022,AREA000033,2026,SRC000241,2026-10-03,2026年第108回選手権の都府県単位代表区分に所属。大会不参加校を含む加盟校マスター上の代表区分属性。
SAM000894,PRG000243,ASM000022,AREA000033,2026,SRC000241,2026-10-03,2026年第108回選手権の都府県単位代表区分に所属。大会不参加校を含む加盟校マスター上の代表区分属性。
SAM000895,PRG000244,ASM000022,AREA000033,2026,SRC000241,2026-10-03,2026年第108回選手権の都府県単位代表区分に所属。大会不参加校を含む加盟校マスター上の代表区分属性。
SAM000896,PRG000245,ASM000022,AREA000033,2026,SRC000241,2026-10-03,2026年第108回選手権の都府県単位代表区分に所属。大会不参加校を含む加盟校マスター上の代表区分属性。
SAM000897,PRG000246,ASM000022,AREA000033,2026,SRC000241,2026-10-03,2026年第108回選手権の都府県単位代表区分に所属。大会不参加校を含む加盟校マスター上の代表区分属性。
SAM000898,PRG000247,ASM000022,AREA000033,2026,SRC000241,2026-10-03,2026年第108回選手権の都府県単位代表区分に所属。大会不参加校を含む加盟校マスター上の代表区分属性。
SAM000899,PRG000248,ASM000022,AREA000033,2026,SRC000241,2026-10-03,2026年第108回選手権の都府県単位代表区分に所属。大会不参加校を含む加盟校マスター上の代表区分属性。
SAM000900,PRG000249,ASM000022,AREA000033,2026,SRC000241,2026-10-03,2026年第108回選手権の都府県単位代表区分に所属。大会不参加校を含む加盟校マスター上の代表区分属性。
SAM000901,PRG000250,ASM000022,AREA000033,2026,SRC000241,2026-10-03,2026年第108回選手権の都府県単位代表区分に所属。大会不参加校を含む加盟校マスター上の代表区分属性。
SAM000902,PRG000251,ASM000022,AREA000033,2026,SRC000241,2026-10-03,2026年第108回選手権の都府県単位代表区分に所属。大会不参加校を含む加盟校マスター上の代表区分属性。
SAM000903,PRG000252,ASM000022,AREA000033,2026,SRC000241,2026-10-03,2026年第108回選手権の都府県単位代表区分に所属。大会不参加校を含む加盟校マスター上の代表区分属性。
SAM000904,PRG000253,ASM000022,AREA000033,2026,SRC000241,2026-10-03,2026年第108回選手権の都府県単位代表区分に所属。大会不参加校を含む加盟校マスター上の代表区分属性。
SAM000905,PRG000254,ASM000022,AREA000033,2026,SRC000241,2026-10-03,2026年第108回選手権の都府県単位代表区分に所属。大会不参加校を含む加盟校マスター上の代表区分属性。
SAM000906,PRG000255,ASM000022,AREA000033,2026,SRC000241,2026-10-03,2026年第108回選手権の都府県単位代表区分に所属。大会不参加校を含む加盟校マスター上の代表区分属性。
SAM000907,PRG000256,ASM000022,AREA000033,2026,SRC000241,2026-10-03,2026年第108回選手権の都府県単位代表区分に所属。大会不参加校を含む加盟校マスター上の代表区分属性。
SAM000908,PRG000257,ASM000022,AREA000033,2026,SRC000241,2026-10-03,2026年第108回選手権の都府県単位代表区分に所属。大会不参加校を含む加盟校マスター上の代表区分属性。
SAM000909,PRG000258,ASM000022,AREA000033,2026,SRC000241,2026-10-03,2026年第108回選手権の都府県単位代表区分に所属。大会不参加校を含む加盟校マスター上の代表区分属性。
SAM000910,PRG000259,ASM000022,AREA000033,2026,SRC000241,2026-10-03,2026年第108回選手権の都府県単位代表区分に所属。大会不参加校を含む加盟校マスター上の代表区分属性。
SAM000911,PRG000260,ASM000022,AREA000033,2026,SRC000241,2026-10-03,2026年第108回選手権の都府県単位代表区分に所属。大会不参加校を含む加盟校マスター上の代表区分属性。
SAM000912,PRG000261,ASM000022,AREA000033,2026,SRC000241,2026-10-03,2026年第108回選手権の都府県単位代表区分に所属。大会不参加校を含む加盟校マスター上の代表区分属性。
SAM000913,PRG000262,ASM000022,AREA000033,2026,SRC000241,2026-10-03,2026年第108回選手権の都府県単位代表区分に所属。大会不参加校を含む加盟校マスター上の代表区分属性。
SAM000914,PRG000263,ASM000022,AREA000033,2026,SRC000241,2026-10-03,2026年第108回選手権の都府県単位代表区分に所属。大会不参加校を含む加盟校マスター上の代表区分属性。
SAM000915,PRG000264,ASM000022,AREA000033,2026,SRC000241,2026-10-03,2026年第108回選手権の都府県単位代表区分に所属。大会不参加校を含む加盟校マスター上の代表区分属性。
SAM000916,PRG000265,ASM000022,AREA000033,2026,SRC000241,2026-10-03,2026年第108回選手権の都府県単位代表区分に所属。大会不参加校を含む加盟校マスター上の代表区分属性。
SAM000917,PRG000266,ASM000022,AREA000033,2026,SRC000241,2026-10-03,2026年第108回選手権の都府県単位代表区分に所属。大会不参加校を含む加盟校マスター上の代表区分属性。
SAM000918,PRG000267,ASM000022,AREA000033,2026,SRC000241,2026-10-03,2026年第108回選手権の都府県単位代表区分に所属。大会不参加校を含む加盟校マスター上の代表区分属性。
SAM000919,PRG000268,ASM000022,AREA000033,2026,SRC000241,2026-10-03,2026年第108回選手権の都府県単位代表区分に所属。大会不参加校を含む加盟校マスター上の代表区分属性。
SAM000920,PRG000269,ASM000022,AREA000033,2026,SRC000241,2026-10-03,2026年第108回選手権の都府県単位代表区分に所属。大会不参加校を含む加盟校マスター上の代表区分属性。
SAM000921,PRG000270,ASM000022,AREA000033,2026,SRC000241,2026-10-03,2026年第108回選手権の都府県単位代表区分に所属。大会不参加校を含む加盟校マスター上の代表区分属性。
SAM000922,PRG000271,ASM000022,AREA000033,2026,SRC000241,2026-10-03,2026年第108回選手権の都府県単位代表区分に所属。大会不参加校を含む加盟校マスター上の代表区分属性。
SAM000923,PRG000272,ASM000022,AREA000033,2026,SRC000241,2026-10-03,2026年第108回選手権の都府県単位代表区分に所属。大会不参加校を含む加盟校マスター上の代表区分属性。
SAM000924,PRG000273,ASM000022,AREA000033,2026,SRC000241,2026-10-03,2026年第108回選手権の都府県単位代表区分に所属。大会不参加校を含む加盟校マスター上の代表区分属性。
SAM000925,PRG000274,ASM000022,AREA000033,2026,SRC000241,2026-10-03,2026年第108回選手権の都府県単位代表区分に所属。大会不参加校を含む加盟校マスター上の代表区分属性。
SAM000926,PRG000275,ASM000022,AREA000033,2026,SRC000241,2026-10-03,2026年第108回選手権の都府県単位代表区分に所属。大会不参加校を含む加盟校マスター上の代表区分属性。
SAM000927,PRG000276,ASM000022,AREA000033,2026,SRC000241,2026-10-03,2026年第108回選手権の都府県単位代表区分に所属。大会不参加校を含む加盟校マスター上の代表区分属性。
SAM000928,PRG000277,ASM000022,AREA000033,2026,SRC000241,2026-10-03,2026年第108回選手権の都府県単位代表区分に所属。大会不参加校を含む加盟校マスター上の代表区分属性。
SAM000929,PRG000278,ASM000022,AREA000033,2026,SRC000241,2026-10-03,2026年第108回選手権の都府県単位代表区分に所属。大会不参加校を含む加盟校マスター上の代表区分属性。
SAM000930,PRG000279,ASM000022,AREA000033,2026,SRC000241,2026-10-03,2026年第108回選手権の都府県単位代表区分に所属。大会不参加校を含む加盟校マスター上の代表区分属性。
SAM000931,PRG000280,ASM000022,AREA000033,2026,SRC000241,2026-10-03,2026年第108回選手権の都府県単位代表区分に所属。大会不参加校を含む加盟校マスター上の代表区分属性。
SAM000932,PRG000281,ASM000022,AREA000033,2026,SRC000241,2026-10-03,2026年第108回選手権の都府県単位代表区分に所属。大会不参加校を含む加盟校マスター上の代表区分属性。
SAM000933,PRG000282,ASM000022,AREA000033,2026,SRC000241,2026-10-03,2026年第108回選手権の都府県単位代表区分に所属。大会不参加校を含む加盟校マスター上の代表区分属性。
SAM000934,PRG000283,ASM000022,AREA000033,2026,SRC000241,2026-10-03,2026年第108回選手権の都府県単位代表区分に所属。大会不参加校を含む加盟校マスター上の代表区分属性。
SAM000935,PRG000284,ASM000022,AREA000033,2026,SRC000241,2026-10-03,2026年第108回選手権の都府県単位代表区分に所属。大会不参加校を含む加盟校マスター上の代表区分属性。
SAM000936,PRG000285,ASM000022,AREA000033,2026,SRC000241,2026-10-03,2026年第108回選手権の都府県単位代表区分に所属。大会不参加校を含む加盟校マスター上の代表区分属性。
SAM000937,PRG000286,ASM000022,AREA000033,2026,SRC000241,2026-10-03,2026年第108回選手権の都府県単位代表区分に所属。大会不参加校を含む加盟校マスター上の代表区分属性。
SAM000938,PRG000287,ASM000022,AREA000033,2026,SRC000241,2026-10-03,2026年第108回選手権の都府県単位代表区分に所属。大会不参加校を含む加盟校マスター上の代表区分属性。
SAM000939,PRG000288,ASM000022,AREA000033,2026,SRC000241,2026-10-03,2026年第108回選手権の都府県単位代表区分に所属。大会不参加校を含む加盟校マスター上の代表区分属性。
SAM000940,PRG000289,ASM000022,AREA000033,2026,SRC000241,2026-10-03,2026年第108回選手権の都府県単位代表区分に所属。大会不参加校を含む加盟校マスター上の代表区分属性。
SAM000941,PRG000290,ASM000022,AREA000033,2026,SRC000241,2026-10-03,2026年第108回選手権の都府県単位代表区分に所属。大会不参加校を含む加盟校マスター上の代表区分属性。
SAM000942,PRG000291,ASM000022,AREA000033,2026,SRC000241,2026-10-03,2026年第108回選手権の都府県単位代表区分に所属。大会不参加校を含む加盟校マスター上の代表区分属性。
SAM000943,PRG000292,ASM000022,AREA000033,2026,SRC000241,2026-10-03,2026年第108回選手権の都府県単位代表区分に所属。大会不参加校を含む加盟校マスター上の代表区分属性。
SAM000944,PRG000293,ASM000022,AREA000033,2026,SRC000241,2026-10-03,2026年第108回選手権の都府県単位代表区分に所属。大会不参加校を含む加盟校マスター上の代表区分属性。
SAM000945,PRG000294,ASM000022,AREA000033,2026,SRC000241,2026-10-03,2026年第108回選手権の都府県単位代表区分に所属。大会不参加校を含む加盟校マスター上の代表区分属性。
SAM000946,PRG000295,ASM000022,AREA000033,2026,SRC000241,2026-10-03,2026年第108回選手権の都府県単位代表区分に所属。大会不参加校を含む加盟校マスター上の代表区分属性。
SAM000947,PRG000296,ASM000032,AREA000043,2026,SRC000241,2026-10-03,2026年第108回選手権の都府県単位代表区分に所属。大会不参加校を含む加盟校マスター上の代表区分属性。
SAM000948,PRG000297,ASM000032,AREA000043,2026,SRC000241,2026-10-03,2026年第108回選手権の都府県単位代表区分に所属。大会不参加校を含む加盟校マスター上の代表区分属性。
SAM000949,PRG000298,ASM000032,AREA000043,2026,SRC000241,2026-10-03,2026年第108回選手権の都府県単位代表区分に所属。大会不参加校を含む加盟校マスター上の代表区分属性。
SAM000950,PRG000299,ASM000032,AREA000043,2026,SRC000241,2026-10-03,2026年第108回選手権の都府県単位代表区分に所属。大会不参加校を含む加盟校マスター上の代表区分属性。
SAM000951,PRG000300,ASM000032,AREA000043,2026,SRC000241,2026-10-03,2026年第108回選手権の都府県単位代表区分に所属。大会不参加校を含む加盟校マスター上の代表区分属性。
SAM000952,PRG000301,ASM000032,AREA000043,2026,SRC000241,2026-10-03,2026年第108回選手権の都府県単位代表区分に所属。大会不参加校を含む加盟校マスター上の代表区分属性。
SAM000953,PRG000302,ASM000032,AREA000043,2026,SRC000241,2026-10-03,2026年第108回選手権の都府県単位代表区分に所属。大会不参加校を含む加盟校マスター上の代表区分属性。
SAM000954,PRG000303,ASM000032,AREA000043,2026,SRC000241,2026-10-03,2026年第108回選手権の都府県単位代表区分に所属。大会不参加校を含む加盟校マスター上の代表区分属性。
SAM000955,PRG000304,ASM000032,AREA000043,2026,SRC000241,2026-10-03,2026年第108回選手権の都府県単位代表区分に所属。大会不参加校を含む加盟校マスター上の代表区分属性。
SAM000956,PRG000305,ASM000032,AREA000043,2026,SRC000241,2026-10-03,2026年第108回選手権の都府県単位代表区分に所属。大会不参加校を含む加盟校マスター上の代表区分属性。
SAM000957,PRG000306,ASM000032,AREA000043,2026,SRC000241,2026-10-03,2026年第108回選手権の都府県単位代表区分に所属。大会不参加校を含む加盟校マスター上の代表区分属性。
SAM000958,PRG000307,ASM000032,AREA000043,2026,SRC000241,2026-10-03,2026年第108回選手権の都府県単位代表区分に所属。大会不参加校を含む加盟校マスター上の代表区分属性。
SAM000959,PRG000308,ASM000032,AREA000043,2026,SRC000241,2026-10-03,2026年第108回選手権の都府県単位代表区分に所属。大会不参加校を含む加盟校マスター上の代表区分属性。
SAM000960,PRG000309,ASM000032,AREA000043,2026,SRC000241,2026-10-03,2026年第108回選手権の都府県単位代表区分に所属。大会不参加校を含む加盟校マスター上の代表区分属性。
SAM000961,PRG000310,ASM000032,AREA000043,2026,SRC000241,2026-10-03,2026年第108回選手権の都府県単位代表区分に所属。大会不参加校を含む加盟校マスター上の代表区分属性。
SAM000962,PRG000311,ASM000032,AREA000043,2026,SRC000241,2026-10-03,2026年第108回選手権の都府県単位代表区分に所属。大会不参加校を含む加盟校マスター上の代表区分属性。
SAM000963,PRG000312,ASM000032,AREA000043,2026,SRC000241,2026-10-03,2026年第108回選手権の都府県単位代表区分に所属。大会不参加校を含む加盟校マスター上の代表区分属性。
SAM000964,PRG000313,ASM000032,AREA000043,2026,SRC000241,2026-10-03,2026年第108回選手権の都府県単位代表区分に所属。大会不参加校を含む加盟校マスター上の代表区分属性。
SAM000965,PRG000314,ASM000032,AREA000043,2026,SRC000241,2026-10-03,2026年第108回選手権の都府県単位代表区分に所属。大会不参加校を含む加盟校マスター上の代表区分属性。
SAM000966,PRG000315,ASM000032,AREA000043,2026,SRC000241,2026-10-03,2026年第108回選手権の都府県単位代表区分に所属。大会不参加校を含む加盟校マスター上の代表区分属性。
SAM000967,PRG000316,ASM000032,AREA000043,2026,SRC000241,2026-10-03,2026年第108回選手権の都府県単位代表区分に所属。大会不参加校を含む加盟校マスター上の代表区分属性。
SAM000968,PRG000317,ASM000032,AREA000043,2026,SRC000241,2026-10-03,2026年第108回選手権の都府県単位代表区分に所属。大会不参加校を含む加盟校マスター上の代表区分属性。
SAM000969,PRG000318,ASM000032,AREA000043,2026,SRC000241,2026-10-03,2026年第108回選手権の都府県単位代表区分に所属。大会不参加校を含む加盟校マスター上の代表区分属性。
SAM000970,PRG000319,ASM000032,AREA000043,2026,SRC000241,2026-10-03,2026年第108回選手権の都府県単位代表区分に所属。大会不参加校を含む加盟校マスター上の代表区分属性。
SAM000971,PRG000320,ASM000033,AREA000044,2026,SRC000241,2026-10-03,2026年第108回選手権の都府県単位代表区分に所属。大会不参加校を含む加盟校マスター上の代表区分属性。
SAM000972,PRG000321,ASM000033,AREA000044,2026,SRC000241,2026-10-03,2026年第108回選手権の都府県単位代表区分に所属。大会不参加校を含む加盟校マスター上の代表区分属性。
SAM000973,PRG000322,ASM000033,AREA000044,2026,SRC000241,2026-10-03,2026年第108回選手権の都府県単位代表区分に所属。大会不参加校を含む加盟校マスター上の代表区分属性。
SAM000974,PRG000323,ASM000033,AREA000044,2026,SRC000241,2026-10-03,2026年第108回選手権の都府県単位代表区分に所属。大会不参加校を含む加盟校マスター上の代表区分属性。
SAM000975,PRG000324,ASM000033,AREA000044,2026,SRC000241,2026-10-03,2026年第108回選手権の都府県単位代表区分に所属。大会不参加校を含む加盟校マスター上の代表区分属性。
SAM000976,PRG000325,ASM000033,AREA000044,2026,SRC000241,2026-10-03,2026年第108回選手権の都府県単位代表区分に所属。大会不参加校を含む加盟校マスター上の代表区分属性。
SAM000977,PRG000326,ASM000033,AREA000044,2026,SRC000241,2026-10-03,2026年第108回選手権の都府県単位代表区分に所属。大会不参加校を含む加盟校マスター上の代表区分属性。
SAM000978,PRG000327,ASM000033,AREA000044,2026,SRC000241,2026-10-03,2026年第108回選手権の都府県単位代表区分に所属。大会不参加校を含む加盟校マスター上の代表区分属性。
SAM000979,PRG000328,ASM000033,AREA000044,2026,SRC000241,2026-10-03,2026年第108回選手権の都府県単位代表区分に所属。大会不参加校を含む加盟校マスター上の代表区分属性。
SAM000980,PRG000329,ASM000033,AREA000044,2026,SRC000241,2026-10-03,2026年第108回選手権の都府県単位代表区分に所属。大会不参加校を含む加盟校マスター上の代表区分属性。
SAM000981,PRG000330,ASM000033,AREA000044,2026,SRC000241,2026-10-03,2026年第108回選手権の都府県単位代表区分に所属。大会不参加校を含む加盟校マスター上の代表区分属性。
SAM000982,PRG000331,ASM000033,AREA000044,2026,SRC000241,2026-10-03,2026年第108回選手権の都府県単位代表区分に所属。大会不参加校を含む加盟校マスター上の代表区分属性。
SAM000983,PRG000332,ASM000033,AREA000044,2026,SRC000241,2026-10-03,2026年第108回選手権の都府県単位代表区分に所属。大会不参加校を含む加盟校マスター上の代表区分属性。
SAM000984,PRG000333,ASM000033,AREA000044,2026,SRC000241,2026-10-03,2026年第108回選手権の都府県単位代表区分に所属。大会不参加校を含む加盟校マスター上の代表区分属性。
SAM000985,PRG000334,ASM000033,AREA000044,2026,SRC000241,2026-10-03,2026年第108回選手権の都府県単位代表区分に所属。大会不参加校を含む加盟校マスター上の代表区分属性。
SAM000986,PRG000335,ASM000033,AREA000044,2026,SRC000241,2026-10-03,2026年第108回選手権の都府県単位代表区分に所属。大会不参加校を含む加盟校マスター上の代表区分属性。
SAM000987,PRG000336,ASM000033,AREA000044,2026,SRC000241,2026-10-03,2026年第108回選手権の都府県単位代表区分に所属。大会不参加校を含む加盟校マスター上の代表区分属性。
SAM000988,PRG000337,ASM000033,AREA000044,2026,SRC000241,2026-10-03,2026年第108回選手権の都府県単位代表区分に所属。大会不参加校を含む加盟校マスター上の代表区分属性。
SAM000989,PRG000338,ASM000033,AREA000044,2026,SRC000241,2026-10-03,2026年第108回選手権の都府県単位代表区分に所属。大会不参加校を含む加盟校マスター上の代表区分属性。
SAM000990,PRG000339,ASM000033,AREA000044,2026,SRC000241,2026-10-03,2026年第108回選手権の都府県単位代表区分に所属。大会不参加校を含む加盟校マスター上の代表区分属性。
SAM000991,PRG000340,ASM000033,AREA000044,2026,SRC000241,2026-10-03,2026年第108回選手権の都府県単位代表区分に所属。大会不参加校を含む加盟校マスター上の代表区分属性。
SAM000992,PRG000341,ASM000033,AREA000044,2026,SRC000241,2026-10-03,2026年第108回選手権の都府県単位代表区分に所属。大会不参加校を含む加盟校マスター上の代表区分属性。
SAM000993,PRG000342,ASM000033,AREA000044,2026,SRC000241,2026-10-03,2026年第108回選手権の都府県単位代表区分に所属。大会不参加校を含む加盟校マスター上の代表区分属性。
SAM000994,PRG000343,ASM000033,AREA000044,2026,SRC000241,2026-10-03,2026年第108回選手権の都府県単位代表区分に所属。大会不参加校を含む加盟校マスター上の代表区分属性。
SAM000995,PRG000344,ASM000033,AREA000044,2026,SRC000241,2026-10-03,2026年第108回選手権の都府県単位代表区分に所属。大会不参加校を含む加盟校マスター上の代表区分属性。
SAM000996,PRG000345,ASM000033,AREA000044,2026,SRC000241,2026-10-03,2026年第108回選手権の都府県単位代表区分に所属。大会不参加校を含む加盟校マスター上の代表区分属性。
SAM000997,PRG000346,ASM000033,AREA000044,2026,SRC000241,2026-10-03,2026年第108回選手権の都府県単位代表区分に所属。大会不参加校を含む加盟校マスター上の代表区分属性。
SAM000998,PRG000347,ASM000033,AREA000044,2026,SRC000241,2026-10-03,2026年第108回選手権の都府県単位代表区分に所属。大会不参加校を含む加盟校マスター上の代表区分属性。
SAM000999,PRG000348,ASM000033,AREA000044,2026,SRC000241,2026-10-03,2026年第108回選手権の都府県単位代表区分に所属。大会不参加校を含む加盟校マスター上の代表区分属性。
SAM001000,PRG000349,ASM000033,AREA000044,2026,SRC000241,2026-10-03,2026年第108回選手権の都府県単位代表区分に所属。大会不参加校を含む加盟校マスター上の代表区分属性。
SAM001001,PRG000350,ASM000033,AREA000044,2026,SRC000241,2026-10-03,2026年第108回選手権の都府県単位代表区分に所属。大会不参加校を含む加盟校マスター上の代表区分属性。
SAM001002,PRG000351,ASM000033,AREA000044,2026,SRC000241,2026-10-03,2026年第108回選手権の都府県単位代表区分に所属。大会不参加校を含む加盟校マスター上の代表区分属性。
SAM001003,PRG000352,ASM000033,AREA000044,2026,SRC000241,2026-10-03,2026年第108回選手権の都府県単位代表区分に所属。大会不参加校を含む加盟校マスター上の代表区分属性。
SAM001004,PRG000353,ASM000033,AREA000044,2026,SRC000241,2026-10-03,2026年第108回選手権の都府県単位代表区分に所属。大会不参加校を含む加盟校マスター上の代表区分属性。
SAM001005,PRG000354,ASM000033,AREA000044,2026,SRC000241,2026-10-03,2026年第108回選手権の都府県単位代表区分に所属。大会不参加校を含む加盟校マスター上の代表区分属性。
SAM001006,PRG000355,ASM000033,AREA000044,2026,SRC000241,2026-10-03,2026年第108回選手権の都府県単位代表区分に所属。大会不参加校を含む加盟校マスター上の代表区分属性。
SAM001007,PRG000356,ASM000033,AREA000044,2026,SRC000241,2026-10-03,2026年第108回選手権の都府県単位代表区分に所属。大会不参加校を含む加盟校マスター上の代表区分属性。
SAM001008,PRG000357,ASM000033,AREA000044,2026,SRC000241,2026-10-03,2026年第108回選手権の都府県単位代表区分に所属。大会不参加校を含む加盟校マスター上の代表区分属性。
SAM001009,PRG000358,ASM000025,AREA000036,2026,SRC000241,2026-10-03,2026年第108回選手権の都府県単位代表区分に所属。大会不参加校を含む加盟校マスター上の代表区分属性。
SAM001010,PRG000359,ASM000025,AREA000036,2026,SRC000241,2026-10-03,2026年第108回選手権の都府県単位代表区分に所属。大会不参加校を含む加盟校マスター上の代表区分属性。
SAM001011,PRG000360,ASM000025,AREA000036,2026,SRC000241,2026-10-03,2026年第108回選手権の都府県単位代表区分に所属。大会不参加校を含む加盟校マスター上の代表区分属性。
SAM001012,PRG000361,ASM000025,AREA000036,2026,SRC000241,2026-10-03,2026年第108回選手権の都府県単位代表区分に所属。大会不参加校を含む加盟校マスター上の代表区分属性。
SAM001013,PRG000362,ASM000025,AREA000036,2026,SRC000241,2026-10-03,2026年第108回選手権の都府県単位代表区分に所属。大会不参加校を含む加盟校マスター上の代表区分属性。
SAM001014,PRG000363,ASM000025,AREA000036,2026,SRC000241,2026-10-03,2026年第108回選手権の都府県単位代表区分に所属。大会不参加校を含む加盟校マスター上の代表区分属性。
SAM001015,PRG000364,ASM000025,AREA000036,2026,SRC000241,2026-10-03,2026年第108回選手権の都府県単位代表区分に所属。大会不参加校を含む加盟校マスター上の代表区分属性。
SAM001016,PRG000365,ASM000025,AREA000036,2026,SRC000241,2026-10-03,2026年第108回選手権の都府県単位代表区分に所属。大会不参加校を含む加盟校マスター上の代表区分属性。
SAM001017,PRG000366,ASM000025,AREA000036,2026,SRC000241,2026-10-03,2026年第108回選手権の都府県単位代表区分に所属。大会不参加校を含む加盟校マスター上の代表区分属性。
SAM001018,PRG000367,ASM000025,AREA000036,2026,SRC000241,2026-10-03,2026年第108回選手権の都府県単位代表区分に所属。大会不参加校を含む加盟校マスター上の代表区分属性。
SAM001019,PRG000368,ASM000025,AREA000036,2026,SRC000241,2026-10-03,2026年第108回選手権の都府県単位代表区分に所属。大会不参加校を含む加盟校マスター上の代表区分属性。
SAM001020,PRG000369,ASM000025,AREA000036,2026,SRC000241,2026-10-03,2026年第108回選手権の都府県単位代表区分に所属。大会不参加校を含む加盟校マスター上の代表区分属性。
SAM001021,PRG000370,ASM000025,AREA000036,2026,SRC000241,2026-10-03,2026年第108回選手権の都府県単位代表区分に所属。大会不参加校を含む加盟校マスター上の代表区分属性。
SAM001022,PRG000371,ASM000025,AREA000036,2026,SRC000241,2026-10-03,2026年第108回選手権の都府県単位代表区分に所属。大会不参加校を含む加盟校マスター上の代表区分属性。
SAM001023,PRG000372,ASM000025,AREA000036,2026,SRC000241,2026-10-03,2026年第108回選手権の都府県単位代表区分に所属。大会不参加校を含む加盟校マスター上の代表区分属性。
SAM001024,PRG000373,ASM000025,AREA000036,2026,SRC000241,2026-10-03,2026年第108回選手権の都府県単位代表区分に所属。大会不参加校を含む加盟校マスター上の代表区分属性。
SAM001025,PRG000374,ASM000025,AREA000036,2026,SRC000241,2026-10-03,2026年第108回選手権の都府県単位代表区分に所属。大会不参加校を含む加盟校マスター上の代表区分属性。
SAM001026,PRG000375,ASM000025,AREA000036,2026,SRC000241,2026-10-03,2026年第108回選手権の都府県単位代表区分に所属。大会不参加校を含む加盟校マスター上の代表区分属性。
SAM001027,PRG000376,ASM000025,AREA000036,2026,SRC000241,2026-10-03,2026年第108回選手権の都府県単位代表区分に所属。大会不参加校を含む加盟校マスター上の代表区分属性。
SAM001028,PRG000377,ASM000025,AREA000036,2026,SRC000241,2026-10-03,2026年第108回選手権の都府県単位代表区分に所属。大会不参加校を含む加盟校マスター上の代表区分属性。
SAM001029,PRG000378,ASM000025,AREA000036,2026,SRC000241,2026-10-03,2026年第108回選手権の都府県単位代表区分に所属。大会不参加校を含む加盟校マスター上の代表区分属性。
SAM001030,PRG000379,ASM000025,AREA000036,2026,SRC000241,2026-10-03,2026年第108回選手権の都府県単位代表区分に所属。大会不参加校を含む加盟校マスター上の代表区分属性。
SAM001031,PRG000380,ASM000025,AREA000036,2026,SRC000241,2026-10-03,2026年第108回選手権の都府県単位代表区分に所属。大会不参加校を含む加盟校マスター上の代表区分属性。
SAM001032,PRG000381,ASM000025,AREA000036,2026,SRC000241,2026-10-03,2026年第108回選手権の都府県単位代表区分に所属。大会不参加校を含む加盟校マスター上の代表区分属性。
SAM001033,PRG000382,ASM000025,AREA000036,2026,SRC000241,2026-10-03,2026年第108回選手権の都府県単位代表区分に所属。大会不参加校を含む加盟校マスター上の代表区分属性。
SAM001034,PRG000383,ASM000025,AREA000036,2026,SRC000241,2026-10-03,2026年第108回選手権の都府県単位代表区分に所属。大会不参加校を含む加盟校マスター上の代表区分属性。
SAM001035,PRG000384,ASM000025,AREA000036,2026,SRC000241,2026-10-03,2026年第108回選手権の都府県単位代表区分に所属。大会不参加校を含む加盟校マスター上の代表区分属性。
SAM001036,PRG000385,ASM000025,AREA000036,2026,SRC000241,2026-10-03,2026年第108回選手権の都府県単位代表区分に所属。大会不参加校を含む加盟校マスター上の代表区分属性。
SAM001037,PRG000386,ASM000025,AREA000036,2026,SRC000241,2026-10-03,2026年第108回選手権の都府県単位代表区分に所属。大会不参加校を含む加盟校マスター上の代表区分属性。
SAM001038,PRG000387,ASM000025,AREA000036,2026,SRC000241,2026-10-03,2026年第108回選手権の都府県単位代表区分に所属。大会不参加校を含む加盟校マスター上の代表区分属性。
SAM001039,PRG000388,ASM000025,AREA000036,2026,SRC000241,2026-10-03,2026年第108回選手権の都府県単位代表区分に所属。大会不参加校を含む加盟校マスター上の代表区分属性。
SAM001040,PRG000389,ASM000025,AREA000036,2026,SRC000241,2026-10-03,2026年第108回選手権の都府県単位代表区分に所属。大会不参加校を含む加盟校マスター上の代表区分属性。
SAM001041,PRG000390,ASM000025,AREA000036,2026,SRC000241,2026-10-03,2026年第108回選手権の都府県単位代表区分に所属。大会不参加校を含む加盟校マスター上の代表区分属性。
SAM001042,PRG000391,ASM000025,AREA000036,2026,SRC000241,2026-10-03,2026年第108回選手権の都府県単位代表区分に所属。大会不参加校を含む加盟校マスター上の代表区分属性。
SAM001043,PRG000392,ASM000025,AREA000036,2026,SRC000241,2026-10-03,2026年第108回選手権の都府県単位代表区分に所属。大会不参加校を含む加盟校マスター上の代表区分属性。
SAM001044,PRG000393,ASM000025,AREA000036,2026,SRC000241,2026-10-03,2026年第108回選手権の都府県単位代表区分に所属。大会不参加校を含む加盟校マスター上の代表区分属性。
SAM001045,PRG000394,ASM000025,AREA000036,2026,SRC000241,2026-10-03,2026年第108回選手権の都府県単位代表区分に所属。大会不参加校を含む加盟校マスター上の代表区分属性。
SAM001046,PRG000395,ASM000025,AREA000036,2026,SRC000241,2026-10-03,2026年第108回選手権の都府県単位代表区分に所属。大会不参加校を含む加盟校マスター上の代表区分属性。
SAM001047,PRG000396,ASM000025,AREA000036,2026,SRC000241,2026-10-03,2026年第108回選手権の都府県単位代表区分に所属。大会不参加校を含む加盟校マスター上の代表区分属性。
SAM001048,PRG000397,ASM000025,AREA000036,2026,SRC000241,2026-10-03,2026年第108回選手権の都府県単位代表区分に所属。大会不参加校を含む加盟校マスター上の代表区分属性。
SAM001049,PRG000398,ASM000025,AREA000036,2026,SRC000241,2026-10-03,2026年第108回選手権の都府県単位代表区分に所属。大会不参加校を含む加盟校マスター上の代表区分属性。
SAM001050,PRG000399,ASM000025,AREA000036,2026,SRC000241,2026-10-03,2026年第108回選手権の都府県単位代表区分に所属。大会不参加校を含む加盟校マスター上の代表区分属性。
SAM001051,PRG000400,ASM000025,AREA000036,2026,SRC000241,2026-10-03,2026年第108回選手権の都府県単位代表区分に所属。大会不参加校を含む加盟校マスター上の代表区分属性。
SAM001052,PRG000401,ASM000025,AREA000036,2026,SRC000241,2026-10-03,2026年第108回選手権の都府県単位代表区分に所属。大会不参加校を含む加盟校マスター上の代表区分属性。
SAM001053,PRG000402,ASM000025,AREA000036,2026,SRC000241,2026-10-03,2026年第108回選手権の都府県単位代表区分に所属。大会不参加校を含む加盟校マスター上の代表区分属性。
SAM001054,PRG000403,ASM000025,AREA000036,2026,SRC000241,2026-10-03,2026年第108回選手権の都府県単位代表区分に所属。大会不参加校を含む加盟校マスター上の代表区分属性。
SAM001055,PRG000404,ASM000025,AREA000036,2026,SRC000241,2026-10-03,2026年第108回選手権の都府県単位代表区分に所属。大会不参加校を含む加盟校マスター上の代表区分属性。
SAM001056,PRG000405,ASM000025,AREA000036,2026,SRC000241,2026-10-03,2026年第108回選手権の都府県単位代表区分に所属。大会不参加校を含む加盟校マスター上の代表区分属性。
SAM001057,PRG000406,ASM000025,AREA000036,2026,SRC000241,2026-10-03,2026年第108回選手権の都府県単位代表区分に所属。大会不参加校を含む加盟校マスター上の代表区分属性。
SAM001058,PRG000408,ASM000025,AREA000036,2026,SRC000241,2026-10-03,2026年第108回選手権の都府県単位代表区分に所属。大会不参加校を含む加盟校マスター上の代表区分属性。
SAM001059,PRG000409,ASM000025,AREA000036,2026,SRC000241,2026-10-03,2026年第108回選手権の都府県単位代表区分に所属。大会不参加校を含む加盟校マスター上の代表区分属性。
SAM001060,PRG000410,ASM000025,AREA000036,2026,SRC000241,2026-10-03,2026年第108回選手権の都府県単位代表区分に所属。大会不参加校を含む加盟校マスター上の代表区分属性。
SAM001061,PRG000411,ASM000025,AREA000036,2026,SRC000241,2026-10-03,2026年第108回選手権の都府県単位代表区分に所属。大会不参加校を含む加盟校マスター上の代表区分属性。
SAM001062,PRG000412,ASM000025,AREA000036,2026,SRC000241,2026-10-03,2026年第108回選手権の都府県単位代表区分に所属。大会不参加校を含む加盟校マスター上の代表区分属性。
SAM001063,PRG000413,ASM000025,AREA000036,2026,SRC000241,2026-10-03,2026年第108回選手権の都府県単位代表区分に所属。大会不参加校を含む加盟校マスター上の代表区分属性。
SAM001064,PRG000415,ASM000025,AREA000036,2026,SRC000241,2026-10-03,2026年第108回選手権の都府県単位代表区分に所属。大会不参加校を含む加盟校マスター上の代表区分属性。
SAM001065,PRG000416,ASM000025,AREA000036,2026,SRC000241,2026-10-03,2026年第108回選手権の都府県単位代表区分に所属。大会不参加校を含む加盟校マスター上の代表区分属性。
SAM001066,PRG000418,ASM000025,AREA000036,2026,SRC000241,2026-10-03,2026年第108回選手権の都府県単位代表区分に所属。大会不参加校を含む加盟校マスター上の代表区分属性。
SAM001067,PRG000419,ASM000025,AREA000036,2026,SRC000241,2026-10-03,2026年第108回選手権の都府県単位代表区分に所属。大会不参加校を含む加盟校マスター上の代表区分属性。
SAM001068,PRG000420,ASM000025,AREA000036,2026,SRC000241,2026-10-03,2026年第108回選手権の都府県単位代表区分に所属。大会不参加校を含む加盟校マスター上の代表区分属性。
SAM001069,PRG000421,ASM000025,AREA000036,2026,SRC000241,2026-10-03,2026年第108回選手権の都府県単位代表区分に所属。大会不参加校を含む加盟校マスター上の代表区分属性。
SAM001070,PRG000422,ASM000025,AREA000036,2026,SRC000241,2026-10-03,2026年第108回選手権の都府県単位代表区分に所属。大会不参加校を含む加盟校マスター上の代表区分属性。
SAM001071,PRG000423,ASM000047,AREA000058,2026,SRC000241,2026-10-03,2026年第108回選手権の都府県単位代表区分に所属。大会不参加校を含む加盟校マスター上の代表区分属性。
SAM001072,PRG000424,ASM000047,AREA000058,2026,SRC000241,2026-10-03,2026年第108回選手権の都府県単位代表区分に所属。大会不参加校を含む加盟校マスター上の代表区分属性。
SAM001073,PRG000425,ASM000047,AREA000058,2026,SRC000241,2026-10-03,2026年第108回選手権の都府県単位代表区分に所属。大会不参加校を含む加盟校マスター上の代表区分属性。
SAM001074,PRG000426,ASM000047,AREA000058,2026,SRC000241,2026-10-03,2026年第108回選手権の都府県単位代表区分に所属。大会不参加校を含む加盟校マスター上の代表区分属性。
SAM001075,PRG000427,ASM000047,AREA000058,2026,SRC000241,2026-10-03,2026年第108回選手権の都府県単位代表区分に所属。大会不参加校を含む加盟校マスター上の代表区分属性。
SAM001076,PRG000428,ASM000047,AREA000058,2026,SRC000241,2026-10-03,2026年第108回選手権の都府県単位代表区分に所属。大会不参加校を含む加盟校マスター上の代表区分属性。
SAM001077,PRG000429,ASM000047,AREA000058,2026,SRC000241,2026-10-03,2026年第108回選手権の都府県単位代表区分に所属。大会不参加校を含む加盟校マスター上の代表区分属性。
SAM001078,PRG000430,ASM000047,AREA000058,2026,SRC000241,2026-10-03,2026年第108回選手権の都府県単位代表区分に所属。大会不参加校を含む加盟校マスター上の代表区分属性。
SAM001079,PRG000431,ASM000047,AREA000058,2026,SRC000241,2026-10-03,2026年第108回選手権の都府県単位代表区分に所属。大会不参加校を含む加盟校マスター上の代表区分属性。
SAM001080,PRG000432,ASM000047,AREA000058,2026,SRC000241,2026-10-03,2026年第108回選手権の都府県単位代表区分に所属。大会不参加校を含む加盟校マスター上の代表区分属性。
SAM001081,PRG000433,ASM000047,AREA000058,2026,SRC000241,2026-10-03,2026年第108回選手権の都府県単位代表区分に所属。大会不参加校を含む加盟校マスター上の代表区分属性。
SAM001082,PRG000434,ASM000047,AREA000058,2026,SRC000241,2026-10-03,2026年第108回選手権の都府県単位代表区分に所属。大会不参加校を含む加盟校マスター上の代表区分属性。
SAM001083,PRG000435,ASM000047,AREA000058,2026,SRC000241,2026-10-03,2026年第108回選手権の都府県単位代表区分に所属。大会不参加校を含む加盟校マスター上の代表区分属性。
SAM001084,PRG000436,ASM000047,AREA000058,2026,SRC000241,2026-10-03,2026年第108回選手権の都府県単位代表区分に所属。大会不参加校を含む加盟校マスター上の代表区分属性。
SAM001085,PRG000437,ASM000047,AREA000058,2026,SRC000241,2026-10-03,2026年第108回選手権の都府県単位代表区分に所属。大会不参加校を含む加盟校マスター上の代表区分属性。
SAM001086,PRG000438,ASM000047,AREA000058,2026,SRC000241,2026-10-03,2026年第108回選手権の都府県単位代表区分に所属。大会不参加校を含む加盟校マスター上の代表区分属性。
SAM001087,PRG000439,ASM000047,AREA000058,2026,SRC000241,2026-10-03,2026年第108回選手権の都府県単位代表区分に所属。大会不参加校を含む加盟校マスター上の代表区分属性。
SAM001088,PRG000440,ASM000047,AREA000058,2026,SRC000241,2026-10-03,2026年第108回選手権の都府県単位代表区分に所属。大会不参加校を含む加盟校マスター上の代表区分属性。
SAM001089,PRG000441,ASM000047,AREA000058,2026,SRC000241,2026-10-03,2026年第108回選手権の都府県単位代表区分に所属。大会不参加校を含む加盟校マスター上の代表区分属性。
SAM001090,PRG000442,ASM000047,AREA000058,2026,SRC000241,2026-10-03,2026年第108回選手権の都府県単位代表区分に所属。大会不参加校を含む加盟校マスター上の代表区分属性。
SAM001091,PRG000443,ASM000047,AREA000058,2026,SRC000241,2026-10-03,2026年第108回選手権の都府県単位代表区分に所属。大会不参加校を含む加盟校マスター上の代表区分属性。
SAM001092,PRG000444,ASM000047,AREA000058,2026,SRC000241,2026-10-03,2026年第108回選手権の都府県単位代表区分に所属。大会不参加校を含む加盟校マスター上の代表区分属性。
SAM001093,PRG000445,ASM000047,AREA000058,2026,SRC000241,2026-10-03,2026年第108回選手権の都府県単位代表区分に所属。大会不参加校を含む加盟校マスター上の代表区分属性。
SAM001094,PRG000446,ASM000047,AREA000058,2026,SRC000241,2026-10-03,2026年第108回選手権の都府県単位代表区分に所属。大会不参加校を含む加盟校マスター上の代表区分属性。
SAM001095,PRG000447,ASM000047,AREA000058,2026,SRC000241,2026-10-03,2026年第108回選手権の都府県単位代表区分に所属。大会不参加校を含む加盟校マスター上の代表区分属性。
SAM001096,PRG000448,ASM000047,AREA000058,2026,SRC000241,2026-10-03,2026年第108回選手権の都府県単位代表区分に所属。大会不参加校を含む加盟校マスター上の代表区分属性。
SAM001097,PRG000449,ASM000047,AREA000058,2026,SRC000241,2026-10-03,2026年第108回選手権の都府県単位代表区分に所属。大会不参加校を含む加盟校マスター上の代表区分属性。
SAM001098,PRG000450,ASM000047,AREA000058,2026,SRC000241,2026-10-03,2026年第108回選手権の都府県単位代表区分に所属。大会不参加校を含む加盟校マスター上の代表区分属性。
SAM001099,PRG000452,ASM000047,AREA000058,2026,SRC000241,2026-10-03,2026年第108回選手権の都府県単位代表区分に所属。大会不参加校を含む加盟校マスター上の代表区分属性。
SAM001100,PRG000453,ASM000047,AREA000058,2026,SRC000241,2026-10-03,2026年第108回選手権の都府県単位代表区分に所属。大会不参加校を含む加盟校マスター上の代表区分属性。
SAM001101,PRG000454,ASM000047,AREA000058,2026,SRC000241,2026-10-03,2026年第108回選手権の都府県単位代表区分に所属。大会不参加校を含む加盟校マスター上の代表区分属性。
SAM001102,PRG000455,ASM000047,AREA000058,2026,SRC000241,2026-10-03,2026年第108回選手権の都府県単位代表区分に所属。大会不参加校を含む加盟校マスター上の代表区分属性。
SAM001103,PRG000456,ASM000047,AREA000058,2026,SRC000241,2026-10-03,2026年第108回選手権の都府県単位代表区分に所属。大会不参加校を含む加盟校マスター上の代表区分属性。
SAM001104,PRG000457,ASM000047,AREA000058,2026,SRC000241,2026-10-03,2026年第108回選手権の都府県単位代表区分に所属。大会不参加校を含む加盟校マスター上の代表区分属性。
SAM001105,PRG000459,ASM000047,AREA000058,2026,SRC000241,2026-10-03,2026年第108回選手権の都府県単位代表区分に所属。大会不参加校を含む加盟校マスター上の代表区分属性。
SAM001106,PRG000460,ASM000047,AREA000058,2026,SRC000241,2026-10-03,2026年第108回選手権の都府県単位代表区分に所属。大会不参加校を含む加盟校マスター上の代表区分属性。
SAM001107,PRG000461,ASM000047,AREA000058,2026,SRC000241,2026-10-03,2026年第108回選手権の都府県単位代表区分に所属。大会不参加校を含む加盟校マスター上の代表区分属性。
SAM001108,PRG000462,ASM000047,AREA000058,2026,SRC000241,2026-10-03,2026年第108回選手権の都府県単位代表区分に所属。大会不参加校を含む加盟校マスター上の代表区分属性。
SAM001109,PRG000463,ASM000047,AREA000058,2026,SRC000241,2026-10-03,2026年第108回選手権の都府県単位代表区分に所属。大会不参加校を含む加盟校マスター上の代表区分属性。
SAM001110,PRG000464,ASM000047,AREA000058,2026,SRC000241,2026-10-03,2026年第108回選手権の都府県単位代表区分に所属。大会不参加校を含む加盟校マスター上の代表区分属性。
SAM001111,PRG000465,ASM000047,AREA000058,2026,SRC000241,2026-10-03,2026年第108回選手権の都府県単位代表区分に所属。大会不参加校を含む加盟校マスター上の代表区分属性。
SAM001112,PRG000466,ASM000047,AREA000058,2026,SRC000241,2026-10-03,2026年第108回選手権の都府県単位代表区分に所属。大会不参加校を含む加盟校マスター上の代表区分属性。
SAM001113,PRG000467,ASM000047,AREA000058,2026,SRC000241,2026-10-03,2026年第108回選手権の都府県単位代表区分に所属。大会不参加校を含む加盟校マスター上の代表区分属性。
SAM001114,PRG000469,ASM000047,AREA000058,2026,SRC000241,2026-10-03,2026年第108回選手権の都府県単位代表区分に所属。大会不参加校を含む加盟校マスター上の代表区分属性。
SAM001115,PRG000470,ASM000047,AREA000058,2026,SRC000241,2026-10-03,2026年第108回選手権の都府県単位代表区分に所属。大会不参加校を含む加盟校マスター上の代表区分属性。
SAM001116,PRG000471,ASM000047,AREA000058,2026,SRC000241,2026-10-03,2026年第108回選手権の都府県単位代表区分に所属。大会不参加校を含む加盟校マスター上の代表区分属性。
SAM001117,PRG000472,ASM000047,AREA000058,2026,SRC000241,2026-10-03,2026年第108回選手権の都府県単位代表区分に所属。大会不参加校を含む加盟校マスター上の代表区分属性。
SAM001118,PRG000473,ASM000047,AREA000058,2026,SRC000241,2026-10-03,2026年第108回選手権の都府県単位代表区分に所属。大会不参加校を含む加盟校マスター上の代表区分属性。
SAM001119,PRG000474,ASM000047,AREA000058,2026,SRC000241,2026-10-03,2026年第108回選手権の都府県単位代表区分に所属。大会不参加校を含む加盟校マスター上の代表区分属性。
SAM001120,PRG000475,ASM000047,AREA000058,2026,SRC000241,2026-10-03,2026年第108回選手権の都府県単位代表区分に所属。大会不参加校を含む加盟校マスター上の代表区分属性。
SAM001121,PRG000476,ASM000047,AREA000058,2026,SRC000241,2026-10-03,2026年第108回選手権の都府県単位代表区分に所属。大会不参加校を含む加盟校マスター上の代表区分属性。
SAM001122,PRG000477,ASM000047,AREA000058,2026,SRC000241,2026-10-03,2026年第108回選手権の都府県単位代表区分に所属。大会不参加校を含む加盟校マスター上の代表区分属性。
SAM001123,PRG000478,ASM000047,AREA000058,2026,SRC000241,2026-10-03,2026年第108回選手権の都府県単位代表区分に所属。大会不参加校を含む加盟校マスター上の代表区分属性。
SAM001124,PRG000479,ASM000047,AREA000058,2026,SRC000241,2026-10-03,2026年第108回選手権の都府県単位代表区分に所属。大会不参加校を含む加盟校マスター上の代表区分属性。
SAM001125,PRG000480,ASM000047,AREA000058,2026,SRC000241,2026-10-03,2026年第108回選手権の都府県単位代表区分に所属。大会不参加校を含む加盟校マスター上の代表区分属性。
SAM001126,PRG000481,ASM000047,AREA000058,2026,SRC000241,2026-10-03,2026年第108回選手権の都府県単位代表区分に所属。大会不参加校を含む加盟校マスター上の代表区分属性。
SAM001127,PRG000482,ASM000047,AREA000058,2026,SRC000241,2026-10-03,2026年第108回選手権の都府県単位代表区分に所属。大会不参加校を含む加盟校マスター上の代表区分属性。
SAM001128,PRG000483,ASM000047,AREA000058,2026,SRC000241,2026-10-03,2026年第108回選手権の都府県単位代表区分に所属。大会不参加校を含む加盟校マスター上の代表区分属性。
SAM001129,PRG000484,ASM000047,AREA000058,2026,SRC000241,2026-10-03,2026年第108回選手権の都府県単位代表区分に所属。大会不参加校を含む加盟校マスター上の代表区分属性。
SAM001130,PRG000485,ASM000047,AREA000058,2026,SRC000241,2026-10-03,2026年第108回選手権の都府県単位代表区分に所属。大会不参加校を含む加盟校マスター上の代表区分属性。
SAM001131,PRG000486,ASM000047,AREA000058,2026,SRC000241,2026-10-03,2026年第108回選手権の都府県単位代表区分に所属。大会不参加校を含む加盟校マスター上の代表区分属性。
SAM001132,PRG000487,ASM000047,AREA000058,2026,SRC000241,2026-10-03,2026年第108回選手権の都府県単位代表区分に所属。大会不参加校を含む加盟校マスター上の代表区分属性。
SAM001133,PRG000488,ASM000047,AREA000058,2026,SRC000241,2026-10-03,2026年第108回選手権の都府県単位代表区分に所属。大会不参加校を含む加盟校マスター上の代表区分属性。
SAM001134,PRG000489,ASM000047,AREA000058,2026,SRC000241,2026-10-03,2026年第108回選手権の都府県単位代表区分に所属。大会不参加校を含む加盟校マスター上の代表区分属性。
SAM001135,PRG000490,ASM000047,AREA000058,2026,SRC000241,2026-10-03,2026年第108回選手権の都府県単位代表区分に所属。大会不参加校を含む加盟校マスター上の代表区分属性。
SAM001136,PRG000491,ASM000047,AREA000058,2026,SRC000241,2026-10-03,2026年第108回選手権の都府県単位代表区分に所属。大会不参加校を含む加盟校マスター上の代表区分属性。
SAM001137,PRG000492,ASM000047,AREA000058,2026,SRC000241,2026-10-03,2026年第108回選手権の都府県単位代表区分に所属。大会不参加校を含む加盟校マスター上の代表区分属性。
SAM001138,PRG000494,ASM000047,AREA000058,2026,SRC000241,2026-10-03,2026年第108回選手権の都府県単位代表区分に所属。大会不参加校を含む加盟校マスター上の代表区分属性。
SAM001139,PRG000495,ASM000047,AREA000058,2026,SRC000241,2026-10-03,2026年第108回選手権の都府県単位代表区分に所属。大会不参加校を含む加盟校マスター上の代表区分属性。
SAM001140,PRG000496,ASM000047,AREA000058,2026,SRC000241,2026-10-03,2026年第108回選手権の都府県単位代表区分に所属。大会不参加校を含む加盟校マスター上の代表区分属性。
SAM001141,PRG000497,ASM000047,AREA000058,2026,SRC000241,2026-10-03,2026年第108回選手権の都府県単位代表区分に所属。大会不参加校を含む加盟校マスター上の代表区分属性。
SAM001142,PRG000498,ASM000041,AREA000052,2026,SRC000241,2026-10-03,2026年第108回選手権の都府県単位代表区分に所属。大会不参加校を含む加盟校マスター上の代表区分属性。
SAM001143,PRG000499,ASM000041,AREA000052,2026,SRC000241,2026-10-03,2026年第108回選手権の都府県単位代表区分に所属。大会不参加校を含む加盟校マスター上の代表区分属性。
SAM001144,PRG000500,ASM000041,AREA000052,2026,SRC000241,2026-10-03,2026年第108回選手権の都府県単位代表区分に所属。大会不参加校を含む加盟校マスター上の代表区分属性。
SAM001145,PRG000501,ASM000041,AREA000052,2026,SRC000241,2026-10-03,2026年第108回選手権の都府県単位代表区分に所属。大会不参加校を含む加盟校マスター上の代表区分属性。
SAM001146,PRG000502,ASM000041,AREA000052,2026,SRC000241,2026-10-03,2026年第108回選手権の都府県単位代表区分に所属。大会不参加校を含む加盟校マスター上の代表区分属性。
SAM001147,PRG000503,ASM000041,AREA000052,2026,SRC000241,2026-10-03,2026年第108回選手権の都府県単位代表区分に所属。大会不参加校を含む加盟校マスター上の代表区分属性。
SAM001148,PRG000504,ASM000041,AREA000052,2026,SRC000241,2026-10-03,2026年第108回選手権の都府県単位代表区分に所属。大会不参加校を含む加盟校マスター上の代表区分属性。
SAM001149,PRG000505,ASM000041,AREA000052,2026,SRC000241,2026-10-03,2026年第108回選手権の都府県単位代表区分に所属。大会不参加校を含む加盟校マスター上の代表区分属性。
SAM001150,PRG000506,ASM000041,AREA000052,2026,SRC000241,2026-10-03,2026年第108回選手権の都府県単位代表区分に所属。大会不参加校を含む加盟校マスター上の代表区分属性。
SAM001151,PRG000507,ASM000041,AREA000052,2026,SRC000241,2026-10-03,2026年第108回選手権の都府県単位代表区分に所属。大会不参加校を含む加盟校マスター上の代表区分属性。
SAM001152,PRG000508,ASM000041,AREA000052,2026,SRC000241,2026-10-03,2026年第108回選手権の都府県単位代表区分に所属。大会不参加校を含む加盟校マスター上の代表区分属性。
SAM001153,PRG000509,ASM000041,AREA000052,2026,SRC000241,2026-10-03,2026年第108回選手権の都府県単位代表区分に所属。大会不参加校を含む加盟校マスター上の代表区分属性。
SAM001154,PRG000510,ASM000041,AREA000052,2026,SRC000241,2026-10-03,2026年第108回選手権の都府県単位代表区分に所属。大会不参加校を含む加盟校マスター上の代表区分属性。
SAM001155,PRG000511,ASM000041,AREA000052,2026,SRC000241,2026-10-03,2026年第108回選手権の都府県単位代表区分に所属。大会不参加校を含む加盟校マスター上の代表区分属性。
SAM001156,PRG000512,ASM000041,AREA000052,2026,SRC000241,2026-10-03,2026年第108回選手権の都府県単位代表区分に所属。大会不参加校を含む加盟校マスター上の代表区分属性。
SAM001157,PRG000513,ASM000041,AREA000052,2026,SRC000241,2026-10-03,2026年第108回選手権の都府県単位代表区分に所属。大会不参加校を含む加盟校マスター上の代表区分属性。
SAM001158,PRG000514,ASM000041,AREA000052,2026,SRC000241,2026-10-03,2026年第108回選手権の都府県単位代表区分に所属。大会不参加校を含む加盟校マスター上の代表区分属性。
SAM001159,PRG000515,ASM000041,AREA000052,2026,SRC000241,2026-10-03,2026年第108回選手権の都府県単位代表区分に所属。大会不参加校を含む加盟校マスター上の代表区分属性。
SAM001160,PRG000516,ASM000041,AREA000052,2026,SRC000241,2026-10-03,2026年第108回選手権の都府県単位代表区分に所属。大会不参加校を含む加盟校マスター上の代表区分属性。
SAM001161,PRG000517,ASM000041,AREA000052,2026,SRC000241,2026-10-03,2026年第108回選手権の都府県単位代表区分に所属。大会不参加校を含む加盟校マスター上の代表区分属性。
SAM001162,PRG000518,ASM000041,AREA000052,2026,SRC000241,2026-10-03,2026年第108回選手権の都府県単位代表区分に所属。大会不参加校を含む加盟校マスター上の代表区分属性。
SAM001163,PRG000519,ASM000041,AREA000052,2026,SRC000241,2026-10-03,2026年第108回選手権の都府県単位代表区分に所属。大会不参加校を含む加盟校マスター上の代表区分属性。
SAM001164,PRG000520,ASM000041,AREA000052,2026,SRC000241,2026-10-03,2026年第108回選手権の都府県単位代表区分に所属。大会不参加校を含む加盟校マスター上の代表区分属性。
SAM001165,PRG000521,ASM000041,AREA000052,2026,SRC000241,2026-10-03,2026年第108回選手権の都府県単位代表区分に所属。大会不参加校を含む加盟校マスター上の代表区分属性。
SAM001166,PRG000522,ASM000041,AREA000052,2026,SRC000241,2026-10-03,2026年第108回選手権の都府県単位代表区分に所属。大会不参加校を含む加盟校マスター上の代表区分属性。
SAM001167,PRG000523,ASM000041,AREA000052,2026,SRC000241,2026-10-03,2026年第108回選手権の都府県単位代表区分に所属。大会不参加校を含む加盟校マスター上の代表区分属性。
SAM001168,PRG000524,ASM000041,AREA000052,2026,SRC000241,2026-10-03,2026年第108回選手権の都府県単位代表区分に所属。大会不参加校を含む加盟校マスター上の代表区分属性。
SAM001169,PRG000525,ASM000041,AREA000052,2026,SRC000241,2026-10-03,2026年第108回選手権の都府県単位代表区分に所属。大会不参加校を含む加盟校マスター上の代表区分属性。
SAM001170,PRG000526,ASM000041,AREA000052,2026,SRC000241,2026-10-03,2026年第108回選手権の都府県単位代表区分に所属。大会不参加校を含む加盟校マスター上の代表区分属性。
SAM001171,PRG000527,ASM000041,AREA000052,2026,SRC000241,2026-10-03,2026年第108回選手権の都府県単位代表区分に所属。大会不参加校を含む加盟校マスター上の代表区分属性。
SAM001172,PRG000528,ASM000041,AREA000052,2026,SRC000241,2026-10-03,2026年第108回選手権の都府県単位代表区分に所属。大会不参加校を含む加盟校マスター上の代表区分属性。
SAM001173,PRG000529,ASM000041,AREA000052,2026,SRC000241,2026-10-03,2026年第108回選手権の都府県単位代表区分に所属。大会不参加校を含む加盟校マスター上の代表区分属性。
SAM001174,PRG000530,ASM000041,AREA000052,2026,SRC000241,2026-10-03,2026年第108回選手権の都府県単位代表区分に所属。大会不参加校を含む加盟校マスター上の代表区分属性。
SAM001175,PRG000531,ASM000041,AREA000052,2026,SRC000241,2026-10-03,2026年第108回選手権の都府県単位代表区分に所属。大会不参加校を含む加盟校マスター上の代表区分属性。
SAM001176,PRG000532,ASM000041,AREA000052,2026,SRC000241,2026-10-03,2026年第108回選手権の都府県単位代表区分に所属。大会不参加校を含む加盟校マスター上の代表区分属性。
SAM001177,PRG000533,ASM000041,AREA000052,2026,SRC000241,2026-10-03,2026年第108回選手権の都府県単位代表区分に所属。大会不参加校を含む加盟校マスター上の代表区分属性。
SAM001178,PRG000534,ASM000041,AREA000052,2026,SRC000241,2026-10-03,2026年第108回選手権の都府県単位代表区分に所属。大会不参加校を含む加盟校マスター上の代表区分属性。
SAM001179,PRG000535,ASM000041,AREA000052,2026,SRC000241,2026-10-03,2026年第108回選手権の都府県単位代表区分に所属。大会不参加校を含む加盟校マスター上の代表区分属性。
SAM001180,PRG000536,ASM000041,AREA000052,2026,SRC000241,2026-10-03,2026年第108回選手権の都府県単位代表区分に所属。大会不参加校を含む加盟校マスター上の代表区分属性。
SAM001181,PRG000537,ASM000041,AREA000052,2026,SRC000241,2026-10-03,2026年第108回選手権の都府県単位代表区分に所属。大会不参加校を含む加盟校マスター上の代表区分属性。
SAM001182,PRG000538,ASM000041,AREA000052,2026,SRC000241,2026-10-03,2026年第108回選手権の都府県単位代表区分に所属。大会不参加校を含む加盟校マスター上の代表区分属性。
SAM001183,PRG000539,ASM000041,AREA000052,2026,SRC000241,2026-10-03,2026年第108回選手権の都府県単位代表区分に所属。大会不参加校を含む加盟校マスター上の代表区分属性。
SAM001184,PRG000540,ASM000041,AREA000052,2026,SRC000241,2026-10-03,2026年第108回選手権の都府県単位代表区分に所属。大会不参加校を含む加盟校マスター上の代表区分属性。
SAM001185,PRG000541,ASM000041,AREA000052,2026,SRC000241,2026-10-03,2026年第108回選手権の都府県単位代表区分に所属。大会不参加校を含む加盟校マスター上の代表区分属性。
SAM001186,PRG000542,ASM000041,AREA000052,2026,SRC000241,2026-10-03,2026年第108回選手権の都府県単位代表区分に所属。大会不参加校を含む加盟校マスター上の代表区分属性。
SAM001187,PRG000543,ASM000041,AREA000052,2026,SRC000241,2026-10-03,2026年第108回選手権の都府県単位代表区分に所属。大会不参加校を含む加盟校マスター上の代表区分属性。
SAM001188,PRG000544,ASM000041,AREA000052,2026,SRC000241,2026-10-03,2026年第108回選手権の都府県単位代表区分に所属。大会不参加校を含む加盟校マスター上の代表区分属性。
SAM001189,PRG000545,ASM000041,AREA000052,2026,SRC000241,2026-10-03,2026年第108回選手権の都府県単位代表区分に所属。大会不参加校を含む加盟校マスター上の代表区分属性。
SAM001190,PRG000546,ASM000041,AREA000052,2026,SRC000241,2026-10-03,2026年第108回選手権の都府県単位代表区分に所属。大会不参加校を含む加盟校マスター上の代表区分属性。
SAM001191,PRG000547,ASM000041,AREA000052,2026,SRC000241,2026-10-03,2026年第108回選手権の都府県単位代表区分に所属。大会不参加校を含む加盟校マスター上の代表区分属性。
SAM001192,PRG000548,ASM000041,AREA000052,2026,SRC000241,2026-10-03,2026年第108回選手権の都府県単位代表区分に所属。大会不参加校を含む加盟校マスター上の代表区分属性。
SAM001193,PRG000549,ASM000041,AREA000052,2026,SRC000241,2026-10-03,2026年第108回選手権の都府県単位代表区分に所属。大会不参加校を含む加盟校マスター上の代表区分属性。
SAM001194,PRG000550,ASM000041,AREA000052,2026,SRC000241,2026-10-03,2026年第108回選手権の都府県単位代表区分に所属。大会不参加校を含む加盟校マスター上の代表区分属性。
SAM001195,PRG000551,ASM000041,AREA000052,2026,SRC000241,2026-10-03,2026年第108回選手権の都府県単位代表区分に所属。大会不参加校を含む加盟校マスター上の代表区分属性。
SAM001196,PRG000552,ASM000041,AREA000052,2026,SRC000241,2026-10-03,2026年第108回選手権の都府県単位代表区分に所属。大会不参加校を含む加盟校マスター上の代表区分属性。
SAM001197,PRG000553,ASM000041,AREA000052,2026,SRC000241,2026-10-03,2026年第108回選手権の都府県単位代表区分に所属。大会不参加校を含む加盟校マスター上の代表区分属性。
SAM001198,PRG000554,ASM000041,AREA000052,2026,SRC000241,2026-10-03,2026年第108回選手権の都府県単位代表区分に所属。大会不参加校を含む加盟校マスター上の代表区分属性。
SAM001199,PRG000555,ASM000041,AREA000052,2026,SRC000241,2026-10-03,2026年第108回選手権の都府県単位代表区分に所属。大会不参加校を含む加盟校マスター上の代表区分属性。
SAM001200,PRG000556,ASM000041,AREA000052,2026,SRC000241,2026-10-03,2026年第108回選手権の都府県単位代表区分に所属。大会不参加校を含む加盟校マスター上の代表区分属性。
SAM001201,PRG000557,ASM000041,AREA000052,2026,SRC000241,2026-10-03,2026年第108回選手権の都府県単位代表区分に所属。大会不参加校を含む加盟校マスター上の代表区分属性。
SAM001202,PRG000558,ASM000041,AREA000052,2026,SRC000241,2026-10-03,2026年第108回選手権の都府県単位代表区分に所属。大会不参加校を含む加盟校マスター上の代表区分属性。
SAM001203,PRG000559,ASM000041,AREA000052,2026,SRC000241,2026-10-03,2026年第108回選手権の都府県単位代表区分に所属。大会不参加校を含む加盟校マスター上の代表区分属性。
SAM001204,PRG000560,ASM000041,AREA000052,2026,SRC000241,2026-10-03,2026年第108回選手権の都府県単位代表区分に所属。大会不参加校を含む加盟校マスター上の代表区分属性。
SAM001205,PRG000561,ASM000041,AREA000052,2026,SRC000241,2026-10-03,2026年第108回選手権の都府県単位代表区分に所属。大会不参加校を含む加盟校マスター上の代表区分属性。
SAM001206,PRG000562,ASM000041,AREA000052,2026,SRC000241,2026-10-03,2026年第108回選手権の都府県単位代表区分に所属。大会不参加校を含む加盟校マスター上の代表区分属性。
SAM001207,PRG000563,ASM000041,AREA000052,2026,SRC000241,2026-10-03,2026年第108回選手権の都府県単位代表区分に所属。大会不参加校を含む加盟校マスター上の代表区分属性。
SAM001208,PRG000564,ASM000041,AREA000052,2026,SRC000241,2026-10-03,2026年第108回選手権の都府県単位代表区分に所属。大会不参加校を含む加盟校マスター上の代表区分属性。
SAM001209,PRG000565,ASM000041,AREA000052,2026,SRC000241,2026-10-03,2026年第108回選手権の都府県単位代表区分に所属。大会不参加校を含む加盟校マスター上の代表区分属性。
SAM001210,PRG000566,ASM000041,AREA000052,2026,SRC000241,2026-10-03,2026年第108回選手権の都府県単位代表区分に所属。大会不参加校を含む加盟校マスター上の代表区分属性。
SAM001211,PRG000567,ASM000041,AREA000052,2026,SRC000241,2026-10-03,2026年第108回選手権の都府県単位代表区分に所属。大会不参加校を含む加盟校マスター上の代表区分属性。
SAM001212,PRG000568,ASM000041,AREA000052,2026,SRC000241,2026-10-03,2026年第108回選手権の都府県単位代表区分に所属。大会不参加校を含む加盟校マスター上の代表区分属性。
SAM001213,PRG000569,ASM000041,AREA000052,2026,SRC000241,2026-10-03,2026年第108回選手権の都府県単位代表区分に所属。大会不参加校を含む加盟校マスター上の代表区分属性。
SAM001214,PRG000570,ASM000041,AREA000052,2026,SRC000241,2026-10-03,2026年第108回選手権の都府県単位代表区分に所属。大会不参加校を含む加盟校マスター上の代表区分属性。
SAM001215,PRG000571,ASM000041,AREA000052,2026,SRC000241,2026-10-03,2026年第108回選手権の都府県単位代表区分に所属。大会不参加校を含む加盟校マスター上の代表区分属性。
SAM001216,PRG000572,ASM000041,AREA000052,2026,SRC000241,2026-10-03,2026年第108回選手権の都府県単位代表区分に所属。大会不参加校を含む加盟校マスター上の代表区分属性。
SAM001217,PRG000573,ASM000041,AREA000052,2026,SRC000241,2026-10-03,2026年第108回選手権の都府県単位代表区分に所属。大会不参加校を含む加盟校マスター上の代表区分属性。
SAM001218,PRG000574,ASM000041,AREA000052,2026,SRC000241,2026-10-03,2026年第108回選手権の都府県単位代表区分に所属。大会不参加校を含む加盟校マスター上の代表区分属性。
SAM001219,PRG000575,ASM000041,AREA000052,2026,SRC000241,2026-10-03,2026年第108回選手権の都府県単位代表区分に所属。大会不参加校を含む加盟校マスター上の代表区分属性。
SAM001220,PRG000576,ASM000041,AREA000052,2026,SRC000241,2026-10-03,2026年第108回選手権の都府県単位代表区分に所属。大会不参加校を含む加盟校マスター上の代表区分属性。
SAM001221,PRG000577,ASM000041,AREA000052,2026,SRC000241,2026-10-03,2026年第108回選手権の都府県単位代表区分に所属。大会不参加校を含む加盟校マスター上の代表区分属性。
SAM001222,PRG000578,ASM000041,AREA000052,2026,SRC000241,2026-10-03,2026年第108回選手権の都府県単位代表区分に所属。大会不参加校を含む加盟校マスター上の代表区分属性。
SAM001223,PRG000579,ASM000041,AREA000052,2026,SRC000241,2026-10-03,2026年第108回選手権の都府県単位代表区分に所属。大会不参加校を含む加盟校マスター上の代表区分属性。
SAM001224,PRG000580,ASM000041,AREA000052,2026,SRC000241,2026-10-03,2026年第108回選手権の都府県単位代表区分に所属。大会不参加校を含む加盟校マスター上の代表区分属性。
SAM001225,PRG000581,ASM000041,AREA000052,2026,SRC000241,2026-10-03,2026年第108回選手権の都府県単位代表区分に所属。大会不参加校を含む加盟校マスター上の代表区分属性。
SAM001226,PRG000582,ASM000041,AREA000052,2026,SRC000241,2026-10-03,2026年第108回選手権の都府県単位代表区分に所属。大会不参加校を含む加盟校マスター上の代表区分属性。
SAM001227,PRG000583,ASM000041,AREA000052,2026,SRC000241,2026-10-03,2026年第108回選手権の都府県単位代表区分に所属。大会不参加校を含む加盟校マスター上の代表区分属性。
SAM001228,PRG000584,ASM000041,AREA000052,2026,SRC000241,2026-10-03,2026年第108回選手権の都府県単位代表区分に所属。大会不参加校を含む加盟校マスター上の代表区分属性。
SAM001229,PRG000585,ASM000041,AREA000052,2026,SRC000241,2026-10-03,2026年第108回選手権の都府県単位代表区分に所属。大会不参加校を含む加盟校マスター上の代表区分属性。
SAM001230,PRG000586,ASM000041,AREA000052,2026,SRC000241,2026-10-03,2026年第108回選手権の都府県単位代表区分に所属。大会不参加校を含む加盟校マスター上の代表区分属性。
SAM001231,PRG000587,ASM000041,AREA000052,2026,SRC000241,2026-10-03,2026年第108回選手権の都府県単位代表区分に所属。大会不参加校を含む加盟校マスター上の代表区分属性。
SAM001232,PRG000588,ASM000041,AREA000052,2026,SRC000241,2026-10-03,2026年第108回選手権の都府県単位代表区分に所属。大会不参加校を含む加盟校マスター上の代表区分属性。
SAM001233,PRG000589,ASM000041,AREA000052,2026,SRC000241,2026-10-03,2026年第108回選手権の都府県単位代表区分に所属。大会不参加校を含む加盟校マスター上の代表区分属性。
SAM001234,PRG000590,ASM000041,AREA000052,2026,SRC000241,2026-10-03,2026年第108回選手権の都府県単位代表区分に所属。大会不参加校を含む加盟校マスター上の代表区分属性。
SAM001235,PRG000591,ASM000041,AREA000052,2026,SRC000241,2026-10-03,2026年第108回選手権の都府県単位代表区分に所属。大会不参加校を含む加盟校マスター上の代表区分属性。
SAM001236,PRG000592,ASM000041,AREA000052,2026,SRC000241,2026-10-03,2026年第108回選手権の都府県単位代表区分に所属。大会不参加校を含む加盟校マスター上の代表区分属性。
SAM001237,PRG000593,ASM000041,AREA000052,2026,SRC000241,2026-10-03,2026年第108回選手権の都府県単位代表区分に所属。大会不参加校を含む加盟校マスター上の代表区分属性。
SAM001238,PRG000594,ASM000041,AREA000052,2026,SRC000241,2026-10-03,2026年第108回選手権の都府県単位代表区分に所属。大会不参加校を含む加盟校マスター上の代表区分属性。
SAM001239,PRG000595,ASM000041,AREA000052,2026,SRC000241,2026-10-03,2026年第108回選手権の都府県単位代表区分に所属。大会不参加校を含む加盟校マスター上の代表区分属性。
SAM001240,PRG000596,ASM000041,AREA000052,2026,SRC000241,2026-10-03,2026年第108回選手権の都府県単位代表区分に所属。大会不参加校を含む加盟校マスター上の代表区分属性。
SAM001241,PRG000597,ASM000041,AREA000052,2026,SRC000241,2026-10-03,2026年第108回選手権の都府県単位代表区分に所属。大会不参加校を含む加盟校マスター上の代表区分属性。
SAM001242,PRG000598,ASM000041,AREA000052,2026,SRC000241,2026-10-03,2026年第108回選手権の都府県単位代表区分に所属。大会不参加校を含む加盟校マスター上の代表区分属性。
SAM001243,PRG000599,ASM000041,AREA000052,2026,SRC000241,2026-10-03,2026年第108回選手権の都府県単位代表区分に所属。大会不参加校を含む加盟校マスター上の代表区分属性。
SAM001244,PRG000600,ASM000041,AREA000052,2026,SRC000241,2026-10-03,2026年第108回選手権の都府県単位代表区分に所属。大会不参加校を含む加盟校マスター上の代表区分属性。
SAM001245,PRG000601,ASM000041,AREA000052,2026,SRC000241,2026-10-03,2026年第108回選手権の都府県単位代表区分に所属。大会不参加校を含む加盟校マスター上の代表区分属性。
SAM001246,PRG000602,ASM000041,AREA000052,2026,SRC000241,2026-10-03,2026年第108回選手権の都府県単位代表区分に所属。大会不参加校を含む加盟校マスター上の代表区分属性。
SAM001247,PRG000603,ASM000041,AREA000052,2026,SRC000241,2026-10-03,2026年第108回選手権の都府県単位代表区分に所属。大会不参加校を含む加盟校マスター上の代表区分属性。
SAM001248,PRG000604,ASM000041,AREA000052,2026,SRC000241,2026-10-03,2026年第108回選手権の都府県単位代表区分に所属。大会不参加校を含む加盟校マスター上の代表区分属性。
SAM001249,PRG000605,ASM000041,AREA000052,2026,SRC000241,2026-10-03,2026年第108回選手権の都府県単位代表区分に所属。大会不参加校を含む加盟校マスター上の代表区分属性。
SAM001250,PRG000606,ASM000041,AREA000052,2026,SRC000241,2026-10-03,2026年第108回選手権の都府県単位代表区分に所属。大会不参加校を含む加盟校マスター上の代表区分属性。
SAM001251,PRG000607,ASM000041,AREA000052,2026,SRC000241,2026-10-03,2026年第108回選手権の都府県単位代表区分に所属。大会不参加校を含む加盟校マスター上の代表区分属性。
SAM001252,PRG000608,ASM000041,AREA000052,2026,SRC000241,2026-10-03,2026年第108回選手権の都府県単位代表区分に所属。大会不参加校を含む加盟校マスター上の代表区分属性。
SAM001253,PRG000609,ASM000041,AREA000052,2026,SRC000241,2026-10-03,2026年第108回選手権の都府県単位代表区分に所属。大会不参加校を含む加盟校マスター上の代表区分属性。
SAM001254,PRG000610,ASM000041,AREA000052,2026,SRC000241,2026-10-03,2026年第108回選手権の都府県単位代表区分に所属。大会不参加校を含む加盟校マスター上の代表区分属性。
SAM001255,PRG000611,ASM000041,AREA000052,2026,SRC000241,2026-10-03,2026年第108回選手権の都府県単位代表区分に所属。大会不参加校を含む加盟校マスター上の代表区分属性。
SAM001256,PRG000612,ASM000041,AREA000052,2026,SRC000241,2026-10-03,2026年第108回選手権の都府県単位代表区分に所属。大会不参加校を含む加盟校マスター上の代表区分属性。
SAM001257,PRG000613,ASM000041,AREA000052,2026,SRC000241,2026-10-03,2026年第108回選手権の都府県単位代表区分に所属。大会不参加校を含む加盟校マスター上の代表区分属性。
SAM001258,PRG000614,ASM000041,AREA000052,2026,SRC000241,2026-10-03,2026年第108回選手権の都府県単位代表区分に所属。大会不参加校を含む加盟校マスター上の代表区分属性。
SAM001259,PRG000615,ASM000041,AREA000052,2026,SRC000241,2026-10-03,2026年第108回選手権の都府県単位代表区分に所属。大会不参加校を含む加盟校マスター上の代表区分属性。
SAM001260,PRG000616,ASM000041,AREA000052,2026,SRC000241,2026-10-03,2026年第108回選手権の都府県単位代表区分に所属。大会不参加校を含む加盟校マスター上の代表区分属性。
SAM001261,PRG000617,ASM000041,AREA000052,2026,SRC000241,2026-10-03,2026年第108回選手権の都府県単位代表区分に所属。大会不参加校を含む加盟校マスター上の代表区分属性。
SAM001262,PRG000618,ASM000041,AREA000052,2026,SRC000241,2026-10-03,2026年第108回選手権の都府県単位代表区分に所属。大会不参加校を含む加盟校マスター上の代表区分属性。
SAM001263,PRG000619,ASM000041,AREA000052,2026,SRC000241,2026-10-03,2026年第108回選手権の都府県単位代表区分に所属。大会不参加校を含む加盟校マスター上の代表区分属性。
SAM001264,PRG000620,ASM000041,AREA000052,2026,SRC000241,2026-10-03,2026年第108回選手権の都府県単位代表区分に所属。大会不参加校を含む加盟校マスター上の代表区分属性。
SAM001265,PRG000621,ASM000041,AREA000052,2026,SRC000241,2026-10-03,2026年第108回選手権の都府県単位代表区分に所属。大会不参加校を含む加盟校マスター上の代表区分属性。
SAM001266,PRG000622,ASM000041,AREA000052,2026,SRC000241,2026-10-03,2026年第108回選手権の都府県単位代表区分に所属。大会不参加校を含む加盟校マスター上の代表区分属性。
SAM001267,PRG000623,ASM000041,AREA000052,2026,SRC000241,2026-10-03,2026年第108回選手権の都府県単位代表区分に所属。大会不参加校を含む加盟校マスター上の代表区分属性。
SAM001268,PRG000624,ASM000041,AREA000052,2026,SRC000241,2026-10-03,2026年第108回選手権の都府県単位代表区分に所属。大会不参加校を含む加盟校マスター上の代表区分属性。
SAM001269,PRG000625,ASM000041,AREA000052,2026,SRC000241,2026-10-03,2026年第108回選手権の都府県単位代表区分に所属。大会不参加校を含む加盟校マスター上の代表区分属性。
SAM001270,PRG000626,ASM000041,AREA000052,2026,SRC000241,2026-10-03,2026年第108回選手権の都府県単位代表区分に所属。大会不参加校を含む加盟校マスター上の代表区分属性。
SAM001271,PRG000627,ASM000041,AREA000052,2026,SRC000241,2026-10-03,2026年第108回選手権の都府県単位代表区分に所属。大会不参加校を含む加盟校マスター上の代表区分属性。
SAM001272,PRG000628,ASM000041,AREA000052,2026,SRC000241,2026-10-03,2026年第108回選手権の都府県単位代表区分に所属。大会不参加校を含む加盟校マスター上の代表区分属性。
SAM001273,PRG000629,ASM000041,AREA000052,2026,SRC000241,2026-10-03,2026年第108回選手権の都府県単位代表区分に所属。大会不参加校を含む加盟校マスター上の代表区分属性。
SAM001274,PRG000630,ASM000041,AREA000052,2026,SRC000241,2026-10-03,2026年第108回選手権の都府県単位代表区分に所属。大会不参加校を含む加盟校マスター上の代表区分属性。
SAM001275,PRG000631,ASM000041,AREA000052,2026,SRC000241,2026-10-03,2026年第108回選手権の都府県単位代表区分に所属。大会不参加校を含む加盟校マスター上の代表区分属性。
SAM001276,PRG000632,ASM000041,AREA000052,2026,SRC000241,2026-10-03,2026年第108回選手権の都府県単位代表区分に所属。大会不参加校を含む加盟校マスター上の代表区分属性。
SAM001277,PRG000633,ASM000041,AREA000052,2026,SRC000241,2026-10-03,2026年第108回選手権の都府県単位代表区分に所属。大会不参加校を含む加盟校マスター上の代表区分属性。
SAM001278,PRG000634,ASM000041,AREA000052,2026,SRC000241,2026-10-03,2026年第108回選手権の都府県単位代表区分に所属。大会不参加校を含む加盟校マスター上の代表区分属性。
SAM001279,PRG000904,ASM000014,AREA000025,2026,SRC000241,2026-10-03,2026年第108回選手権の都府県単位代表区分に所属。大会不参加校を含む加盟校マスター上の代表区分属性。
SAM001280,PRG000905,ASM000014,AREA000025,2026,SRC000241,2026-10-03,2026年第108回選手権の都府県単位代表区分に所属。大会不参加校を含む加盟校マスター上の代表区分属性。
SAM001281,PRG000906,ASM000014,AREA000025,2026,SRC000241,2026-10-03,2026年第108回選手権の都府県単位代表区分に所属。大会不参加校を含む加盟校マスター上の代表区分属性。
SAM001282,PRG000907,ASM000014,AREA000025,2026,SRC000241,2026-10-03,2026年第108回選手権の都府県単位代表区分に所属。大会不参加校を含む加盟校マスター上の代表区分属性。
SAM001283,PRG000908,ASM000014,AREA000025,2026,SRC000241,2026-10-03,2026年第108回選手権の都府県単位代表区分に所属。大会不参加校を含む加盟校マスター上の代表区分属性。
SAM001284,PRG000909,ASM000014,AREA000025,2026,SRC000241,2026-10-03,2026年第108回選手権の都府県単位代表区分に所属。大会不参加校を含む加盟校マスター上の代表区分属性。
SAM001285,PRG000910,ASM000014,AREA000025,2026,SRC000241,2026-10-03,2026年第108回選手権の都府県単位代表区分に所属。大会不参加校を含む加盟校マスター上の代表区分属性。
SAM001286,PRG000911,ASM000014,AREA000025,2026,SRC000241,2026-10-03,2026年第108回選手権の都府県単位代表区分に所属。大会不参加校を含む加盟校マスター上の代表区分属性。
SAM001287,PRG000912,ASM000014,AREA000025,2026,SRC000241,2026-10-03,2026年第108回選手権の都府県単位代表区分に所属。大会不参加校を含む加盟校マスター上の代表区分属性。
SAM001288,PRG000913,ASM000014,AREA000025,2026,SRC000241,2026-10-03,2026年第108回選手権の都府県単位代表区分に所属。大会不参加校を含む加盟校マスター上の代表区分属性。
SAM001289,PRG000914,ASM000014,AREA000025,2026,SRC000241,2026-10-03,2026年第108回選手権の都府県単位代表区分に所属。大会不参加校を含む加盟校マスター上の代表区分属性。
SAM001290,PRG000915,ASM000014,AREA000025,2026,SRC000241,2026-10-03,2026年第108回選手権の都府県単位代表区分に所属。大会不参加校を含む加盟校マスター上の代表区分属性。
SAM001291,PRG000916,ASM000014,AREA000025,2026,SRC000241,2026-10-03,2026年第108回選手権の都府県単位代表区分に所属。大会不参加校を含む加盟校マスター上の代表区分属性。
SAM001292,PRG000917,ASM000014,AREA000025,2026,SRC000241,2026-10-03,2026年第108回選手権の都府県単位代表区分に所属。大会不参加校を含む加盟校マスター上の代表区分属性。
SAM001293,PRG000918,ASM000014,AREA000025,2026,SRC000241,2026-10-03,2026年第108回選手権の都府県単位代表区分に所属。大会不参加校を含む加盟校マスター上の代表区分属性。
SAM001294,PRG000919,ASM000014,AREA000025,2026,SRC000241,2026-10-03,2026年第108回選手権の都府県単位代表区分に所属。大会不参加校を含む加盟校マスター上の代表区分属性。
SAM001295,PRG000920,ASM000014,AREA000025,2026,SRC000241,2026-10-03,2026年第108回選手権の都府県単位代表区分に所属。大会不参加校を含む加盟校マスター上の代表区分属性。
SAM001296,PRG000921,ASM000014,AREA000025,2026,SRC000241,2026-10-03,2026年第108回選手権の都府県単位代表区分に所属。大会不参加校を含む加盟校マスター上の代表区分属性。
SAM001297,PRG000922,ASM000014,AREA000025,2026,SRC000241,2026-10-03,2026年第108回選手権の都府県単位代表区分に所属。大会不参加校を含む加盟校マスター上の代表区分属性。
SAM001298,PRG000923,ASM000014,AREA000025,2026,SRC000241,2026-10-03,2026年第108回選手権の都府県単位代表区分に所属。大会不参加校を含む加盟校マスター上の代表区分属性。
SAM001299,PRG000924,ASM000014,AREA000025,2026,SRC000241,2026-10-03,2026年第108回選手権の都府県単位代表区分に所属。大会不参加校を含む加盟校マスター上の代表区分属性。
SAM001300,PRG000925,ASM000014,AREA000025,2026,SRC000241,2026-10-03,2026年第108回選手権の都府県単位代表区分に所属。大会不参加校を含む加盟校マスター上の代表区分属性。
SAM001301,PRG000926,ASM000014,AREA000025,2026,SRC000241,2026-10-03,2026年第108回選手権の都府県単位代表区分に所属。大会不参加校を含む加盟校マスター上の代表区分属性。
SAM001302,PRG000927,ASM000014,AREA000025,2026,SRC000241,2026-10-03,2026年第108回選手権の都府県単位代表区分に所属。大会不参加校を含む加盟校マスター上の代表区分属性。
SAM001303,PRG000928,ASM000014,AREA000025,2026,SRC000241,2026-10-03,2026年第108回選手権の都府県単位代表区分に所属。大会不参加校を含む加盟校マスター上の代表区分属性。
SAM001304,PRG000929,ASM000014,AREA000025,2026,SRC000241,2026-10-03,2026年第108回選手権の都府県単位代表区分に所属。大会不参加校を含む加盟校マスター上の代表区分属性。
SAM001305,PRG000930,ASM000014,AREA000025,2026,SRC000241,2026-10-03,2026年第108回選手権の都府県単位代表区分に所属。大会不参加校を含む加盟校マスター上の代表区分属性。
SAM001306,PRG000931,ASM000014,AREA000025,2026,SRC000241,2026-10-03,2026年第108回選手権の都府県単位代表区分に所属。大会不参加校を含む加盟校マスター上の代表区分属性。
SAM001307,PRG000932,ASM000014,AREA000025,2026,SRC000241,2026-10-03,2026年第108回選手権の都府県単位代表区分に所属。大会不参加校を含む加盟校マスター上の代表区分属性。
SAM001308,PRG000933,ASM000014,AREA000025,2026,SRC000241,2026-10-03,2026年第108回選手権の都府県単位代表区分に所属。大会不参加校を含む加盟校マスター上の代表区分属性。
SAM001309,PRG000934,ASM000014,AREA000025,2026,SRC000241,2026-10-03,2026年第108回選手権の都府県単位代表区分に所属。大会不参加校を含む加盟校マスター上の代表区分属性。
SAM001310,PRG000935,ASM000014,AREA000025,2026,SRC000241,2026-10-03,2026年第108回選手権の都府県単位代表区分に所属。大会不参加校を含む加盟校マスター上の代表区分属性。
SAM001311,PRG000936,ASM000014,AREA000025,2026,SRC000241,2026-10-03,2026年第108回選手権の都府県単位代表区分に所属。大会不参加校を含む加盟校マスター上の代表区分属性。
SAM001312,PRG000937,ASM000014,AREA000025,2026,SRC000241,2026-10-03,2026年第108回選手権の都府県単位代表区分に所属。大会不参加校を含む加盟校マスター上の代表区分属性。
SAM001313,PRG000938,ASM000014,AREA000025,2026,SRC000241,2026-10-03,2026年第108回選手権の都府県単位代表区分に所属。大会不参加校を含む加盟校マスター上の代表区分属性。
SAM001314,PRG000939,ASM000014,AREA000025,2026,SRC000241,2026-10-03,2026年第108回選手権の都府県単位代表区分に所属。大会不参加校を含む加盟校マスター上の代表区分属性。
SAM001315,PRG000940,ASM000014,AREA000025,2026,SRC000241,2026-10-03,2026年第108回選手権の都府県単位代表区分に所属。大会不参加校を含む加盟校マスター上の代表区分属性。
SAM001316,PRG000941,ASM000014,AREA000025,2026,SRC000241,2026-10-03,2026年第108回選手権の都府県単位代表区分に所属。大会不参加校を含む加盟校マスター上の代表区分属性。
SAM001317,PRG000942,ASM000014,AREA000025,2026,SRC000241,2026-10-03,2026年第108回選手権の都府県単位代表区分に所属。大会不参加校を含む加盟校マスター上の代表区分属性。
SAM001318,PRG000943,ASM000014,AREA000025,2026,SRC000241,2026-10-03,2026年第108回選手権の都府県単位代表区分に所属。大会不参加校を含む加盟校マスター上の代表区分属性。
SAM001319,PRG000944,ASM000014,AREA000025,2026,SRC000241,2026-10-03,2026年第108回選手権の都府県単位代表区分に所属。大会不参加校を含む加盟校マスター上の代表区分属性。
SAM001320,PRG000945,ASM000014,AREA000025,2026,SRC000241,2026-10-03,2026年第108回選手権の都府県単位代表区分に所属。大会不参加校を含む加盟校マスター上の代表区分属性。
SAM001321,PRG000946,ASM000014,AREA000025,2026,SRC000241,2026-10-03,2026年第108回選手権の都府県単位代表区分に所属。大会不参加校を含む加盟校マスター上の代表区分属性。
SAM001322,PRG000947,ASM000014,AREA000025,2026,SRC000241,2026-10-03,2026年第108回選手権の都府県単位代表区分に所属。大会不参加校を含む加盟校マスター上の代表区分属性。
SAM001323,PRG000948,ASM000014,AREA000025,2026,SRC000241,2026-10-03,2026年第108回選手権の都府県単位代表区分に所属。大会不参加校を含む加盟校マスター上の代表区分属性。
SAM001324,PRG000949,ASM000014,AREA000025,2026,SRC000241,2026-10-03,2026年第108回選手権の都府県単位代表区分に所属。大会不参加校を含む加盟校マスター上の代表区分属性。
SAM001325,PRG000950,ASM000014,AREA000025,2026,SRC000241,2026-10-03,2026年第108回選手権の都府県単位代表区分に所属。大会不参加校を含む加盟校マスター上の代表区分属性。
SAM001326,PRG000951,ASM000014,AREA000025,2026,SRC000241,2026-10-03,2026年第108回選手権の都府県単位代表区分に所属。大会不参加校を含む加盟校マスター上の代表区分属性。
SAM001327,PRG000952,ASM000014,AREA000025,2026,SRC000241,2026-10-03,2026年第108回選手権の都府県単位代表区分に所属。大会不参加校を含む加盟校マスター上の代表区分属性。
SAM001328,PRG000953,ASM000014,AREA000025,2026,SRC000241,2026-10-03,2026年第108回選手権の都府県単位代表区分に所属。大会不参加校を含む加盟校マスター上の代表区分属性。
SAM001329,PRG000954,ASM000014,AREA000025,2026,SRC000241,2026-10-03,2026年第108回選手権の都府県単位代表区分に所属。大会不参加校を含む加盟校マスター上の代表区分属性。
SAM001330,PRG000955,ASM000014,AREA000025,2026,SRC000241,2026-10-03,2026年第108回選手権の都府県単位代表区分に所属。大会不参加校を含む加盟校マスター上の代表区分属性。
SAM001331,PRG000956,ASM000014,AREA000025,2026,SRC000241,2026-10-03,2026年第108回選手権の都府県単位代表区分に所属。大会不参加校を含む加盟校マスター上の代表区分属性。
SAM001332,PRG000957,ASM000014,AREA000025,2026,SRC000241,2026-10-03,2026年第108回選手権の都府県単位代表区分に所属。大会不参加校を含む加盟校マスター上の代表区分属性。
SAM001333,PRG000958,ASM000014,AREA000025,2026,SRC000241,2026-10-03,2026年第108回選手権の都府県単位代表区分に所属。大会不参加校を含む加盟校マスター上の代表区分属性。
SAM001334,PRG000959,ASM000014,AREA000025,2026,SRC000241,2026-10-03,2026年第108回選手権の都府県単位代表区分に所属。大会不参加校を含む加盟校マスター上の代表区分属性。
SAM001335,PRG000960,ASM000014,AREA000025,2026,SRC000241,2026-10-03,2026年第108回選手権の都府県単位代表区分に所属。大会不参加校を含む加盟校マスター上の代表区分属性。
SAM001336,PRG000961,ASM000014,AREA000025,2026,SRC000241,2026-10-03,2026年第108回選手権の都府県単位代表区分に所属。大会不参加校を含む加盟校マスター上の代表区分属性。
SAM001337,PRG000962,ASM000014,AREA000025,2026,SRC000241,2026-10-03,2026年第108回選手権の都府県単位代表区分に所属。大会不参加校を含む加盟校マスター上の代表区分属性。
SAM001338,PRG000963,ASM000014,AREA000025,2026,SRC000241,2026-10-03,2026年第108回選手権の都府県単位代表区分に所属。大会不参加校を含む加盟校マスター上の代表区分属性。
SAM001339,PRG000964,ASM000014,AREA000025,2026,SRC000241,2026-10-03,2026年第108回選手権の都府県単位代表区分に所属。大会不参加校を含む加盟校マスター上の代表区分属性。
SAM001340,PRG000965,ASM000014,AREA000025,2026,SRC000241,2026-10-03,2026年第108回選手権の都府県単位代表区分に所属。大会不参加校を含む加盟校マスター上の代表区分属性。
SAM001341,PRG000966,ASM000014,AREA000025,2026,SRC000241,2026-10-03,2026年第108回選手権の都府県単位代表区分に所属。大会不参加校を含む加盟校マスター上の代表区分属性。
SAM001342,PRG000967,ASM000014,AREA000025,2026,SRC000241,2026-10-03,2026年第108回選手権の都府県単位代表区分に所属。大会不参加校を含む加盟校マスター上の代表区分属性。
SAM001343,PRG000968,ASM000014,AREA000025,2026,SRC000241,2026-10-03,2026年第108回選手権の都府県単位代表区分に所属。大会不参加校を含む加盟校マスター上の代表区分属性。
SAM001344,PRG000969,ASM000014,AREA000025,2026,SRC000241,2026-10-03,2026年第108回選手権の都府県単位代表区分に所属。大会不参加校を含む加盟校マスター上の代表区分属性。
SAM001345,PRG000970,ASM000014,AREA000025,2026,SRC000241,2026-10-03,2026年第108回選手権の都府県単位代表区分に所属。大会不参加校を含む加盟校マスター上の代表区分属性。
SAM001346,PRG000971,ASM000014,AREA000025,2026,SRC000241,2026-10-03,2026年第108回選手権の都府県単位代表区分に所属。大会不参加校を含む加盟校マスター上の代表区分属性。
SAM001347,PRG000972,ASM000014,AREA000025,2026,SRC000241,2026-10-03,2026年第108回選手権の都府県単位代表区分に所属。大会不参加校を含む加盟校マスター上の代表区分属性。
SAM001348,PRG000973,ASM000014,AREA000025,2026,SRC000241,2026-10-03,2026年第108回選手権の都府県単位代表区分に所属。大会不参加校を含む加盟校マスター上の代表区分属性。
SAM001349,PRG000974,ASM000014,AREA000025,2026,SRC000241,2026-10-03,2026年第108回選手権の都府県単位代表区分に所属。大会不参加校を含む加盟校マスター上の代表区分属性。
SAM001350,PRG000975,ASM000014,AREA000025,2026,SRC000241,2026-10-03,2026年第108回選手権の都府県単位代表区分に所属。大会不参加校を含む加盟校マスター上の代表区分属性。
SAM001351,PRG000976,ASM000014,AREA000025,2026,SRC000241,2026-10-03,2026年第108回選手権の都府県単位代表区分に所属。大会不参加校を含む加盟校マスター上の代表区分属性。
SAM001352,PRG000977,ASM000014,AREA000025,2026,SRC000241,2026-10-03,2026年第108回選手権の都府県単位代表区分に所属。大会不参加校を含む加盟校マスター上の代表区分属性。
SAM001353,PRG000978,ASM000014,AREA000025,2026,SRC000241,2026-10-03,2026年第108回選手権の都府県単位代表区分に所属。大会不参加校を含む加盟校マスター上の代表区分属性。
SAM001354,PRG000979,ASM000014,AREA000025,2026,SRC000241,2026-10-03,2026年第108回選手権の都府県単位代表区分に所属。大会不参加校を含む加盟校マスター上の代表区分属性。
SAM001355,PRG000980,ASM000014,AREA000025,2026,SRC000241,2026-10-03,2026年第108回選手権の都府県単位代表区分に所属。大会不参加校を含む加盟校マスター上の代表区分属性。
SAM001356,PRG000981,ASM000014,AREA000025,2026,SRC000241,2026-10-03,2026年第108回選手権の都府県単位代表区分に所属。大会不参加校を含む加盟校マスター上の代表区分属性。
SAM001357,PRG000982,ASM000014,AREA000025,2026,SRC000241,2026-10-03,2026年第108回選手権の都府県単位代表区分に所属。大会不参加校を含む加盟校マスター上の代表区分属性。
SAM001358,PRG000983,ASM000014,AREA000025,2026,SRC000241,2026-10-03,2026年第108回選手権の都府県単位代表区分に所属。大会不参加校を含む加盟校マスター上の代表区分属性。
SAM001359,PRG000984,ASM000014,AREA000025,2026,SRC000241,2026-10-03,2026年第108回選手権の都府県単位代表区分に所属。大会不参加校を含む加盟校マスター上の代表区分属性。
SAM001360,PRG000985,ASM000014,AREA000025,2026,SRC000241,2026-10-03,2026年第108回選手権の都府県単位代表区分に所属。大会不参加校を含む加盟校マスター上の代表区分属性。
SAM001361,PRG000986,ASM000014,AREA000025,2026,SRC000241,2026-10-03,2026年第108回選手権の都府県単位代表区分に所属。大会不参加校を含む加盟校マスター上の代表区分属性。
SAM001362,PRG000987,ASM000014,AREA000025,2026,SRC000241,2026-10-03,2026年第108回選手権の都府県単位代表区分に所属。大会不参加校を含む加盟校マスター上の代表区分属性。
SAM001363,PRG000988,ASM000014,AREA000025,2026,SRC000241,2026-10-03,2026年第108回選手権の都府県単位代表区分に所属。大会不参加校を含む加盟校マスター上の代表区分属性。
SAM001364,PRG000989,ASM000014,AREA000025,2026,SRC000241,2026-10-03,2026年第108回選手権の都府県単位代表区分に所属。大会不参加校を含む加盟校マスター上の代表区分属性。
SAM001365,PRG000990,ASM000014,AREA000025,2026,SRC000241,2026-10-03,2026年第108回選手権の都府県単位代表区分に所属。大会不参加校を含む加盟校マスター上の代表区分属性。
SAM001366,PRG000991,ASM000014,AREA000025,2026,SRC000241,2026-10-03,2026年第108回選手権の都府県単位代表区分に所属。大会不参加校を含む加盟校マスター上の代表区分属性。
SAM001367,PRG000992,ASM000014,AREA000025,2026,SRC000241,2026-10-03,2026年第108回選手権の都府県単位代表区分に所属。大会不参加校を含む加盟校マスター上の代表区分属性。
SAM001368,PRG000993,ASM000014,AREA000025,2026,SRC000241,2026-10-03,2026年第108回選手権の都府県単位代表区分に所属。大会不参加校を含む加盟校マスター上の代表区分属性。
SAM001369,PRG000994,ASM000014,AREA000025,2026,SRC000241,2026-10-03,2026年第108回選手権の都府県単位代表区分に所属。大会不参加校を含む加盟校マスター上の代表区分属性。
SAM001370,PRG000995,ASM000014,AREA000025,2026,SRC000241,2026-10-03,2026年第108回選手権の都府県単位代表区分に所属。大会不参加校を含む加盟校マスター上の代表区分属性。
SAM001371,PRG000996,ASM000014,AREA000025,2026,SRC000241,2026-10-03,2026年第108回選手権の都府県単位代表区分に所属。大会不参加校を含む加盟校マスター上の代表区分属性。
SAM001372,PRG000997,ASM000014,AREA000025,2026,SRC000241,2026-10-03,2026年第108回選手権の都府県単位代表区分に所属。大会不参加校を含む加盟校マスター上の代表区分属性。
SAM001373,PRG000998,ASM000014,AREA000025,2026,SRC000241,2026-10-03,2026年第108回選手権の都府県単位代表区分に所属。大会不参加校を含む加盟校マスター上の代表区分属性。
SAM001374,PRG000999,ASM000014,AREA000025,2026,SRC000241,2026-10-03,2026年第108回選手権の都府県単位代表区分に所属。大会不参加校を含む加盟校マスター上の代表区分属性。
SAM001375,PRG001000,ASM000014,AREA000025,2026,SRC000241,2026-10-03,2026年第108回選手権の都府県単位代表区分に所属。大会不参加校を含む加盟校マスター上の代表区分属性。
SAM001376,PRG001001,ASM000014,AREA000025,2026,SRC000241,2026-10-03,2026年第108回選手権の都府県単位代表区分に所属。大会不参加校を含む加盟校マスター上の代表区分属性。
SAM001377,PRG001002,ASM000014,AREA000025,2026,SRC000241,2026-10-03,2026年第108回選手権の都府県単位代表区分に所属。大会不参加校を含む加盟校マスター上の代表区分属性。
SAM001378,PRG001003,ASM000014,AREA000025,2026,SRC000241,2026-10-03,2026年第108回選手権の都府県単位代表区分に所属。大会不参加校を含む加盟校マスター上の代表区分属性。
SAM001379,PRG001004,ASM000014,AREA000025,2026,SRC000241,2026-10-03,2026年第108回選手権の都府県単位代表区分に所属。大会不参加校を含む加盟校マスター上の代表区分属性。
SAM001380,PRG001005,ASM000014,AREA000025,2026,SRC000241,2026-10-03,2026年第108回選手権の都府県単位代表区分に所属。大会不参加校を含む加盟校マスター上の代表区分属性。
SAM001381,PRG001006,ASM000014,AREA000025,2026,SRC000241,2026-10-03,2026年第108回選手権の都府県単位代表区分に所属。大会不参加校を含む加盟校マスター上の代表区分属性。
SAM001382,PRG001007,ASM000014,AREA000025,2026,SRC000241,2026-10-03,2026年第108回選手権の都府県単位代表区分に所属。大会不参加校を含む加盟校マスター上の代表区分属性。
SAM001383,PRG001008,ASM000014,AREA000025,2026,SRC000241,2026-10-03,2026年第108回選手権の都府県単位代表区分に所属。大会不参加校を含む加盟校マスター上の代表区分属性。
SAM001384,PRG001009,ASM000014,AREA000025,2026,SRC000241,2026-10-03,2026年第108回選手権の都府県単位代表区分に所属。大会不参加校を含む加盟校マスター上の代表区分属性。
SAM001385,PRG001010,ASM000014,AREA000025,2026,SRC000241,2026-10-03,2026年第108回選手権の都府県単位代表区分に所属。大会不参加校を含む加盟校マスター上の代表区分属性。
SAM001386,PRG001011,ASM000014,AREA000025,2026,SRC000241,2026-10-03,2026年第108回選手権の都府県単位代表区分に所属。大会不参加校を含む加盟校マスター上の代表区分属性。
SAM001387,PRG001012,ASM000014,AREA000025,2026,SRC000241,2026-10-03,2026年第108回選手権の都府県単位代表区分に所属。大会不参加校を含む加盟校マスター上の代表区分属性。
SAM001388,PRG001013,ASM000014,AREA000025,2026,SRC000241,2026-10-03,2026年第108回選手権の都府県単位代表区分に所属。大会不参加校を含む加盟校マスター上の代表区分属性。
SAM001389,PRG001014,ASM000014,AREA000025,2026,SRC000241,2026-10-03,2026年第108回選手権の都府県単位代表区分に所属。大会不参加校を含む加盟校マスター上の代表区分属性。
SAM001390,PRG001015,ASM000014,AREA000025,2026,SRC000241,2026-10-03,2026年第108回選手権の都府県単位代表区分に所属。大会不参加校を含む加盟校マスター上の代表区分属性。
SAM001391,PRG001016,ASM000014,AREA000025,2026,SRC000241,2026-10-03,2026年第108回選手権の都府県単位代表区分に所属。大会不参加校を含む加盟校マスター上の代表区分属性。
SAM001392,PRG001017,ASM000014,AREA000025,2026,SRC000241,2026-10-03,2026年第108回選手権の都府県単位代表区分に所属。大会不参加校を含む加盟校マスター上の代表区分属性。
SAM001393,PRG001018,ASM000014,AREA000025,2026,SRC000241,2026-10-03,2026年第108回選手権の都府県単位代表区分に所属。大会不参加校を含む加盟校マスター上の代表区分属性。
SAM001394,PRG001019,ASM000014,AREA000025,2026,SRC000241,2026-10-03,2026年第108回選手権の都府県単位代表区分に所属。大会不参加校を含む加盟校マスター上の代表区分属性。
SAM001395,PRG001020,ASM000014,AREA000025,2026,SRC000241,2026-10-03,2026年第108回選手権の都府県単位代表区分に所属。大会不参加校を含む加盟校マスター上の代表区分属性。
SAM001396,PRG001021,ASM000014,AREA000025,2026,SRC000241,2026-10-03,2026年第108回選手権の都府県単位代表区分に所属。大会不参加校を含む加盟校マスター上の代表区分属性。
SAM001397,PRG001022,ASM000014,AREA000025,2026,SRC000241,2026-10-03,2026年第108回選手権の都府県単位代表区分に所属。大会不参加校を含む加盟校マスター上の代表区分属性。
SAM001398,PRG001023,ASM000014,AREA000025,2026,SRC000241,2026-10-03,2026年第108回選手権の都府県単位代表区分に所属。大会不参加校を含む加盟校マスター上の代表区分属性。
SAM001399,PRG001024,ASM000014,AREA000025,2026,SRC000241,2026-10-03,2026年第108回選手権の都府県単位代表区分に所属。大会不参加校を含む加盟校マスター上の代表区分属性。
SAM001400,PRG001025,ASM000014,AREA000025,2026,SRC000241,2026-10-03,2026年第108回選手権の都府県単位代表区分に所属。大会不参加校を含む加盟校マスター上の代表区分属性。
SAM001401,PRG001026,ASM000014,AREA000025,2026,SRC000241,2026-10-03,2026年第108回選手権の都府県単位代表区分に所属。大会不参加校を含む加盟校マスター上の代表区分属性。
SAM001402,PRG001027,ASM000014,AREA000025,2026,SRC000241,2026-10-03,2026年第108回選手権の都府県単位代表区分に所属。大会不参加校を含む加盟校マスター上の代表区分属性。
SAM001403,PRG001028,ASM000014,AREA000025,2026,SRC000241,2026-10-03,2026年第108回選手権の都府県単位代表区分に所属。大会不参加校を含む加盟校マスター上の代表区分属性。
SAM001404,PRG001029,ASM000014,AREA000025,2026,SRC000241,2026-10-03,2026年第108回選手権の都府県単位代表区分に所属。大会不参加校を含む加盟校マスター上の代表区分属性。
SAM001405,PRG001030,ASM000014,AREA000025,2026,SRC000241,2026-10-03,2026年第108回選手権の都府県単位代表区分に所属。大会不参加校を含む加盟校マスター上の代表区分属性。
SAM001406,PRG001031,ASM000014,AREA000025,2026,SRC000241,2026-10-03,2026年第108回選手権の都府県単位代表区分に所属。大会不参加校を含む加盟校マスター上の代表区分属性。
SAM001407,PRG001032,ASM000014,AREA000025,2026,SRC000241,2026-10-03,2026年第108回選手権の都府県単位代表区分に所属。大会不参加校を含む加盟校マスター上の代表区分属性。
SAM001408,PRG001033,ASM000014,AREA000025,2026,SRC000241,2026-10-03,2026年第108回選手権の都府県単位代表区分に所属。大会不参加校を含む加盟校マスター上の代表区分属性。
SAM001409,PRG001034,ASM000014,AREA000025,2026,SRC000241,2026-10-03,2026年第108回選手権の都府県単位代表区分に所属。大会不参加校を含む加盟校マスター上の代表区分属性。
SAM001410,PRG001035,ASM000014,AREA000025,2026,SRC000241,2026-10-03,2026年第108回選手権の都府県単位代表区分に所属。大会不参加校を含む加盟校マスター上の代表区分属性。
SAM001411,PRG001036,ASM000014,AREA000025,2026,SRC000241,2026-10-03,2026年第108回選手権の都府県単位代表区分に所属。大会不参加校を含む加盟校マスター上の代表区分属性。
SAM001412,PRG001037,ASM000014,AREA000025,2026,SRC000241,2026-10-03,2026年第108回選手権の都府県単位代表区分に所属。大会不参加校を含む加盟校マスター上の代表区分属性。
SAM001413,PRG001038,ASM000014,AREA000025,2026,SRC000241,2026-10-03,2026年第108回選手権の都府県単位代表区分に所属。大会不参加校を含む加盟校マスター上の代表区分属性。
SAM001414,PRG001039,ASM000014,AREA000025,2026,SRC000241,2026-10-03,2026年第108回選手権の都府県単位代表区分に所属。大会不参加校を含む加盟校マスター上の代表区分属性。
SAM001415,PRG001040,ASM000014,AREA000025,2026,SRC000241,2026-10-03,2026年第108回選手権の都府県単位代表区分に所属。大会不参加校を含む加盟校マスター上の代表区分属性。
SAM001416,PRG001041,ASM000014,AREA000025,2026,SRC000241,2026-10-03,2026年第108回選手権の都府県単位代表区分に所属。大会不参加校を含む加盟校マスター上の代表区分属性。
SAM001417,PRG001042,ASM000014,AREA000025,2026,SRC000241,2026-10-03,2026年第108回選手権の都府県単位代表区分に所属。大会不参加校を含む加盟校マスター上の代表区分属性。
SAM001418,PRG001043,ASM000014,AREA000025,2026,SRC000241,2026-10-03,2026年第108回選手権の都府県単位代表区分に所属。大会不参加校を含む加盟校マスター上の代表区分属性。
SAM001419,PRG001044,ASM000014,AREA000025,2026,SRC000241,2026-10-03,2026年第108回選手権の都府県単位代表区分に所属。大会不参加校を含む加盟校マスター上の代表区分属性。
SAM001420,PRG001045,ASM000014,AREA000025,2026,SRC000241,2026-10-03,2026年第108回選手権の都府県単位代表区分に所属。大会不参加校を含む加盟校マスター上の代表区分属性。
SAM001421,PRG001046,ASM000014,AREA000025,2026,SRC000241,2026-10-03,2026年第108回選手権の都府県単位代表区分に所属。大会不参加校を含む加盟校マスター上の代表区分属性。
SAM001422,PRG001047,ASM000014,AREA000025,2026,SRC000241,2026-10-03,2026年第108回選手権の都府県単位代表区分に所属。大会不参加校を含む加盟校マスター上の代表区分属性。
SAM001423,PRG001048,ASM000014,AREA000025,2026,SRC000241,2026-10-03,2026年第108回選手権の都府県単位代表区分に所属。大会不参加校を含む加盟校マスター上の代表区分属性。
SAM001424,PRG001049,ASM000014,AREA000025,2026,SRC000241,2026-10-03,2026年第108回選手権の都府県単位代表区分に所属。大会不参加校を含む加盟校マスター上の代表区分属性。
SAM001425,PRG001050,ASM000014,AREA000025,2026,SRC000241,2026-10-03,2026年第108回選手権の都府県単位代表区分に所属。大会不参加校を含む加盟校マスター上の代表区分属性。
SAM001426,PRG001051,ASM000014,AREA000025,2026,SRC000241,2026-10-03,2026年第108回選手権の都府県単位代表区分に所属。大会不参加校を含む加盟校マスター上の代表区分属性。
SAM001427,PRG001052,ASM000014,AREA000025,2026,SRC000241,2026-10-03,2026年第108回選手権の都府県単位代表区分に所属。大会不参加校を含む加盟校マスター上の代表区分属性。
SAM001428,PRG001053,ASM000014,AREA000025,2026,SRC000241,2026-10-03,2026年第108回選手権の都府県単位代表区分に所属。大会不参加校を含む加盟校マスター上の代表区分属性。
SAM001429,PRG001054,ASM000014,AREA000025,2026,SRC000241,2026-10-03,2026年第108回選手権の都府県単位代表区分に所属。大会不参加校を含む加盟校マスター上の代表区分属性。
SAM001430,PRG001055,ASM000014,AREA000025,2026,SRC000241,2026-10-03,2026年第108回選手権の都府県単位代表区分に所属。大会不参加校を含む加盟校マスター上の代表区分属性。
SAM001431,PRG001056,ASM000014,AREA000025,2026,SRC000241,2026-10-03,2026年第108回選手権の都府県単位代表区分に所属。大会不参加校を含む加盟校マスター上の代表区分属性。
SAM001432,PRG001057,ASM000014,AREA000025,2026,SRC000241,2026-10-03,2026年第108回選手権の都府県単位代表区分に所属。大会不参加校を含む加盟校マスター上の代表区分属性。
SAM001433,PRG001058,ASM000014,AREA000025,2026,SRC000241,2026-10-03,2026年第108回選手権の都府県単位代表区分に所属。大会不参加校を含む加盟校マスター上の代表区分属性。
SAM001434,PRG001059,ASM000014,AREA000025,2026,SRC000241,2026-10-03,2026年第108回選手権の都府県単位代表区分に所属。大会不参加校を含む加盟校マスター上の代表区分属性。
SAM001435,PRG001060,ASM000014,AREA000025,2026,SRC000241,2026-10-03,2026年第108回選手権の都府県単位代表区分に所属。大会不参加校を含む加盟校マスター上の代表区分属性。
SAM001436,PRG001061,ASM000014,AREA000025,2026,SRC000241,2026-10-03,2026年第108回選手権の都府県単位代表区分に所属。大会不参加校を含む加盟校マスター上の代表区分属性。
SAM001437,PRG001062,ASM000014,AREA000025,2026,SRC000241,2026-10-03,2026年第108回選手権の都府県単位代表区分に所属。大会不参加校を含む加盟校マスター上の代表区分属性。
SAM001438,PRG001063,ASM000014,AREA000025,2026,SRC000241,2026-10-03,2026年第108回選手権の都府県単位代表区分に所属。大会不参加校を含む加盟校マスター上の代表区分属性。
SAM001439,PRG001064,ASM000014,AREA000025,2026,SRC000241,2026-10-03,2026年第108回選手権の都府県単位代表区分に所属。大会不参加校を含む加盟校マスター上の代表区分属性。
SAM001440,PRG001065,ASM000014,AREA000025,2026,SRC000241,2026-10-03,2026年第108回選手権の都府県単位代表区分に所属。大会不参加校を含む加盟校マスター上の代表区分属性。
SAM001441,PRG001066,ASM000014,AREA000025,2026,SRC000241,2026-10-03,2026年第108回選手権の都府県単位代表区分に所属。大会不参加校を含む加盟校マスター上の代表区分属性。
SAM001442,PRG001067,ASM000014,AREA000025,2026,SRC000241,2026-10-03,2026年第108回選手権の都府県単位代表区分に所属。大会不参加校を含む加盟校マスター上の代表区分属性。
SAM001443,PRG001068,ASM000014,AREA000025,2026,SRC000241,2026-10-03,2026年第108回選手権の都府県単位代表区分に所属。大会不参加校を含む加盟校マスター上の代表区分属性。
SAM001444,PRG001069,ASM000014,AREA000025,2026,SRC000241,2026-10-03,2026年第108回選手権の都府県単位代表区分に所属。大会不参加校を含む加盟校マスター上の代表区分属性。
SAM001445,PRG001070,ASM000014,AREA000025,2026,SRC000241,2026-10-03,2026年第108回選手権の都府県単位代表区分に所属。大会不参加校を含む加盟校マスター上の代表区分属性。
SAM001446,PRG001071,ASM000014,AREA000025,2026,SRC000241,2026-10-03,2026年第108回選手権の都府県単位代表区分に所属。大会不参加校を含む加盟校マスター上の代表区分属性。
SAM001447,PRG001072,ASM000014,AREA000025,2026,SRC000241,2026-10-03,2026年第108回選手権の都府県単位代表区分に所属。大会不参加校を含む加盟校マスター上の代表区分属性。
SAM001448,PRG001073,ASM000014,AREA000025,2026,SRC000241,2026-10-03,2026年第108回選手権の都府県単位代表区分に所属。大会不参加校を含む加盟校マスター上の代表区分属性。
SAM001449,PRG001074,ASM000014,AREA000025,2026,SRC000241,2026-10-03,2026年第108回選手権の都府県単位代表区分に所属。大会不参加校を含む加盟校マスター上の代表区分属性。
SAM001450,PRG001075,ASM000014,AREA000025,2026,SRC000241,2026-10-03,2026年第108回選手権の都府県単位代表区分に所属。大会不参加校を含む加盟校マスター上の代表区分属性。
SAM001451,PRG001076,ASM000014,AREA000025,2026,SRC000241,2026-10-03,2026年第108回選手権の都府県単位代表区分に所属。大会不参加校を含む加盟校マスター上の代表区分属性。
SAM001452,PRG001077,ASM000014,AREA000025,2026,SRC000241,2026-10-03,2026年第108回選手権の都府県単位代表区分に所属。大会不参加校を含む加盟校マスター上の代表区分属性。
SAM001453,PRG001078,ASM000034,AREA000045,2026,SRC000241,2026-10-03,2026年第108回選手権の都府県単位代表区分に所属。大会不参加校を含む加盟校マスター上の代表区分属性。
SAM001454,PRG001079,ASM000034,AREA000045,2026,SRC000241,2026-10-03,2026年第108回選手権の都府県単位代表区分に所属。大会不参加校を含む加盟校マスター上の代表区分属性。
SAM001455,PRG001080,ASM000034,AREA000045,2026,SRC000241,2026-10-03,2026年第108回選手権の都府県単位代表区分に所属。大会不参加校を含む加盟校マスター上の代表区分属性。
SAM001456,PRG001081,ASM000034,AREA000045,2026,SRC000241,2026-10-03,2026年第108回選手権の都府県単位代表区分に所属。大会不参加校を含む加盟校マスター上の代表区分属性。
SAM001457,PRG001082,ASM000034,AREA000045,2026,SRC000241,2026-10-03,2026年第108回選手権の都府県単位代表区分に所属。大会不参加校を含む加盟校マスター上の代表区分属性。
SAM001458,PRG001083,ASM000034,AREA000045,2026,SRC000241,2026-10-03,2026年第108回選手権の都府県単位代表区分に所属。大会不参加校を含む加盟校マスター上の代表区分属性。
SAM001459,PRG001084,ASM000034,AREA000045,2026,SRC000241,2026-10-03,2026年第108回選手権の都府県単位代表区分に所属。大会不参加校を含む加盟校マスター上の代表区分属性。
SAM001460,PRG001085,ASM000034,AREA000045,2026,SRC000241,2026-10-03,2026年第108回選手権の都府県単位代表区分に所属。大会不参加校を含む加盟校マスター上の代表区分属性。
SAM001461,PRG001086,ASM000034,AREA000045,2026,SRC000241,2026-10-03,2026年第108回選手権の都府県単位代表区分に所属。大会不参加校を含む加盟校マスター上の代表区分属性。
SAM001462,PRG001087,ASM000034,AREA000045,2026,SRC000241,2026-10-03,2026年第108回選手権の都府県単位代表区分に所属。大会不参加校を含む加盟校マスター上の代表区分属性。
SAM001463,PRG001088,ASM000034,AREA000045,2026,SRC000241,2026-10-03,2026年第108回選手権の都府県単位代表区分に所属。大会不参加校を含む加盟校マスター上の代表区分属性。
SAM001464,PRG001089,ASM000034,AREA000045,2026,SRC000241,2026-10-03,2026年第108回選手権の都府県単位代表区分に所属。大会不参加校を含む加盟校マスター上の代表区分属性。
SAM001465,PRG001090,ASM000034,AREA000045,2026,SRC000241,2026-10-03,2026年第108回選手権の都府県単位代表区分に所属。大会不参加校を含む加盟校マスター上の代表区分属性。
SAM001466,PRG001091,ASM000034,AREA000045,2026,SRC000241,2026-10-03,2026年第108回選手権の都府県単位代表区分に所属。大会不参加校を含む加盟校マスター上の代表区分属性。
SAM001467,PRG001092,ASM000034,AREA000045,2026,SRC000241,2026-10-03,2026年第108回選手権の都府県単位代表区分に所属。大会不参加校を含む加盟校マスター上の代表区分属性。
SAM001468,PRG001093,ASM000034,AREA000045,2026,SRC000241,2026-10-03,2026年第108回選手権の都府県単位代表区分に所属。大会不参加校を含む加盟校マスター上の代表区分属性。
SAM001469,PRG001094,ASM000034,AREA000045,2026,SRC000241,2026-10-03,2026年第108回選手権の都府県単位代表区分に所属。大会不参加校を含む加盟校マスター上の代表区分属性。
SAM001470,PRG001095,ASM000034,AREA000045,2026,SRC000241,2026-10-03,2026年第108回選手権の都府県単位代表区分に所属。大会不参加校を含む加盟校マスター上の代表区分属性。
SAM001471,PRG001096,ASM000034,AREA000045,2026,SRC000241,2026-10-03,2026年第108回選手権の都府県単位代表区分に所属。大会不参加校を含む加盟校マスター上の代表区分属性。
SAM001472,PRG001097,ASM000034,AREA000045,2026,SRC000241,2026-10-03,2026年第108回選手権の都府県単位代表区分に所属。大会不参加校を含む加盟校マスター上の代表区分属性。
SAM001473,PRG001098,ASM000034,AREA000045,2026,SRC000241,2026-10-03,2026年第108回選手権の都府県単位代表区分に所属。大会不参加校を含む加盟校マスター上の代表区分属性。
SAM001474,PRG001099,ASM000034,AREA000045,2026,SRC000241,2026-10-03,2026年第108回選手権の都府県単位代表区分に所属。大会不参加校を含む加盟校マスター上の代表区分属性。
SAM001475,PRG001100,ASM000034,AREA000045,2026,SRC000241,2026-10-03,2026年第108回選手権の都府県単位代表区分に所属。大会不参加校を含む加盟校マスター上の代表区分属性。
SAM001476,PRG001101,ASM000034,AREA000045,2026,SRC000241,2026-10-03,2026年第108回選手権の都府県単位代表区分に所属。大会不参加校を含む加盟校マスター上の代表区分属性。
SAM001477,PRG001102,ASM000034,AREA000045,2026,SRC000241,2026-10-03,2026年第108回選手権の都府県単位代表区分に所属。大会不参加校を含む加盟校マスター上の代表区分属性。
SAM001478,PRG001103,ASM000034,AREA000045,2026,SRC000241,2026-10-03,2026年第108回選手権の都府県単位代表区分に所属。大会不参加校を含む加盟校マスター上の代表区分属性。
SAM001479,PRG001104,ASM000034,AREA000045,2026,SRC000241,2026-10-03,2026年第108回選手権の都府県単位代表区分に所属。大会不参加校を含む加盟校マスター上の代表区分属性。
SAM001480,PRG001105,ASM000034,AREA000045,2026,SRC000241,2026-10-03,2026年第108回選手権の都府県単位代表区分に所属。大会不参加校を含む加盟校マスター上の代表区分属性。
SAM001481,PRG001106,ASM000034,AREA000045,2026,SRC000241,2026-10-03,2026年第108回選手権の都府県単位代表区分に所属。大会不参加校を含む加盟校マスター上の代表区分属性。
SAM001482,PRG001107,ASM000034,AREA000045,2026,SRC000241,2026-10-03,2026年第108回選手権の都府県単位代表区分に所属。大会不参加校を含む加盟校マスター上の代表区分属性。
SAM001483,PRG001108,ASM000034,AREA000045,2026,SRC000241,2026-10-03,2026年第108回選手権の都府県単位代表区分に所属。大会不参加校を含む加盟校マスター上の代表区分属性。
SAM001484,PRG001109,ASM000034,AREA000045,2026,SRC000241,2026-10-03,2026年第108回選手権の都府県単位代表区分に所属。大会不参加校を含む加盟校マスター上の代表区分属性。
SAM001485,PRG001110,ASM000034,AREA000045,2026,SRC000241,2026-10-03,2026年第108回選手権の都府県単位代表区分に所属。大会不参加校を含む加盟校マスター上の代表区分属性。
SAM001486,PRG001111,ASM000034,AREA000045,2026,SRC000241,2026-10-03,2026年第108回選手権の都府県単位代表区分に所属。大会不参加校を含む加盟校マスター上の代表区分属性。
SAM001487,PRG001112,ASM000034,AREA000045,2026,SRC000241,2026-10-03,2026年第108回選手権の都府県単位代表区分に所属。大会不参加校を含む加盟校マスター上の代表区分属性。
SAM001488,PRG001113,ASM000034,AREA000045,2026,SRC000241,2026-10-03,2026年第108回選手権の都府県単位代表区分に所属。大会不参加校を含む加盟校マスター上の代表区分属性。
SAM001489,PRG001114,ASM000034,AREA000045,2026,SRC000241,2026-10-03,2026年第108回選手権の都府県単位代表区分に所属。大会不参加校を含む加盟校マスター上の代表区分属性。
SAM001490,PRG001115,ASM000034,AREA000045,2026,SRC000241,2026-10-03,2026年第108回選手権の都府県単位代表区分に所属。大会不参加校を含む加盟校マスター上の代表区分属性。
SAM001491,PRG001116,ASM000034,AREA000045,2026,SRC000241,2026-10-03,2026年第108回選手権の都府県単位代表区分に所属。大会不参加校を含む加盟校マスター上の代表区分属性。
SAM001492,PRG001117,ASM000034,AREA000045,2026,SRC000241,2026-10-03,2026年第108回選手権の都府県単位代表区分に所属。大会不参加校を含む加盟校マスター上の代表区分属性。
SAM001493,PRG001118,ASM000034,AREA000045,2026,SRC000241,2026-10-03,2026年第108回選手権の都府県単位代表区分に所属。大会不参加校を含む加盟校マスター上の代表区分属性。
SAM001494,PRG001119,ASM000034,AREA000045,2026,SRC000241,2026-10-03,2026年第108回選手権の都府県単位代表区分に所属。大会不参加校を含む加盟校マスター上の代表区分属性。
SAM001495,PRG001120,ASM000034,AREA000045,2026,SRC000241,2026-10-03,2026年第108回選手権の都府県単位代表区分に所属。大会不参加校を含む加盟校マスター上の代表区分属性。
SAM001496,PRG001121,ASM000034,AREA000045,2026,SRC000241,2026-10-03,2026年第108回選手権の都府県単位代表区分に所属。大会不参加校を含む加盟校マスター上の代表区分属性。
SAM001497,PRG001122,ASM000034,AREA000045,2026,SRC000241,2026-10-03,2026年第108回選手権の都府県単位代表区分に所属。大会不参加校を含む加盟校マスター上の代表区分属性。
SAM001498,PRG001123,ASM000034,AREA000045,2026,SRC000241,2026-10-03,2026年第108回選手権の都府県単位代表区分に所属。大会不参加校を含む加盟校マスター上の代表区分属性。
SAM001499,PRG001124,ASM000034,AREA000045,2026,SRC000241,2026-10-03,2026年第108回選手権の都府県単位代表区分に所属。大会不参加校を含む加盟校マスター上の代表区分属性。
SAM001500,PRG001125,ASM000034,AREA000045,2026,SRC000241,2026-10-03,2026年第108回選手権の都府県単位代表区分に所属。大会不参加校を含む加盟校マスター上の代表区分属性。
SAM001501,PRG001126,ASM000034,AREA000045,2026,SRC000241,2026-10-03,2026年第108回選手権の都府県単位代表区分に所属。大会不参加校を含む加盟校マスター上の代表区分属性。
SAM001502,PRG001127,ASM000034,AREA000045,2026,SRC000241,2026-10-03,2026年第108回選手権の都府県単位代表区分に所属。大会不参加校を含む加盟校マスター上の代表区分属性。
SAM001503,PRG001128,ASM000034,AREA000045,2026,SRC000241,2026-10-03,2026年第108回選手権の都府県単位代表区分に所属。大会不参加校を含む加盟校マスター上の代表区分属性。
SAM001504,PRG001129,ASM000034,AREA000045,2026,SRC000241,2026-10-03,2026年第108回選手権の都府県単位代表区分に所属。大会不参加校を含む加盟校マスター上の代表区分属性。
SAM001505,PRG001130,ASM000034,AREA000045,2026,SRC000241,2026-10-03,2026年第108回選手権の都府県単位代表区分に所属。大会不参加校を含む加盟校マスター上の代表区分属性。
SAM001506,PRG001131,ASM000034,AREA000045,2026,SRC000241,2026-10-03,2026年第108回選手権の都府県単位代表区分に所属。大会不参加校を含む加盟校マスター上の代表区分属性。
SAM001507,PRG001132,ASM000034,AREA000045,2026,SRC000241,2026-10-03,2026年第108回選手権の都府県単位代表区分に所属。大会不参加校を含む加盟校マスター上の代表区分属性。
SAM001508,PRG001133,ASM000034,AREA000045,2026,SRC000241,2026-10-03,2026年第108回選手権の都府県単位代表区分に所属。大会不参加校を含む加盟校マスター上の代表区分属性。
SAM001509,PRG001134,ASM000034,AREA000045,2026,SRC000241,2026-10-03,2026年第108回選手権の都府県単位代表区分に所属。大会不参加校を含む加盟校マスター上の代表区分属性。
SAM001510,PRG001135,ASM000034,AREA000045,2026,SRC000241,2026-10-03,2026年第108回選手権の都府県単位代表区分に所属。大会不参加校を含む加盟校マスター上の代表区分属性。
SAM001511,PRG001136,ASM000034,AREA000045,2026,SRC000241,2026-10-03,2026年第108回選手権の都府県単位代表区分に所属。大会不参加校を含む加盟校マスター上の代表区分属性。
SAM001512,PRG001137,ASM000037,AREA000048,2026,SRC000241,2026-10-03,2026年第108回選手権の都府県単位代表区分に所属。大会不参加校を含む加盟校マスター上の代表区分属性。
SAM001513,PRG001138,ASM000037,AREA000048,2026,SRC000241,2026-10-03,2026年第108回選手権の都府県単位代表区分に所属。大会不参加校を含む加盟校マスター上の代表区分属性。
SAM001514,PRG001139,ASM000037,AREA000048,2026,SRC000241,2026-10-03,2026年第108回選手権の都府県単位代表区分に所属。大会不参加校を含む加盟校マスター上の代表区分属性。
SAM001515,PRG001140,ASM000037,AREA000048,2026,SRC000241,2026-10-03,2026年第108回選手権の都府県単位代表区分に所属。大会不参加校を含む加盟校マスター上の代表区分属性。
SAM001516,PRG001141,ASM000037,AREA000048,2026,SRC000241,2026-10-03,2026年第108回選手権の都府県単位代表区分に所属。大会不参加校を含む加盟校マスター上の代表区分属性。
SAM001517,PRG001142,ASM000037,AREA000048,2026,SRC000241,2026-10-03,2026年第108回選手権の都府県単位代表区分に所属。大会不参加校を含む加盟校マスター上の代表区分属性。
SAM001518,PRG001143,ASM000037,AREA000048,2026,SRC000241,2026-10-03,2026年第108回選手権の都府県単位代表区分に所属。大会不参加校を含む加盟校マスター上の代表区分属性。
SAM001519,PRG001144,ASM000037,AREA000048,2026,SRC000241,2026-10-03,2026年第108回選手権の都府県単位代表区分に所属。大会不参加校を含む加盟校マスター上の代表区分属性。
SAM001520,PRG001145,ASM000037,AREA000048,2026,SRC000241,2026-10-03,2026年第108回選手権の都府県単位代表区分に所属。大会不参加校を含む加盟校マスター上の代表区分属性。
SAM001521,PRG001146,ASM000037,AREA000048,2026,SRC000241,2026-10-03,2026年第108回選手権の都府県単位代表区分に所属。大会不参加校を含む加盟校マスター上の代表区分属性。
SAM001522,PRG001147,ASM000037,AREA000048,2026,SRC000241,2026-10-03,2026年第108回選手権の都府県単位代表区分に所属。大会不参加校を含む加盟校マスター上の代表区分属性。
SAM001523,PRG001148,ASM000037,AREA000048,2026,SRC000241,2026-10-03,2026年第108回選手権の都府県単位代表区分に所属。大会不参加校を含む加盟校マスター上の代表区分属性。
SAM001524,PRG001149,ASM000037,AREA000048,2026,SRC000241,2026-10-03,2026年第108回選手権の都府県単位代表区分に所属。大会不参加校を含む加盟校マスター上の代表区分属性。
SAM001525,PRG001150,ASM000037,AREA000048,2026,SRC000241,2026-10-03,2026年第108回選手権の都府県単位代表区分に所属。大会不参加校を含む加盟校マスター上の代表区分属性。
SAM001526,PRG001151,ASM000037,AREA000048,2026,SRC000241,2026-10-03,2026年第108回選手権の都府県単位代表区分に所属。大会不参加校を含む加盟校マスター上の代表区分属性。
SAM001527,PRG001152,ASM000037,AREA000048,2026,SRC000241,2026-10-03,2026年第108回選手権の都府県単位代表区分に所属。大会不参加校を含む加盟校マスター上の代表区分属性。
SAM001528,PRG001153,ASM000037,AREA000048,2026,SRC000241,2026-10-03,2026年第108回選手権の都府県単位代表区分に所属。大会不参加校を含む加盟校マスター上の代表区分属性。
SAM001529,PRG001154,ASM000037,AREA000048,2026,SRC000241,2026-10-03,2026年第108回選手権の都府県単位代表区分に所属。大会不参加校を含む加盟校マスター上の代表区分属性。
SAM001530,PRG001155,ASM000037,AREA000048,2026,SRC000241,2026-10-03,2026年第108回選手権の都府県単位代表区分に所属。大会不参加校を含む加盟校マスター上の代表区分属性。
SAM001531,PRG001156,ASM000037,AREA000048,2026,SRC000241,2026-10-03,2026年第108回選手権の都府県単位代表区分に所属。大会不参加校を含む加盟校マスター上の代表区分属性。
SAM001532,PRG001157,ASM000037,AREA000048,2026,SRC000241,2026-10-03,2026年第108回選手権の都府県単位代表区分に所属。大会不参加校を含む加盟校マスター上の代表区分属性。
SAM001533,PRG001158,ASM000037,AREA000048,2026,SRC000241,2026-10-03,2026年第108回選手権の都府県単位代表区分に所属。大会不参加校を含む加盟校マスター上の代表区分属性。
SAM001534,PRG001159,ASM000037,AREA000048,2026,SRC000241,2026-10-03,2026年第108回選手権の都府県単位代表区分に所属。大会不参加校を含む加盟校マスター上の代表区分属性。
SAM001535,PRG001160,ASM000037,AREA000048,2026,SRC000241,2026-10-03,2026年第108回選手権の都府県単位代表区分に所属。大会不参加校を含む加盟校マスター上の代表区分属性。
SAM001536,PRG001161,ASM000037,AREA000048,2026,SRC000241,2026-10-03,2026年第108回選手権の都府県単位代表区分に所属。大会不参加校を含む加盟校マスター上の代表区分属性。
SAM001537,PRG001162,ASM000037,AREA000048,2026,SRC000241,2026-10-03,2026年第108回選手権の都府県単位代表区分に所属。大会不参加校を含む加盟校マスター上の代表区分属性。
SAM001538,PRG001163,ASM000037,AREA000048,2026,SRC000241,2026-10-03,2026年第108回選手権の都府県単位代表区分に所属。大会不参加校を含む加盟校マスター上の代表区分属性。
SAM001539,PRG001164,ASM000037,AREA000048,2026,SRC000241,2026-10-03,2026年第108回選手権の都府県単位代表区分に所属。大会不参加校を含む加盟校マスター上の代表区分属性。
SAM001540,PRG001165,ASM000037,AREA000048,2026,SRC000241,2026-10-03,2026年第108回選手権の都府県単位代表区分に所属。大会不参加校を含む加盟校マスター上の代表区分属性。
SAM001541,PRG001166,ASM000037,AREA000048,2026,SRC000241,2026-10-03,2026年第108回選手権の都府県単位代表区分に所属。大会不参加校を含む加盟校マスター上の代表区分属性。
SAM001542,PRG001167,ASM000031,AREA000042,2026,SRC000241,2026-10-03,2026年第108回選手権の都府県単位代表区分に所属。大会不参加校を含む加盟校マスター上の代表区分属性。
SAM001543,PRG001168,ASM000031,AREA000042,2026,SRC000241,2026-10-03,2026年第108回選手権の都府県単位代表区分に所属。大会不参加校を含む加盟校マスター上の代表区分属性。
SAM001544,PRG001169,ASM000031,AREA000042,2026,SRC000241,2026-10-03,2026年第108回選手権の都府県単位代表区分に所属。大会不参加校を含む加盟校マスター上の代表区分属性。
SAM001545,PRG001170,ASM000031,AREA000042,2026,SRC000241,2026-10-03,2026年第108回選手権の都府県単位代表区分に所属。大会不参加校を含む加盟校マスター上の代表区分属性。
SAM001546,PRG001171,ASM000031,AREA000042,2026,SRC000241,2026-10-03,2026年第108回選手権の都府県単位代表区分に所属。大会不参加校を含む加盟校マスター上の代表区分属性。
SAM001547,PRG001172,ASM000031,AREA000042,2026,SRC000241,2026-10-03,2026年第108回選手権の都府県単位代表区分に所属。大会不参加校を含む加盟校マスター上の代表区分属性。
SAM001548,PRG001173,ASM000031,AREA000042,2026,SRC000241,2026-10-03,2026年第108回選手権の都府県単位代表区分に所属。大会不参加校を含む加盟校マスター上の代表区分属性。
SAM001549,PRG001174,ASM000031,AREA000042,2026,SRC000241,2026-10-03,2026年第108回選手権の都府県単位代表区分に所属。大会不参加校を含む加盟校マスター上の代表区分属性。
SAM001550,PRG001175,ASM000031,AREA000042,2026,SRC000241,2026-10-03,2026年第108回選手権の都府県単位代表区分に所属。大会不参加校を含む加盟校マスター上の代表区分属性。
SAM001551,PRG001176,ASM000031,AREA000042,2026,SRC000241,2026-10-03,2026年第108回選手権の都府県単位代表区分に所属。大会不参加校を含む加盟校マスター上の代表区分属性。
SAM001552,PRG001177,ASM000031,AREA000042,2026,SRC000241,2026-10-03,2026年第108回選手権の都府県単位代表区分に所属。大会不参加校を含む加盟校マスター上の代表区分属性。
SAM001553,PRG001178,ASM000031,AREA000042,2026,SRC000241,2026-10-03,2026年第108回選手権の都府県単位代表区分に所属。大会不参加校を含む加盟校マスター上の代表区分属性。
SAM001554,PRG001179,ASM000031,AREA000042,2026,SRC000241,2026-10-03,2026年第108回選手権の都府県単位代表区分に所属。大会不参加校を含む加盟校マスター上の代表区分属性。
SAM001555,PRG001180,ASM000031,AREA000042,2026,SRC000241,2026-10-03,2026年第108回選手権の都府県単位代表区分に所属。大会不参加校を含む加盟校マスター上の代表区分属性。
SAM001556,PRG001181,ASM000031,AREA000042,2026,SRC000241,2026-10-03,2026年第108回選手権の都府県単位代表区分に所属。大会不参加校を含む加盟校マスター上の代表区分属性。
SAM001557,PRG001182,ASM000031,AREA000042,2026,SRC000241,2026-10-03,2026年第108回選手権の都府県単位代表区分に所属。大会不参加校を含む加盟校マスター上の代表区分属性。
SAM001558,PRG001183,ASM000031,AREA000042,2026,SRC000241,2026-10-03,2026年第108回選手権の都府県単位代表区分に所属。大会不参加校を含む加盟校マスター上の代表区分属性。
SAM001559,PRG001184,ASM000031,AREA000042,2026,SRC000241,2026-10-03,2026年第108回選手権の都府県単位代表区分に所属。大会不参加校を含む加盟校マスター上の代表区分属性。
SAM001560,PRG001185,ASM000031,AREA000042,2026,SRC000241,2026-10-03,2026年第108回選手権の都府県単位代表区分に所属。大会不参加校を含む加盟校マスター上の代表区分属性。
SAM001561,PRG001186,ASM000031,AREA000042,2026,SRC000241,2026-10-03,2026年第108回選手権の都府県単位代表区分に所属。大会不参加校を含む加盟校マスター上の代表区分属性。
SAM001562,PRG001187,ASM000031,AREA000042,2026,SRC000241,2026-10-03,2026年第108回選手権の都府県単位代表区分に所属。大会不参加校を含む加盟校マスター上の代表区分属性。
SAM001563,PRG001188,ASM000031,AREA000042,2026,SRC000241,2026-10-03,2026年第108回選手権の都府県単位代表区分に所属。大会不参加校を含む加盟校マスター上の代表区分属性。
SAM001564,PRG001189,ASM000031,AREA000042,2026,SRC000241,2026-10-03,2026年第108回選手権の都府県単位代表区分に所属。大会不参加校を含む加盟校マスター上の代表区分属性。
SAM001565,PRG001190,ASM000031,AREA000042,2026,SRC000241,2026-10-03,2026年第108回選手権の都府県単位代表区分に所属。大会不参加校を含む加盟校マスター上の代表区分属性。
SAM001566,PRG001191,ASM000031,AREA000042,2026,SRC000241,2026-10-03,2026年第108回選手権の都府県単位代表区分に所属。大会不参加校を含む加盟校マスター上の代表区分属性。
SAM001567,PRG001192,ASM000031,AREA000042,2026,SRC000241,2026-10-03,2026年第108回選手権の都府県単位代表区分に所属。大会不参加校を含む加盟校マスター上の代表区分属性。
SAM001568,PRG001193,ASM000031,AREA000042,2026,SRC000241,2026-10-03,2026年第108回選手権の都府県単位代表区分に所属。大会不参加校を含む加盟校マスター上の代表区分属性。
SAM001569,PRG001194,ASM000031,AREA000042,2026,SRC000241,2026-10-03,2026年第108回選手権の都府県単位代表区分に所属。大会不参加校を含む加盟校マスター上の代表区分属性。
SAM001570,PRG001195,ASM000031,AREA000042,2026,SRC000241,2026-10-03,2026年第108回選手権の都府県単位代表区分に所属。大会不参加校を含む加盟校マスター上の代表区分属性。
SAM001571,PRG001196,ASM000031,AREA000042,2026,SRC000241,2026-10-03,2026年第108回選手権の都府県単位代表区分に所属。大会不参加校を含む加盟校マスター上の代表区分属性。
SAM001572,PRG001197,ASM000031,AREA000042,2026,SRC000241,2026-10-03,2026年第108回選手権の都府県単位代表区分に所属。大会不参加校を含む加盟校マスター上の代表区分属性。
SAM001573,PRG001198,ASM000031,AREA000042,2026,SRC000241,2026-10-03,2026年第108回選手権の都府県単位代表区分に所属。大会不参加校を含む加盟校マスター上の代表区分属性。
SAM001574,PRG001199,ASM000031,AREA000042,2026,SRC000241,2026-10-03,2026年第108回選手権の都府県単位代表区分に所属。大会不参加校を含む加盟校マスター上の代表区分属性。
SAM001575,PRG001200,ASM000031,AREA000042,2026,SRC000241,2026-10-03,2026年第108回選手権の都府県単位代表区分に所属。大会不参加校を含む加盟校マスター上の代表区分属性。
SAM001576,PRG001201,ASM000031,AREA000042,2026,SRC000241,2026-10-03,2026年第108回選手権の都府県単位代表区分に所属。大会不参加校を含む加盟校マスター上の代表区分属性。
SAM001577,PRG001202,ASM000031,AREA000042,2026,SRC000241,2026-10-03,2026年第108回選手権の都府県単位代表区分に所属。大会不参加校を含む加盟校マスター上の代表区分属性。
SAM001578,PRG001203,ASM000031,AREA000042,2026,SRC000241,2026-10-03,2026年第108回選手権の都府県単位代表区分に所属。大会不参加校を含む加盟校マスター上の代表区分属性。
SAM001579,PRG001204,ASM000031,AREA000042,2026,SRC000241,2026-10-03,2026年第108回選手権の都府県単位代表区分に所属。大会不参加校を含む加盟校マスター上の代表区分属性。
SAM001580,PRG001205,ASM000031,AREA000042,2026,SRC000241,2026-10-03,2026年第108回選手権の都府県単位代表区分に所属。大会不参加校を含む加盟校マスター上の代表区分属性。
SAM001581,PRG001206,ASM000039,AREA000050,2026,SRC000241,2026-10-03,2026年第108回選手権の都府県単位代表区分に所属。大会不参加校を含む加盟校マスター上の代表区分属性。
SAM001582,PRG001207,ASM000039,AREA000050,2026,SRC000241,2026-10-03,2026年第108回選手権の都府県単位代表区分に所属。大会不参加校を含む加盟校マスター上の代表区分属性。
SAM001583,PRG001208,ASM000039,AREA000050,2026,SRC000241,2026-10-03,2026年第108回選手権の都府県単位代表区分に所属。大会不参加校を含む加盟校マスター上の代表区分属性。
SAM001584,PRG001209,ASM000039,AREA000050,2026,SRC000241,2026-10-03,2026年第108回選手権の都府県単位代表区分に所属。大会不参加校を含む加盟校マスター上の代表区分属性。
SAM001585,PRG001210,ASM000039,AREA000050,2026,SRC000241,2026-10-03,2026年第108回選手権の都府県単位代表区分に所属。大会不参加校を含む加盟校マスター上の代表区分属性。
SAM001586,PRG001211,ASM000039,AREA000050,2026,SRC000241,2026-10-03,2026年第108回選手権の都府県単位代表区分に所属。大会不参加校を含む加盟校マスター上の代表区分属性。
SAM001587,PRG001212,ASM000039,AREA000050,2026,SRC000241,2026-10-03,2026年第108回選手権の都府県単位代表区分に所属。大会不参加校を含む加盟校マスター上の代表区分属性。
SAM001588,PRG001213,ASM000039,AREA000050,2026,SRC000241,2026-10-03,2026年第108回選手権の都府県単位代表区分に所属。大会不参加校を含む加盟校マスター上の代表区分属性。
SAM001589,PRG001214,ASM000039,AREA000050,2026,SRC000241,2026-10-03,2026年第108回選手権の都府県単位代表区分に所属。大会不参加校を含む加盟校マスター上の代表区分属性。
SAM001590,PRG001215,ASM000039,AREA000050,2026,SRC000241,2026-10-03,2026年第108回選手権の都府県単位代表区分に所属。大会不参加校を含む加盟校マスター上の代表区分属性。
SAM001591,PRG001216,ASM000039,AREA000050,2026,SRC000241,2026-10-03,2026年第108回選手権の都府県単位代表区分に所属。大会不参加校を含む加盟校マスター上の代表区分属性。
SAM001592,PRG001217,ASM000039,AREA000050,2026,SRC000241,2026-10-03,2026年第108回選手権の都府県単位代表区分に所属。大会不参加校を含む加盟校マスター上の代表区分属性。
SAM001593,PRG001218,ASM000039,AREA000050,2026,SRC000241,2026-10-03,2026年第108回選手権の都府県単位代表区分に所属。大会不参加校を含む加盟校マスター上の代表区分属性。
SAM001594,PRG001219,ASM000039,AREA000050,2026,SRC000241,2026-10-03,2026年第108回選手権の都府県単位代表区分に所属。大会不参加校を含む加盟校マスター上の代表区分属性。
SAM001595,PRG001220,ASM000039,AREA000050,2026,SRC000241,2026-10-03,2026年第108回選手権の都府県単位代表区分に所属。大会不参加校を含む加盟校マスター上の代表区分属性。
SAM001596,PRG001221,ASM000039,AREA000050,2026,SRC000241,2026-10-03,2026年第108回選手権の都府県単位代表区分に所属。大会不参加校を含む加盟校マスター上の代表区分属性。
SAM001597,PRG001222,ASM000039,AREA000050,2026,SRC000241,2026-10-03,2026年第108回選手権の都府県単位代表区分に所属。大会不参加校を含む加盟校マスター上の代表区分属性。
SAM001598,PRG001223,ASM000039,AREA000050,2026,SRC000241,2026-10-03,2026年第108回選手権の都府県単位代表区分に所属。大会不参加校を含む加盟校マスター上の代表区分属性。
SAM001599,PRG001224,ASM000039,AREA000050,2026,SRC000241,2026-10-03,2026年第108回選手権の都府県単位代表区分に所属。大会不参加校を含む加盟校マスター上の代表区分属性。
SAM001600,PRG001225,ASM000039,AREA000050,2026,SRC000241,2026-10-03,2026年第108回選手権の都府県単位代表区分に所属。大会不参加校を含む加盟校マスター上の代表区分属性。
SAM001601,PRG001226,ASM000039,AREA000050,2026,SRC000241,2026-10-03,2026年第108回選手権の都府県単位代表区分に所属。大会不参加校を含む加盟校マスター上の代表区分属性。
SAM001602,PRG001227,ASM000039,AREA000050,2026,SRC000241,2026-10-03,2026年第108回選手権の都府県単位代表区分に所属。大会不参加校を含む加盟校マスター上の代表区分属性。
SAM001603,PRG001228,ASM000039,AREA000050,2026,SRC000241,2026-10-03,2026年第108回選手権の都府県単位代表区分に所属。大会不参加校を含む加盟校マスター上の代表区分属性。
SAM001604,PRG001229,ASM000039,AREA000050,2026,SRC000241,2026-10-03,2026年第108回選手権の都府県単位代表区分に所属。大会不参加校を含む加盟校マスター上の代表区分属性。
SAM001605,PRG001230,ASM000039,AREA000050,2026,SRC000241,2026-10-03,2026年第108回選手権の都府県単位代表区分に所属。大会不参加校を含む加盟校マスター上の代表区分属性。
SAM001606,PRG001231,ASM000039,AREA000050,2026,SRC000241,2026-10-03,2026年第108回選手権の都府県単位代表区分に所属。大会不参加校を含む加盟校マスター上の代表区分属性。
SAM001607,PRG001232,ASM000039,AREA000050,2026,SRC000241,2026-10-03,2026年第108回選手権の都府県単位代表区分に所属。大会不参加校を含む加盟校マスター上の代表区分属性。
SAM001608,PRG001233,ASM000039,AREA000050,2026,SRC000241,2026-10-03,2026年第108回選手権の都府県単位代表区分に所属。大会不参加校を含む加盟校マスター上の代表区分属性。
SAM001609,PRG001234,ASM000039,AREA000050,2026,SRC000241,2026-10-03,2026年第108回選手権の都府県単位代表区分に所属。大会不参加校を含む加盟校マスター上の代表区分属性。
SAM001610,PRG001235,ASM000039,AREA000050,2026,SRC000241,2026-10-03,2026年第108回選手権の都府県単位代表区分に所属。大会不参加校を含む加盟校マスター上の代表区分属性。
SAM001611,PRG001236,ASM000039,AREA000050,2026,SRC000241,2026-10-03,2026年第108回選手権の都府県単位代表区分に所属。大会不参加校を含む加盟校マスター上の代表区分属性。
SAM001612,PRG001237,ASM000039,AREA000050,2026,SRC000241,2026-10-03,2026年第108回選手権の都府県単位代表区分に所属。大会不参加校を含む加盟校マスター上の代表区分属性。
SAM001613,PRG001238,ASM000039,AREA000050,2026,SRC000241,2026-10-03,2026年第108回選手権の都府県単位代表区分に所属。大会不参加校を含む加盟校マスター上の代表区分属性。
SAM001614,PRG001239,ASM000039,AREA000050,2026,SRC000241,2026-10-03,2026年第108回選手権の都府県単位代表区分に所属。大会不参加校を含む加盟校マスター上の代表区分属性。
SAM001615,PRG001240,ASM000039,AREA000050,2026,SRC000241,2026-10-03,2026年第108回選手権の都府県単位代表区分に所属。大会不参加校を含む加盟校マスター上の代表区分属性。
SAM001616,PRG001241,ASM000039,AREA000050,2026,SRC000241,2026-10-03,2026年第108回選手権の都府県単位代表区分に所属。大会不参加校を含む加盟校マスター上の代表区分属性。
SAM001617,PRG001242,ASM000039,AREA000050,2026,SRC000241,2026-10-03,2026年第108回選手権の都府県単位代表区分に所属。大会不参加校を含む加盟校マスター上の代表区分属性。
SAM001618,PRG001243,ASM000039,AREA000050,2026,SRC000241,2026-10-03,2026年第108回選手権の都府県単位代表区分に所属。大会不参加校を含む加盟校マスター上の代表区分属性。
SAM001619,PRG001244,ASM000039,AREA000050,2026,SRC000241,2026-10-03,2026年第108回選手権の都府県単位代表区分に所属。大会不参加校を含む加盟校マスター上の代表区分属性。
SAM001620,PRG001245,ASM000039,AREA000050,2026,SRC000241,2026-10-03,2026年第108回選手権の都府県単位代表区分に所属。大会不参加校を含む加盟校マスター上の代表区分属性。
SAM001621,PRG001246,ASM000039,AREA000050,2026,SRC000241,2026-10-03,2026年第108回選手権の都府県単位代表区分に所属。大会不参加校を含む加盟校マスター上の代表区分属性。
SAM001622,PRG001247,ASM000039,AREA000050,2026,SRC000241,2026-10-03,2026年第108回選手権の都府県単位代表区分に所属。大会不参加校を含む加盟校マスター上の代表区分属性。
SAM001623,PRG001248,ASM000039,AREA000050,2026,SRC000241,2026-10-03,2026年第108回選手権の都府県単位代表区分に所属。大会不参加校を含む加盟校マスター上の代表区分属性。
SAM001624,PRG001249,ASM000039,AREA000050,2026,SRC000241,2026-10-03,2026年第108回選手権の都府県単位代表区分に所属。大会不参加校を含む加盟校マスター上の代表区分属性。
SAM001625,PRG001250,ASM000039,AREA000050,2026,SRC000241,2026-10-03,2026年第108回選手権の都府県単位代表区分に所属。大会不参加校を含む加盟校マスター上の代表区分属性。
SAM001626,PRG001251,ASM000039,AREA000050,2026,SRC000241,2026-10-03,2026年第108回選手権の都府県単位代表区分に所属。大会不参加校を含む加盟校マスター上の代表区分属性。
SAM001627,PRG001252,ASM000039,AREA000050,2026,SRC000241,2026-10-03,2026年第108回選手権の都府県単位代表区分に所属。大会不参加校を含む加盟校マスター上の代表区分属性。
SAM001628,PRG001253,ASM000039,AREA000050,2026,SRC000241,2026-10-03,2026年第108回選手権の都府県単位代表区分に所属。大会不参加校を含む加盟校マスター上の代表区分属性。
SAM001629,PRG001254,ASM000039,AREA000050,2026,SRC000241,2026-10-03,2026年第108回選手権の都府県単位代表区分に所属。大会不参加校を含む加盟校マスター上の代表区分属性。
SAM001630,PRG001255,ASM000039,AREA000050,2026,SRC000241,2026-10-03,2026年第108回選手権の都府県単位代表区分に所属。大会不参加校を含む加盟校マスター上の代表区分属性。
SAM001631,PRG001256,ASM000039,AREA000050,2026,SRC000241,2026-10-03,2026年第108回選手権の都府県単位代表区分に所属。大会不参加校を含む加盟校マスター上の代表区分属性。
SAM001632,PRG001257,ASM000039,AREA000050,2026,SRC000241,2026-10-03,2026年第108回選手権の都府県単位代表区分に所属。大会不参加校を含む加盟校マスター上の代表区分属性。
SAM001633,PRG001258,ASM000039,AREA000050,2026,SRC000241,2026-10-03,2026年第108回選手権の都府県単位代表区分に所属。大会不参加校を含む加盟校マスター上の代表区分属性。
SAM001634,PRG001259,ASM000039,AREA000050,2026,SRC000241,2026-10-03,2026年第108回選手権の都府県単位代表区分に所属。大会不参加校を含む加盟校マスター上の代表区分属性。
SAM001635,PRG001260,ASM000039,AREA000050,2026,SRC000241,2026-10-03,2026年第108回選手権の都府県単位代表区分に所属。大会不参加校を含む加盟校マスター上の代表区分属性。
SAM001636,PRG001261,ASM000039,AREA000050,2026,SRC000241,2026-10-03,2026年第108回選手権の都府県単位代表区分に所属。大会不参加校を含む加盟校マスター上の代表区分属性。
SAM001637,PRG001262,ASM000039,AREA000050,2026,SRC000241,2026-10-03,2026年第108回選手権の都府県単位代表区分に所属。大会不参加校を含む加盟校マスター上の代表区分属性。
SAM001638,PRG001263,ASM000039,AREA000050,2026,SRC000241,2026-10-03,2026年第108回選手権の都府県単位代表区分に所属。大会不参加校を含む加盟校マスター上の代表区分属性。
SAM001639,PRG001264,ASM000039,AREA000050,2026,SRC000241,2026-10-03,2026年第108回選手権の都府県単位代表区分に所属。大会不参加校を含む加盟校マスター上の代表区分属性。
SAM001640,PRG001265,ASM000039,AREA000050,2026,SRC000241,2026-10-03,2026年第108回選手権の都府県単位代表区分に所属。大会不参加校を含む加盟校マスター上の代表区分属性。
SAM001641,PRG001266,ASM000045,AREA000056,2026,SRC000241,2026-10-03,2026年第108回選手権の都府県単位代表区分に所属。大会不参加校を含む加盟校マスター上の代表区分属性。
SAM001642,PRG001267,ASM000045,AREA000056,2026,SRC000241,2026-10-03,2026年第108回選手権の都府県単位代表区分に所属。大会不参加校を含む加盟校マスター上の代表区分属性。
SAM001643,PRG001268,ASM000045,AREA000056,2026,SRC000241,2026-10-03,2026年第108回選手権の都府県単位代表区分に所属。大会不参加校を含む加盟校マスター上の代表区分属性。
SAM001644,PRG001269,ASM000045,AREA000056,2026,SRC000241,2026-10-03,2026年第108回選手権の都府県単位代表区分に所属。大会不参加校を含む加盟校マスター上の代表区分属性。
SAM001645,PRG001270,ASM000045,AREA000056,2026,SRC000241,2026-10-03,2026年第108回選手権の都府県単位代表区分に所属。大会不参加校を含む加盟校マスター上の代表区分属性。
SAM001646,PRG001271,ASM000045,AREA000056,2026,SRC000241,2026-10-03,2026年第108回選手権の都府県単位代表区分に所属。大会不参加校を含む加盟校マスター上の代表区分属性。
SAM001647,PRG001272,ASM000045,AREA000056,2026,SRC000241,2026-10-03,2026年第108回選手権の都府県単位代表区分に所属。大会不参加校を含む加盟校マスター上の代表区分属性。
SAM001648,PRG001273,ASM000045,AREA000056,2026,SRC000241,2026-10-03,2026年第108回選手権の都府県単位代表区分に所属。大会不参加校を含む加盟校マスター上の代表区分属性。
SAM001649,PRG001274,ASM000045,AREA000056,2026,SRC000241,2026-10-03,2026年第108回選手権の都府県単位代表区分に所属。大会不参加校を含む加盟校マスター上の代表区分属性。
SAM001650,PRG001275,ASM000045,AREA000056,2026,SRC000241,2026-10-03,2026年第108回選手権の都府県単位代表区分に所属。大会不参加校を含む加盟校マスター上の代表区分属性。
SAM001651,PRG001276,ASM000045,AREA000056,2026,SRC000241,2026-10-03,2026年第108回選手権の都府県単位代表区分に所属。大会不参加校を含む加盟校マスター上の代表区分属性。
SAM001652,PRG001277,ASM000045,AREA000056,2026,SRC000241,2026-10-03,2026年第108回選手権の都府県単位代表区分に所属。大会不参加校を含む加盟校マスター上の代表区分属性。
SAM001653,PRG001278,ASM000045,AREA000056,2026,SRC000241,2026-10-03,2026年第108回選手権の都府県単位代表区分に所属。大会不参加校を含む加盟校マスター上の代表区分属性。
SAM001654,PRG001279,ASM000045,AREA000056,2026,SRC000241,2026-10-03,2026年第108回選手権の都府県単位代表区分に所属。大会不参加校を含む加盟校マスター上の代表区分属性。
SAM001655,PRG001280,ASM000045,AREA000056,2026,SRC000241,2026-10-03,2026年第108回選手権の都府県単位代表区分に所属。大会不参加校を含む加盟校マスター上の代表区分属性。
SAM001656,PRG001281,ASM000045,AREA000056,2026,SRC000241,2026-10-03,2026年第108回選手権の都府県単位代表区分に所属。大会不参加校を含む加盟校マスター上の代表区分属性。
SAM001657,PRG001282,ASM000045,AREA000056,2026,SRC000241,2026-10-03,2026年第108回選手権の都府県単位代表区分に所属。大会不参加校を含む加盟校マスター上の代表区分属性。
SAM001658,PRG001283,ASM000045,AREA000056,2026,SRC000241,2026-10-03,2026年第108回選手権の都府県単位代表区分に所属。大会不参加校を含む加盟校マスター上の代表区分属性。
SAM001659,PRG001284,ASM000045,AREA000056,2026,SRC000241,2026-10-03,2026年第108回選手権の都府県単位代表区分に所属。大会不参加校を含む加盟校マスター上の代表区分属性。
SAM001660,PRG001285,ASM000045,AREA000056,2026,SRC000241,2026-10-03,2026年第108回選手権の都府県単位代表区分に所属。大会不参加校を含む加盟校マスター上の代表区分属性。
SAM001661,PRG001286,ASM000045,AREA000056,2026,SRC000241,2026-10-03,2026年第108回選手権の都府県単位代表区分に所属。大会不参加校を含む加盟校マスター上の代表区分属性。
SAM001662,PRG001287,ASM000045,AREA000056,2026,SRC000241,2026-10-03,2026年第108回選手権の都府県単位代表区分に所属。大会不参加校を含む加盟校マスター上の代表区分属性。
SAM001663,PRG001288,ASM000045,AREA000056,2026,SRC000241,2026-10-03,2026年第108回選手権の都府県単位代表区分に所属。大会不参加校を含む加盟校マスター上の代表区分属性。
SAM001664,PRG001289,ASM000045,AREA000056,2026,SRC000241,2026-10-03,2026年第108回選手権の都府県単位代表区分に所属。大会不参加校を含む加盟校マスター上の代表区分属性。
SAM001665,PRG001290,ASM000045,AREA000056,2026,SRC000241,2026-10-03,2026年第108回選手権の都府県単位代表区分に所属。大会不参加校を含む加盟校マスター上の代表区分属性。
SAM001666,PRG001291,ASM000045,AREA000056,2026,SRC000241,2026-10-03,2026年第108回選手権の都府県単位代表区分に所属。大会不参加校を含む加盟校マスター上の代表区分属性。
SAM001667,PRG001292,ASM000045,AREA000056,2026,SRC000241,2026-10-03,2026年第108回選手権の都府県単位代表区分に所属。大会不参加校を含む加盟校マスター上の代表区分属性。
SAM001668,PRG001293,ASM000045,AREA000056,2026,SRC000241,2026-10-03,2026年第108回選手権の都府県単位代表区分に所属。大会不参加校を含む加盟校マスター上の代表区分属性。
SAM001669,PRG001294,ASM000045,AREA000056,2026,SRC000241,2026-10-03,2026年第108回選手権の都府県単位代表区分に所属。大会不参加校を含む加盟校マスター上の代表区分属性。
SAM001670,PRG001295,ASM000045,AREA000056,2026,SRC000241,2026-10-03,2026年第108回選手権の都府県単位代表区分に所属。大会不参加校を含む加盟校マスター上の代表区分属性。
SAM001671,PRG001296,ASM000045,AREA000056,2026,SRC000241,2026-10-03,2026年第108回選手権の都府県単位代表区分に所属。大会不参加校を含む加盟校マスター上の代表区分属性。
SAM001672,PRG001297,ASM000045,AREA000056,2026,SRC000241,2026-10-03,2026年第108回選手権の都府県単位代表区分に所属。大会不参加校を含む加盟校マスター上の代表区分属性。
SAM001673,PRG001298,ASM000045,AREA000056,2026,SRC000241,2026-10-03,2026年第108回選手権の都府県単位代表区分に所属。大会不参加校を含む加盟校マスター上の代表区分属性。
SAM001674,PRG001299,ASM000045,AREA000056,2026,SRC000241,2026-10-03,2026年第108回選手権の都府県単位代表区分に所属。大会不参加校を含む加盟校マスター上の代表区分属性。
SAM001675,PRG001300,ASM000045,AREA000056,2026,SRC000241,2026-10-03,2026年第108回選手権の都府県単位代表区分に所属。大会不参加校を含む加盟校マスター上の代表区分属性。
SAM001676,PRG001301,ASM000045,AREA000056,2026,SRC000241,2026-10-03,2026年第108回選手権の都府県単位代表区分に所属。大会不参加校を含む加盟校マスター上の代表区分属性。
SAM001677,PRG001302,ASM000045,AREA000056,2026,SRC000241,2026-10-03,2026年第108回選手権の都府県単位代表区分に所属。大会不参加校を含む加盟校マスター上の代表区分属性。
SAM001678,PRG001303,ASM000045,AREA000056,2026,SRC000241,2026-10-03,2026年第108回選手権の都府県単位代表区分に所属。大会不参加校を含む加盟校マスター上の代表区分属性。
SAM001679,PRG001304,ASM000045,AREA000056,2026,SRC000241,2026-10-03,2026年第108回選手権の都府県単位代表区分に所属。大会不参加校を含む加盟校マスター上の代表区分属性。
SAM001680,PRG001305,ASM000045,AREA000056,2026,SRC000241,2026-10-03,2026年第108回選手権の都府県単位代表区分に所属。大会不参加校を含む加盟校マスター上の代表区分属性。
SAM001681,PRG001306,ASM000045,AREA000056,2026,SRC000241,2026-10-03,2026年第108回選手権の都府県単位代表区分に所属。大会不参加校を含む加盟校マスター上の代表区分属性。
SAM001682,PRG001307,ASM000045,AREA000056,2026,SRC000241,2026-10-03,2026年第108回選手権の都府県単位代表区分に所属。大会不参加校を含む加盟校マスター上の代表区分属性。
SAM001683,PRG001308,ASM000045,AREA000056,2026,SRC000241,2026-10-03,2026年第108回選手権の都府県単位代表区分に所属。大会不参加校を含む加盟校マスター上の代表区分属性。
SAM001684,PRG001309,ASM000045,AREA000056,2026,SRC000241,2026-10-03,2026年第108回選手権の都府県単位代表区分に所属。大会不参加校を含む加盟校マスター上の代表区分属性。
SAM001685,PRG001310,ASM000027,AREA000038,2026,SRC000241,2026-10-03,2026年第108回選手権の都府県単位代表区分に所属。大会不参加校を含む加盟校マスター上の代表区分属性。
SAM001686,PRG001311,ASM000027,AREA000038,2026,SRC000241,2026-10-03,2026年第108回選手権の都府県単位代表区分に所属。大会不参加校を含む加盟校マスター上の代表区分属性。
SAM001687,PRG001312,ASM000027,AREA000038,2026,SRC000241,2026-10-03,2026年第108回選手権の都府県単位代表区分に所属。大会不参加校を含む加盟校マスター上の代表区分属性。
SAM001688,PRG001313,ASM000027,AREA000038,2026,SRC000241,2026-10-03,2026年第108回選手権の都府県単位代表区分に所属。大会不参加校を含む加盟校マスター上の代表区分属性。
SAM001689,PRG001314,ASM000027,AREA000038,2026,SRC000241,2026-10-03,2026年第108回選手権の都府県単位代表区分に所属。大会不参加校を含む加盟校マスター上の代表区分属性。
SAM001690,PRG001315,ASM000027,AREA000038,2026,SRC000241,2026-10-03,2026年第108回選手権の都府県単位代表区分に所属。大会不参加校を含む加盟校マスター上の代表区分属性。
SAM001691,PRG001316,ASM000027,AREA000038,2026,SRC000241,2026-10-03,2026年第108回選手権の都府県単位代表区分に所属。大会不参加校を含む加盟校マスター上の代表区分属性。
SAM001692,PRG001317,ASM000027,AREA000038,2026,SRC000241,2026-10-03,2026年第108回選手権の都府県単位代表区分に所属。大会不参加校を含む加盟校マスター上の代表区分属性。
SAM001693,PRG001318,ASM000027,AREA000038,2026,SRC000241,2026-10-03,2026年第108回選手権の都府県単位代表区分に所属。大会不参加校を含む加盟校マスター上の代表区分属性。
SAM001694,PRG001319,ASM000027,AREA000038,2026,SRC000241,2026-10-03,2026年第108回選手権の都府県単位代表区分に所属。大会不参加校を含む加盟校マスター上の代表区分属性。
SAM001695,PRG001320,ASM000027,AREA000038,2026,SRC000241,2026-10-03,2026年第108回選手権の都府県単位代表区分に所属。大会不参加校を含む加盟校マスター上の代表区分属性。
SAM001696,PRG001321,ASM000027,AREA000038,2026,SRC000241,2026-10-03,2026年第108回選手権の都府県単位代表区分に所属。大会不参加校を含む加盟校マスター上の代表区分属性。
SAM001697,PRG001322,ASM000027,AREA000038,2026,SRC000241,2026-10-03,2026年第108回選手権の都府県単位代表区分に所属。大会不参加校を含む加盟校マスター上の代表区分属性。
SAM001698,PRG001323,ASM000027,AREA000038,2026,SRC000241,2026-10-03,2026年第108回選手権の都府県単位代表区分に所属。大会不参加校を含む加盟校マスター上の代表区分属性。
SAM001699,PRG001324,ASM000027,AREA000038,2026,SRC000241,2026-10-03,2026年第108回選手権の都府県単位代表区分に所属。大会不参加校を含む加盟校マスター上の代表区分属性。
SAM001700,PRG001325,ASM000027,AREA000038,2026,SRC000241,2026-10-03,2026年第108回選手権の都府県単位代表区分に所属。大会不参加校を含む加盟校マスター上の代表区分属性。
SAM001701,PRG001326,ASM000027,AREA000038,2026,SRC000241,2026-10-03,2026年第108回選手権の都府県単位代表区分に所属。大会不参加校を含む加盟校マスター上の代表区分属性。
SAM001702,PRG001327,ASM000027,AREA000038,2026,SRC000241,2026-10-03,2026年第108回選手権の都府県単位代表区分に所属。大会不参加校を含む加盟校マスター上の代表区分属性。
SAM001703,PRG001328,ASM000027,AREA000038,2026,SRC000241,2026-10-03,2026年第108回選手権の都府県単位代表区分に所属。大会不参加校を含む加盟校マスター上の代表区分属性。
SAM001704,PRG001329,ASM000027,AREA000038,2026,SRC000241,2026-10-03,2026年第108回選手権の都府県単位代表区分に所属。大会不参加校を含む加盟校マスター上の代表区分属性。
SAM001705,PRG001330,ASM000027,AREA000038,2026,SRC000241,2026-10-03,2026年第108回選手権の都府県単位代表区分に所属。大会不参加校を含む加盟校マスター上の代表区分属性。
SAM001706,PRG001331,ASM000027,AREA000038,2026,SRC000241,2026-10-03,2026年第108回選手権の都府県単位代表区分に所属。大会不参加校を含む加盟校マスター上の代表区分属性。
SAM001707,PRG001332,ASM000027,AREA000038,2026,SRC000241,2026-10-03,2026年第108回選手権の都府県単位代表区分に所属。大会不参加校を含む加盟校マスター上の代表区分属性。
SAM001708,PRG001333,ASM000027,AREA000038,2026,SRC000241,2026-10-03,2026年第108回選手権の都府県単位代表区分に所属。大会不参加校を含む加盟校マスター上の代表区分属性。
SAM001709,PRG001334,ASM000027,AREA000038,2026,SRC000241,2026-10-03,2026年第108回選手権の都府県単位代表区分に所属。大会不参加校を含む加盟校マスター上の代表区分属性。
SAM001710,PRG001335,ASM000027,AREA000038,2026,SRC000241,2026-10-03,2026年第108回選手権の都府県単位代表区分に所属。大会不参加校を含む加盟校マスター上の代表区分属性。
SAM001711,PRG001336,ASM000027,AREA000038,2026,SRC000241,2026-10-03,2026年第108回選手権の都府県単位代表区分に所属。大会不参加校を含む加盟校マスター上の代表区分属性。
SAM001712,PRG001337,ASM000027,AREA000038,2026,SRC000241,2026-10-03,2026年第108回選手権の都府県単位代表区分に所属。大会不参加校を含む加盟校マスター上の代表区分属性。
SAM001713,PRG001338,ASM000027,AREA000038,2026,SRC000241,2026-10-03,2026年第108回選手権の都府県単位代表区分に所属。大会不参加校を含む加盟校マスター上の代表区分属性。
SAM001714,PRG001339,ASM000027,AREA000038,2026,SRC000241,2026-10-03,2026年第108回選手権の都府県単位代表区分に所属。大会不参加校を含む加盟校マスター上の代表区分属性。
SAM001715,PRG001340,ASM000027,AREA000038,2026,SRC000241,2026-10-03,2026年第108回選手権の都府県単位代表区分に所属。大会不参加校を含む加盟校マスター上の代表区分属性。
SAM001716,PRG001341,ASM000027,AREA000038,2026,SRC000241,2026-10-03,2026年第108回選手権の都府県単位代表区分に所属。大会不参加校を含む加盟校マスター上の代表区分属性。
SAM001717,PRG001342,ASM000027,AREA000038,2026,SRC000241,2026-10-03,2026年第108回選手権の都府県単位代表区分に所属。大会不参加校を含む加盟校マスター上の代表区分属性。
SAM001718,PRG001343,ASM000027,AREA000038,2026,SRC000241,2026-10-03,2026年第108回選手権の都府県単位代表区分に所属。大会不参加校を含む加盟校マスター上の代表区分属性。
SAM001719,PRG001344,ASM000027,AREA000038,2026,SRC000241,2026-10-03,2026年第108回選手権の都府県単位代表区分に所属。大会不参加校を含む加盟校マスター上の代表区分属性。
SAM001720,PRG001345,ASM000027,AREA000038,2026,SRC000241,2026-10-03,2026年第108回選手権の都府県単位代表区分に所属。大会不参加校を含む加盟校マスター上の代表区分属性。
SAM001721,PRG001346,ASM000027,AREA000038,2026,SRC000241,2026-10-03,2026年第108回選手権の都府県単位代表区分に所属。大会不参加校を含む加盟校マスター上の代表区分属性。
SAM001722,PRG001347,ASM000027,AREA000038,2026,SRC000241,2026-10-03,2026年第108回選手権の都府県単位代表区分に所属。大会不参加校を含む加盟校マスター上の代表区分属性。
SAM001723,PRG001348,ASM000027,AREA000038,2026,SRC000241,2026-10-03,2026年第108回選手権の都府県単位代表区分に所属。大会不参加校を含む加盟校マスター上の代表区分属性。
SAM001724,PRG001349,ASM000027,AREA000038,2026,SRC000241,2026-10-03,2026年第108回選手権の都府県単位代表区分に所属。大会不参加校を含む加盟校マスター上の代表区分属性。
SAM001725,PRG001350,ASM000027,AREA000038,2026,SRC000241,2026-10-03,2026年第108回選手権の都府県単位代表区分に所属。大会不参加校を含む加盟校マスター上の代表区分属性。
SAM001726,PRG001351,ASM000027,AREA000038,2026,SRC000241,2026-10-03,2026年第108回選手権の都府県単位代表区分に所属。大会不参加校を含む加盟校マスター上の代表区分属性。
SAM001727,PRG001352,ASM000027,AREA000038,2026,SRC000241,2026-10-03,2026年第108回選手権の都府県単位代表区分に所属。大会不参加校を含む加盟校マスター上の代表区分属性。
SAM001728,PRG001353,ASM000027,AREA000038,2026,SRC000241,2026-10-03,2026年第108回選手権の都府県単位代表区分に所属。大会不参加校を含む加盟校マスター上の代表区分属性。
SAM001729,PRG001354,ASM000027,AREA000038,2026,SRC000241,2026-10-03,2026年第108回選手権の都府県単位代表区分に所属。大会不参加校を含む加盟校マスター上の代表区分属性。
SAM001730,PRG001355,ASM000027,AREA000038,2026,SRC000241,2026-10-03,2026年第108回選手権の都府県単位代表区分に所属。大会不参加校を含む加盟校マスター上の代表区分属性。
SAM001731,PRG001356,ASM000027,AREA000038,2026,SRC000241,2026-10-03,2026年第108回選手権の都府県単位代表区分に所属。大会不参加校を含む加盟校マスター上の代表区分属性。
SAM001732,PRG001357,ASM000027,AREA000038,2026,SRC000241,2026-10-03,2026年第108回選手権の都府県単位代表区分に所属。大会不参加校を含む加盟校マスター上の代表区分属性。
SAM001733,PRG001358,ASM000027,AREA000038,2026,SRC000241,2026-10-03,2026年第108回選手権の都府県単位代表区分に所属。大会不参加校を含む加盟校マスター上の代表区分属性。
SAM001734,PRG001359,ASM000027,AREA000038,2026,SRC000241,2026-10-03,2026年第108回選手権の都府県単位代表区分に所属。大会不参加校を含む加盟校マスター上の代表区分属性。
SAM001735,PRG001360,ASM000027,AREA000038,2026,SRC000241,2026-10-03,2026年第108回選手権の都府県単位代表区分に所属。大会不参加校を含む加盟校マスター上の代表区分属性。
SAM001736,PRG001361,ASM000027,AREA000038,2026,SRC000241,2026-10-03,2026年第108回選手権の都府県単位代表区分に所属。大会不参加校を含む加盟校マスター上の代表区分属性。
SAM001737,PRG001362,ASM000027,AREA000038,2026,SRC000241,2026-10-03,2026年第108回選手権の都府県単位代表区分に所属。大会不参加校を含む加盟校マスター上の代表区分属性。
SAM001738,PRG001363,ASM000027,AREA000038,2026,SRC000241,2026-10-03,2026年第108回選手権の都府県単位代表区分に所属。大会不参加校を含む加盟校マスター上の代表区分属性。
SAM001739,PRG001364,ASM000027,AREA000038,2026,SRC000241,2026-10-03,2026年第108回選手権の都府県単位代表区分に所属。大会不参加校を含む加盟校マスター上の代表区分属性。
SAM001740,PRG001365,ASM000027,AREA000038,2026,SRC000241,2026-10-03,2026年第108回選手権の都府県単位代表区分に所属。大会不参加校を含む加盟校マスター上の代表区分属性。
SAM001741,PRG001366,ASM000027,AREA000038,2026,SRC000241,2026-10-03,2026年第108回選手権の都府県単位代表区分に所属。大会不参加校を含む加盟校マスター上の代表区分属性。
SAM001742,PRG001367,ASM000027,AREA000038,2026,SRC000241,2026-10-03,2026年第108回選手権の都府県単位代表区分に所属。大会不参加校を含む加盟校マスター上の代表区分属性。
SAM001743,PRG001368,ASM000027,AREA000038,2026,SRC000241,2026-10-03,2026年第108回選手権の都府県単位代表区分に所属。大会不参加校を含む加盟校マスター上の代表区分属性。
SAM001744,PRG001369,ASM000027,AREA000038,2026,SRC000241,2026-10-03,2026年第108回選手権の都府県単位代表区分に所属。大会不参加校を含む加盟校マスター上の代表区分属性。
SAM001745,PRG001370,ASM000027,AREA000038,2026,SRC000241,2026-10-03,2026年第108回選手権の都府県単位代表区分に所属。大会不参加校を含む加盟校マスター上の代表区分属性。
SAM001746,PRG001371,ASM000027,AREA000038,2026,SRC000241,2026-10-03,2026年第108回選手権の都府県単位代表区分に所属。大会不参加校を含む加盟校マスター上の代表区分属性。
SAM001747,PRG001372,ASM000027,AREA000038,2026,SRC000241,2026-10-03,2026年第108回選手権の都府県単位代表区分に所属。大会不参加校を含む加盟校マスター上の代表区分属性。
SAM001748,PRG001373,ASM000027,AREA000038,2026,SRC000241,2026-10-03,2026年第108回選手権の都府県単位代表区分に所属。大会不参加校を含む加盟校マスター上の代表区分属性。
SAM001749,PRG001374,ASM000027,AREA000038,2026,SRC000241,2026-10-03,2026年第108回選手権の都府県単位代表区分に所属。大会不参加校を含む加盟校マスター上の代表区分属性。
SAM001750,PRG001375,ASM000027,AREA000038,2026,SRC000241,2026-10-03,2026年第108回選手権の都府県単位代表区分に所属。大会不参加校を含む加盟校マスター上の代表区分属性。
SAM001751,PRG001376,ASM000027,AREA000038,2026,SRC000241,2026-10-03,2026年第108回選手権の都府県単位代表区分に所属。大会不参加校を含む加盟校マスター上の代表区分属性。
SAM001752,PRG001377,ASM000027,AREA000038,2026,SRC000241,2026-10-03,2026年第108回選手権の都府県単位代表区分に所属。大会不参加校を含む加盟校マスター上の代表区分属性。
SAM001753,PRG001378,ASM000027,AREA000038,2026,SRC000241,2026-10-03,2026年第108回選手権の都府県単位代表区分に所属。大会不参加校を含む加盟校マスター上の代表区分属性。
SAM001754,PRG001379,ASM000027,AREA000038,2026,SRC000241,2026-10-03,2026年第108回選手権の都府県単位代表区分に所属。大会不参加校を含む加盟校マスター上の代表区分属性。
SAM001755,PRG001380,ASM000027,AREA000038,2026,SRC000241,2026-10-03,2026年第108回選手権の都府県単位代表区分に所属。大会不参加校を含む加盟校マスター上の代表区分属性。
SAM001756,PRG001381,ASM000027,AREA000038,2026,SRC000241,2026-10-03,2026年第108回選手権の都府県単位代表区分に所属。大会不参加校を含む加盟校マスター上の代表区分属性。
SAM001757,PRG001382,ASM000027,AREA000038,2026,SRC000241,2026-10-03,2026年第108回選手権の都府県単位代表区分に所属。大会不参加校を含む加盟校マスター上の代表区分属性。
SAM001758,PRG001383,ASM000027,AREA000038,2026,SRC000241,2026-10-03,2026年第108回選手権の都府県単位代表区分に所属。大会不参加校を含む加盟校マスター上の代表区分属性。
SAM001759,PRG001384,ASM000027,AREA000038,2026,SRC000241,2026-10-03,2026年第108回選手権の都府県単位代表区分に所属。大会不参加校を含む加盟校マスター上の代表区分属性。
SAM001760,PRG001385,ASM000027,AREA000038,2026,SRC000241,2026-10-03,2026年第108回選手権の都府県単位代表区分に所属。大会不参加校を含む加盟校マスター上の代表区分属性。
SAM001761,PRG001386,ASM000024,AREA000035,2026,SRC000241,2026-10-03,2026年第108回選手権の都府県単位代表区分に所属。大会不参加校を含む加盟校マスター上の代表区分属性。
SAM001762,PRG001387,ASM000024,AREA000035,2026,SRC000241,2026-10-03,2026年第108回選手権の都府県単位代表区分に所属。大会不参加校を含む加盟校マスター上の代表区分属性。
SAM001763,PRG001388,ASM000024,AREA000035,2026,SRC000241,2026-10-03,2026年第108回選手権の都府県単位代表区分に所属。大会不参加校を含む加盟校マスター上の代表区分属性。
SAM001764,PRG001389,ASM000024,AREA000035,2026,SRC000241,2026-10-03,2026年第108回選手権の都府県単位代表区分に所属。大会不参加校を含む加盟校マスター上の代表区分属性。
SAM001765,PRG001390,ASM000024,AREA000035,2026,SRC000241,2026-10-03,2026年第108回選手権の都府県単位代表区分に所属。大会不参加校を含む加盟校マスター上の代表区分属性。
SAM001766,PRG001391,ASM000024,AREA000035,2026,SRC000241,2026-10-03,2026年第108回選手権の都府県単位代表区分に所属。大会不参加校を含む加盟校マスター上の代表区分属性。
SAM001767,PRG001392,ASM000024,AREA000035,2026,SRC000241,2026-10-03,2026年第108回選手権の都府県単位代表区分に所属。大会不参加校を含む加盟校マスター上の代表区分属性。
SAM001768,PRG001393,ASM000024,AREA000035,2026,SRC000241,2026-10-03,2026年第108回選手権の都府県単位代表区分に所属。大会不参加校を含む加盟校マスター上の代表区分属性。
SAM001769,PRG001394,ASM000024,AREA000035,2026,SRC000241,2026-10-03,2026年第108回選手権の都府県単位代表区分に所属。大会不参加校を含む加盟校マスター上の代表区分属性。
SAM001770,PRG001395,ASM000024,AREA000035,2026,SRC000241,2026-10-03,2026年第108回選手権の都府県単位代表区分に所属。大会不参加校を含む加盟校マスター上の代表区分属性。
SAM001771,PRG001396,ASM000024,AREA000035,2026,SRC000241,2026-10-03,2026年第108回選手権の都府県単位代表区分に所属。大会不参加校を含む加盟校マスター上の代表区分属性。
SAM001772,PRG001397,ASM000024,AREA000035,2026,SRC000241,2026-10-03,2026年第108回選手権の都府県単位代表区分に所属。大会不参加校を含む加盟校マスター上の代表区分属性。
SAM001773,PRG001398,ASM000024,AREA000035,2026,SRC000241,2026-10-03,2026年第108回選手権の都府県単位代表区分に所属。大会不参加校を含む加盟校マスター上の代表区分属性。
SAM001774,PRG001399,ASM000024,AREA000035,2026,SRC000241,2026-10-03,2026年第108回選手権の都府県単位代表区分に所属。大会不参加校を含む加盟校マスター上の代表区分属性。
SAM001775,PRG001400,ASM000024,AREA000035,2026,SRC000241,2026-10-03,2026年第108回選手権の都府県単位代表区分に所属。大会不参加校を含む加盟校マスター上の代表区分属性。
SAM001776,PRG001401,ASM000024,AREA000035,2026,SRC000241,2026-10-03,2026年第108回選手権の都府県単位代表区分に所属。大会不参加校を含む加盟校マスター上の代表区分属性。
SAM001777,PRG001402,ASM000024,AREA000035,2026,SRC000241,2026-10-03,2026年第108回選手権の都府県単位代表区分に所属。大会不参加校を含む加盟校マスター上の代表区分属性。
SAM001778,PRG001403,ASM000024,AREA000035,2026,SRC000241,2026-10-03,2026年第108回選手権の都府県単位代表区分に所属。大会不参加校を含む加盟校マスター上の代表区分属性。
SAM001779,PRG001404,ASM000024,AREA000035,2026,SRC000241,2026-10-03,2026年第108回選手権の都府県単位代表区分に所属。大会不参加校を含む加盟校マスター上の代表区分属性。
SAM001780,PRG001405,ASM000024,AREA000035,2026,SRC000241,2026-10-03,2026年第108回選手権の都府県単位代表区分に所属。大会不参加校を含む加盟校マスター上の代表区分属性。
SAM001781,PRG001406,ASM000024,AREA000035,2026,SRC000241,2026-10-03,2026年第108回選手権の都府県単位代表区分に所属。大会不参加校を含む加盟校マスター上の代表区分属性。
SAM001782,PRG001407,ASM000024,AREA000035,2026,SRC000241,2026-10-03,2026年第108回選手権の都府県単位代表区分に所属。大会不参加校を含む加盟校マスター上の代表区分属性。
SAM001783,PRG001408,ASM000024,AREA000035,2026,SRC000241,2026-10-03,2026年第108回選手権の都府県単位代表区分に所属。大会不参加校を含む加盟校マスター上の代表区分属性。
SAM001784,PRG001409,ASM000024,AREA000035,2026,SRC000241,2026-10-03,2026年第108回選手権の都府県単位代表区分に所属。大会不参加校を含む加盟校マスター上の代表区分属性。
SAM001785,PRG001410,ASM000024,AREA000035,2026,SRC000241,2026-10-03,2026年第108回選手権の都府県単位代表区分に所属。大会不参加校を含む加盟校マスター上の代表区分属性。
SAM001786,PRG001411,ASM000024,AREA000035,2026,SRC000241,2026-10-03,2026年第108回選手権の都府県単位代表区分に所属。大会不参加校を含む加盟校マスター上の代表区分属性。
SAM001787,PRG001412,ASM000024,AREA000035,2026,SRC000241,2026-10-03,2026年第108回選手権の都府県単位代表区分に所属。大会不参加校を含む加盟校マスター上の代表区分属性。
SAM001788,PRG001413,ASM000024,AREA000035,2026,SRC000241,2026-10-03,2026年第108回選手権の都府県単位代表区分に所属。大会不参加校を含む加盟校マスター上の代表区分属性。
SAM001789,PRG001414,ASM000024,AREA000035,2026,SRC000241,2026-10-03,2026年第108回選手権の都府県単位代表区分に所属。大会不参加校を含む加盟校マスター上の代表区分属性。
SAM001790,PRG001415,ASM000024,AREA000035,2026,SRC000241,2026-10-03,2026年第108回選手権の都府県単位代表区分に所属。大会不参加校を含む加盟校マスター上の代表区分属性。
SAM001791,PRG001416,ASM000024,AREA000035,2026,SRC000241,2026-10-03,2026年第108回選手権の都府県単位代表区分に所属。大会不参加校を含む加盟校マスター上の代表区分属性。
SAM001792,PRG001417,ASM000024,AREA000035,2026,SRC000241,2026-10-03,2026年第108回選手権の都府県単位代表区分に所属。大会不参加校を含む加盟校マスター上の代表区分属性。
SAM001793,PRG001418,ASM000024,AREA000035,2026,SRC000241,2026-10-03,2026年第108回選手権の都府県単位代表区分に所属。大会不参加校を含む加盟校マスター上の代表区分属性。
SAM001794,PRG001419,ASM000024,AREA000035,2026,SRC000241,2026-10-03,2026年第108回選手権の都府県単位代表区分に所属。大会不参加校を含む加盟校マスター上の代表区分属性。
SAM001795,PRG001420,ASM000024,AREA000035,2026,SRC000241,2026-10-03,2026年第108回選手権の都府県単位代表区分に所属。大会不参加校を含む加盟校マスター上の代表区分属性。
SAM001796,PRG001421,ASM000024,AREA000035,2026,SRC000241,2026-10-03,2026年第108回選手権の都府県単位代表区分に所属。大会不参加校を含む加盟校マスター上の代表区分属性。
SAM001797,PRG001422,ASM000024,AREA000035,2026,SRC000241,2026-10-03,2026年第108回選手権の都府県単位代表区分に所属。大会不参加校を含む加盟校マスター上の代表区分属性。
SAM001798,PRG001423,ASM000024,AREA000035,2026,SRC000241,2026-10-03,2026年第108回選手権の都府県単位代表区分に所属。大会不参加校を含む加盟校マスター上の代表区分属性。
SAM001799,PRG001424,ASM000024,AREA000035,2026,SRC000241,2026-10-03,2026年第108回選手権の都府県単位代表区分に所属。大会不参加校を含む加盟校マスター上の代表区分属性。
SAM001800,PRG001425,ASM000024,AREA000035,2026,SRC000241,2026-10-03,2026年第108回選手権の都府県単位代表区分に所属。大会不参加校を含む加盟校マスター上の代表区分属性。
SAM001801,PRG001426,ASM000024,AREA000035,2026,SRC000241,2026-10-03,2026年第108回選手権の都府県単位代表区分に所属。大会不参加校を含む加盟校マスター上の代表区分属性。
SAM001802,PRG001427,ASM000024,AREA000035,2026,SRC000241,2026-10-03,2026年第108回選手権の都府県単位代表区分に所属。大会不参加校を含む加盟校マスター上の代表区分属性。
SAM001803,PRG001428,ASM000024,AREA000035,2026,SRC000241,2026-10-03,2026年第108回選手権の都府県単位代表区分に所属。大会不参加校を含む加盟校マスター上の代表区分属性。
SAM001804,PRG001429,ASM000024,AREA000035,2026,SRC000241,2026-10-03,2026年第108回選手権の都府県単位代表区分に所属。大会不参加校を含む加盟校マスター上の代表区分属性。
SAM001805,PRG001430,ASM000024,AREA000035,2026,SRC000241,2026-10-03,2026年第108回選手権の都府県単位代表区分に所属。大会不参加校を含む加盟校マスター上の代表区分属性。
SAM001806,PRG001431,ASM000024,AREA000035,2026,SRC000241,2026-10-03,2026年第108回選手権の都府県単位代表区分に所属。大会不参加校を含む加盟校マスター上の代表区分属性。
SAM001807,PRG001432,ASM000024,AREA000035,2026,SRC000241,2026-10-03,2026年第108回選手権の都府県単位代表区分に所属。大会不参加校を含む加盟校マスター上の代表区分属性。
SAM001808,PRG001433,ASM000024,AREA000035,2026,SRC000241,2026-10-03,2026年第108回選手権の都府県単位代表区分に所属。大会不参加校を含む加盟校マスター上の代表区分属性。
SAM001809,PRG001434,ASM000024,AREA000035,2026,SRC000241,2026-10-03,2026年第108回選手権の都府県単位代表区分に所属。大会不参加校を含む加盟校マスター上の代表区分属性。
SAM001810,PRG001435,ASM000024,AREA000035,2026,SRC000241,2026-10-03,2026年第108回選手権の都府県単位代表区分に所属。大会不参加校を含む加盟校マスター上の代表区分属性。
SAM001811,PRG001436,ASM000024,AREA000035,2026,SRC000241,2026-10-03,2026年第108回選手権の都府県単位代表区分に所属。大会不参加校を含む加盟校マスター上の代表区分属性。
SAM001812,PRG001437,ASM000024,AREA000035,2026,SRC000241,2026-10-03,2026年第108回選手権の都府県単位代表区分に所属。大会不参加校を含む加盟校マスター上の代表区分属性。
SAM001813,PRG001438,ASM000024,AREA000035,2026,SRC000241,2026-10-03,2026年第108回選手権の都府県単位代表区分に所属。大会不参加校を含む加盟校マスター上の代表区分属性。
SAM001814,PRG001439,ASM000024,AREA000035,2026,SRC000241,2026-10-03,2026年第108回選手権の都府県単位代表区分に所属。大会不参加校を含む加盟校マスター上の代表区分属性。
SAM001815,PRG001440,ASM000024,AREA000035,2026,SRC000241,2026-10-03,2026年第108回選手権の都府県単位代表区分に所属。大会不参加校を含む加盟校マスター上の代表区分属性。
SAM001816,PRG001441,ASM000024,AREA000035,2026,SRC000241,2026-10-03,2026年第108回選手権の都府県単位代表区分に所属。大会不参加校を含む加盟校マスター上の代表区分属性。
SAM001817,PRG001442,ASM000024,AREA000035,2026,SRC000241,2026-10-03,2026年第108回選手権の都府県単位代表区分に所属。大会不参加校を含む加盟校マスター上の代表区分属性。
SAM001818,PRG001443,ASM000024,AREA000035,2026,SRC000241,2026-10-03,2026年第108回選手権の都府県単位代表区分に所属。大会不参加校を含む加盟校マスター上の代表区分属性。
SAM001819,PRG001444,ASM000024,AREA000035,2026,SRC000241,2026-10-03,2026年第108回選手権の都府県単位代表区分に所属。大会不参加校を含む加盟校マスター上の代表区分属性。
SAM001820,PRG001445,ASM000024,AREA000035,2026,SRC000241,2026-10-03,2026年第108回選手権の都府県単位代表区分に所属。大会不参加校を含む加盟校マスター上の代表区分属性。
SAM001821,PRG001446,ASM000024,AREA000035,2026,SRC000241,2026-10-03,2026年第108回選手権の都府県単位代表区分に所属。大会不参加校を含む加盟校マスター上の代表区分属性。
SAM001822,PRG001447,ASM000024,AREA000035,2026,SRC000241,2026-10-03,2026年第108回選手権の都府県単位代表区分に所属。大会不参加校を含む加盟校マスター上の代表区分属性。
SAM001823,PRG001448,ASM000024,AREA000035,2026,SRC000241,2026-10-03,2026年第108回選手権の都府県単位代表区分に所属。大会不参加校を含む加盟校マスター上の代表区分属性。
SAM001824,PRG001449,ASM000024,AREA000035,2026,SRC000241,2026-10-03,2026年第108回選手権の都府県単位代表区分に所属。大会不参加校を含む加盟校マスター上の代表区分属性。
SAM001825,PRG001450,ASM000024,AREA000035,2026,SRC000241,2026-10-03,2026年第108回選手権の都府県単位代表区分に所属。大会不参加校を含む加盟校マスター上の代表区分属性。
SAM001826,PRG001451,ASM000024,AREA000035,2026,SRC000241,2026-10-03,2026年第108回選手権の都府県単位代表区分に所属。大会不参加校を含む加盟校マスター上の代表区分属性。
SAM001827,PRG001452,ASM000024,AREA000035,2026,SRC000241,2026-10-03,2026年第108回選手権の都府県単位代表区分に所属。大会不参加校を含む加盟校マスター上の代表区分属性。
SAM001828,PRG001453,ASM000024,AREA000035,2026,SRC000241,2026-10-03,2026年第108回選手権の都府県単位代表区分に所属。大会不参加校を含む加盟校マスター上の代表区分属性。
SAM001829,PRG001454,ASM000024,AREA000035,2026,SRC000241,2026-10-03,2026年第108回選手権の都府県単位代表区分に所属。大会不参加校を含む加盟校マスター上の代表区分属性。
SAM001830,PRG001455,ASM000024,AREA000035,2026,SRC000241,2026-10-03,2026年第108回選手権の都府県単位代表区分に所属。大会不参加校を含む加盟校マスター上の代表区分属性。
SAM001831,PRG001456,ASM000024,AREA000035,2026,SRC000241,2026-10-03,2026年第108回選手権の都府県単位代表区分に所属。大会不参加校を含む加盟校マスター上の代表区分属性。
SAM001832,PRG001457,ASM000024,AREA000035,2026,SRC000241,2026-10-03,2026年第108回選手権の都府県単位代表区分に所属。大会不参加校を含む加盟校マスター上の代表区分属性。
SAM001833,PRG001458,ASM000024,AREA000035,2026,SRC000241,2026-10-03,2026年第108回選手権の都府県単位代表区分に所属。大会不参加校を含む加盟校マスター上の代表区分属性。
SAM001834,PRG001459,ASM000024,AREA000035,2026,SRC000241,2026-10-03,2026年第108回選手権の都府県単位代表区分に所属。大会不参加校を含む加盟校マスター上の代表区分属性。
SAM001835,PRG001460,ASM000024,AREA000035,2026,SRC000241,2026-10-03,2026年第108回選手権の都府県単位代表区分に所属。大会不参加校を含む加盟校マスター上の代表区分属性。
SAM001836,PRG001461,ASM000024,AREA000035,2026,SRC000241,2026-10-03,2026年第108回選手権の都府県単位代表区分に所属。大会不参加校を含む加盟校マスター上の代表区分属性。
SAM001837,PRG001462,ASM000024,AREA000035,2026,SRC000241,2026-10-03,2026年第108回選手権の都府県単位代表区分に所属。大会不参加校を含む加盟校マスター上の代表区分属性。
SAM001838,PRG001463,ASM000024,AREA000035,2026,SRC000241,2026-10-03,2026年第108回選手権の都府県単位代表区分に所属。大会不参加校を含む加盟校マスター上の代表区分属性。
SAM001839,PRG001464,ASM000024,AREA000035,2026,SRC000241,2026-10-03,2026年第108回選手権の都府県単位代表区分に所属。大会不参加校を含む加盟校マスター上の代表区分属性。
SAM001840,PRG001465,ASM000024,AREA000035,2026,SRC000241,2026-10-03,2026年第108回選手権の都府県単位代表区分に所属。大会不参加校を含む加盟校マスター上の代表区分属性。
SAM001841,PRG001466,ASM000024,AREA000035,2026,SRC000241,2026-10-03,2026年第108回選手権の都府県単位代表区分に所属。大会不参加校を含む加盟校マスター上の代表区分属性。
SAM001842,PRG001467,ASM000024,AREA000035,2026,SRC000241,2026-10-03,2026年第108回選手権の都府県単位代表区分に所属。大会不参加校を含む加盟校マスター上の代表区分属性。
SAM001843,PRG001468,ASM000024,AREA000035,2026,SRC000241,2026-10-03,2026年第108回選手権の都府県単位代表区分に所属。大会不参加校を含む加盟校マスター上の代表区分属性。
SAM001844,PRG001469,ASM000024,AREA000035,2026,SRC000241,2026-10-03,2026年第108回選手権の都府県単位代表区分に所属。大会不参加校を含む加盟校マスター上の代表区分属性。
SAM001845,PRG001470,ASM000024,AREA000035,2026,SRC000241,2026-10-03,2026年第108回選手権の都府県単位代表区分に所属。大会不参加校を含む加盟校マスター上の代表区分属性。
SAM001846,PRG001471,ASM000024,AREA000035,2026,SRC000241,2026-10-03,2026年第108回選手権の都府県単位代表区分に所属。大会不参加校を含む加盟校マスター上の代表区分属性。
SAM001847,PRG001472,ASM000024,AREA000035,2026,SRC000241,2026-10-03,2026年第108回選手権の都府県単位代表区分に所属。大会不参加校を含む加盟校マスター上の代表区分属性。
SAM001848,PRG001473,ASM000024,AREA000035,2026,SRC000241,2026-10-03,2026年第108回選手権の都府県単位代表区分に所属。大会不参加校を含む加盟校マスター上の代表区分属性。
SAM001849,PRG001474,ASM000024,AREA000035,2026,SRC000241,2026-10-03,2026年第108回選手権の都府県単位代表区分に所属。大会不参加校を含む加盟校マスター上の代表区分属性。
SAM001850,PRG001475,ASM000024,AREA000035,2026,SRC000241,2026-10-03,2026年第108回選手権の都府県単位代表区分に所属。大会不参加校を含む加盟校マスター上の代表区分属性。
SAM001851,PRG001476,ASM000024,AREA000035,2026,SRC000241,2026-10-03,2026年第108回選手権の都府県単位代表区分に所属。大会不参加校を含む加盟校マスター上の代表区分属性。
SAM001852,PRG001477,ASM000024,AREA000035,2026,SRC000241,2026-10-03,2026年第108回選手権の都府県単位代表区分に所属。大会不参加校を含む加盟校マスター上の代表区分属性。
SAM001853,PRG001478,ASM000024,AREA000035,2026,SRC000241,2026-10-03,2026年第108回選手権の都府県単位代表区分に所属。大会不参加校を含む加盟校マスター上の代表区分属性。
SAM001854,PRG001479,ASM000024,AREA000035,2026,SRC000241,2026-10-03,2026年第108回選手権の都府県単位代表区分に所属。大会不参加校を含む加盟校マスター上の代表区分属性。
SAM001855,PRG001480,ASM000024,AREA000035,2026,SRC000241,2026-10-03,2026年第108回選手権の都府県単位代表区分に所属。大会不参加校を含む加盟校マスター上の代表区分属性。
SAM001856,PRG001481,ASM000024,AREA000035,2026,SRC000241,2026-10-03,2026年第108回選手権の都府県単位代表区分に所属。大会不参加校を含む加盟校マスター上の代表区分属性。
SAM001857,PRG001482,ASM000024,AREA000035,2026,SRC000241,2026-10-03,2026年第108回選手権の都府県単位代表区分に所属。大会不参加校を含む加盟校マスター上の代表区分属性。
SAM001858,PRG001483,ASM000024,AREA000035,2026,SRC000241,2026-10-03,2026年第108回選手権の都府県単位代表区分に所属。大会不参加校を含む加盟校マスター上の代表区分属性。
SAM001859,PRG001484,ASM000024,AREA000035,2026,SRC000241,2026-10-03,2026年第108回選手権の都府県単位代表区分に所属。大会不参加校を含む加盟校マスター上の代表区分属性。
SAM001860,PRG001485,ASM000024,AREA000035,2026,SRC000241,2026-10-03,2026年第108回選手権の都府県単位代表区分に所属。大会不参加校を含む加盟校マスター上の代表区分属性。
SAM001861,PRG001486,ASM000024,AREA000035,2026,SRC000241,2026-10-03,2026年第108回選手権の都府県単位代表区分に所属。大会不参加校を含む加盟校マスター上の代表区分属性。
SAM001862,PRG001487,ASM000024,AREA000035,2026,SRC000241,2026-10-03,2026年第108回選手権の都府県単位代表区分に所属。大会不参加校を含む加盟校マスター上の代表区分属性。
SAM001863,PRG001488,ASM000024,AREA000035,2026,SRC000241,2026-10-03,2026年第108回選手権の都府県単位代表区分に所属。大会不参加校を含む加盟校マスター上の代表区分属性。
SAM001864,PRG001489,ASM000024,AREA000035,2026,SRC000241,2026-10-03,2026年第108回選手権の都府県単位代表区分に所属。大会不参加校を含む加盟校マスター上の代表区分属性。
SAM001865,PRG001490,ASM000024,AREA000035,2026,SRC000241,2026-10-03,2026年第108回選手権の都府県単位代表区分に所属。大会不参加校を含む加盟校マスター上の代表区分属性。
SAM001866,PRG001491,ASM000024,AREA000035,2026,SRC000241,2026-10-03,2026年第108回選手権の都府県単位代表区分に所属。大会不参加校を含む加盟校マスター上の代表区分属性。
SAM001867,PRG001492,ASM000024,AREA000035,2026,SRC000241,2026-10-03,2026年第108回選手権の都府県単位代表区分に所属。大会不参加校を含む加盟校マスター上の代表区分属性。
SAM001868,PRG001493,ASM000024,AREA000035,2026,SRC000241,2026-10-03,2026年第108回選手権の都府県単位代表区分に所属。大会不参加校を含む加盟校マスター上の代表区分属性。
SAM001869,PRG001494,ASM000024,AREA000035,2026,SRC000241,2026-10-03,2026年第108回選手権の都府県単位代表区分に所属。大会不参加校を含む加盟校マスター上の代表区分属性。
SAM001870,PRG001495,ASM000024,AREA000035,2026,SRC000241,2026-10-03,2026年第108回選手権の都府県単位代表区分に所属。大会不参加校を含む加盟校マスター上の代表区分属性。
SAM001871,PRG001496,ASM000024,AREA000035,2026,SRC000241,2026-10-03,2026年第108回選手権の都府県単位代表区分に所属。大会不参加校を含む加盟校マスター上の代表区分属性。
SAM001872,PRG001497,ASM000024,AREA000035,2026,SRC000241,2026-10-03,2026年第108回選手権の都府県単位代表区分に所属。大会不参加校を含む加盟校マスター上の代表区分属性。
SAM001873,PRG001498,ASM000024,AREA000035,2026,SRC000241,2026-10-03,2026年第108回選手権の都府県単位代表区分に所属。大会不参加校を含む加盟校マスター上の代表区分属性。
SAM001874,PRG001499,ASM000024,AREA000035,2026,SRC000241,2026-10-03,2026年第108回選手権の都府県単位代表区分に所属。大会不参加校を含む加盟校マスター上の代表区分属性。
SAM001875,PRG001500,ASM000024,AREA000035,2026,SRC000241,2026-10-03,2026年第108回選手権の都府県単位代表区分に所属。大会不参加校を含む加盟校マスター上の代表区分属性。
SAM001876,PRG001501,ASM000024,AREA000035,2026,SRC000241,2026-10-03,2026年第108回選手権の都府県単位代表区分に所属。大会不参加校を含む加盟校マスター上の代表区分属性。
SAM001877,PRG001502,ASM000024,AREA000035,2026,SRC000241,2026-10-03,2026年第108回選手権の都府県単位代表区分に所属。大会不参加校を含む加盟校マスター上の代表区分属性。
SAM001878,PRG001503,ASM000024,AREA000035,2026,SRC000241,2026-10-03,2026年第108回選手権の都府県単位代表区分に所属。大会不参加校を含む加盟校マスター上の代表区分属性。
SAM001879,PRG001504,ASM000024,AREA000035,2026,SRC000241,2026-10-03,2026年第108回選手権の都府県単位代表区分に所属。大会不参加校を含む加盟校マスター上の代表区分属性。
SAM001880,PRG001505,ASM000024,AREA000035,2026,SRC000241,2026-10-03,2026年第108回選手権の都府県単位代表区分に所属。大会不参加校を含む加盟校マスター上の代表区分属性。
SAM001881,PRG001506,ASM000024,AREA000035,2026,SRC000241,2026-10-03,2026年第108回選手権の都府県単位代表区分に所属。大会不参加校を含む加盟校マスター上の代表区分属性。
SAM001882,PRG001507,ASM000024,AREA000035,2026,SRC000241,2026-10-03,2026年第108回選手権の都府県単位代表区分に所属。大会不参加校を含む加盟校マスター上の代表区分属性。
SAM001883,PRG001508,ASM000024,AREA000035,2026,SRC000241,2026-10-03,2026年第108回選手権の都府県単位代表区分に所属。大会不参加校を含む加盟校マスター上の代表区分属性。
SAM001884,PRG001509,ASM000024,AREA000035,2026,SRC000241,2026-10-03,2026年第108回選手権の都府県単位代表区分に所属。大会不参加校を含む加盟校マスター上の代表区分属性。
SAM001885,PRG001510,ASM000024,AREA000035,2026,SRC000241,2026-10-03,2026年第108回選手権の都府県単位代表区分に所属。大会不参加校を含む加盟校マスター上の代表区分属性。
SAM001886,PRG001511,ASM000024,AREA000035,2026,SRC000241,2026-10-03,2026年第108回選手権の都府県単位代表区分に所属。大会不参加校を含む加盟校マスター上の代表区分属性。
SAM001887,PRG001512,ASM000024,AREA000035,2026,SRC000241,2026-10-03,2026年第108回選手権の都府県単位代表区分に所属。大会不参加校を含む加盟校マスター上の代表区分属性。
SAM001888,PRG001513,ASM000024,AREA000035,2026,SRC000241,2026-10-03,2026年第108回選手権の都府県単位代表区分に所属。大会不参加校を含む加盟校マスター上の代表区分属性。
SAM001889,PRG001514,ASM000024,AREA000035,2026,SRC000241,2026-10-03,2026年第108回選手権の都府県単位代表区分に所属。大会不参加校を含む加盟校マスター上の代表区分属性。
SAM001890,PRG001515,ASM000024,AREA000035,2026,SRC000241,2026-10-03,2026年第108回選手権の都府県単位代表区分に所属。大会不参加校を含む加盟校マスター上の代表区分属性。
SAM001891,PRG001516,ASM000024,AREA000035,2026,SRC000241,2026-10-03,2026年第108回選手権の都府県単位代表区分に所属。大会不参加校を含む加盟校マスター上の代表区分属性。
SAM001892,PRG001517,ASM000024,AREA000035,2026,SRC000241,2026-10-03,2026年第108回選手権の都府県単位代表区分に所属。大会不参加校を含む加盟校マスター上の代表区分属性。
SAM001893,PRG001518,ASM000024,AREA000035,2026,SRC000241,2026-10-03,2026年第108回選手権の都府県単位代表区分に所属。大会不参加校を含む加盟校マスター上の代表区分属性。
SAM001894,PRG001519,ASM000024,AREA000035,2026,SRC000241,2026-10-03,2026年第108回選手権の都府県単位代表区分に所属。大会不参加校を含む加盟校マスター上の代表区分属性。
SAM001895,PRG001520,ASM000024,AREA000035,2026,SRC000241,2026-10-03,2026年第108回選手権の都府県単位代表区分に所属。大会不参加校を含む加盟校マスター上の代表区分属性。
SAM001896,PRG001521,ASM000024,AREA000035,2026,SRC000241,2026-10-03,2026年第108回選手権の都府県単位代表区分に所属。大会不参加校を含む加盟校マスター上の代表区分属性。
SAM001897,PRG001522,ASM000024,AREA000035,2026,SRC000241,2026-10-03,2026年第108回選手権の都府県単位代表区分に所属。大会不参加校を含む加盟校マスター上の代表区分属性。
SAM001898,PRG001523,ASM000024,AREA000035,2026,SRC000241,2026-10-03,2026年第108回選手権の都府県単位代表区分に所属。大会不参加校を含む加盟校マスター上の代表区分属性。
SAM001899,PRG001524,ASM000024,AREA000035,2026,SRC000241,2026-10-03,2026年第108回選手権の都府県単位代表区分に所属。大会不参加校を含む加盟校マスター上の代表区分属性。
SAM001900,PRG001525,ASM000024,AREA000035,2026,SRC000241,2026-10-03,2026年第108回選手権の都府県単位代表区分に所属。大会不参加校を含む加盟校マスター上の代表区分属性。
SAM001901,PRG001526,ASM000024,AREA000035,2026,SRC000241,2026-10-03,2026年第108回選手権の都府県単位代表区分に所属。大会不参加校を含む加盟校マスター上の代表区分属性。
SAM001902,PRG001527,ASM000024,AREA000035,2026,SRC000241,2026-10-03,2026年第108回選手権の都府県単位代表区分に所属。大会不参加校を含む加盟校マスター上の代表区分属性。
SAM001903,PRG001528,ASM000024,AREA000035,2026,SRC000241,2026-10-03,2026年第108回選手権の都府県単位代表区分に所属。大会不参加校を含む加盟校マスター上の代表区分属性。
SAM001904,PRG001529,ASM000024,AREA000035,2026,SRC000241,2026-10-03,2026年第108回選手権の都府県単位代表区分に所属。大会不参加校を含む加盟校マスター上の代表区分属性。
SAM001905,PRG001530,ASM000024,AREA000035,2026,SRC000241,2026-10-03,2026年第108回選手権の都府県単位代表区分に所属。大会不参加校を含む加盟校マスター上の代表区分属性。
SAM001906,PRG001531,ASM000024,AREA000035,2026,SRC000241,2026-10-03,2026年第108回選手権の都府県単位代表区分に所属。大会不参加校を含む加盟校マスター上の代表区分属性。
SAM001907,PRG001532,ASM000024,AREA000035,2026,SRC000241,2026-10-03,2026年第108回選手権の都府県単位代表区分に所属。大会不参加校を含む加盟校マスター上の代表区分属性。
SAM001908,PRG001533,ASM000024,AREA000035,2026,SRC000241,2026-10-03,2026年第108回選手権の都府県単位代表区分に所属。大会不参加校を含む加盟校マスター上の代表区分属性。
SAM001909,PRG001534,ASM000024,AREA000035,2026,SRC000241,2026-10-03,2026年第108回選手権の都府県単位代表区分に所属。大会不参加校を含む加盟校マスター上の代表区分属性。
SAM001910,PRG001535,ASM000024,AREA000035,2026,SRC000241,2026-10-03,2026年第108回選手権の都府県単位代表区分に所属。大会不参加校を含む加盟校マスター上の代表区分属性。
SAM001911,PRG001536,ASM000024,AREA000035,2026,SRC000241,2026-10-03,2026年第108回選手権の都府県単位代表区分に所属。大会不参加校を含む加盟校マスター上の代表区分属性。
SAM001912,PRG001537,ASM000024,AREA000035,2026,SRC000241,2026-10-03,2026年第108回選手権の都府県単位代表区分に所属。大会不参加校を含む加盟校マスター上の代表区分属性。
SAM001913,PRG001538,ASM000024,AREA000035,2026,SRC000241,2026-10-03,2026年第108回選手権の都府県単位代表区分に所属。大会不参加校を含む加盟校マスター上の代表区分属性。
SAM001914,PRG001539,ASM000024,AREA000035,2026,SRC000241,2026-10-03,2026年第108回選手権の都府県単位代表区分に所属。大会不参加校を含む加盟校マスター上の代表区分属性。
SAM001915,PRG001540,ASM000024,AREA000035,2026,SRC000241,2026-10-03,2026年第108回選手権の都府県単位代表区分に所属。大会不参加校を含む加盟校マスター上の代表区分属性。
SAM001916,PRG001541,ASM000024,AREA000035,2026,SRC000241,2026-10-03,2026年第108回選手権の都府県単位代表区分に所属。大会不参加校を含む加盟校マスター上の代表区分属性。
SAM001917,PRG001542,ASM000024,AREA000035,2026,SRC000241,2026-10-03,2026年第108回選手権の都府県単位代表区分に所属。大会不参加校を含む加盟校マスター上の代表区分属性。
SAM001918,PRG001543,ASM000024,AREA000035,2026,SRC000241,2026-10-03,2026年第108回選手権の都府県単位代表区分に所属。大会不参加校を含む加盟校マスター上の代表区分属性。
SAM001919,PRG001544,ASM000024,AREA000035,2026,SRC000241,2026-10-03,2026年第108回選手権の都府県単位代表区分に所属。大会不参加校を含む加盟校マスター上の代表区分属性。
SAM001920,PRG001545,ASM000024,AREA000035,2026,SRC000241,2026-10-03,2026年第108回選手権の都府県単位代表区分に所属。大会不参加校を含む加盟校マスター上の代表区分属性。
SAM001921,PRG001546,ASM000024,AREA000035,2026,SRC000241,2026-10-03,2026年第108回選手権の都府県単位代表区分に所属。大会不参加校を含む加盟校マスター上の代表区分属性。
SAM001922,PRG001547,ASM000024,AREA000035,2026,SRC000241,2026-10-03,2026年第108回選手権の都府県単位代表区分に所属。大会不参加校を含む加盟校マスター上の代表区分属性。
SAM001923,PRG001548,ASM000024,AREA000035,2026,SRC000241,2026-10-03,2026年第108回選手権の都府県単位代表区分に所属。大会不参加校を含む加盟校マスター上の代表区分属性。
SAM001924,PRG001549,ASM000024,AREA000035,2026,SRC000241,2026-10-03,2026年第108回選手権の都府県単位代表区分に所属。大会不参加校を含む加盟校マスター上の代表区分属性。
SAM001925,PRG001550,ASM000024,AREA000035,2026,SRC000241,2026-10-03,2026年第108回選手権の都府県単位代表区分に所属。大会不参加校を含む加盟校マスター上の代表区分属性。
SAM001926,PRG001551,ASM000024,AREA000035,2026,SRC000241,2026-10-03,2026年第108回選手権の都府県単位代表区分に所属。大会不参加校を含む加盟校マスター上の代表区分属性。
SAM001927,PRG001552,ASM000024,AREA000035,2026,SRC000241,2026-10-03,2026年第108回選手権の都府県単位代表区分に所属。大会不参加校を含む加盟校マスター上の代表区分属性。
SAM001928,PRG001553,ASM000024,AREA000035,2026,SRC000241,2026-10-03,2026年第108回選手権の都府県単位代表区分に所属。大会不参加校を含む加盟校マスター上の代表区分属性。
SAM001929,PRG001554,ASM000024,AREA000035,2026,SRC000241,2026-10-03,2026年第108回選手権の都府県単位代表区分に所属。大会不参加校を含む加盟校マスター上の代表区分属性。
SAM001930,PRG001555,ASM000024,AREA000035,2026,SRC000241,2026-10-03,2026年第108回選手権の都府県単位代表区分に所属。大会不参加校を含む加盟校マスター上の代表区分属性。
SAM001931,PRG001556,ASM000024,AREA000035,2026,SRC000241,2026-10-03,2026年第108回選手権の都府県単位代表区分に所属。大会不参加校を含む加盟校マスター上の代表区分属性。
SAM001932,PRG001557,ASM000024,AREA000035,2026,SRC000241,2026-10-03,2026年第108回選手権の都府県単位代表区分に所属。大会不参加校を含む加盟校マスター上の代表区分属性。
SAM001933,PRG001558,ASM000024,AREA000035,2026,SRC000241,2026-10-03,2026年第108回選手権の都府県単位代表区分に所属。大会不参加校を含む加盟校マスター上の代表区分属性。
SAM001934,PRG001559,ASM000024,AREA000035,2026,SRC000241,2026-10-03,2026年第108回選手権の都府県単位代表区分に所属。大会不参加校を含む加盟校マスター上の代表区分属性。
SAM001935,PRG001560,ASM000024,AREA000035,2026,SRC000241,2026-10-03,2026年第108回選手権の都府県単位代表区分に所属。大会不参加校を含む加盟校マスター上の代表区分属性。
SAM001936,PRG001561,ASM000024,AREA000035,2026,SRC000241,2026-10-03,2026年第108回選手権の都府県単位代表区分に所属。大会不参加校を含む加盟校マスター上の代表区分属性。
SAM001937,PRG001562,ASM000024,AREA000035,2026,SRC000241,2026-10-03,2026年第108回選手権の都府県単位代表区分に所属。大会不参加校を含む加盟校マスター上の代表区分属性。
SAM001938,PRG001563,ASM000024,AREA000035,2026,SRC000241,2026-10-03,2026年第108回選手権の都府県単位代表区分に所属。大会不参加校を含む加盟校マスター上の代表区分属性。
SAM001939,PRG001564,ASM000024,AREA000035,2026,SRC000241,2026-10-03,2026年第108回選手権の都府県単位代表区分に所属。大会不参加校を含む加盟校マスター上の代表区分属性。
SAM001940,PRG001565,ASM000024,AREA000035,2026,SRC000241,2026-10-03,2026年第108回選手権の都府県単位代表区分に所属。大会不参加校を含む加盟校マスター上の代表区分属性。
SAM001941,PRG001566,ASM000024,AREA000035,2026,SRC000241,2026-10-03,2026年第108回選手権の都府県単位代表区分に所属。大会不参加校を含む加盟校マスター上の代表区分属性。
SAM001942,PRG001567,ASM000024,AREA000035,2026,SRC000241,2026-10-03,2026年第108回選手権の都府県単位代表区分に所属。大会不参加校を含む加盟校マスター上の代表区分属性。
SAM001943,PRG001568,ASM000025,AREA000036,2026,SRC000241,2026-10-03,2026年第108回選手権の都府県単位代表区分に所属。大会不参加校を含む加盟校マスター上の代表区分属性。
SAM001944,PRG001569,ASM000009,AREA000020,2026,SRC000241,2026-10-03,2026年第108回選手権の都府県単位代表区分に所属。大会不参加校を含む加盟校マスター上の代表区分属性。
SAM001945,PRG001570,ASM000009,AREA000020,2026,SRC000241,2026-10-03,2026年第108回選手権の都府県単位代表区分に所属。大会不参加校を含む加盟校マスター上の代表区分属性。
SAM001946,PRG001571,ASM000009,AREA000020,2026,SRC000241,2026-10-03,2026年第108回選手権の都府県単位代表区分に所属。大会不参加校を含む加盟校マスター上の代表区分属性。
SAM001947,PRG001572,ASM000009,AREA000020,2026,SRC000241,2026-10-03,2026年第108回選手権の都府県単位代表区分に所属。大会不参加校を含む加盟校マスター上の代表区分属性。
SAM001948,PRG001573,ASM000009,AREA000020,2026,SRC000241,2026-10-03,2026年第108回選手権の都府県単位代表区分に所属。大会不参加校を含む加盟校マスター上の代表区分属性。
SAM001949,PRG001574,ASM000009,AREA000020,2026,SRC000241,2026-10-03,2026年第108回選手権の都府県単位代表区分に所属。大会不参加校を含む加盟校マスター上の代表区分属性。
SAM001950,PRG001575,ASM000009,AREA000020,2026,SRC000241,2026-10-03,2026年第108回選手権の都府県単位代表区分に所属。大会不参加校を含む加盟校マスター上の代表区分属性。
SAM001951,PRG001576,ASM000009,AREA000020,2026,SRC000241,2026-10-03,2026年第108回選手権の都府県単位代表区分に所属。大会不参加校を含む加盟校マスター上の代表区分属性。
SAM001952,PRG001577,ASM000009,AREA000020,2026,SRC000241,2026-10-03,2026年第108回選手権の都府県単位代表区分に所属。大会不参加校を含む加盟校マスター上の代表区分属性。
SAM001953,PRG001578,ASM000009,AREA000020,2026,SRC000241,2026-10-03,2026年第108回選手権の都府県単位代表区分に所属。大会不参加校を含む加盟校マスター上の代表区分属性。
SAM001954,PRG001579,ASM000009,AREA000020,2026,SRC000241,2026-10-03,2026年第108回選手権の都府県単位代表区分に所属。大会不参加校を含む加盟校マスター上の代表区分属性。
SAM001955,PRG001580,ASM000009,AREA000020,2026,SRC000241,2026-10-03,2026年第108回選手権の都府県単位代表区分に所属。大会不参加校を含む加盟校マスター上の代表区分属性。
SAM001956,PRG001581,ASM000009,AREA000020,2026,SRC000241,2026-10-03,2026年第108回選手権の都府県単位代表区分に所属。大会不参加校を含む加盟校マスター上の代表区分属性。
SAM001957,PRG001582,ASM000009,AREA000020,2026,SRC000241,2026-10-03,2026年第108回選手権の都府県単位代表区分に所属。大会不参加校を含む加盟校マスター上の代表区分属性。
SAM001958,PRG001583,ASM000009,AREA000020,2026,SRC000241,2026-10-03,2026年第108回選手権の都府県単位代表区分に所属。大会不参加校を含む加盟校マスター上の代表区分属性。
SAM001959,PRG001584,ASM000009,AREA000020,2026,SRC000241,2026-10-03,2026年第108回選手権の都府県単位代表区分に所属。大会不参加校を含む加盟校マスター上の代表区分属性。
SAM001960,PRG001585,ASM000009,AREA000020,2026,SRC000241,2026-10-03,2026年第108回選手権の都府県単位代表区分に所属。大会不参加校を含む加盟校マスター上の代表区分属性。
SAM001961,PRG001586,ASM000009,AREA000020,2026,SRC000241,2026-10-03,2026年第108回選手権の都府県単位代表区分に所属。大会不参加校を含む加盟校マスター上の代表区分属性。
SAM001962,PRG001587,ASM000009,AREA000020,2026,SRC000241,2026-10-03,2026年第108回選手権の都府県単位代表区分に所属。大会不参加校を含む加盟校マスター上の代表区分属性。
SAM001963,PRG001588,ASM000009,AREA000020,2026,SRC000241,2026-10-03,2026年第108回選手権の都府県単位代表区分に所属。大会不参加校を含む加盟校マスター上の代表区分属性。
SAM001964,PRG001589,ASM000009,AREA000020,2026,SRC000241,2026-10-03,2026年第108回選手権の都府県単位代表区分に所属。大会不参加校を含む加盟校マスター上の代表区分属性。
SAM001965,PRG001590,ASM000009,AREA000020,2026,SRC000241,2026-10-03,2026年第108回選手権の都府県単位代表区分に所属。大会不参加校を含む加盟校マスター上の代表区分属性。
SAM001966,PRG001591,ASM000009,AREA000020,2026,SRC000241,2026-10-03,2026年第108回選手権の都府県単位代表区分に所属。大会不参加校を含む加盟校マスター上の代表区分属性。
SAM001967,PRG001592,ASM000009,AREA000020,2026,SRC000241,2026-10-03,2026年第108回選手権の都府県単位代表区分に所属。大会不参加校を含む加盟校マスター上の代表区分属性。
SAM001968,PRG001593,ASM000009,AREA000020,2026,SRC000241,2026-10-03,2026年第108回選手権の都府県単位代表区分に所属。大会不参加校を含む加盟校マスター上の代表区分属性。
SAM001969,PRG001594,ASM000009,AREA000020,2026,SRC000241,2026-10-03,2026年第108回選手権の都府県単位代表区分に所属。大会不参加校を含む加盟校マスター上の代表区分属性。
SAM001970,PRG001595,ASM000009,AREA000020,2026,SRC000241,2026-10-03,2026年第108回選手権の都府県単位代表区分に所属。大会不参加校を含む加盟校マスター上の代表区分属性。
SAM001971,PRG001596,ASM000009,AREA000020,2026,SRC000241,2026-10-03,2026年第108回選手権の都府県単位代表区分に所属。大会不参加校を含む加盟校マスター上の代表区分属性。
SAM001972,PRG001597,ASM000009,AREA000020,2026,SRC000241,2026-10-03,2026年第108回選手権の都府県単位代表区分に所属。大会不参加校を含む加盟校マスター上の代表区分属性。
SAM001973,PRG001598,ASM000009,AREA000020,2026,SRC000241,2026-10-03,2026年第108回選手権の都府県単位代表区分に所属。大会不参加校を含む加盟校マスター上の代表区分属性。
SAM001974,PRG001599,ASM000009,AREA000020,2026,SRC000241,2026-10-03,2026年第108回選手権の都府県単位代表区分に所属。大会不参加校を含む加盟校マスター上の代表区分属性。
SAM001975,PRG001600,ASM000009,AREA000020,2026,SRC000241,2026-10-03,2026年第108回選手権の都府県単位代表区分に所属。大会不参加校を含む加盟校マスター上の代表区分属性。
SAM001976,PRG001601,ASM000009,AREA000020,2026,SRC000241,2026-10-03,2026年第108回選手権の都府県単位代表区分に所属。大会不参加校を含む加盟校マスター上の代表区分属性。
SAM001977,PRG001602,ASM000009,AREA000020,2026,SRC000241,2026-10-03,2026年第108回選手権の都府県単位代表区分に所属。大会不参加校を含む加盟校マスター上の代表区分属性。
SAM001978,PRG001603,ASM000009,AREA000020,2026,SRC000241,2026-10-03,2026年第108回選手権の都府県単位代表区分に所属。大会不参加校を含む加盟校マスター上の代表区分属性。
SAM001979,PRG001604,ASM000009,AREA000020,2026,SRC000241,2026-10-03,2026年第108回選手権の都府県単位代表区分に所属。大会不参加校を含む加盟校マスター上の代表区分属性。
SAM001980,PRG001605,ASM000009,AREA000020,2026,SRC000241,2026-10-03,2026年第108回選手権の都府県単位代表区分に所属。大会不参加校を含む加盟校マスター上の代表区分属性。
SAM001981,PRG001606,ASM000009,AREA000020,2026,SRC000241,2026-10-03,2026年第108回選手権の都府県単位代表区分に所属。大会不参加校を含む加盟校マスター上の代表区分属性。
SAM001982,PRG001607,ASM000009,AREA000020,2026,SRC000241,2026-10-03,2026年第108回選手権の都府県単位代表区分に所属。大会不参加校を含む加盟校マスター上の代表区分属性。
SAM001983,PRG001608,ASM000009,AREA000020,2026,SRC000241,2026-10-03,2026年第108回選手権の都府県単位代表区分に所属。大会不参加校を含む加盟校マスター上の代表区分属性。
SAM001984,PRG001609,ASM000009,AREA000020,2026,SRC000241,2026-10-03,2026年第108回選手権の都府県単位代表区分に所属。大会不参加校を含む加盟校マスター上の代表区分属性。
SAM001985,PRG001610,ASM000009,AREA000020,2026,SRC000241,2026-10-03,2026年第108回選手権の都府県単位代表区分に所属。大会不参加校を含む加盟校マスター上の代表区分属性。
SAM001986,PRG001611,ASM000009,AREA000020,2026,SRC000241,2026-10-03,2026年第108回選手権の都府県単位代表区分に所属。大会不参加校を含む加盟校マスター上の代表区分属性。
SAM001987,PRG001612,ASM000009,AREA000020,2026,SRC000241,2026-10-03,2026年第108回選手権の都府県単位代表区分に所属。大会不参加校を含む加盟校マスター上の代表区分属性。
SAM001988,PRG001613,ASM000009,AREA000020,2026,SRC000241,2026-10-03,2026年第108回選手権の都府県単位代表区分に所属。大会不参加校を含む加盟校マスター上の代表区分属性。
SAM001989,PRG001614,ASM000009,AREA000020,2026,SRC000241,2026-10-03,2026年第108回選手権の都府県単位代表区分に所属。大会不参加校を含む加盟校マスター上の代表区分属性。
SAM001990,PRG001615,ASM000009,AREA000020,2026,SRC000241,2026-10-03,2026年第108回選手権の都府県単位代表区分に所属。大会不参加校を含む加盟校マスター上の代表区分属性。
SAM001991,PRG001616,ASM000009,AREA000020,2026,SRC000241,2026-10-03,2026年第108回選手権の都府県単位代表区分に所属。大会不参加校を含む加盟校マスター上の代表区分属性。
SAM001992,PRG001617,ASM000009,AREA000020,2026,SRC000241,2026-10-03,2026年第108回選手権の都府県単位代表区分に所属。大会不参加校を含む加盟校マスター上の代表区分属性。
SAM001993,PRG001618,ASM000009,AREA000020,2026,SRC000241,2026-10-03,2026年第108回選手権の都府県単位代表区分に所属。大会不参加校を含む加盟校マスター上の代表区分属性。
SAM001994,PRG001619,ASM000009,AREA000020,2026,SRC000241,2026-10-03,2026年第108回選手権の都府県単位代表区分に所属。大会不参加校を含む加盟校マスター上の代表区分属性。
SAM001995,PRG001620,ASM000009,AREA000020,2026,SRC000241,2026-10-03,2026年第108回選手権の都府県単位代表区分に所属。大会不参加校を含む加盟校マスター上の代表区分属性。
SAM001996,PRG001621,ASM000009,AREA000020,2026,SRC000241,2026-10-03,2026年第108回選手権の都府県単位代表区分に所属。大会不参加校を含む加盟校マスター上の代表区分属性。
SAM001997,PRG001622,ASM000009,AREA000020,2026,SRC000241,2026-10-03,2026年第108回選手権の都府県単位代表区分に所属。大会不参加校を含む加盟校マスター上の代表区分属性。
SAM001998,PRG001623,ASM000009,AREA000020,2026,SRC000241,2026-10-03,2026年第108回選手権の都府県単位代表区分に所属。大会不参加校を含む加盟校マスター上の代表区分属性。
SAM001999,PRG001624,ASM000009,AREA000020,2026,SRC000241,2026-10-03,2026年第108回選手権の都府県単位代表区分に所属。大会不参加校を含む加盟校マスター上の代表区分属性。
SAM002000,PRG001625,ASM000009,AREA000020,2026,SRC000241,2026-10-03,2026年第108回選手権の都府県単位代表区分に所属。大会不参加校を含む加盟校マスター上の代表区分属性。
SAM002001,PRG001626,ASM000009,AREA000020,2026,SRC000241,2026-10-03,2026年第108回選手権の都府県単位代表区分に所属。大会不参加校を含む加盟校マスター上の代表区分属性。
SAM002002,PRG001627,ASM000009,AREA000020,2026,SRC000241,2026-10-03,2026年第108回選手権の都府県単位代表区分に所属。大会不参加校を含む加盟校マスター上の代表区分属性。
SAM002003,PRG001628,ASM000009,AREA000020,2026,SRC000241,2026-10-03,2026年第108回選手権の都府県単位代表区分に所属。大会不参加校を含む加盟校マスター上の代表区分属性。
SAM002004,PRG001629,ASM000009,AREA000020,2026,SRC000241,2026-10-03,2026年第108回選手権の都府県単位代表区分に所属。大会不参加校を含む加盟校マスター上の代表区分属性。
SAM002005,PRG001630,ASM000009,AREA000020,2026,SRC000241,2026-10-03,2026年第108回選手権の都府県単位代表区分に所属。大会不参加校を含む加盟校マスター上の代表区分属性。
SAM002006,PRG001631,ASM000009,AREA000020,2026,SRC000241,2026-10-03,2026年第108回選手権の都府県単位代表区分に所属。大会不参加校を含む加盟校マスター上の代表区分属性。
SAM002007,PRG001632,ASM000009,AREA000020,2026,SRC000241,2026-10-03,2026年第108回選手権の都府県単位代表区分に所属。大会不参加校を含む加盟校マスター上の代表区分属性。
SAM002008,PRG001633,ASM000009,AREA000020,2026,SRC000241,2026-10-03,2026年第108回選手権の都府県単位代表区分に所属。大会不参加校を含む加盟校マスター上の代表区分属性。
SAM002009,PRG001634,ASM000009,AREA000020,2026,SRC000241,2026-10-03,2026年第108回選手権の都府県単位代表区分に所属。大会不参加校を含む加盟校マスター上の代表区分属性。
SAM002010,PRG001635,ASM000009,AREA000020,2026,SRC000241,2026-10-03,2026年第108回選手権の都府県単位代表区分に所属。大会不参加校を含む加盟校マスター上の代表区分属性。
SAM002011,PRG001636,ASM000021,AREA000032,2026,SRC000241,2026-10-03,2026年第108回選手権の都府県単位代表区分に所属。大会不参加校を含む加盟校マスター上の代表区分属性。
SAM002012,PRG001637,ASM000021,AREA000032,2026,SRC000241,2026-10-03,2026年第108回選手権の都府県単位代表区分に所属。大会不参加校を含む加盟校マスター上の代表区分属性。
SAM002013,PRG001638,ASM000021,AREA000032,2026,SRC000241,2026-10-03,2026年第108回選手権の都府県単位代表区分に所属。大会不参加校を含む加盟校マスター上の代表区分属性。
SAM002014,PRG001639,ASM000021,AREA000032,2026,SRC000241,2026-10-03,2026年第108回選手権の都府県単位代表区分に所属。大会不参加校を含む加盟校マスター上の代表区分属性。
SAM002015,PRG001640,ASM000021,AREA000032,2026,SRC000241,2026-10-03,2026年第108回選手権の都府県単位代表区分に所属。大会不参加校を含む加盟校マスター上の代表区分属性。
SAM002016,PRG001641,ASM000021,AREA000032,2026,SRC000241,2026-10-03,2026年第108回選手権の都府県単位代表区分に所属。大会不参加校を含む加盟校マスター上の代表区分属性。
SAM002017,PRG001642,ASM000021,AREA000032,2026,SRC000241,2026-10-03,2026年第108回選手権の都府県単位代表区分に所属。大会不参加校を含む加盟校マスター上の代表区分属性。
SAM002018,PRG001643,ASM000021,AREA000032,2026,SRC000241,2026-10-03,2026年第108回選手権の都府県単位代表区分に所属。大会不参加校を含む加盟校マスター上の代表区分属性。
SAM002019,PRG001644,ASM000021,AREA000032,2026,SRC000241,2026-10-03,2026年第108回選手権の都府県単位代表区分に所属。大会不参加校を含む加盟校マスター上の代表区分属性。
SAM002020,PRG001645,ASM000021,AREA000032,2026,SRC000241,2026-10-03,2026年第108回選手権の都府県単位代表区分に所属。大会不参加校を含む加盟校マスター上の代表区分属性。
SAM002021,PRG001646,ASM000021,AREA000032,2026,SRC000241,2026-10-03,2026年第108回選手権の都府県単位代表区分に所属。大会不参加校を含む加盟校マスター上の代表区分属性。
SAM002022,PRG001647,ASM000021,AREA000032,2026,SRC000241,2026-10-03,2026年第108回選手権の都府県単位代表区分に所属。大会不参加校を含む加盟校マスター上の代表区分属性。
SAM002023,PRG001648,ASM000021,AREA000032,2026,SRC000241,2026-10-03,2026年第108回選手権の都府県単位代表区分に所属。大会不参加校を含む加盟校マスター上の代表区分属性。
SAM002024,PRG001649,ASM000021,AREA000032,2026,SRC000241,2026-10-03,2026年第108回選手権の都府県単位代表区分に所属。大会不参加校を含む加盟校マスター上の代表区分属性。
SAM002025,PRG001650,ASM000021,AREA000032,2026,SRC000241,2026-10-03,2026年第108回選手権の都府県単位代表区分に所属。大会不参加校を含む加盟校マスター上の代表区分属性。
SAM002026,PRG001651,ASM000021,AREA000032,2026,SRC000241,2026-10-03,2026年第108回選手権の都府県単位代表区分に所属。大会不参加校を含む加盟校マスター上の代表区分属性。
SAM002027,PRG001652,ASM000021,AREA000032,2026,SRC000241,2026-10-03,2026年第108回選手権の都府県単位代表区分に所属。大会不参加校を含む加盟校マスター上の代表区分属性。
SAM002028,PRG001653,ASM000021,AREA000032,2026,SRC000241,2026-10-03,2026年第108回選手権の都府県単位代表区分に所属。大会不参加校を含む加盟校マスター上の代表区分属性。
SAM002029,PRG001654,ASM000021,AREA000032,2026,SRC000241,2026-10-03,2026年第108回選手権の都府県単位代表区分に所属。大会不参加校を含む加盟校マスター上の代表区分属性。
SAM002030,PRG001655,ASM000021,AREA000032,2026,SRC000241,2026-10-03,2026年第108回選手権の都府県単位代表区分に所属。大会不参加校を含む加盟校マスター上の代表区分属性。
SAM002031,PRG001656,ASM000021,AREA000032,2026,SRC000241,2026-10-03,2026年第108回選手権の都府県単位代表区分に所属。大会不参加校を含む加盟校マスター上の代表区分属性。
SAM002032,PRG001657,ASM000021,AREA000032,2026,SRC000241,2026-10-03,2026年第108回選手権の都府県単位代表区分に所属。大会不参加校を含む加盟校マスター上の代表区分属性。
SAM002033,PRG001658,ASM000021,AREA000032,2026,SRC000241,2026-10-03,2026年第108回選手権の都府県単位代表区分に所属。大会不参加校を含む加盟校マスター上の代表区分属性。
SAM002034,PRG001659,ASM000021,AREA000032,2026,SRC000241,2026-10-03,2026年第108回選手権の都府県単位代表区分に所属。大会不参加校を含む加盟校マスター上の代表区分属性。
SAM002035,PRG001660,ASM000021,AREA000032,2026,SRC000241,2026-10-03,2026年第108回選手権の都府県単位代表区分に所属。大会不参加校を含む加盟校マスター上の代表区分属性。
SAM002036,PRG001661,ASM000021,AREA000032,2026,SRC000241,2026-10-03,2026年第108回選手権の都府県単位代表区分に所属。大会不参加校を含む加盟校マスター上の代表区分属性。
SAM002037,PRG001662,ASM000021,AREA000032,2026,SRC000241,2026-10-03,2026年第108回選手権の都府県単位代表区分に所属。大会不参加校を含む加盟校マスター上の代表区分属性。
SAM002038,PRG001663,ASM000021,AREA000032,2026,SRC000241,2026-10-03,2026年第108回選手権の都府県単位代表区分に所属。大会不参加校を含む加盟校マスター上の代表区分属性。
SAM002039,PRG001664,ASM000021,AREA000032,2026,SRC000241,2026-10-03,2026年第108回選手権の都府県単位代表区分に所属。大会不参加校を含む加盟校マスター上の代表区分属性。
SAM002040,PRG001665,ASM000021,AREA000032,2026,SRC000241,2026-10-03,2026年第108回選手権の都府県単位代表区分に所属。大会不参加校を含む加盟校マスター上の代表区分属性。
SAM002041,PRG001666,ASM000021,AREA000032,2026,SRC000241,2026-10-03,2026年第108回選手権の都府県単位代表区分に所属。大会不参加校を含む加盟校マスター上の代表区分属性。
SAM002042,PRG001667,ASM000021,AREA000032,2026,SRC000241,2026-10-03,2026年第108回選手権の都府県単位代表区分に所属。大会不参加校を含む加盟校マスター上の代表区分属性。
SAM002043,PRG001668,ASM000021,AREA000032,2026,SRC000241,2026-10-03,2026年第108回選手権の都府県単位代表区分に所属。大会不参加校を含む加盟校マスター上の代表区分属性。
SAM002044,PRG001669,ASM000021,AREA000032,2026,SRC000241,2026-10-03,2026年第108回選手権の都府県単位代表区分に所属。大会不参加校を含む加盟校マスター上の代表区分属性。
SAM002045,PRG001670,ASM000021,AREA000032,2026,SRC000241,2026-10-03,2026年第108回選手権の都府県単位代表区分に所属。大会不参加校を含む加盟校マスター上の代表区分属性。
SAM002046,PRG001671,ASM000021,AREA000032,2026,SRC000241,2026-10-03,2026年第108回選手権の都府県単位代表区分に所属。大会不参加校を含む加盟校マスター上の代表区分属性。
SAM002047,PRG001672,ASM000021,AREA000032,2026,SRC000241,2026-10-03,2026年第108回選手権の都府県単位代表区分に所属。大会不参加校を含む加盟校マスター上の代表区分属性。
SAM002048,PRG001673,ASM000021,AREA000032,2026,SRC000241,2026-10-03,2026年第108回選手権の都府県単位代表区分に所属。大会不参加校を含む加盟校マスター上の代表区分属性。
SAM002049,PRG001674,ASM000021,AREA000032,2026,SRC000241,2026-10-03,2026年第108回選手権の都府県単位代表区分に所属。大会不参加校を含む加盟校マスター上の代表区分属性。
SAM002050,PRG001675,ASM000021,AREA000032,2026,SRC000241,2026-10-03,2026年第108回選手権の都府県単位代表区分に所属。大会不参加校を含む加盟校マスター上の代表区分属性。
SAM002051,PRG001676,ASM000021,AREA000032,2026,SRC000241,2026-10-03,2026年第108回選手権の都府県単位代表区分に所属。大会不参加校を含む加盟校マスター上の代表区分属性。
SAM002052,PRG001677,ASM000021,AREA000032,2026,SRC000241,2026-10-03,2026年第108回選手権の都府県単位代表区分に所属。大会不参加校を含む加盟校マスター上の代表区分属性。
SAM002053,PRG001678,ASM000021,AREA000032,2026,SRC000241,2026-10-03,2026年第108回選手権の都府県単位代表区分に所属。大会不参加校を含む加盟校マスター上の代表区分属性。
SAM002054,PRG001679,ASM000021,AREA000032,2026,SRC000241,2026-10-03,2026年第108回選手権の都府県単位代表区分に所属。大会不参加校を含む加盟校マスター上の代表区分属性。
SAM002055,PRG001680,ASM000021,AREA000032,2026,SRC000241,2026-10-03,2026年第108回選手権の都府県単位代表区分に所属。大会不参加校を含む加盟校マスター上の代表区分属性。
SAM002056,PRG001681,ASM000021,AREA000032,2026,SRC000241,2026-10-03,2026年第108回選手権の都府県単位代表区分に所属。大会不参加校を含む加盟校マスター上の代表区分属性。
SAM002057,PRG001682,ASM000021,AREA000032,2026,SRC000241,2026-10-03,2026年第108回選手権の都府県単位代表区分に所属。大会不参加校を含む加盟校マスター上の代表区分属性。
SAM002058,PRG001683,ASM000021,AREA000032,2026,SRC000241,2026-10-03,2026年第108回選手権の都府県単位代表区分に所属。大会不参加校を含む加盟校マスター上の代表区分属性。
SAM002059,PRG001684,ASM000021,AREA000032,2026,SRC000241,2026-10-03,2026年第108回選手権の都府県単位代表区分に所属。大会不参加校を含む加盟校マスター上の代表区分属性。
SAM002060,PRG001685,ASM000021,AREA000032,2026,SRC000241,2026-10-03,2026年第108回選手権の都府県単位代表区分に所属。大会不参加校を含む加盟校マスター上の代表区分属性。
SAM002061,PRG001686,ASM000021,AREA000032,2026,SRC000241,2026-10-03,2026年第108回選手権の都府県単位代表区分に所属。大会不参加校を含む加盟校マスター上の代表区分属性。
SAM002062,PRG001687,ASM000021,AREA000032,2026,SRC000241,2026-10-03,2026年第108回選手権の都府県単位代表区分に所属。大会不参加校を含む加盟校マスター上の代表区分属性。
SAM002063,PRG001688,ASM000021,AREA000032,2026,SRC000241,2026-10-03,2026年第108回選手権の都府県単位代表区分に所属。大会不参加校を含む加盟校マスター上の代表区分属性。
SAM002064,PRG001689,ASM000021,AREA000032,2026,SRC000241,2026-10-03,2026年第108回選手権の都府県単位代表区分に所属。大会不参加校を含む加盟校マスター上の代表区分属性。
SAM002065,PRG001690,ASM000021,AREA000032,2026,SRC000241,2026-10-03,2026年第108回選手権の都府県単位代表区分に所属。大会不参加校を含む加盟校マスター上の代表区分属性。
SAM002066,PRG001691,ASM000021,AREA000032,2026,SRC000241,2026-10-03,2026年第108回選手権の都府県単位代表区分に所属。大会不参加校を含む加盟校マスター上の代表区分属性。
SAM002067,PRG001692,ASM000021,AREA000032,2026,SRC000241,2026-10-03,2026年第108回選手権の都府県単位代表区分に所属。大会不参加校を含む加盟校マスター上の代表区分属性。
SAM002068,PRG001693,ASM000021,AREA000032,2026,SRC000241,2026-10-03,2026年第108回選手権の都府県単位代表区分に所属。大会不参加校を含む加盟校マスター上の代表区分属性。
SAM002069,PRG001694,ASM000021,AREA000032,2026,SRC000241,2026-10-03,2026年第108回選手権の都府県単位代表区分に所属。大会不参加校を含む加盟校マスター上の代表区分属性。
SAM002070,PRG001695,ASM000021,AREA000032,2026,SRC000241,2026-10-03,2026年第108回選手権の都府県単位代表区分に所属。大会不参加校を含む加盟校マスター上の代表区分属性。
SAM002071,PRG001696,ASM000021,AREA000032,2026,SRC000241,2026-10-03,2026年第108回選手権の都府県単位代表区分に所属。大会不参加校を含む加盟校マスター上の代表区分属性。
SAM002072,PRG001697,ASM000021,AREA000032,2026,SRC000241,2026-10-03,2026年第108回選手権の都府県単位代表区分に所属。大会不参加校を含む加盟校マスター上の代表区分属性。
SAM002073,PRG001698,ASM000021,AREA000032,2026,SRC000241,2026-10-03,2026年第108回選手権の都府県単位代表区分に所属。大会不参加校を含む加盟校マスター上の代表区分属性。
SAM002074,PRG001699,ASM000021,AREA000032,2026,SRC000241,2026-10-03,2026年第108回選手権の都府県単位代表区分に所属。大会不参加校を含む加盟校マスター上の代表区分属性。
SAM002075,PRG001700,ASM000021,AREA000032,2026,SRC000241,2026-10-03,2026年第108回選手権の都府県単位代表区分に所属。大会不参加校を含む加盟校マスター上の代表区分属性。
SAM002076,PRG001701,ASM000021,AREA000032,2026,SRC000241,2026-10-03,2026年第108回選手権の都府県単位代表区分に所属。大会不参加校を含む加盟校マスター上の代表区分属性。
SAM002077,PRG001702,ASM000021,AREA000032,2026,SRC000241,2026-10-03,2026年第108回選手権の都府県単位代表区分に所属。大会不参加校を含む加盟校マスター上の代表区分属性。
SAM002078,PRG001703,ASM000021,AREA000032,2026,SRC000241,2026-10-03,2026年第108回選手権の都府県単位代表区分に所属。大会不参加校を含む加盟校マスター上の代表区分属性。
SAM002079,PRG001704,ASM000021,AREA000032,2026,SRC000241,2026-10-03,2026年第108回選手権の都府県単位代表区分に所属。大会不参加校を含む加盟校マスター上の代表区分属性。
SAM002080,PRG001705,ASM000021,AREA000032,2026,SRC000241,2026-10-03,2026年第108回選手権の都府県単位代表区分に所属。大会不参加校を含む加盟校マスター上の代表区分属性。
SAM002081,PRG001706,ASM000021,AREA000032,2026,SRC000241,2026-10-03,2026年第108回選手権の都府県単位代表区分に所属。大会不参加校を含む加盟校マスター上の代表区分属性。
SAM002082,PRG001707,ASM000021,AREA000032,2026,SRC000241,2026-10-03,2026年第108回選手権の都府県単位代表区分に所属。大会不参加校を含む加盟校マスター上の代表区分属性。
SAM002083,PRG001708,ASM000021,AREA000032,2026,SRC000241,2026-10-03,2026年第108回選手権の都府県単位代表区分に所属。大会不参加校を含む加盟校マスター上の代表区分属性。
SAM002084,PRG001709,ASM000021,AREA000032,2026,SRC000241,2026-10-03,2026年第108回選手権の都府県単位代表区分に所属。大会不参加校を含む加盟校マスター上の代表区分属性。
SAM002085,PRG001710,ASM000021,AREA000032,2026,SRC000241,2026-10-03,2026年第108回選手権の都府県単位代表区分に所属。大会不参加校を含む加盟校マスター上の代表区分属性。
SAM002086,PRG001711,ASM000021,AREA000032,2026,SRC000241,2026-10-03,2026年第108回選手権の都府県単位代表区分に所属。大会不参加校を含む加盟校マスター上の代表区分属性。
SAM002087,PRG001712,ASM000021,AREA000032,2026,SRC000241,2026-10-03,2026年第108回選手権の都府県単位代表区分に所属。大会不参加校を含む加盟校マスター上の代表区分属性。
SAM002088,PRG001713,ASM000021,AREA000032,2026,SRC000241,2026-10-03,2026年第108回選手権の都府県単位代表区分に所属。大会不参加校を含む加盟校マスター上の代表区分属性。
SAM002089,PRG001714,ASM000021,AREA000032,2026,SRC000241,2026-10-03,2026年第108回選手権の都府県単位代表区分に所属。大会不参加校を含む加盟校マスター上の代表区分属性。
SAM002090,PRG001715,ASM000021,AREA000032,2026,SRC000241,2026-10-03,2026年第108回選手権の都府県単位代表区分に所属。大会不参加校を含む加盟校マスター上の代表区分属性。
SAM002091,PRG001716,ASM000021,AREA000032,2026,SRC000241,2026-10-03,2026年第108回選手権の都府県単位代表区分に所属。大会不参加校を含む加盟校マスター上の代表区分属性。
SAM002092,PRG001717,ASM000021,AREA000032,2026,SRC000241,2026-10-03,2026年第108回選手権の都府県単位代表区分に所属。大会不参加校を含む加盟校マスター上の代表区分属性。
SAM002093,PRG001718,ASM000018,AREA000029,2026,SRC000241,2026-10-03,2026年第108回選手権の都府県単位代表区分に所属。大会不参加校を含む加盟校マスター上の代表区分属性。
SAM002094,PRG001719,ASM000018,AREA000029,2026,SRC000241,2026-10-03,2026年第108回選手権の都府県単位代表区分に所属。大会不参加校を含む加盟校マスター上の代表区分属性。
SAM002095,PRG001720,ASM000018,AREA000029,2026,SRC000241,2026-10-03,2026年第108回選手権の都府県単位代表区分に所属。大会不参加校を含む加盟校マスター上の代表区分属性。
SAM002096,PRG001721,ASM000018,AREA000029,2026,SRC000241,2026-10-03,2026年第108回選手権の都府県単位代表区分に所属。大会不参加校を含む加盟校マスター上の代表区分属性。
SAM002097,PRG001722,ASM000018,AREA000029,2026,SRC000241,2026-10-03,2026年第108回選手権の都府県単位代表区分に所属。大会不参加校を含む加盟校マスター上の代表区分属性。
SAM002098,PRG001723,ASM000018,AREA000029,2026,SRC000241,2026-10-03,2026年第108回選手権の都府県単位代表区分に所属。大会不参加校を含む加盟校マスター上の代表区分属性。
SAM002099,PRG001724,ASM000018,AREA000029,2026,SRC000241,2026-10-03,2026年第108回選手権の都府県単位代表区分に所属。大会不参加校を含む加盟校マスター上の代表区分属性。
SAM002100,PRG001725,ASM000018,AREA000029,2026,SRC000241,2026-10-03,2026年第108回選手権の都府県単位代表区分に所属。大会不参加校を含む加盟校マスター上の代表区分属性。
SAM002101,PRG001726,ASM000018,AREA000029,2026,SRC000241,2026-10-03,2026年第108回選手権の都府県単位代表区分に所属。大会不参加校を含む加盟校マスター上の代表区分属性。
SAM002102,PRG001727,ASM000018,AREA000029,2026,SRC000241,2026-10-03,2026年第108回選手権の都府県単位代表区分に所属。大会不参加校を含む加盟校マスター上の代表区分属性。
SAM002103,PRG001728,ASM000018,AREA000029,2026,SRC000241,2026-10-03,2026年第108回選手権の都府県単位代表区分に所属。大会不参加校を含む加盟校マスター上の代表区分属性。
SAM002104,PRG001729,ASM000018,AREA000029,2026,SRC000241,2026-10-03,2026年第108回選手権の都府県単位代表区分に所属。大会不参加校を含む加盟校マスター上の代表区分属性。
SAM002105,PRG001730,ASM000018,AREA000029,2026,SRC000241,2026-10-03,2026年第108回選手権の都府県単位代表区分に所属。大会不参加校を含む加盟校マスター上の代表区分属性。
SAM002106,PRG001731,ASM000018,AREA000029,2026,SRC000241,2026-10-03,2026年第108回選手権の都府県単位代表区分に所属。大会不参加校を含む加盟校マスター上の代表区分属性。
SAM002107,PRG001732,ASM000018,AREA000029,2026,SRC000241,2026-10-03,2026年第108回選手権の都府県単位代表区分に所属。大会不参加校を含む加盟校マスター上の代表区分属性。
SAM002108,PRG001733,ASM000018,AREA000029,2026,SRC000241,2026-10-03,2026年第108回選手権の都府県単位代表区分に所属。大会不参加校を含む加盟校マスター上の代表区分属性。
SAM002109,PRG001734,ASM000018,AREA000029,2026,SRC000241,2026-10-03,2026年第108回選手権の都府県単位代表区分に所属。大会不参加校を含む加盟校マスター上の代表区分属性。
SAM002110,PRG001735,ASM000018,AREA000029,2026,SRC000241,2026-10-03,2026年第108回選手権の都府県単位代表区分に所属。大会不参加校を含む加盟校マスター上の代表区分属性。
SAM002111,PRG001736,ASM000018,AREA000029,2026,SRC000241,2026-10-03,2026年第108回選手権の都府県単位代表区分に所属。大会不参加校を含む加盟校マスター上の代表区分属性。
SAM002112,PRG001737,ASM000018,AREA000029,2026,SRC000241,2026-10-03,2026年第108回選手権の都府県単位代表区分に所属。大会不参加校を含む加盟校マスター上の代表区分属性。
SAM002113,PRG001738,ASM000018,AREA000029,2026,SRC000241,2026-10-03,2026年第108回選手権の都府県単位代表区分に所属。大会不参加校を含む加盟校マスター上の代表区分属性。
SAM002114,PRG001739,ASM000018,AREA000029,2026,SRC000241,2026-10-03,2026年第108回選手権の都府県単位代表区分に所属。大会不参加校を含む加盟校マスター上の代表区分属性。
SAM002115,PRG001740,ASM000018,AREA000029,2026,SRC000241,2026-10-03,2026年第108回選手権の都府県単位代表区分に所属。大会不参加校を含む加盟校マスター上の代表区分属性。
SAM002116,PRG001741,ASM000018,AREA000029,2026,SRC000241,2026-10-03,2026年第108回選手権の都府県単位代表区分に所属。大会不参加校を含む加盟校マスター上の代表区分属性。
SAM002117,PRG001742,ASM000018,AREA000029,2026,SRC000241,2026-10-03,2026年第108回選手権の都府県単位代表区分に所属。大会不参加校を含む加盟校マスター上の代表区分属性。
SAM002118,PRG001743,ASM000018,AREA000029,2026,SRC000241,2026-10-03,2026年第108回選手権の都府県単位代表区分に所属。大会不参加校を含む加盟校マスター上の代表区分属性。
SAM002119,PRG001744,ASM000018,AREA000029,2026,SRC000241,2026-10-03,2026年第108回選手権の都府県単位代表区分に所属。大会不参加校を含む加盟校マスター上の代表区分属性。
SAM002120,PRG001745,ASM000018,AREA000029,2026,SRC000241,2026-10-03,2026年第108回選手権の都府県単位代表区分に所属。大会不参加校を含む加盟校マスター上の代表区分属性。
SAM002121,PRG001746,ASM000018,AREA000029,2026,SRC000241,2026-10-03,2026年第108回選手権の都府県単位代表区分に所属。大会不参加校を含む加盟校マスター上の代表区分属性。
SAM002122,PRG001747,ASM000018,AREA000029,2026,SRC000241,2026-10-03,2026年第108回選手権の都府県単位代表区分に所属。大会不参加校を含む加盟校マスター上の代表区分属性。
SAM002123,PRG001748,ASM000018,AREA000029,2026,SRC000241,2026-10-03,2026年第108回選手権の都府県単位代表区分に所属。大会不参加校を含む加盟校マスター上の代表区分属性。
SAM002124,PRG001749,ASM000018,AREA000029,2026,SRC000241,2026-10-03,2026年第108回選手権の都府県単位代表区分に所属。大会不参加校を含む加盟校マスター上の代表区分属性。
SAM002125,PRG001750,ASM000018,AREA000029,2026,SRC000241,2026-10-03,2026年第108回選手権の都府県単位代表区分に所属。大会不参加校を含む加盟校マスター上の代表区分属性。
SAM002126,PRG001751,ASM000018,AREA000029,2026,SRC000241,2026-10-03,2026年第108回選手権の都府県単位代表区分に所属。大会不参加校を含む加盟校マスター上の代表区分属性。
SAM002127,PRG001752,ASM000018,AREA000029,2026,SRC000241,2026-10-03,2026年第108回選手権の都府県単位代表区分に所属。大会不参加校を含む加盟校マスター上の代表区分属性。
SAM002128,PRG001753,ASM000018,AREA000029,2026,SRC000241,2026-10-03,2026年第108回選手権の都府県単位代表区分に所属。大会不参加校を含む加盟校マスター上の代表区分属性。
SAM002129,PRG001754,ASM000018,AREA000029,2026,SRC000241,2026-10-03,2026年第108回選手権の都府県単位代表区分に所属。大会不参加校を含む加盟校マスター上の代表区分属性。
SAM002130,PRG001755,ASM000018,AREA000029,2026,SRC000241,2026-10-03,2026年第108回選手権の都府県単位代表区分に所属。大会不参加校を含む加盟校マスター上の代表区分属性。
SAM002131,PRG001756,ASM000018,AREA000029,2026,SRC000241,2026-10-03,2026年第108回選手権の都府県単位代表区分に所属。大会不参加校を含む加盟校マスター上の代表区分属性。
SAM002132,PRG001757,ASM000018,AREA000029,2026,SRC000241,2026-10-03,2026年第108回選手権の都府県単位代表区分に所属。大会不参加校を含む加盟校マスター上の代表区分属性。
SAM002133,PRG001758,ASM000018,AREA000029,2026,SRC000241,2026-10-03,2026年第108回選手権の都府県単位代表区分に所属。大会不参加校を含む加盟校マスター上の代表区分属性。
SAM002134,PRG001759,ASM000018,AREA000029,2026,SRC000241,2026-10-03,2026年第108回選手権の都府県単位代表区分に所属。大会不参加校を含む加盟校マスター上の代表区分属性。
SAM002135,PRG001760,ASM000018,AREA000029,2026,SRC000241,2026-10-03,2026年第108回選手権の都府県単位代表区分に所属。大会不参加校を含む加盟校マスター上の代表区分属性。
SAM002136,PRG001761,ASM000018,AREA000029,2026,SRC000241,2026-10-03,2026年第108回選手権の都府県単位代表区分に所属。大会不参加校を含む加盟校マスター上の代表区分属性。
SAM002137,PRG001762,ASM000018,AREA000029,2026,SRC000241,2026-10-03,2026年第108回選手権の都府県単位代表区分に所属。大会不参加校を含む加盟校マスター上の代表区分属性。
SAM002138,PRG001763,ASM000018,AREA000029,2026,SRC000241,2026-10-03,2026年第108回選手権の都府県単位代表区分に所属。大会不参加校を含む加盟校マスター上の代表区分属性。
SAM002139,PRG001764,ASM000018,AREA000029,2026,SRC000241,2026-10-03,2026年第108回選手権の都府県単位代表区分に所属。大会不参加校を含む加盟校マスター上の代表区分属性。
SAM002140,PRG001765,ASM000018,AREA000029,2026,SRC000241,2026-10-03,2026年第108回選手権の都府県単位代表区分に所属。大会不参加校を含む加盟校マスター上の代表区分属性。
SAM002141,PRG001766,ASM000018,AREA000029,2026,SRC000241,2026-10-03,2026年第108回選手権の都府県単位代表区分に所属。大会不参加校を含む加盟校マスター上の代表区分属性。
SAM002142,PRG001767,ASM000018,AREA000029,2026,SRC000241,2026-10-03,2026年第108回選手権の都府県単位代表区分に所属。大会不参加校を含む加盟校マスター上の代表区分属性。
SAM002143,PRG001768,ASM000035,AREA000046,2026,SRC000241,2026-10-03,2026年第108回選手権の都府県単位代表区分に所属。大会不参加校を含む加盟校マスター上の代表区分属性。
SAM002144,PRG001769,ASM000035,AREA000046,2026,SRC000241,2026-10-03,2026年第108回選手権の都府県単位代表区分に所属。大会不参加校を含む加盟校マスター上の代表区分属性。
SAM002145,PRG001770,ASM000035,AREA000046,2026,SRC000241,2026-10-03,2026年第108回選手権の都府県単位代表区分に所属。大会不参加校を含む加盟校マスター上の代表区分属性。
SAM002146,PRG001771,ASM000035,AREA000046,2026,SRC000241,2026-10-03,2026年第108回選手権の都府県単位代表区分に所属。大会不参加校を含む加盟校マスター上の代表区分属性。
SAM002147,PRG001772,ASM000035,AREA000046,2026,SRC000241,2026-10-03,2026年第108回選手権の都府県単位代表区分に所属。大会不参加校を含む加盟校マスター上の代表区分属性。
SAM002148,PRG001773,ASM000035,AREA000046,2026,SRC000241,2026-10-03,2026年第108回選手権の都府県単位代表区分に所属。大会不参加校を含む加盟校マスター上の代表区分属性。
SAM002149,PRG001774,ASM000035,AREA000046,2026,SRC000241,2026-10-03,2026年第108回選手権の都府県単位代表区分に所属。大会不参加校を含む加盟校マスター上の代表区分属性。
SAM002150,PRG001775,ASM000035,AREA000046,2026,SRC000241,2026-10-03,2026年第108回選手権の都府県単位代表区分に所属。大会不参加校を含む加盟校マスター上の代表区分属性。
SAM002151,PRG001776,ASM000035,AREA000046,2026,SRC000241,2026-10-03,2026年第108回選手権の都府県単位代表区分に所属。大会不参加校を含む加盟校マスター上の代表区分属性。
SAM002152,PRG001777,ASM000035,AREA000046,2026,SRC000241,2026-10-03,2026年第108回選手権の都府県単位代表区分に所属。大会不参加校を含む加盟校マスター上の代表区分属性。
SAM002153,PRG001778,ASM000035,AREA000046,2026,SRC000241,2026-10-03,2026年第108回選手権の都府県単位代表区分に所属。大会不参加校を含む加盟校マスター上の代表区分属性。
SAM002154,PRG001779,ASM000035,AREA000046,2026,SRC000241,2026-10-03,2026年第108回選手権の都府県単位代表区分に所属。大会不参加校を含む加盟校マスター上の代表区分属性。
SAM002155,PRG001780,ASM000035,AREA000046,2026,SRC000241,2026-10-03,2026年第108回選手権の都府県単位代表区分に所属。大会不参加校を含む加盟校マスター上の代表区分属性。
SAM002156,PRG001781,ASM000035,AREA000046,2026,SRC000241,2026-10-03,2026年第108回選手権の都府県単位代表区分に所属。大会不参加校を含む加盟校マスター上の代表区分属性。
SAM002157,PRG001782,ASM000035,AREA000046,2026,SRC000241,2026-10-03,2026年第108回選手権の都府県単位代表区分に所属。大会不参加校を含む加盟校マスター上の代表区分属性。
SAM002158,PRG001783,ASM000035,AREA000046,2026,SRC000241,2026-10-03,2026年第108回選手権の都府県単位代表区分に所属。大会不参加校を含む加盟校マスター上の代表区分属性。
SAM002159,PRG001784,ASM000035,AREA000046,2026,SRC000241,2026-10-03,2026年第108回選手権の都府県単位代表区分に所属。大会不参加校を含む加盟校マスター上の代表区分属性。
SAM002160,PRG001785,ASM000035,AREA000046,2026,SRC000241,2026-10-03,2026年第108回選手権の都府県単位代表区分に所属。大会不参加校を含む加盟校マスター上の代表区分属性。
SAM002161,PRG001786,ASM000035,AREA000046,2026,SRC000241,2026-10-03,2026年第108回選手権の都府県単位代表区分に所属。大会不参加校を含む加盟校マスター上の代表区分属性。
SAM002162,PRG001787,ASM000035,AREA000046,2026,SRC000241,2026-10-03,2026年第108回選手権の都府県単位代表区分に所属。大会不参加校を含む加盟校マスター上の代表区分属性。
SAM002163,PRG001788,ASM000035,AREA000046,2026,SRC000241,2026-10-03,2026年第108回選手権の都府県単位代表区分に所属。大会不参加校を含む加盟校マスター上の代表区分属性。
SAM002164,PRG001789,ASM000035,AREA000046,2026,SRC000241,2026-10-03,2026年第108回選手権の都府県単位代表区分に所属。大会不参加校を含む加盟校マスター上の代表区分属性。
SAM002165,PRG001790,ASM000035,AREA000046,2026,SRC000241,2026-10-03,2026年第108回選手権の都府県単位代表区分に所属。大会不参加校を含む加盟校マスター上の代表区分属性。
SAM002166,PRG001791,ASM000035,AREA000046,2026,SRC000241,2026-10-03,2026年第108回選手権の都府県単位代表区分に所属。大会不参加校を含む加盟校マスター上の代表区分属性。
SAM002167,PRG001792,ASM000035,AREA000046,2026,SRC000241,2026-10-03,2026年第108回選手権の都府県単位代表区分に所属。大会不参加校を含む加盟校マスター上の代表区分属性。
SAM002168,PRG001793,ASM000035,AREA000046,2026,SRC000241,2026-10-03,2026年第108回選手権の都府県単位代表区分に所属。大会不参加校を含む加盟校マスター上の代表区分属性。
SAM002169,PRG001794,ASM000035,AREA000046,2026,SRC000241,2026-10-03,2026年第108回選手権の都府県単位代表区分に所属。大会不参加校を含む加盟校マスター上の代表区分属性。
SAM002170,PRG001795,ASM000035,AREA000046,2026,SRC000241,2026-10-03,2026年第108回選手権の都府県単位代表区分に所属。大会不参加校を含む加盟校マスター上の代表区分属性。
SAM002171,PRG001796,ASM000035,AREA000046,2026,SRC000241,2026-10-03,2026年第108回選手権の都府県単位代表区分に所属。大会不参加校を含む加盟校マスター上の代表区分属性。
SAM002172,PRG001797,ASM000035,AREA000046,2026,SRC000241,2026-10-03,2026年第108回選手権の都府県単位代表区分に所属。大会不参加校を含む加盟校マスター上の代表区分属性。
SAM002173,PRG001798,ASM000035,AREA000046,2026,SRC000241,2026-10-03,2026年第108回選手権の都府県単位代表区分に所属。大会不参加校を含む加盟校マスター上の代表区分属性。
SAM002174,PRG001799,ASM000035,AREA000046,2026,SRC000241,2026-10-03,2026年第108回選手権の都府県単位代表区分に所属。大会不参加校を含む加盟校マスター上の代表区分属性。
SAM002175,PRG001800,ASM000035,AREA000046,2026,SRC000241,2026-10-03,2026年第108回選手権の都府県単位代表区分に所属。大会不参加校を含む加盟校マスター上の代表区分属性。
SAM002176,PRG001801,ASM000035,AREA000046,2026,SRC000241,2026-10-03,2026年第108回選手権の都府県単位代表区分に所属。大会不参加校を含む加盟校マスター上の代表区分属性。
SAM002177,PRG001802,ASM000035,AREA000046,2026,SRC000241,2026-10-03,2026年第108回選手権の都府県単位代表区分に所属。大会不参加校を含む加盟校マスター上の代表区分属性。
SAM002178,PRG001803,ASM000035,AREA000046,2026,SRC000241,2026-10-03,2026年第108回選手権の都府県単位代表区分に所属。大会不参加校を含む加盟校マスター上の代表区分属性。
SAM002179,PRG001804,ASM000035,AREA000046,2026,SRC000241,2026-10-03,2026年第108回選手権の都府県単位代表区分に所属。大会不参加校を含む加盟校マスター上の代表区分属性。
SAM002180,PRG001805,ASM000035,AREA000046,2026,SRC000241,2026-10-03,2026年第108回選手権の都府県単位代表区分に所属。大会不参加校を含む加盟校マスター上の代表区分属性。
SAM002181,PRG001806,ASM000035,AREA000046,2026,SRC000241,2026-10-03,2026年第108回選手権の都府県単位代表区分に所属。大会不参加校を含む加盟校マスター上の代表区分属性。
SAM002182,PRG001807,ASM000035,AREA000046,2026,SRC000241,2026-10-03,2026年第108回選手権の都府県単位代表区分に所属。大会不参加校を含む加盟校マスター上の代表区分属性。
SAM002183,PRG001808,ASM000035,AREA000046,2026,SRC000241,2026-10-03,2026年第108回選手権の都府県単位代表区分に所属。大会不参加校を含む加盟校マスター上の代表区分属性。
SAM002184,PRG001809,ASM000035,AREA000046,2026,SRC000241,2026-10-03,2026年第108回選手権の都府県単位代表区分に所属。大会不参加校を含む加盟校マスター上の代表区分属性。
SAM002185,PRG001810,ASM000035,AREA000046,2026,SRC000241,2026-10-03,2026年第108回選手権の都府県単位代表区分に所属。大会不参加校を含む加盟校マスター上の代表区分属性。
SAM002186,PRG001811,ASM000035,AREA000046,2026,SRC000241,2026-10-03,2026年第108回選手権の都府県単位代表区分に所属。大会不参加校を含む加盟校マスター上の代表区分属性。
SAM002187,PRG001812,ASM000035,AREA000046,2026,SRC000241,2026-10-03,2026年第108回選手権の都府県単位代表区分に所属。大会不参加校を含む加盟校マスター上の代表区分属性。
SAM002188,PRG001813,ASM000035,AREA000046,2026,SRC000241,2026-10-03,2026年第108回選手権の都府県単位代表区分に所属。大会不参加校を含む加盟校マスター上の代表区分属性。
SAM002189,PRG001814,ASM000035,AREA000046,2026,SRC000241,2026-10-03,2026年第108回選手権の都府県単位代表区分に所属。大会不参加校を含む加盟校マスター上の代表区分属性。
SAM002190,PRG001815,ASM000035,AREA000046,2026,SRC000241,2026-10-03,2026年第108回選手権の都府県単位代表区分に所属。大会不参加校を含む加盟校マスター上の代表区分属性。
SAM002191,PRG001816,ASM000035,AREA000046,2026,SRC000241,2026-10-03,2026年第108回選手権の都府県単位代表区分に所属。大会不参加校を含む加盟校マスター上の代表区分属性。
SAM002192,PRG001817,ASM000035,AREA000046,2026,SRC000241,2026-10-03,2026年第108回選手権の都府県単位代表区分に所属。大会不参加校を含む加盟校マスター上の代表区分属性。
SAM002193,PRG001818,ASM000035,AREA000046,2026,SRC000241,2026-10-03,2026年第108回選手権の都府県単位代表区分に所属。大会不参加校を含む加盟校マスター上の代表区分属性。
SAM002194,PRG001819,ASM000035,AREA000046,2026,SRC000241,2026-10-03,2026年第108回選手権の都府県単位代表区分に所属。大会不参加校を含む加盟校マスター上の代表区分属性。
SAM002195,PRG001820,ASM000035,AREA000046,2026,SRC000241,2026-10-03,2026年第108回選手権の都府県単位代表区分に所属。大会不参加校を含む加盟校マスター上の代表区分属性。
SAM002196,PRG001821,ASM000035,AREA000046,2026,SRC000241,2026-10-03,2026年第108回選手権の都府県単位代表区分に所属。大会不参加校を含む加盟校マスター上の代表区分属性。
SAM002197,PRG001822,ASM000035,AREA000046,2026,SRC000241,2026-10-03,2026年第108回選手権の都府県単位代表区分に所属。大会不参加校を含む加盟校マスター上の代表区分属性。
SAM002198,PRG001823,ASM000035,AREA000046,2026,SRC000241,2026-10-03,2026年第108回選手権の都府県単位代表区分に所属。大会不参加校を含む加盟校マスター上の代表区分属性。
SAM002199,PRG001824,ASM000035,AREA000046,2026,SRC000241,2026-10-03,2026年第108回選手権の都府県単位代表区分に所属。大会不参加校を含む加盟校マスター上の代表区分属性。
SAM002200,PRG001825,ASM000035,AREA000046,2026,SRC000241,2026-10-03,2026年第108回選手権の都府県単位代表区分に所属。大会不参加校を含む加盟校マスター上の代表区分属性。
SAM002201,PRG001826,ASM000035,AREA000046,2026,SRC000241,2026-10-03,2026年第108回選手権の都府県単位代表区分に所属。大会不参加校を含む加盟校マスター上の代表区分属性。
SAM002202,PRG001827,ASM000035,AREA000046,2026,SRC000241,2026-10-03,2026年第108回選手権の都府県単位代表区分に所属。大会不参加校を含む加盟校マスター上の代表区分属性。
SAM002203,PRG001828,ASM000035,AREA000046,2026,SRC000241,2026-10-03,2026年第108回選手権の都府県単位代表区分に所属。大会不参加校を含む加盟校マスター上の代表区分属性。
SAM002204,PRG001829,ASM000035,AREA000046,2026,SRC000241,2026-10-03,2026年第108回選手権の都府県単位代表区分に所属。大会不参加校を含む加盟校マスター上の代表区分属性。
SAM002205,PRG001830,ASM000035,AREA000046,2026,SRC000241,2026-10-03,2026年第108回選手権の都府県単位代表区分に所属。大会不参加校を含む加盟校マスター上の代表区分属性。
SAM002206,PRG001831,ASM000035,AREA000046,2026,SRC000241,2026-10-03,2026年第108回選手権の都府県単位代表区分に所属。大会不参加校を含む加盟校マスター上の代表区分属性。
SAM002207,PRG001832,ASM000035,AREA000046,2026,SRC000241,2026-10-03,2026年第108回選手権の都府県単位代表区分に所属。大会不参加校を含む加盟校マスター上の代表区分属性。
SAM002208,PRG001833,ASM000035,AREA000046,2026,SRC000241,2026-10-03,2026年第108回選手権の都府県単位代表区分に所属。大会不参加校を含む加盟校マスター上の代表区分属性。
SAM002209,PRG001834,ASM000035,AREA000046,2026,SRC000241,2026-10-03,2026年第108回選手権の都府県単位代表区分に所属。大会不参加校を含む加盟校マスター上の代表区分属性。
SAM002210,PRG001835,ASM000035,AREA000046,2026,SRC000241,2026-10-03,2026年第108回選手権の都府県単位代表区分に所属。大会不参加校を含む加盟校マスター上の代表区分属性。
SAM002211,PRG001836,ASM000035,AREA000046,2026,SRC000241,2026-10-03,2026年第108回選手権の都府県単位代表区分に所属。大会不参加校を含む加盟校マスター上の代表区分属性。
SAM002212,PRG001837,ASM000035,AREA000046,2026,SRC000241,2026-10-03,2026年第108回選手権の都府県単位代表区分に所属。大会不参加校を含む加盟校マスター上の代表区分属性。
SAM002213,PRG001838,ASM000035,AREA000046,2026,SRC000241,2026-10-03,2026年第108回選手権の都府県単位代表区分に所属。大会不参加校を含む加盟校マスター上の代表区分属性。
SAM002214,PRG001839,ASM000035,AREA000046,2026,SRC000241,2026-10-03,2026年第108回選手権の都府県単位代表区分に所属。大会不参加校を含む加盟校マスター上の代表区分属性。
SAM002215,PRG001840,ASM000035,AREA000046,2026,SRC000241,2026-10-03,2026年第108回選手権の都府県単位代表区分に所属。大会不参加校を含む加盟校マスター上の代表区分属性。
SAM002216,PRG001841,ASM000035,AREA000046,2026,SRC000241,2026-10-03,2026年第108回選手権の都府県単位代表区分に所属。大会不参加校を含む加盟校マスター上の代表区分属性。
SAM002217,PRG001842,ASM000035,AREA000046,2026,SRC000241,2026-10-03,2026年第108回選手権の都府県単位代表区分に所属。大会不参加校を含む加盟校マスター上の代表区分属性。
SAM002218,PRG001843,ASM000035,AREA000046,2026,SRC000241,2026-10-03,2026年第108回選手権の都府県単位代表区分に所属。大会不参加校を含む加盟校マスター上の代表区分属性。
SAM002219,PRG001844,ASM000035,AREA000046,2026,SRC000241,2026-10-03,2026年第108回選手権の都府県単位代表区分に所属。大会不参加校を含む加盟校マスター上の代表区分属性。
SAM002220,PRG001845,ASM000035,AREA000046,2026,SRC000241,2026-10-03,2026年第108回選手権の都府県単位代表区分に所属。大会不参加校を含む加盟校マスター上の代表区分属性。
SAM002221,PRG001846,ASM000035,AREA000046,2026,SRC000241,2026-10-03,2026年第108回選手権の都府県単位代表区分に所属。大会不参加校を含む加盟校マスター上の代表区分属性。
SAM002222,PRG001847,ASM000035,AREA000046,2026,SRC000241,2026-10-03,2026年第108回選手権の都府県単位代表区分に所属。大会不参加校を含む加盟校マスター上の代表区分属性。
SAM002223,PRG001848,ASM000035,AREA000046,2026,SRC000241,2026-10-03,2026年第108回選手権の都府県単位代表区分に所属。大会不参加校を含む加盟校マスター上の代表区分属性。
SAM002224,PRG001849,ASM000035,AREA000046,2026,SRC000241,2026-10-03,2026年第108回選手権の都府県単位代表区分に所属。大会不参加校を含む加盟校マスター上の代表区分属性。
SAM002225,PRG001850,ASM000035,AREA000046,2026,SRC000241,2026-10-03,2026年第108回選手権の都府県単位代表区分に所属。大会不参加校を含む加盟校マスター上の代表区分属性。
SAM002226,PRG001851,ASM000035,AREA000046,2026,SRC000241,2026-10-03,2026年第108回選手権の都府県単位代表区分に所属。大会不参加校を含む加盟校マスター上の代表区分属性。
SAM002227,PRG001852,ASM000035,AREA000046,2026,SRC000241,2026-10-03,2026年第108回選手権の都府県単位代表区分に所属。大会不参加校を含む加盟校マスター上の代表区分属性。
SAM002228,PRG001853,ASM000035,AREA000046,2026,SRC000241,2026-10-03,2026年第108回選手権の都府県単位代表区分に所属。大会不参加校を含む加盟校マスター上の代表区分属性。
SAM002229,PRG001854,ASM000035,AREA000046,2026,SRC000241,2026-10-03,2026年第108回選手権の都府県単位代表区分に所属。大会不参加校を含む加盟校マスター上の代表区分属性。
SAM002230,PRG001855,ASM000035,AREA000046,2026,SRC000241,2026-10-03,2026年第108回選手権の都府県単位代表区分に所属。大会不参加校を含む加盟校マスター上の代表区分属性。
SAM002231,PRG001856,ASM000035,AREA000046,2026,SRC000241,2026-10-03,2026年第108回選手権の都府県単位代表区分に所属。大会不参加校を含む加盟校マスター上の代表区分属性。
SAM002232,PRG001857,ASM000035,AREA000046,2026,SRC000241,2026-10-03,2026年第108回選手権の都府県単位代表区分に所属。大会不参加校を含む加盟校マスター上の代表区分属性。
SAM002233,PRG001858,ASM000035,AREA000046,2026,SRC000241,2026-10-03,2026年第108回選手権の都府県単位代表区分に所属。大会不参加校を含む加盟校マスター上の代表区分属性。
SAM002234,PRG001859,ASM000035,AREA000046,2026,SRC000241,2026-10-03,2026年第108回選手権の都府県単位代表区分に所属。大会不参加校を含む加盟校マスター上の代表区分属性。
SAM002235,PRG001860,ASM000035,AREA000046,2026,SRC000241,2026-10-03,2026年第108回選手権の都府県単位代表区分に所属。大会不参加校を含む加盟校マスター上の代表区分属性。
SAM002236,PRG001861,ASM000035,AREA000046,2026,SRC000241,2026-10-03,2026年第108回選手権の都府県単位代表区分に所属。大会不参加校を含む加盟校マスター上の代表区分属性。
SAM002237,PRG001862,ASM000006,AREA000017,2026,SRC000241,2026-10-03,2026年第108回選手権の都府県単位代表区分に所属。大会不参加校を含む加盟校マスター上の代表区分属性。
SAM002238,PRG001863,ASM000006,AREA000017,2026,SRC000241,2026-10-03,2026年第108回選手権の都府県単位代表区分に所属。大会不参加校を含む加盟校マスター上の代表区分属性。
SAM002239,PRG001864,ASM000006,AREA000017,2026,SRC000241,2026-10-03,2026年第108回選手権の都府県単位代表区分に所属。大会不参加校を含む加盟校マスター上の代表区分属性。
SAM002240,PRG001865,ASM000006,AREA000017,2026,SRC000241,2026-10-03,2026年第108回選手権の都府県単位代表区分に所属。大会不参加校を含む加盟校マスター上の代表区分属性。
SAM002241,PRG001866,ASM000006,AREA000017,2026,SRC000241,2026-10-03,2026年第108回選手権の都府県単位代表区分に所属。大会不参加校を含む加盟校マスター上の代表区分属性。
SAM002242,PRG001867,ASM000006,AREA000017,2026,SRC000241,2026-10-03,2026年第108回選手権の都府県単位代表区分に所属。大会不参加校を含む加盟校マスター上の代表区分属性。
SAM002243,PRG001868,ASM000006,AREA000017,2026,SRC000241,2026-10-03,2026年第108回選手権の都府県単位代表区分に所属。大会不参加校を含む加盟校マスター上の代表区分属性。
SAM002244,PRG001869,ASM000006,AREA000017,2026,SRC000241,2026-10-03,2026年第108回選手権の都府県単位代表区分に所属。大会不参加校を含む加盟校マスター上の代表区分属性。
SAM002245,PRG001870,ASM000006,AREA000017,2026,SRC000241,2026-10-03,2026年第108回選手権の都府県単位代表区分に所属。大会不参加校を含む加盟校マスター上の代表区分属性。
SAM002246,PRG001871,ASM000006,AREA000017,2026,SRC000241,2026-10-03,2026年第108回選手権の都府県単位代表区分に所属。大会不参加校を含む加盟校マスター上の代表区分属性。
SAM002247,PRG001872,ASM000006,AREA000017,2026,SRC000241,2026-10-03,2026年第108回選手権の都府県単位代表区分に所属。大会不参加校を含む加盟校マスター上の代表区分属性。
SAM002248,PRG001873,ASM000006,AREA000017,2026,SRC000241,2026-10-03,2026年第108回選手権の都府県単位代表区分に所属。大会不参加校を含む加盟校マスター上の代表区分属性。
SAM002249,PRG001874,ASM000006,AREA000017,2026,SRC000241,2026-10-03,2026年第108回選手権の都府県単位代表区分に所属。大会不参加校を含む加盟校マスター上の代表区分属性。
SAM002250,PRG001875,ASM000006,AREA000017,2026,SRC000241,2026-10-03,2026年第108回選手権の都府県単位代表区分に所属。大会不参加校を含む加盟校マスター上の代表区分属性。
SAM002251,PRG001876,ASM000006,AREA000017,2026,SRC000241,2026-10-03,2026年第108回選手権の都府県単位代表区分に所属。大会不参加校を含む加盟校マスター上の代表区分属性。
SAM002252,PRG001877,ASM000006,AREA000017,2026,SRC000241,2026-10-03,2026年第108回選手権の都府県単位代表区分に所属。大会不参加校を含む加盟校マスター上の代表区分属性。
SAM002253,PRG001878,ASM000006,AREA000017,2026,SRC000241,2026-10-03,2026年第108回選手権の都府県単位代表区分に所属。大会不参加校を含む加盟校マスター上の代表区分属性。
SAM002254,PRG001879,ASM000006,AREA000017,2026,SRC000241,2026-10-03,2026年第108回選手権の都府県単位代表区分に所属。大会不参加校を含む加盟校マスター上の代表区分属性。
SAM002255,PRG001880,ASM000006,AREA000017,2026,SRC000241,2026-10-03,2026年第108回選手権の都府県単位代表区分に所属。大会不参加校を含む加盟校マスター上の代表区分属性。
SAM002256,PRG001881,ASM000006,AREA000017,2026,SRC000241,2026-10-03,2026年第108回選手権の都府県単位代表区分に所属。大会不参加校を含む加盟校マスター上の代表区分属性。
SAM002257,PRG001882,ASM000006,AREA000017,2026,SRC000241,2026-10-03,2026年第108回選手権の都府県単位代表区分に所属。大会不参加校を含む加盟校マスター上の代表区分属性。
SAM002258,PRG001883,ASM000006,AREA000017,2026,SRC000241,2026-10-03,2026年第108回選手権の都府県単位代表区分に所属。大会不参加校を含む加盟校マスター上の代表区分属性。
SAM002259,PRG001884,ASM000006,AREA000017,2026,SRC000241,2026-10-03,2026年第108回選手権の都府県単位代表区分に所属。大会不参加校を含む加盟校マスター上の代表区分属性。
SAM002260,PRG001885,ASM000006,AREA000017,2026,SRC000241,2026-10-03,2026年第108回選手権の都府県単位代表区分に所属。大会不参加校を含む加盟校マスター上の代表区分属性。
SAM002261,PRG001886,ASM000006,AREA000017,2026,SRC000241,2026-10-03,2026年第108回選手権の都府県単位代表区分に所属。大会不参加校を含む加盟校マスター上の代表区分属性。
SAM002262,PRG001887,ASM000006,AREA000017,2026,SRC000241,2026-10-03,2026年第108回選手権の都府県単位代表区分に所属。大会不参加校を含む加盟校マスター上の代表区分属性。
SAM002263,PRG001888,ASM000006,AREA000017,2026,SRC000241,2026-10-03,2026年第108回選手権の都府県単位代表区分に所属。大会不参加校を含む加盟校マスター上の代表区分属性。
SAM002264,PRG001889,ASM000006,AREA000017,2026,SRC000241,2026-10-03,2026年第108回選手権の都府県単位代表区分に所属。大会不参加校を含む加盟校マスター上の代表区分属性。
SAM002265,PRG001890,ASM000006,AREA000017,2026,SRC000241,2026-10-03,2026年第108回選手権の都府県単位代表区分に所属。大会不参加校を含む加盟校マスター上の代表区分属性。
SAM002266,PRG001891,ASM000006,AREA000017,2026,SRC000241,2026-10-03,2026年第108回選手権の都府県単位代表区分に所属。大会不参加校を含む加盟校マスター上の代表区分属性。
SAM002267,PRG001892,ASM000006,AREA000017,2026,SRC000241,2026-10-03,2026年第108回選手権の都府県単位代表区分に所属。大会不参加校を含む加盟校マスター上の代表区分属性。
SAM002268,PRG001893,ASM000006,AREA000017,2026,SRC000241,2026-10-03,2026年第108回選手権の都府県単位代表区分に所属。大会不参加校を含む加盟校マスター上の代表区分属性。
SAM002269,PRG001894,ASM000006,AREA000017,2026,SRC000241,2026-10-03,2026年第108回選手権の都府県単位代表区分に所属。大会不参加校を含む加盟校マスター上の代表区分属性。
SAM002270,PRG001895,ASM000006,AREA000017,2026,SRC000241,2026-10-03,2026年第108回選手権の都府県単位代表区分に所属。大会不参加校を含む加盟校マスター上の代表区分属性。
SAM002271,PRG001896,ASM000006,AREA000017,2026,SRC000241,2026-10-03,2026年第108回選手権の都府県単位代表区分に所属。大会不参加校を含む加盟校マスター上の代表区分属性。
SAM002272,PRG001897,ASM000006,AREA000017,2026,SRC000241,2026-10-03,2026年第108回選手権の都府県単位代表区分に所属。大会不参加校を含む加盟校マスター上の代表区分属性。
SAM002273,PRG001898,ASM000006,AREA000017,2026,SRC000241,2026-10-03,2026年第108回選手権の都府県単位代表区分に所属。大会不参加校を含む加盟校マスター上の代表区分属性。
SAM002274,PRG001899,ASM000006,AREA000017,2026,SRC000241,2026-10-03,2026年第108回選手権の都府県単位代表区分に所属。大会不参加校を含む加盟校マスター上の代表区分属性。
SAM002275,PRG001900,ASM000006,AREA000017,2026,SRC000241,2026-10-03,2026年第108回選手権の都府県単位代表区分に所属。大会不参加校を含む加盟校マスター上の代表区分属性。
SAM002276,PRG001901,ASM000006,AREA000017,2026,SRC000241,2026-10-03,2026年第108回選手権の都府県単位代表区分に所属。大会不参加校を含む加盟校マスター上の代表区分属性。
SAM002277,PRG001902,ASM000006,AREA000017,2026,SRC000241,2026-10-03,2026年第108回選手権の都府県単位代表区分に所属。大会不参加校を含む加盟校マスター上の代表区分属性。
SAM002278,PRG001903,ASM000006,AREA000017,2026,SRC000241,2026-10-03,2026年第108回選手権の都府県単位代表区分に所属。大会不参加校を含む加盟校マスター上の代表区分属性。
SAM002279,PRG001904,ASM000006,AREA000017,2026,SRC000241,2026-10-03,2026年第108回選手権の都府県単位代表区分に所属。大会不参加校を含む加盟校マスター上の代表区分属性。
SAM002280,PRG001905,ASM000006,AREA000017,2026,SRC000241,2026-10-03,2026年第108回選手権の都府県単位代表区分に所属。大会不参加校を含む加盟校マスター上の代表区分属性。
SAM002281,PRG001906,ASM000006,AREA000017,2026,SRC000241,2026-10-03,2026年第108回選手権の都府県単位代表区分に所属。大会不参加校を含む加盟校マスター上の代表区分属性。
SAM002282,PRG001907,ASM000006,AREA000017,2026,SRC000241,2026-10-03,2026年第108回選手権の都府県単位代表区分に所属。大会不参加校を含む加盟校マスター上の代表区分属性。
SAM002283,PRG001908,ASM000006,AREA000017,2026,SRC000241,2026-10-03,2026年第108回選手権の都府県単位代表区分に所属。大会不参加校を含む加盟校マスター上の代表区分属性。
SAM002284,PRG001909,ASM000006,AREA000017,2026,SRC000241,2026-10-03,2026年第108回選手権の都府県単位代表区分に所属。大会不参加校を含む加盟校マスター上の代表区分属性。
SAM002285,PRG001910,ASM000006,AREA000017,2026,SRC000241,2026-10-03,2026年第108回選手権の都府県単位代表区分に所属。大会不参加校を含む加盟校マスター上の代表区分属性。
SAM002286,PRG001911,ASM000006,AREA000017,2026,SRC000241,2026-10-03,2026年第108回選手権の都府県単位代表区分に所属。大会不参加校を含む加盟校マスター上の代表区分属性。
SAM002287,PRG001912,ASM000006,AREA000017,2026,SRC000241,2026-10-03,2026年第108回選手権の都府県単位代表区分に所属。大会不参加校を含む加盟校マスター上の代表区分属性。
SAM002288,PRG001913,ASM000006,AREA000017,2026,SRC000241,2026-10-03,2026年第108回選手権の都府県単位代表区分に所属。大会不参加校を含む加盟校マスター上の代表区分属性。
SAM002289,PRG001914,ASM000006,AREA000017,2026,SRC000241,2026-10-03,2026年第108回選手権の都府県単位代表区分に所属。大会不参加校を含む加盟校マスター上の代表区分属性。
SAM002290,PRG001915,ASM000006,AREA000017,2026,SRC000241,2026-10-03,2026年第108回選手権の都府県単位代表区分に所属。大会不参加校を含む加盟校マスター上の代表区分属性。
SAM002291,PRG001916,ASM000006,AREA000017,2026,SRC000241,2026-10-03,2026年第108回選手権の都府県単位代表区分に所属。大会不参加校を含む加盟校マスター上の代表区分属性。
SAM002292,PRG001917,ASM000006,AREA000017,2026,SRC000241,2026-10-03,2026年第108回選手権の都府県単位代表区分に所属。大会不参加校を含む加盟校マスター上の代表区分属性。
SAM002293,PRG001918,ASM000006,AREA000017,2026,SRC000241,2026-10-03,2026年第108回選手権の都府県単位代表区分に所属。大会不参加校を含む加盟校マスター上の代表区分属性。
SAM002294,PRG001919,ASM000006,AREA000017,2026,SRC000241,2026-10-03,2026年第108回選手権の都府県単位代表区分に所属。大会不参加校を含む加盟校マスター上の代表区分属性。
SAM002295,PRG001920,ASM000006,AREA000017,2026,SRC000241,2026-10-03,2026年第108回選手権の都府県単位代表区分に所属。大会不参加校を含む加盟校マスター上の代表区分属性。
SAM002296,PRG001921,ASM000006,AREA000017,2026,SRC000241,2026-10-03,2026年第108回選手権の都府県単位代表区分に所属。大会不参加校を含む加盟校マスター上の代表区分属性。
SAM002297,PRG001922,ASM000006,AREA000017,2026,SRC000241,2026-10-03,2026年第108回選手権の都府県単位代表区分に所属。大会不参加校を含む加盟校マスター上の代表区分属性。
SAM002298,PRG001923,ASM000006,AREA000017,2026,SRC000241,2026-10-03,2026年第108回選手権の都府県単位代表区分に所属。大会不参加校を含む加盟校マスター上の代表区分属性。
SAM002299,PRG001924,ASM000006,AREA000017,2026,SRC000241,2026-10-03,2026年第108回選手権の都府県単位代表区分に所属。大会不参加校を含む加盟校マスター上の代表区分属性。
SAM002300,PRG001925,ASM000006,AREA000017,2026,SRC000241,2026-10-03,2026年第108回選手権の都府県単位代表区分に所属。大会不参加校を含む加盟校マスター上の代表区分属性。
SAM002301,PRG001926,ASM000006,AREA000017,2026,SRC000241,2026-10-03,2026年第108回選手権の都府県単位代表区分に所属。大会不参加校を含む加盟校マスター上の代表区分属性。
SAM002302,PRG001927,ASM000007,AREA000018,2026,SRC000241,2026-10-03,2026年第108回選手権の都府県単位代表区分に所属。大会不参加校を含む加盟校マスター上の代表区分属性。
SAM002303,PRG001928,ASM000007,AREA000018,2026,SRC000241,2026-10-03,2026年第108回選手権の都府県単位代表区分に所属。大会不参加校を含む加盟校マスター上の代表区分属性。
SAM002304,PRG001929,ASM000007,AREA000018,2026,SRC000241,2026-10-03,2026年第108回選手権の都府県単位代表区分に所属。大会不参加校を含む加盟校マスター上の代表区分属性。
SAM002305,PRG001930,ASM000007,AREA000018,2026,SRC000241,2026-10-03,2026年第108回選手権の都府県単位代表区分に所属。大会不参加校を含む加盟校マスター上の代表区分属性。
SAM002306,PRG001931,ASM000007,AREA000018,2026,SRC000241,2026-10-03,2026年第108回選手権の都府県単位代表区分に所属。大会不参加校を含む加盟校マスター上の代表区分属性。
SAM002307,PRG001932,ASM000007,AREA000018,2026,SRC000241,2026-10-03,2026年第108回選手権の都府県単位代表区分に所属。大会不参加校を含む加盟校マスター上の代表区分属性。
SAM002308,PRG001933,ASM000007,AREA000018,2026,SRC000241,2026-10-03,2026年第108回選手権の都府県単位代表区分に所属。大会不参加校を含む加盟校マスター上の代表区分属性。
SAM002309,PRG001934,ASM000007,AREA000018,2026,SRC000241,2026-10-03,2026年第108回選手権の都府県単位代表区分に所属。大会不参加校を含む加盟校マスター上の代表区分属性。
SAM002310,PRG001935,ASM000007,AREA000018,2026,SRC000241,2026-10-03,2026年第108回選手権の都府県単位代表区分に所属。大会不参加校を含む加盟校マスター上の代表区分属性。
SAM002311,PRG001936,ASM000007,AREA000018,2026,SRC000241,2026-10-03,2026年第108回選手権の都府県単位代表区分に所属。大会不参加校を含む加盟校マスター上の代表区分属性。
SAM002312,PRG001937,ASM000007,AREA000018,2026,SRC000241,2026-10-03,2026年第108回選手権の都府県単位代表区分に所属。大会不参加校を含む加盟校マスター上の代表区分属性。
SAM002313,PRG001938,ASM000007,AREA000018,2026,SRC000241,2026-10-03,2026年第108回選手権の都府県単位代表区分に所属。大会不参加校を含む加盟校マスター上の代表区分属性。
SAM002314,PRG001939,ASM000007,AREA000018,2026,SRC000241,2026-10-03,2026年第108回選手権の都府県単位代表区分に所属。大会不参加校を含む加盟校マスター上の代表区分属性。
SAM002315,PRG001940,ASM000007,AREA000018,2026,SRC000241,2026-10-03,2026年第108回選手権の都府県単位代表区分に所属。大会不参加校を含む加盟校マスター上の代表区分属性。
SAM002316,PRG001941,ASM000007,AREA000018,2026,SRC000241,2026-10-03,2026年第108回選手権の都府県単位代表区分に所属。大会不参加校を含む加盟校マスター上の代表区分属性。
SAM002317,PRG001942,ASM000007,AREA000018,2026,SRC000241,2026-10-03,2026年第108回選手権の都府県単位代表区分に所属。大会不参加校を含む加盟校マスター上の代表区分属性。
SAM002318,PRG001943,ASM000007,AREA000018,2026,SRC000241,2026-10-03,2026年第108回選手権の都府県単位代表区分に所属。大会不参加校を含む加盟校マスター上の代表区分属性。
SAM002319,PRG001944,ASM000007,AREA000018,2026,SRC000241,2026-10-03,2026年第108回選手権の都府県単位代表区分に所属。大会不参加校を含む加盟校マスター上の代表区分属性。
SAM002320,PRG001945,ASM000007,AREA000018,2026,SRC000241,2026-10-03,2026年第108回選手権の都府県単位代表区分に所属。大会不参加校を含む加盟校マスター上の代表区分属性。
SAM002321,PRG001946,ASM000007,AREA000018,2026,SRC000241,2026-10-03,2026年第108回選手権の都府県単位代表区分に所属。大会不参加校を含む加盟校マスター上の代表区分属性。
SAM002322,PRG001947,ASM000007,AREA000018,2026,SRC000241,2026-10-03,2026年第108回選手権の都府県単位代表区分に所属。大会不参加校を含む加盟校マスター上の代表区分属性。
SAM002323,PRG001948,ASM000007,AREA000018,2026,SRC000241,2026-10-03,2026年第108回選手権の都府県単位代表区分に所属。大会不参加校を含む加盟校マスター上の代表区分属性。
SAM002324,PRG001949,ASM000007,AREA000018,2026,SRC000241,2026-10-03,2026年第108回選手権の都府県単位代表区分に所属。大会不参加校を含む加盟校マスター上の代表区分属性。
SAM002325,PRG001950,ASM000007,AREA000018,2026,SRC000241,2026-10-03,2026年第108回選手権の都府県単位代表区分に所属。大会不参加校を含む加盟校マスター上の代表区分属性。
SAM002326,PRG001951,ASM000007,AREA000018,2026,SRC000241,2026-10-03,2026年第108回選手権の都府県単位代表区分に所属。大会不参加校を含む加盟校マスター上の代表区分属性。
SAM002327,PRG001952,ASM000007,AREA000018,2026,SRC000241,2026-10-03,2026年第108回選手権の都府県単位代表区分に所属。大会不参加校を含む加盟校マスター上の代表区分属性。
SAM002328,PRG001953,ASM000007,AREA000018,2026,SRC000241,2026-10-03,2026年第108回選手権の都府県単位代表区分に所属。大会不参加校を含む加盟校マスター上の代表区分属性。
SAM002329,PRG001954,ASM000007,AREA000018,2026,SRC000241,2026-10-03,2026年第108回選手権の都府県単位代表区分に所属。大会不参加校を含む加盟校マスター上の代表区分属性。
SAM002330,PRG001955,ASM000007,AREA000018,2026,SRC000241,2026-10-03,2026年第108回選手権の都府県単位代表区分に所属。大会不参加校を含む加盟校マスター上の代表区分属性。
SAM002331,PRG001956,ASM000007,AREA000018,2026,SRC000241,2026-10-03,2026年第108回選手権の都府県単位代表区分に所属。大会不参加校を含む加盟校マスター上の代表区分属性。
SAM002332,PRG001957,ASM000007,AREA000018,2026,SRC000241,2026-10-03,2026年第108回選手権の都府県単位代表区分に所属。大会不参加校を含む加盟校マスター上の代表区分属性。
SAM002333,PRG001958,ASM000007,AREA000018,2026,SRC000241,2026-10-03,2026年第108回選手権の都府県単位代表区分に所属。大会不参加校を含む加盟校マスター上の代表区分属性。
SAM002334,PRG001959,ASM000007,AREA000018,2026,SRC000241,2026-10-03,2026年第108回選手権の都府県単位代表区分に所属。大会不参加校を含む加盟校マスター上の代表区分属性。
SAM002335,PRG001960,ASM000007,AREA000018,2026,SRC000241,2026-10-03,2026年第108回選手権の都府県単位代表区分に所属。大会不参加校を含む加盟校マスター上の代表区分属性。
SAM002336,PRG001961,ASM000007,AREA000018,2026,SRC000241,2026-10-03,2026年第108回選手権の都府県単位代表区分に所属。大会不参加校を含む加盟校マスター上の代表区分属性。
SAM002337,PRG001962,ASM000007,AREA000018,2026,SRC000241,2026-10-03,2026年第108回選手権の都府県単位代表区分に所属。大会不参加校を含む加盟校マスター上の代表区分属性。
SAM002338,PRG001963,ASM000007,AREA000018,2026,SRC000241,2026-10-03,2026年第108回選手権の都府県単位代表区分に所属。大会不参加校を含む加盟校マスター上の代表区分属性。
SAM002339,PRG001964,ASM000007,AREA000018,2026,SRC000241,2026-10-03,2026年第108回選手権の都府県単位代表区分に所属。大会不参加校を含む加盟校マスター上の代表区分属性。
SAM002340,PRG001965,ASM000007,AREA000018,2026,SRC000241,2026-10-03,2026年第108回選手権の都府県単位代表区分に所属。大会不参加校を含む加盟校マスター上の代表区分属性。
SAM002341,PRG001966,ASM000007,AREA000018,2026,SRC000241,2026-10-03,2026年第108回選手権の都府県単位代表区分に所属。大会不参加校を含む加盟校マスター上の代表区分属性。
SAM002342,PRG001967,ASM000007,AREA000018,2026,SRC000241,2026-10-03,2026年第108回選手権の都府県単位代表区分に所属。大会不参加校を含む加盟校マスター上の代表区分属性。
SAM002343,PRG001968,ASM000007,AREA000018,2026,SRC000241,2026-10-03,2026年第108回選手権の都府県単位代表区分に所属。大会不参加校を含む加盟校マスター上の代表区分属性。
SAM002344,PRG001969,ASM000013,AREA000024,2026,SRC000241,2026-10-03,2026年第108回選手権の都府県単位代表区分に所属。大会不参加校を含む加盟校マスター上の代表区分属性。
SAM002345,PRG001970,ASM000013,AREA000024,2026,SRC000241,2026-10-03,2026年第108回選手権の都府県単位代表区分に所属。大会不参加校を含む加盟校マスター上の代表区分属性。
SAM002346,PRG001971,ASM000013,AREA000024,2026,SRC000241,2026-10-03,2026年第108回選手権の都府県単位代表区分に所属。大会不参加校を含む加盟校マスター上の代表区分属性。
SAM002347,PRG001972,ASM000013,AREA000024,2026,SRC000241,2026-10-03,2026年第108回選手権の都府県単位代表区分に所属。大会不参加校を含む加盟校マスター上の代表区分属性。
SAM002348,PRG001973,ASM000013,AREA000024,2026,SRC000241,2026-10-03,2026年第108回選手権の都府県単位代表区分に所属。大会不参加校を含む加盟校マスター上の代表区分属性。
SAM002349,PRG001974,ASM000013,AREA000024,2026,SRC000241,2026-10-03,2026年第108回選手権の都府県単位代表区分に所属。大会不参加校を含む加盟校マスター上の代表区分属性。
SAM002350,PRG001975,ASM000013,AREA000024,2026,SRC000241,2026-10-03,2026年第108回選手権の都府県単位代表区分に所属。大会不参加校を含む加盟校マスター上の代表区分属性。
SAM002351,PRG001976,ASM000013,AREA000024,2026,SRC000241,2026-10-03,2026年第108回選手権の都府県単位代表区分に所属。大会不参加校を含む加盟校マスター上の代表区分属性。
SAM002352,PRG001977,ASM000013,AREA000024,2026,SRC000241,2026-10-03,2026年第108回選手権の都府県単位代表区分に所属。大会不参加校を含む加盟校マスター上の代表区分属性。
SAM002353,PRG001978,ASM000013,AREA000024,2026,SRC000241,2026-10-03,2026年第108回選手権の都府県単位代表区分に所属。大会不参加校を含む加盟校マスター上の代表区分属性。
SAM002354,PRG001979,ASM000013,AREA000024,2026,SRC000241,2026-10-03,2026年第108回選手権の都府県単位代表区分に所属。大会不参加校を含む加盟校マスター上の代表区分属性。
SAM002355,PRG001980,ASM000013,AREA000024,2026,SRC000241,2026-10-03,2026年第108回選手権の都府県単位代表区分に所属。大会不参加校を含む加盟校マスター上の代表区分属性。
SAM002356,PRG001981,ASM000013,AREA000024,2026,SRC000241,2026-10-03,2026年第108回選手権の都府県単位代表区分に所属。大会不参加校を含む加盟校マスター上の代表区分属性。
SAM002357,PRG001982,ASM000013,AREA000024,2026,SRC000241,2026-10-03,2026年第108回選手権の都府県単位代表区分に所属。大会不参加校を含む加盟校マスター上の代表区分属性。
SAM002358,PRG001983,ASM000013,AREA000024,2026,SRC000241,2026-10-03,2026年第108回選手権の都府県単位代表区分に所属。大会不参加校を含む加盟校マスター上の代表区分属性。
SAM002359,PRG001984,ASM000013,AREA000024,2026,SRC000241,2026-10-03,2026年第108回選手権の都府県単位代表区分に所属。大会不参加校を含む加盟校マスター上の代表区分属性。
SAM002360,PRG001985,ASM000013,AREA000024,2026,SRC000241,2026-10-03,2026年第108回選手権の都府県単位代表区分に所属。大会不参加校を含む加盟校マスター上の代表区分属性。
SAM002361,PRG001986,ASM000013,AREA000024,2026,SRC000241,2026-10-03,2026年第108回選手権の都府県単位代表区分に所属。大会不参加校を含む加盟校マスター上の代表区分属性。
SAM002362,PRG001987,ASM000013,AREA000024,2026,SRC000241,2026-10-03,2026年第108回選手権の都府県単位代表区分に所属。大会不参加校を含む加盟校マスター上の代表区分属性。
SAM002363,PRG001988,ASM000013,AREA000024,2026,SRC000241,2026-10-03,2026年第108回選手権の都府県単位代表区分に所属。大会不参加校を含む加盟校マスター上の代表区分属性。
SAM002364,PRG001989,ASM000013,AREA000024,2026,SRC000241,2026-10-03,2026年第108回選手権の都府県単位代表区分に所属。大会不参加校を含む加盟校マスター上の代表区分属性。
SAM002365,PRG001990,ASM000013,AREA000024,2026,SRC000241,2026-10-03,2026年第108回選手権の都府県単位代表区分に所属。大会不参加校を含む加盟校マスター上の代表区分属性。
SAM002366,PRG001991,ASM000013,AREA000024,2026,SRC000241,2026-10-03,2026年第108回選手権の都府県単位代表区分に所属。大会不参加校を含む加盟校マスター上の代表区分属性。
SAM002367,PRG001992,ASM000013,AREA000024,2026,SRC000241,2026-10-03,2026年第108回選手権の都府県単位代表区分に所属。大会不参加校を含む加盟校マスター上の代表区分属性。
SAM002368,PRG001993,ASM000013,AREA000024,2026,SRC000241,2026-10-03,2026年第108回選手権の都府県単位代表区分に所属。大会不参加校を含む加盟校マスター上の代表区分属性。
SAM002369,PRG001994,ASM000013,AREA000024,2026,SRC000241,2026-10-03,2026年第108回選手権の都府県単位代表区分に所属。大会不参加校を含む加盟校マスター上の代表区分属性。
SAM002370,PRG001995,ASM000013,AREA000024,2026,SRC000241,2026-10-03,2026年第108回選手権の都府県単位代表区分に所属。大会不参加校を含む加盟校マスター上の代表区分属性。
SAM002371,PRG001996,ASM000013,AREA000024,2026,SRC000241,2026-10-03,2026年第108回選手権の都府県単位代表区分に所属。大会不参加校を含む加盟校マスター上の代表区分属性。
SAM002372,PRG001997,ASM000013,AREA000024,2026,SRC000241,2026-10-03,2026年第108回選手権の都府県単位代表区分に所属。大会不参加校を含む加盟校マスター上の代表区分属性。
SAM002373,PRG001998,ASM000013,AREA000024,2026,SRC000241,2026-10-03,2026年第108回選手権の都府県単位代表区分に所属。大会不参加校を含む加盟校マスター上の代表区分属性。
SAM002374,PRG001999,ASM000013,AREA000024,2026,SRC000241,2026-10-03,2026年第108回選手権の都府県単位代表区分に所属。大会不参加校を含む加盟校マスター上の代表区分属性。
SAM002375,PRG002000,ASM000013,AREA000024,2026,SRC000241,2026-10-03,2026年第108回選手権の都府県単位代表区分に所属。大会不参加校を含む加盟校マスター上の代表区分属性。
SAM002376,PRG002001,ASM000013,AREA000024,2026,SRC000241,2026-10-03,2026年第108回選手権の都府県単位代表区分に所属。大会不参加校を含む加盟校マスター上の代表区分属性。
SAM002377,PRG002002,ASM000013,AREA000024,2026,SRC000241,2026-10-03,2026年第108回選手権の都府県単位代表区分に所属。大会不参加校を含む加盟校マスター上の代表区分属性。
SAM002378,PRG002003,ASM000013,AREA000024,2026,SRC000241,2026-10-03,2026年第108回選手権の都府県単位代表区分に所属。大会不参加校を含む加盟校マスター上の代表区分属性。
SAM002379,PRG002004,ASM000013,AREA000024,2026,SRC000241,2026-10-03,2026年第108回選手権の都府県単位代表区分に所属。大会不参加校を含む加盟校マスター上の代表区分属性。
SAM002380,PRG002005,ASM000013,AREA000024,2026,SRC000241,2026-10-03,2026年第108回選手権の都府県単位代表区分に所属。大会不参加校を含む加盟校マスター上の代表区分属性。
SAM002381,PRG002006,ASM000013,AREA000024,2026,SRC000241,2026-10-03,2026年第108回選手権の都府県単位代表区分に所属。大会不参加校を含む加盟校マスター上の代表区分属性。
SAM002382,PRG002007,ASM000013,AREA000024,2026,SRC000241,2026-10-03,2026年第108回選手権の都府県単位代表区分に所属。大会不参加校を含む加盟校マスター上の代表区分属性。
SAM002383,PRG002008,ASM000013,AREA000024,2026,SRC000241,2026-10-03,2026年第108回選手権の都府県単位代表区分に所属。大会不参加校を含む加盟校マスター上の代表区分属性。
SAM002384,PRG002009,ASM000013,AREA000024,2026,SRC000241,2026-10-03,2026年第108回選手権の都府県単位代表区分に所属。大会不参加校を含む加盟校マスター上の代表区分属性。
SAM002385,PRG002010,ASM000013,AREA000024,2026,SRC000241,2026-10-03,2026年第108回選手権の都府県単位代表区分に所属。大会不参加校を含む加盟校マスター上の代表区分属性。
SAM002386,PRG002011,ASM000013,AREA000024,2026,SRC000241,2026-10-03,2026年第108回選手権の都府県単位代表区分に所属。大会不参加校を含む加盟校マスター上の代表区分属性。
SAM002387,PRG002012,ASM000013,AREA000024,2026,SRC000241,2026-10-03,2026年第108回選手権の都府県単位代表区分に所属。大会不参加校を含む加盟校マスター上の代表区分属性。
SAM002388,PRG002013,ASM000013,AREA000024,2026,SRC000241,2026-10-03,2026年第108回選手権の都府県単位代表区分に所属。大会不参加校を含む加盟校マスター上の代表区分属性。
SAM002389,PRG002014,ASM000013,AREA000024,2026,SRC000241,2026-10-03,2026年第108回選手権の都府県単位代表区分に所属。大会不参加校を含む加盟校マスター上の代表区分属性。
SAM002390,PRG002015,ASM000013,AREA000024,2026,SRC000241,2026-10-03,2026年第108回選手権の都府県単位代表区分に所属。大会不参加校を含む加盟校マスター上の代表区分属性。
SAM002391,PRG002016,ASM000013,AREA000024,2026,SRC000241,2026-10-03,2026年第108回選手権の都府県単位代表区分に所属。大会不参加校を含む加盟校マスター上の代表区分属性。
SAM002392,PRG002017,ASM000013,AREA000024,2026,SRC000241,2026-10-03,2026年第108回選手権の都府県単位代表区分に所属。大会不参加校を含む加盟校マスター上の代表区分属性。
SAM002393,PRG002018,ASM000013,AREA000024,2026,SRC000241,2026-10-03,2026年第108回選手権の都府県単位代表区分に所属。大会不参加校を含む加盟校マスター上の代表区分属性。
SAM002394,PRG002019,ASM000013,AREA000024,2026,SRC000241,2026-10-03,2026年第108回選手権の都府県単位代表区分に所属。大会不参加校を含む加盟校マスター上の代表区分属性。
SAM002395,PRG002020,ASM000013,AREA000024,2026,SRC000241,2026-10-03,2026年第108回選手権の都府県単位代表区分に所属。大会不参加校を含む加盟校マスター上の代表区分属性。
SAM002396,PRG002021,ASM000013,AREA000024,2026,SRC000241,2026-10-03,2026年第108回選手権の都府県単位代表区分に所属。大会不参加校を含む加盟校マスター上の代表区分属性。
SAM002397,PRG002022,ASM000013,AREA000024,2026,SRC000241,2026-10-03,2026年第108回選手権の都府県単位代表区分に所属。大会不参加校を含む加盟校マスター上の代表区分属性。
SAM002398,PRG002023,ASM000013,AREA000024,2026,SRC000241,2026-10-03,2026年第108回選手権の都府県単位代表区分に所属。大会不参加校を含む加盟校マスター上の代表区分属性。
SAM002399,PRG002024,ASM000013,AREA000024,2026,SRC000241,2026-10-03,2026年第108回選手権の都府県単位代表区分に所属。大会不参加校を含む加盟校マスター上の代表区分属性。
SAM002400,PRG002025,ASM000013,AREA000024,2026,SRC000241,2026-10-03,2026年第108回選手権の都府県単位代表区分に所属。大会不参加校を含む加盟校マスター上の代表区分属性。
SAM002401,PRG002026,ASM000013,AREA000024,2026,SRC000241,2026-10-03,2026年第108回選手権の都府県単位代表区分に所属。大会不参加校を含む加盟校マスター上の代表区分属性。
SAM002402,PRG002027,ASM000013,AREA000024,2026,SRC000241,2026-10-03,2026年第108回選手権の都府県単位代表区分に所属。大会不参加校を含む加盟校マスター上の代表区分属性。
SAM002403,PRG002028,ASM000013,AREA000024,2026,SRC000241,2026-10-03,2026年第108回選手権の都府県単位代表区分に所属。大会不参加校を含む加盟校マスター上の代表区分属性。
SAM002404,PRG002029,ASM000013,AREA000024,2026,SRC000241,2026-10-03,2026年第108回選手権の都府県単位代表区分に所属。大会不参加校を含む加盟校マスター上の代表区分属性。
SAM002405,PRG002030,ASM000013,AREA000024,2026,SRC000241,2026-10-03,2026年第108回選手権の都府県単位代表区分に所属。大会不参加校を含む加盟校マスター上の代表区分属性。
SAM002406,PRG002031,ASM000013,AREA000024,2026,SRC000241,2026-10-03,2026年第108回選手権の都府県単位代表区分に所属。大会不参加校を含む加盟校マスター上の代表区分属性。
SAM002407,PRG002032,ASM000013,AREA000024,2026,SRC000241,2026-10-03,2026年第108回選手権の都府県単位代表区分に所属。大会不参加校を含む加盟校マスター上の代表区分属性。
SAM002408,PRG002033,ASM000013,AREA000024,2026,SRC000241,2026-10-03,2026年第108回選手権の都府県単位代表区分に所属。大会不参加校を含む加盟校マスター上の代表区分属性。
SAM002409,PRG002034,ASM000013,AREA000024,2026,SRC000241,2026-10-03,2026年第108回選手権の都府県単位代表区分に所属。大会不参加校を含む加盟校マスター上の代表区分属性。
SAM002410,PRG002035,ASM000013,AREA000024,2026,SRC000241,2026-10-03,2026年第108回選手権の都府県単位代表区分に所属。大会不参加校を含む加盟校マスター上の代表区分属性。
SAM002411,PRG002036,ASM000013,AREA000024,2026,SRC000241,2026-10-03,2026年第108回選手権の都府県単位代表区分に所属。大会不参加校を含む加盟校マスター上の代表区分属性。
SAM002412,PRG002037,ASM000013,AREA000024,2026,SRC000241,2026-10-03,2026年第108回選手権の都府県単位代表区分に所属。大会不参加校を含む加盟校マスター上の代表区分属性。
SAM002413,PRG002038,ASM000013,AREA000024,2026,SRC000241,2026-10-03,2026年第108回選手権の都府県単位代表区分に所属。大会不参加校を含む加盟校マスター上の代表区分属性。
SAM002414,PRG002039,ASM000013,AREA000024,2026,SRC000241,2026-10-03,2026年第108回選手権の都府県単位代表区分に所属。大会不参加校を含む加盟校マスター上の代表区分属性。
SAM002415,PRG002040,ASM000013,AREA000024,2026,SRC000241,2026-10-03,2026年第108回選手権の都府県単位代表区分に所属。大会不参加校を含む加盟校マスター上の代表区分属性。
SAM002416,PRG002041,ASM000013,AREA000024,2026,SRC000241,2026-10-03,2026年第108回選手権の都府県単位代表区分に所属。大会不参加校を含む加盟校マスター上の代表区分属性。
SAM002417,PRG002042,ASM000013,AREA000024,2026,SRC000241,2026-10-03,2026年第108回選手権の都府県単位代表区分に所属。大会不参加校を含む加盟校マスター上の代表区分属性。
SAM002418,PRG002043,ASM000013,AREA000024,2026,SRC000241,2026-10-03,2026年第108回選手権の都府県単位代表区分に所属。大会不参加校を含む加盟校マスター上の代表区分属性。
SAM002419,PRG002044,ASM000013,AREA000024,2026,SRC000241,2026-10-03,2026年第108回選手権の都府県単位代表区分に所属。大会不参加校を含む加盟校マスター上の代表区分属性。
SAM002420,PRG002045,ASM000013,AREA000024,2026,SRC000241,2026-10-03,2026年第108回選手権の都府県単位代表区分に所属。大会不参加校を含む加盟校マスター上の代表区分属性。
SAM002421,PRG002046,ASM000013,AREA000024,2026,SRC000241,2026-10-03,2026年第108回選手権の都府県単位代表区分に所属。大会不参加校を含む加盟校マスター上の代表区分属性。
SAM002422,PRG002047,ASM000013,AREA000024,2026,SRC000241,2026-10-03,2026年第108回選手権の都府県単位代表区分に所属。大会不参加校を含む加盟校マスター上の代表区分属性。
SAM002423,PRG002048,ASM000013,AREA000024,2026,SRC000241,2026-10-03,2026年第108回選手権の都府県単位代表区分に所属。大会不参加校を含む加盟校マスター上の代表区分属性。
SAM002424,PRG002049,ASM000013,AREA000024,2026,SRC000241,2026-10-03,2026年第108回選手権の都府県単位代表区分に所属。大会不参加校を含む加盟校マスター上の代表区分属性。
SAM002425,PRG002050,ASM000013,AREA000024,2026,SRC000241,2026-10-03,2026年第108回選手権の都府県単位代表区分に所属。大会不参加校を含む加盟校マスター上の代表区分属性。
SAM002426,PRG002051,ASM000013,AREA000024,2026,SRC000241,2026-10-03,2026年第108回選手権の都府県単位代表区分に所属。大会不参加校を含む加盟校マスター上の代表区分属性。
SAM002427,PRG002052,ASM000013,AREA000024,2026,SRC000241,2026-10-03,2026年第108回選手権の都府県単位代表区分に所属。大会不参加校を含む加盟校マスター上の代表区分属性。
SAM002428,PRG002053,ASM000013,AREA000024,2026,SRC000241,2026-10-03,2026年第108回選手権の都府県単位代表区分に所属。大会不参加校を含む加盟校マスター上の代表区分属性。
SAM002429,PRG002054,ASM000013,AREA000024,2026,SRC000241,2026-10-03,2026年第108回選手権の都府県単位代表区分に所属。大会不参加校を含む加盟校マスター上の代表区分属性。
SAM002430,PRG002055,ASM000013,AREA000024,2026,SRC000241,2026-10-03,2026年第108回選手権の都府県単位代表区分に所属。大会不参加校を含む加盟校マスター上の代表区分属性。
SAM002431,PRG002056,ASM000013,AREA000024,2026,SRC000241,2026-10-03,2026年第108回選手権の都府県単位代表区分に所属。大会不参加校を含む加盟校マスター上の代表区分属性。
SAM002432,PRG002057,ASM000013,AREA000024,2026,SRC000241,2026-10-03,2026年第108回選手権の都府県単位代表区分に所属。大会不参加校を含む加盟校マスター上の代表区分属性。
SAM002433,PRG002058,ASM000013,AREA000024,2026,SRC000241,2026-10-03,2026年第108回選手権の都府県単位代表区分に所属。大会不参加校を含む加盟校マスター上の代表区分属性。
SAM002434,PRG002059,ASM000013,AREA000024,2026,SRC000241,2026-10-03,2026年第108回選手権の都府県単位代表区分に所属。大会不参加校を含む加盟校マスター上の代表区分属性。
SAM002435,PRG002060,ASM000013,AREA000024,2026,SRC000241,2026-10-03,2026年第108回選手権の都府県単位代表区分に所属。大会不参加校を含む加盟校マスター上の代表区分属性。
SAM002436,PRG002061,ASM000013,AREA000024,2026,SRC000241,2026-10-03,2026年第108回選手権の都府県単位代表区分に所属。大会不参加校を含む加盟校マスター上の代表区分属性。
SAM002437,PRG002062,ASM000013,AREA000024,2026,SRC000241,2026-10-03,2026年第108回選手権の都府県単位代表区分に所属。大会不参加校を含む加盟校マスター上の代表区分属性。
SAM002438,PRG002063,ASM000013,AREA000024,2026,SRC000241,2026-10-03,2026年第108回選手権の都府県単位代表区分に所属。大会不参加校を含む加盟校マスター上の代表区分属性。
SAM002439,PRG002064,ASM000013,AREA000024,2026,SRC000241,2026-10-03,2026年第108回選手権の都府県単位代表区分に所属。大会不参加校を含む加盟校マスター上の代表区分属性。
SAM002440,PRG002065,ASM000013,AREA000024,2026,SRC000241,2026-10-03,2026年第108回選手権の都府県単位代表区分に所属。大会不参加校を含む加盟校マスター上の代表区分属性。
SAM002441,PRG002066,ASM000013,AREA000024,2026,SRC000241,2026-10-03,2026年第108回選手権の都府県単位代表区分に所属。大会不参加校を含む加盟校マスター上の代表区分属性。
SAM002442,PRG002067,ASM000013,AREA000024,2026,SRC000241,2026-10-03,2026年第108回選手権の都府県単位代表区分に所属。大会不参加校を含む加盟校マスター上の代表区分属性。
SAM002443,PRG002068,ASM000013,AREA000024,2026,SRC000241,2026-10-03,2026年第108回選手権の都府県単位代表区分に所属。大会不参加校を含む加盟校マスター上の代表区分属性。
SAM002444,PRG002069,ASM000013,AREA000024,2026,SRC000241,2026-10-03,2026年第108回選手権の都府県単位代表区分に所属。大会不参加校を含む加盟校マスター上の代表区分属性。
SAM002445,PRG002070,ASM000013,AREA000024,2026,SRC000241,2026-10-03,2026年第108回選手権の都府県単位代表区分に所属。大会不参加校を含む加盟校マスター上の代表区分属性。
SAM002446,PRG002071,ASM000013,AREA000024,2026,SRC000241,2026-10-03,2026年第108回選手権の都府県単位代表区分に所属。大会不参加校を含む加盟校マスター上の代表区分属性。
SAM002447,PRG002072,ASM000013,AREA000024,2026,SRC000241,2026-10-03,2026年第108回選手権の都府県単位代表区分に所属。大会不参加校を含む加盟校マスター上の代表区分属性。
SAM002448,PRG002073,ASM000013,AREA000024,2026,SRC000241,2026-10-03,2026年第108回選手権の都府県単位代表区分に所属。大会不参加校を含む加盟校マスター上の代表区分属性。
SAM002449,PRG002074,ASM000013,AREA000024,2026,SRC000241,2026-10-03,2026年第108回選手権の都府県単位代表区分に所属。大会不参加校を含む加盟校マスター上の代表区分属性。
SAM002450,PRG002075,ASM000013,AREA000024,2026,SRC000241,2026-10-03,2026年第108回選手権の都府県単位代表区分に所属。大会不参加校を含む加盟校マスター上の代表区分属性。
SAM002451,PRG002076,ASM000013,AREA000024,2026,SRC000241,2026-10-03,2026年第108回選手権の都府県単位代表区分に所属。大会不参加校を含む加盟校マスター上の代表区分属性。
SAM002452,PRG002077,ASM000013,AREA000024,2026,SRC000241,2026-10-03,2026年第108回選手権の都府県単位代表区分に所属。大会不参加校を含む加盟校マスター上の代表区分属性。
SAM002453,PRG002078,ASM000013,AREA000024,2026,SRC000241,2026-10-03,2026年第108回選手権の都府県単位代表区分に所属。大会不参加校を含む加盟校マスター上の代表区分属性。
SAM002454,PRG002079,ASM000013,AREA000024,2026,SRC000241,2026-10-03,2026年第108回選手権の都府県単位代表区分に所属。大会不参加校を含む加盟校マスター上の代表区分属性。
SAM002455,PRG002080,ASM000013,AREA000024,2026,SRC000241,2026-10-03,2026年第108回選手権の都府県単位代表区分に所属。大会不参加校を含む加盟校マスター上の代表区分属性。
SAM002456,PRG002081,ASM000013,AREA000024,2026,SRC000241,2026-10-03,2026年第108回選手権の都府県単位代表区分に所属。大会不参加校を含む加盟校マスター上の代表区分属性。
SAM002457,PRG002082,ASM000013,AREA000024,2026,SRC000241,2026-10-03,2026年第108回選手権の都府県単位代表区分に所属。大会不参加校を含む加盟校マスター上の代表区分属性。
SAM002458,PRG002083,ASM000013,AREA000024,2026,SRC000241,2026-10-03,2026年第108回選手権の都府県単位代表区分に所属。大会不参加校を含む加盟校マスター上の代表区分属性。
SAM002459,PRG002084,ASM000013,AREA000024,2026,SRC000241,2026-10-03,2026年第108回選手権の都府県単位代表区分に所属。大会不参加校を含む加盟校マスター上の代表区分属性。
SAM002460,PRG002085,ASM000013,AREA000024,2026,SRC000241,2026-10-03,2026年第108回選手権の都府県単位代表区分に所属。大会不参加校を含む加盟校マスター上の代表区分属性。
SAM002461,PRG002086,ASM000013,AREA000024,2026,SRC000241,2026-10-03,2026年第108回選手権の都府県単位代表区分に所属。大会不参加校を含む加盟校マスター上の代表区分属性。
SAM002462,PRG002087,ASM000013,AREA000024,2026,SRC000241,2026-10-03,2026年第108回選手権の都府県単位代表区分に所属。大会不参加校を含む加盟校マスター上の代表区分属性。
SAM002463,PRG002088,ASM000013,AREA000024,2026,SRC000241,2026-10-03,2026年第108回選手権の都府県単位代表区分に所属。大会不参加校を含む加盟校マスター上の代表区分属性。
SAM002464,PRG002089,ASM000013,AREA000024,2026,SRC000241,2026-10-03,2026年第108回選手権の都府県単位代表区分に所属。大会不参加校を含む加盟校マスター上の代表区分属性。
SAM002465,PRG002090,ASM000013,AREA000024,2026,SRC000241,2026-10-03,2026年第108回選手権の都府県単位代表区分に所属。大会不参加校を含む加盟校マスター上の代表区分属性。
SAM002466,PRG002091,ASM000013,AREA000024,2026,SRC000241,2026-10-03,2026年第108回選手権の都府県単位代表区分に所属。大会不参加校を含む加盟校マスター上の代表区分属性。
SAM002467,PRG002092,ASM000013,AREA000024,2026,SRC000241,2026-10-03,2026年第108回選手権の都府県単位代表区分に所属。大会不参加校を含む加盟校マスター上の代表区分属性。
SAM002468,PRG002093,ASM000013,AREA000024,2026,SRC000241,2026-10-03,2026年第108回選手権の都府県単位代表区分に所属。大会不参加校を含む加盟校マスター上の代表区分属性。
SAM002469,PRG002094,ASM000013,AREA000024,2026,SRC000241,2026-10-03,2026年第108回選手権の都府県単位代表区分に所属。大会不参加校を含む加盟校マスター上の代表区分属性。
SAM002470,PRG002095,ASM000013,AREA000024,2026,SRC000241,2026-10-03,2026年第108回選手権の都府県単位代表区分に所属。大会不参加校を含む加盟校マスター上の代表区分属性。
SAM002471,PRG002096,ASM000013,AREA000024,2026,SRC000241,2026-10-03,2026年第108回選手権の都府県単位代表区分に所属。大会不参加校を含む加盟校マスター上の代表区分属性。
SAM002472,PRG002097,ASM000013,AREA000024,2026,SRC000241,2026-10-03,2026年第108回選手権の都府県単位代表区分に所属。大会不参加校を含む加盟校マスター上の代表区分属性。
SAM002473,PRG002098,ASM000013,AREA000024,2026,SRC000241,2026-10-03,2026年第108回選手権の都府県単位代表区分に所属。大会不参加校を含む加盟校マスター上の代表区分属性。
SAM002474,PRG002099,ASM000013,AREA000024,2026,SRC000241,2026-10-03,2026年第108回選手権の都府県単位代表区分に所属。大会不参加校を含む加盟校マスター上の代表区分属性。
SAM002475,PRG002100,ASM000013,AREA000024,2026,SRC000241,2026-10-03,2026年第108回選手権の都府県単位代表区分に所属。大会不参加校を含む加盟校マスター上の代表区分属性。
SAM002476,PRG002101,ASM000013,AREA000024,2026,SRC000241,2026-10-03,2026年第108回選手権の都府県単位代表区分に所属。大会不参加校を含む加盟校マスター上の代表区分属性。
SAM002477,PRG002102,ASM000013,AREA000024,2026,SRC000241,2026-10-03,2026年第108回選手権の都府県単位代表区分に所属。大会不参加校を含む加盟校マスター上の代表区分属性。
SAM002478,PRG002103,ASM000013,AREA000024,2026,SRC000241,2026-10-03,2026年第108回選手権の都府県単位代表区分に所属。大会不参加校を含む加盟校マスター上の代表区分属性。
SAM002479,PRG002104,ASM000013,AREA000024,2026,SRC000241,2026-10-03,2026年第108回選手権の都府県単位代表区分に所属。大会不参加校を含む加盟校マスター上の代表区分属性。
SAM002480,PRG002105,ASM000013,AREA000024,2026,SRC000241,2026-10-03,2026年第108回選手権の都府県単位代表区分に所属。大会不参加校を含む加盟校マスター上の代表区分属性。
SAM002481,PRG002106,ASM000013,AREA000024,2026,SRC000241,2026-10-03,2026年第108回選手権の都府県単位代表区分に所属。大会不参加校を含む加盟校マスター上の代表区分属性。
SAM002482,PRG002107,ASM000013,AREA000024,2026,SRC000241,2026-10-03,2026年第108回選手権の都府県単位代表区分に所属。大会不参加校を含む加盟校マスター上の代表区分属性。
SAM002483,PRG002108,ASM000013,AREA000024,2026,SRC000241,2026-10-03,2026年第108回選手権の都府県単位代表区分に所属。大会不参加校を含む加盟校マスター上の代表区分属性。
SAM002484,PRG002109,ASM000013,AREA000024,2026,SRC000241,2026-10-03,2026年第108回選手権の都府県単位代表区分に所属。大会不参加校を含む加盟校マスター上の代表区分属性。
SAM002485,PRG002110,ASM000013,AREA000024,2026,SRC000241,2026-10-03,2026年第108回選手権の都府県単位代表区分に所属。大会不参加校を含む加盟校マスター上の代表区分属性。
SAM002486,PRG002111,ASM000013,AREA000024,2026,SRC000241,2026-10-03,2026年第108回選手権の都府県単位代表区分に所属。大会不参加校を含む加盟校マスター上の代表区分属性。
SAM002487,PRG002112,ASM000013,AREA000024,2026,SRC000241,2026-10-03,2026年第108回選手権の都府県単位代表区分に所属。大会不参加校を含む加盟校マスター上の代表区分属性。
SAM002488,PRG002113,ASM000013,AREA000024,2026,SRC000241,2026-10-03,2026年第108回選手権の都府県単位代表区分に所属。大会不参加校を含む加盟校マスター上の代表区分属性。
SAM002489,PRG002114,ASM000013,AREA000024,2026,SRC000241,2026-10-03,2026年第108回選手権の都府県単位代表区分に所属。大会不参加校を含む加盟校マスター上の代表区分属性。
SAM002490,PRG002115,ASM000013,AREA000024,2026,SRC000241,2026-10-03,2026年第108回選手権の都府県単位代表区分に所属。大会不参加校を含む加盟校マスター上の代表区分属性。
SAM002491,PRG002116,ASM000013,AREA000024,2026,SRC000241,2026-10-03,2026年第108回選手権の都府県単位代表区分に所属。大会不参加校を含む加盟校マスター上の代表区分属性。
SAM002492,PRG002117,ASM000013,AREA000024,2026,SRC000241,2026-10-03,2026年第108回選手権の都府県単位代表区分に所属。大会不参加校を含む加盟校マスター上の代表区分属性。
SAM002493,PRG002118,ASM000013,AREA000024,2026,SRC000241,2026-10-03,2026年第108回選手権の都府県単位代表区分に所属。大会不参加校を含む加盟校マスター上の代表区分属性。
SAM002494,PRG002119,ASM000013,AREA000024,2026,SRC000241,2026-10-03,2026年第108回選手権の都府県単位代表区分に所属。大会不参加校を含む加盟校マスター上の代表区分属性。
SAM002495,PRG002120,ASM000013,AREA000024,2026,SRC000241,2026-10-03,2026年第108回選手権の都府県単位代表区分に所属。大会不参加校を含む加盟校マスター上の代表区分属性。
SAM002496,PRG002121,ASM000013,AREA000024,2026,SRC000241,2026-10-03,2026年第108回選手権の都府県単位代表区分に所属。大会不参加校を含む加盟校マスター上の代表区分属性。
SAM002497,PRG002122,ASM000030,AREA000041,2026,SRC000241,2026-10-03,2026年第108回選手権の都府県単位代表区分に所属。大会不参加校を含む加盟校マスター上の代表区分属性。
SAM002498,PRG002123,ASM000030,AREA000041,2026,SRC000241,2026-10-03,2026年第108回選手権の都府県単位代表区分に所属。大会不参加校を含む加盟校マスター上の代表区分属性。
SAM002499,PRG002124,ASM000030,AREA000041,2026,SRC000241,2026-10-03,2026年第108回選手権の都府県単位代表区分に所属。大会不参加校を含む加盟校マスター上の代表区分属性。
SAM002500,PRG002125,ASM000030,AREA000041,2026,SRC000241,2026-10-03,2026年第108回選手権の都府県単位代表区分に所属。大会不参加校を含む加盟校マスター上の代表区分属性。
SAM002501,PRG002126,ASM000030,AREA000041,2026,SRC000241,2026-10-03,2026年第108回選手権の都府県単位代表区分に所属。大会不参加校を含む加盟校マスター上の代表区分属性。
SAM002502,PRG002127,ASM000030,AREA000041,2026,SRC000241,2026-10-03,2026年第108回選手権の都府県単位代表区分に所属。大会不参加校を含む加盟校マスター上の代表区分属性。
SAM002503,PRG002128,ASM000030,AREA000041,2026,SRC000241,2026-10-03,2026年第108回選手権の都府県単位代表区分に所属。大会不参加校を含む加盟校マスター上の代表区分属性。
SAM002504,PRG002129,ASM000030,AREA000041,2026,SRC000241,2026-10-03,2026年第108回選手権の都府県単位代表区分に所属。大会不参加校を含む加盟校マスター上の代表区分属性。
SAM002505,PRG002130,ASM000030,AREA000041,2026,SRC000241,2026-10-03,2026年第108回選手権の都府県単位代表区分に所属。大会不参加校を含む加盟校マスター上の代表区分属性。
SAM002506,PRG002131,ASM000030,AREA000041,2026,SRC000241,2026-10-03,2026年第108回選手権の都府県単位代表区分に所属。大会不参加校を含む加盟校マスター上の代表区分属性。
SAM002507,PRG002132,ASM000030,AREA000041,2026,SRC000241,2026-10-03,2026年第108回選手権の都府県単位代表区分に所属。大会不参加校を含む加盟校マスター上の代表区分属性。
SAM002508,PRG002133,ASM000030,AREA000041,2026,SRC000241,2026-10-03,2026年第108回選手権の都府県単位代表区分に所属。大会不参加校を含む加盟校マスター上の代表区分属性。
SAM002509,PRG002134,ASM000030,AREA000041,2026,SRC000241,2026-10-03,2026年第108回選手権の都府県単位代表区分に所属。大会不参加校を含む加盟校マスター上の代表区分属性。
SAM002510,PRG002135,ASM000030,AREA000041,2026,SRC000241,2026-10-03,2026年第108回選手権の都府県単位代表区分に所属。大会不参加校を含む加盟校マスター上の代表区分属性。
SAM002511,PRG002136,ASM000030,AREA000041,2026,SRC000241,2026-10-03,2026年第108回選手権の都府県単位代表区分に所属。大会不参加校を含む加盟校マスター上の代表区分属性。
SAM002512,PRG002137,ASM000030,AREA000041,2026,SRC000241,2026-10-03,2026年第108回選手権の都府県単位代表区分に所属。大会不参加校を含む加盟校マスター上の代表区分属性。
SAM002513,PRG002138,ASM000030,AREA000041,2026,SRC000241,2026-10-03,2026年第108回選手権の都府県単位代表区分に所属。大会不参加校を含む加盟校マスター上の代表区分属性。
SAM002514,PRG002139,ASM000030,AREA000041,2026,SRC000241,2026-10-03,2026年第108回選手権の都府県単位代表区分に所属。大会不参加校を含む加盟校マスター上の代表区分属性。
SAM002515,PRG002140,ASM000030,AREA000041,2026,SRC000241,2026-10-03,2026年第108回選手権の都府県単位代表区分に所属。大会不参加校を含む加盟校マスター上の代表区分属性。
SAM002516,PRG002141,ASM000030,AREA000041,2026,SRC000241,2026-10-03,2026年第108回選手権の都府県単位代表区分に所属。大会不参加校を含む加盟校マスター上の代表区分属性。
SAM002517,PRG002142,ASM000030,AREA000041,2026,SRC000241,2026-10-03,2026年第108回選手権の都府県単位代表区分に所属。大会不参加校を含む加盟校マスター上の代表区分属性。
SAM002518,PRG002143,ASM000030,AREA000041,2026,SRC000241,2026-10-03,2026年第108回選手権の都府県単位代表区分に所属。大会不参加校を含む加盟校マスター上の代表区分属性。
SAM002519,PRG002144,ASM000030,AREA000041,2026,SRC000241,2026-10-03,2026年第108回選手権の都府県単位代表区分に所属。大会不参加校を含む加盟校マスター上の代表区分属性。
SAM002520,PRG002145,ASM000030,AREA000041,2026,SRC000241,2026-10-03,2026年第108回選手権の都府県単位代表区分に所属。大会不参加校を含む加盟校マスター上の代表区分属性。
SAM002521,PRG002146,ASM000030,AREA000041,2026,SRC000241,2026-10-03,2026年第108回選手権の都府県単位代表区分に所属。大会不参加校を含む加盟校マスター上の代表区分属性。
SAM002522,PRG002147,ASM000030,AREA000041,2026,SRC000241,2026-10-03,2026年第108回選手権の都府県単位代表区分に所属。大会不参加校を含む加盟校マスター上の代表区分属性。
SAM002523,PRG002148,ASM000030,AREA000041,2026,SRC000241,2026-10-03,2026年第108回選手権の都府県単位代表区分に所属。大会不参加校を含む加盟校マスター上の代表区分属性。
SAM002524,PRG002149,ASM000030,AREA000041,2026,SRC000241,2026-10-03,2026年第108回選手権の都府県単位代表区分に所属。大会不参加校を含む加盟校マスター上の代表区分属性。
SAM002525,PRG002150,ASM000030,AREA000041,2026,SRC000241,2026-10-03,2026年第108回選手権の都府県単位代表区分に所属。大会不参加校を含む加盟校マスター上の代表区分属性。
SAM002526,PRG002151,ASM000030,AREA000041,2026,SRC000241,2026-10-03,2026年第108回選手権の都府県単位代表区分に所属。大会不参加校を含む加盟校マスター上の代表区分属性。
SAM002527,PRG002152,ASM000030,AREA000041,2026,SRC000241,2026-10-03,2026年第108回選手権の都府県単位代表区分に所属。大会不参加校を含む加盟校マスター上の代表区分属性。
SAM002528,PRG002153,ASM000030,AREA000041,2026,SRC000241,2026-10-03,2026年第108回選手権の都府県単位代表区分に所属。大会不参加校を含む加盟校マスター上の代表区分属性。
SAM002529,PRG002154,ASM000030,AREA000041,2026,SRC000241,2026-10-03,2026年第108回選手権の都府県単位代表区分に所属。大会不参加校を含む加盟校マスター上の代表区分属性。
SAM002530,PRG002155,ASM000030,AREA000041,2026,SRC000241,2026-10-03,2026年第108回選手権の都府県単位代表区分に所属。大会不参加校を含む加盟校マスター上の代表区分属性。
SAM002531,PRG002156,ASM000030,AREA000041,2026,SRC000241,2026-10-03,2026年第108回選手権の都府県単位代表区分に所属。大会不参加校を含む加盟校マスター上の代表区分属性。
SAM002532,PRG002157,ASM000030,AREA000041,2026,SRC000241,2026-10-03,2026年第108回選手権の都府県単位代表区分に所属。大会不参加校を含む加盟校マスター上の代表区分属性。
SAM002533,PRG002158,ASM000030,AREA000041,2026,SRC000241,2026-10-03,2026年第108回選手権の都府県単位代表区分に所属。大会不参加校を含む加盟校マスター上の代表区分属性。
SAM002534,PRG002159,ASM000030,AREA000041,2026,SRC000241,2026-10-03,2026年第108回選手権の都府県単位代表区分に所属。大会不参加校を含む加盟校マスター上の代表区分属性。
SAM002535,PRG002160,ASM000030,AREA000041,2026,SRC000241,2026-10-03,2026年第108回選手権の都府県単位代表区分に所属。大会不参加校を含む加盟校マスター上の代表区分属性。
SAM002536,PRG002161,ASM000044,AREA000055,2026,SRC000241,2026-10-03,2026年第108回選手権の都府県単位代表区分に所属。大会不参加校を含む加盟校マスター上の代表区分属性。
SAM002537,PRG002162,ASM000044,AREA000055,2026,SRC000241,2026-10-03,2026年第108回選手権の都府県単位代表区分に所属。大会不参加校を含む加盟校マスター上の代表区分属性。
SAM002538,PRG002163,ASM000044,AREA000055,2026,SRC000241,2026-10-03,2026年第108回選手権の都府県単位代表区分に所属。大会不参加校を含む加盟校マスター上の代表区分属性。
SAM002539,PRG002164,ASM000044,AREA000055,2026,SRC000241,2026-10-03,2026年第108回選手権の都府県単位代表区分に所属。大会不参加校を含む加盟校マスター上の代表区分属性。
SAM002540,PRG002165,ASM000044,AREA000055,2026,SRC000241,2026-10-03,2026年第108回選手権の都府県単位代表区分に所属。大会不参加校を含む加盟校マスター上の代表区分属性。
SAM002541,PRG002166,ASM000044,AREA000055,2026,SRC000241,2026-10-03,2026年第108回選手権の都府県単位代表区分に所属。大会不参加校を含む加盟校マスター上の代表区分属性。
SAM002542,PRG002167,ASM000044,AREA000055,2026,SRC000241,2026-10-03,2026年第108回選手権の都府県単位代表区分に所属。大会不参加校を含む加盟校マスター上の代表区分属性。
SAM002543,PRG002168,ASM000044,AREA000055,2026,SRC000241,2026-10-03,2026年第108回選手権の都府県単位代表区分に所属。大会不参加校を含む加盟校マスター上の代表区分属性。
SAM002544,PRG002169,ASM000044,AREA000055,2026,SRC000241,2026-10-03,2026年第108回選手権の都府県単位代表区分に所属。大会不参加校を含む加盟校マスター上の代表区分属性。
SAM002545,PRG002170,ASM000044,AREA000055,2026,SRC000241,2026-10-03,2026年第108回選手権の都府県単位代表区分に所属。大会不参加校を含む加盟校マスター上の代表区分属性。
SAM002546,PRG002171,ASM000044,AREA000055,2026,SRC000241,2026-10-03,2026年第108回選手権の都府県単位代表区分に所属。大会不参加校を含む加盟校マスター上の代表区分属性。
SAM002547,PRG002172,ASM000044,AREA000055,2026,SRC000241,2026-10-03,2026年第108回選手権の都府県単位代表区分に所属。大会不参加校を含む加盟校マスター上の代表区分属性。
SAM002548,PRG002173,ASM000044,AREA000055,2026,SRC000241,2026-10-03,2026年第108回選手権の都府県単位代表区分に所属。大会不参加校を含む加盟校マスター上の代表区分属性。
SAM002549,PRG002174,ASM000044,AREA000055,2026,SRC000241,2026-10-03,2026年第108回選手権の都府県単位代表区分に所属。大会不参加校を含む加盟校マスター上の代表区分属性。
SAM002550,PRG002175,ASM000044,AREA000055,2026,SRC000241,2026-10-03,2026年第108回選手権の都府県単位代表区分に所属。大会不参加校を含む加盟校マスター上の代表区分属性。
SAM002551,PRG002176,ASM000044,AREA000055,2026,SRC000241,2026-10-03,2026年第108回選手権の都府県単位代表区分に所属。大会不参加校を含む加盟校マスター上の代表区分属性。
SAM002552,PRG002177,ASM000044,AREA000055,2026,SRC000241,2026-10-03,2026年第108回選手権の都府県単位代表区分に所属。大会不参加校を含む加盟校マスター上の代表区分属性。
SAM002553,PRG002178,ASM000044,AREA000055,2026,SRC000241,2026-10-03,2026年第108回選手権の都府県単位代表区分に所属。大会不参加校を含む加盟校マスター上の代表区分属性。
SAM002554,PRG002179,ASM000044,AREA000055,2026,SRC000241,2026-10-03,2026年第108回選手権の都府県単位代表区分に所属。大会不参加校を含む加盟校マスター上の代表区分属性。
SAM002555,PRG002180,ASM000044,AREA000055,2026,SRC000241,2026-10-03,2026年第108回選手権の都府県単位代表区分に所属。大会不参加校を含む加盟校マスター上の代表区分属性。
SAM002556,PRG002181,ASM000044,AREA000055,2026,SRC000241,2026-10-03,2026年第108回選手権の都府県単位代表区分に所属。大会不参加校を含む加盟校マスター上の代表区分属性。
SAM002557,PRG002182,ASM000044,AREA000055,2026,SRC000241,2026-10-03,2026年第108回選手権の都府県単位代表区分に所属。大会不参加校を含む加盟校マスター上の代表区分属性。
SAM002558,PRG002183,ASM000044,AREA000055,2026,SRC000241,2026-10-03,2026年第108回選手権の都府県単位代表区分に所属。大会不参加校を含む加盟校マスター上の代表区分属性。
SAM002559,PRG002184,ASM000044,AREA000055,2026,SRC000241,2026-10-03,2026年第108回選手権の都府県単位代表区分に所属。大会不参加校を含む加盟校マスター上の代表区分属性。
SAM002560,PRG002185,ASM000044,AREA000055,2026,SRC000241,2026-10-03,2026年第108回選手権の都府県単位代表区分に所属。大会不参加校を含む加盟校マスター上の代表区分属性。
SAM002561,PRG002186,ASM000044,AREA000055,2026,SRC000241,2026-10-03,2026年第108回選手権の都府県単位代表区分に所属。大会不参加校を含む加盟校マスター上の代表区分属性。
SAM002562,PRG002187,ASM000044,AREA000055,2026,SRC000241,2026-10-03,2026年第108回選手権の都府県単位代表区分に所属。大会不参加校を含む加盟校マスター上の代表区分属性。
SAM002563,PRG002188,ASM000044,AREA000055,2026,SRC000241,2026-10-03,2026年第108回選手権の都府県単位代表区分に所属。大会不参加校を含む加盟校マスター上の代表区分属性。
SAM002564,PRG002189,ASM000044,AREA000055,2026,SRC000241,2026-10-03,2026年第108回選手権の都府県単位代表区分に所属。大会不参加校を含む加盟校マスター上の代表区分属性。
SAM002565,PRG002190,ASM000044,AREA000055,2026,SRC000241,2026-10-03,2026年第108回選手権の都府県単位代表区分に所属。大会不参加校を含む加盟校マスター上の代表区分属性。
SAM002566,PRG002191,ASM000044,AREA000055,2026,SRC000241,2026-10-03,2026年第108回選手権の都府県単位代表区分に所属。大会不参加校を含む加盟校マスター上の代表区分属性。
SAM002567,PRG002192,ASM000044,AREA000055,2026,SRC000241,2026-10-03,2026年第108回選手権の都府県単位代表区分に所属。大会不参加校を含む加盟校マスター上の代表区分属性。
SAM002568,PRG002193,ASM000044,AREA000055,2026,SRC000241,2026-10-03,2026年第108回選手権の都府県単位代表区分に所属。大会不参加校を含む加盟校マスター上の代表区分属性。
SAM002569,PRG002194,ASM000044,AREA000055,2026,SRC000241,2026-10-03,2026年第108回選手権の都府県単位代表区分に所属。大会不参加校を含む加盟校マスター上の代表区分属性。
SAM002570,PRG002195,ASM000044,AREA000055,2026,SRC000241,2026-10-03,2026年第108回選手権の都府県単位代表区分に所属。大会不参加校を含む加盟校マスター上の代表区分属性。
SAM002571,PRG002196,ASM000044,AREA000055,2026,SRC000241,2026-10-03,2026年第108回選手権の都府県単位代表区分に所属。大会不参加校を含む加盟校マスター上の代表区分属性。
SAM002572,PRG002197,ASM000044,AREA000055,2026,SRC000241,2026-10-03,2026年第108回選手権の都府県単位代表区分に所属。大会不参加校を含む加盟校マスター上の代表区分属性。
SAM002573,PRG002198,ASM000044,AREA000055,2026,SRC000241,2026-10-03,2026年第108回選手権の都府県単位代表区分に所属。大会不参加校を含む加盟校マスター上の代表区分属性。
SAM002574,PRG002199,ASM000044,AREA000055,2026,SRC000241,2026-10-03,2026年第108回選手権の都府県単位代表区分に所属。大会不参加校を含む加盟校マスター上の代表区分属性。
SAM002575,PRG002200,ASM000044,AREA000055,2026,SRC000241,2026-10-03,2026年第108回選手権の都府県単位代表区分に所属。大会不参加校を含む加盟校マスター上の代表区分属性。
SAM002576,PRG002201,ASM000044,AREA000055,2026,SRC000241,2026-10-03,2026年第108回選手権の都府県単位代表区分に所属。大会不参加校を含む加盟校マスター上の代表区分属性。
SAM002577,PRG002202,ASM000044,AREA000055,2026,SRC000241,2026-10-03,2026年第108回選手権の都府県単位代表区分に所属。大会不参加校を含む加盟校マスター上の代表区分属性。
SAM002578,PRG002203,ASM000044,AREA000055,2026,SRC000241,2026-10-03,2026年第108回選手権の都府県単位代表区分に所属。大会不参加校を含む加盟校マスター上の代表区分属性。
SAM002579,PRG002204,ASM000044,AREA000055,2026,SRC000241,2026-10-03,2026年第108回選手権の都府県単位代表区分に所属。大会不参加校を含む加盟校マスター上の代表区分属性。
SAM002580,PRG002205,ASM000044,AREA000055,2026,SRC000241,2026-10-03,2026年第108回選手権の都府県単位代表区分に所属。大会不参加校を含む加盟校マスター上の代表区分属性。
SAM002581,PRG002206,ASM000044,AREA000055,2026,SRC000241,2026-10-03,2026年第108回選手権の都府県単位代表区分に所属。大会不参加校を含む加盟校マスター上の代表区分属性。
SAM002582,PRG002207,ASM000044,AREA000055,2026,SRC000241,2026-10-03,2026年第108回選手権の都府県単位代表区分に所属。大会不参加校を含む加盟校マスター上の代表区分属性。
SAM002583,PRG002208,ASM000044,AREA000055,2026,SRC000241,2026-10-03,2026年第108回選手権の都府県単位代表区分に所属。大会不参加校を含む加盟校マスター上の代表区分属性。
SAM002584,PRG002209,ASM000044,AREA000055,2026,SRC000241,2026-10-03,2026年第108回選手権の都府県単位代表区分に所属。大会不参加校を含む加盟校マスター上の代表区分属性。
SAM002585,PRG002210,ASM000044,AREA000055,2026,SRC000241,2026-10-03,2026年第108回選手権の都府県単位代表区分に所属。大会不参加校を含む加盟校マスター上の代表区分属性。
SAM002586,PRG002211,ASM000044,AREA000055,2026,SRC000241,2026-10-03,2026年第108回選手権の都府県単位代表区分に所属。大会不参加校を含む加盟校マスター上の代表区分属性。
SAM002587,PRG002212,ASM000044,AREA000055,2026,SRC000241,2026-10-03,2026年第108回選手権の都府県単位代表区分に所属。大会不参加校を含む加盟校マスター上の代表区分属性。
SAM002588,PRG002213,ASM000044,AREA000055,2026,SRC000241,2026-10-03,2026年第108回選手権の都府県単位代表区分に所属。大会不参加校を含む加盟校マスター上の代表区分属性。
SAM002589,PRG002214,ASM000044,AREA000055,2026,SRC000241,2026-10-03,2026年第108回選手権の都府県単位代表区分に所属。大会不参加校を含む加盟校マスター上の代表区分属性。
SAM002590,PRG002215,ASM000044,AREA000055,2026,SRC000241,2026-10-03,2026年第108回選手権の都府県単位代表区分に所属。大会不参加校を含む加盟校マスター上の代表区分属性。
SAM002591,PRG002216,ASM000044,AREA000055,2026,SRC000241,2026-10-03,2026年第108回選手権の都府県単位代表区分に所属。大会不参加校を含む加盟校マスター上の代表区分属性。
SAM002592,PRG002217,ASM000044,AREA000055,2026,SRC000241,2026-10-03,2026年第108回選手権の都府県単位代表区分に所属。大会不参加校を含む加盟校マスター上の代表区分属性。
SAM002593,PRG002218,ASM000044,AREA000055,2026,SRC000241,2026-10-03,2026年第108回選手権の都府県単位代表区分に所属。大会不参加校を含む加盟校マスター上の代表区分属性。
SAM002594,PRG002219,ASM000044,AREA000055,2026,SRC000241,2026-10-03,2026年第108回選手権の都府県単位代表区分に所属。大会不参加校を含む加盟校マスター上の代表区分属性。
SAM002595,PRG002220,ASM000008,AREA000019,2026,SRC000241,2026-10-03,2026年第108回選手権の都府県単位代表区分に所属。大会不参加校を含む加盟校マスター上の代表区分属性。
SAM002596,PRG002221,ASM000008,AREA000019,2026,SRC000241,2026-10-03,2026年第108回選手権の都府県単位代表区分に所属。大会不参加校を含む加盟校マスター上の代表区分属性。
SAM002597,PRG002222,ASM000008,AREA000019,2026,SRC000241,2026-10-03,2026年第108回選手権の都府県単位代表区分に所属。大会不参加校を含む加盟校マスター上の代表区分属性。
SAM002598,PRG002223,ASM000008,AREA000019,2026,SRC000241,2026-10-03,2026年第108回選手権の都府県単位代表区分に所属。大会不参加校を含む加盟校マスター上の代表区分属性。
SAM002599,PRG002224,ASM000008,AREA000019,2026,SRC000241,2026-10-03,2026年第108回選手権の都府県単位代表区分に所属。大会不参加校を含む加盟校マスター上の代表区分属性。
SAM002600,PRG002225,ASM000008,AREA000019,2026,SRC000241,2026-10-03,2026年第108回選手権の都府県単位代表区分に所属。大会不参加校を含む加盟校マスター上の代表区分属性。
SAM002601,PRG002226,ASM000008,AREA000019,2026,SRC000241,2026-10-03,2026年第108回選手権の都府県単位代表区分に所属。大会不参加校を含む加盟校マスター上の代表区分属性。
SAM002602,PRG002227,ASM000008,AREA000019,2026,SRC000241,2026-10-03,2026年第108回選手権の都府県単位代表区分に所属。大会不参加校を含む加盟校マスター上の代表区分属性。
SAM002603,PRG002228,ASM000008,AREA000019,2026,SRC000241,2026-10-03,2026年第108回選手権の都府県単位代表区分に所属。大会不参加校を含む加盟校マスター上の代表区分属性。
SAM002604,PRG002229,ASM000008,AREA000019,2026,SRC000241,2026-10-03,2026年第108回選手権の都府県単位代表区分に所属。大会不参加校を含む加盟校マスター上の代表区分属性。
SAM002605,PRG002230,ASM000008,AREA000019,2026,SRC000241,2026-10-03,2026年第108回選手権の都府県単位代表区分に所属。大会不参加校を含む加盟校マスター上の代表区分属性。
SAM002606,PRG002231,ASM000008,AREA000019,2026,SRC000241,2026-10-03,2026年第108回選手権の都府県単位代表区分に所属。大会不参加校を含む加盟校マスター上の代表区分属性。
SAM002607,PRG002232,ASM000008,AREA000019,2026,SRC000241,2026-10-03,2026年第108回選手権の都府県単位代表区分に所属。大会不参加校を含む加盟校マスター上の代表区分属性。
SAM002608,PRG002233,ASM000008,AREA000019,2026,SRC000241,2026-10-03,2026年第108回選手権の都府県単位代表区分に所属。大会不参加校を含む加盟校マスター上の代表区分属性。
SAM002609,PRG002234,ASM000008,AREA000019,2026,SRC000241,2026-10-03,2026年第108回選手権の都府県単位代表区分に所属。大会不参加校を含む加盟校マスター上の代表区分属性。
SAM002610,PRG002235,ASM000008,AREA000019,2026,SRC000241,2026-10-03,2026年第108回選手権の都府県単位代表区分に所属。大会不参加校を含む加盟校マスター上の代表区分属性。
SAM002611,PRG002236,ASM000008,AREA000019,2026,SRC000241,2026-10-03,2026年第108回選手権の都府県単位代表区分に所属。大会不参加校を含む加盟校マスター上の代表区分属性。
SAM002612,PRG002237,ASM000008,AREA000019,2026,SRC000241,2026-10-03,2026年第108回選手権の都府県単位代表区分に所属。大会不参加校を含む加盟校マスター上の代表区分属性。
SAM002613,PRG002238,ASM000008,AREA000019,2026,SRC000241,2026-10-03,2026年第108回選手権の都府県単位代表区分に所属。大会不参加校を含む加盟校マスター上の代表区分属性。
SAM002614,PRG002239,ASM000008,AREA000019,2026,SRC000241,2026-10-03,2026年第108回選手権の都府県単位代表区分に所属。大会不参加校を含む加盟校マスター上の代表区分属性。
SAM002615,PRG002240,ASM000008,AREA000019,2026,SRC000241,2026-10-03,2026年第108回選手権の都府県単位代表区分に所属。大会不参加校を含む加盟校マスター上の代表区分属性。
SAM002616,PRG002241,ASM000008,AREA000019,2026,SRC000241,2026-10-03,2026年第108回選手権の都府県単位代表区分に所属。大会不参加校を含む加盟校マスター上の代表区分属性。
SAM002617,PRG002242,ASM000008,AREA000019,2026,SRC000241,2026-10-03,2026年第108回選手権の都府県単位代表区分に所属。大会不参加校を含む加盟校マスター上の代表区分属性。
SAM002618,PRG002243,ASM000008,AREA000019,2026,SRC000241,2026-10-03,2026年第108回選手権の都府県単位代表区分に所属。大会不参加校を含む加盟校マスター上の代表区分属性。
SAM002619,PRG002244,ASM000008,AREA000019,2026,SRC000241,2026-10-03,2026年第108回選手権の都府県単位代表区分に所属。大会不参加校を含む加盟校マスター上の代表区分属性。
SAM002620,PRG002245,ASM000008,AREA000019,2026,SRC000241,2026-10-03,2026年第108回選手権の都府県単位代表区分に所属。大会不参加校を含む加盟校マスター上の代表区分属性。
SAM002621,PRG002246,ASM000008,AREA000019,2026,SRC000241,2026-10-03,2026年第108回選手権の都府県単位代表区分に所属。大会不参加校を含む加盟校マスター上の代表区分属性。
SAM002622,PRG002247,ASM000008,AREA000019,2026,SRC000241,2026-10-03,2026年第108回選手権の都府県単位代表区分に所属。大会不参加校を含む加盟校マスター上の代表区分属性。
SAM002623,PRG002248,ASM000008,AREA000019,2026,SRC000241,2026-10-03,2026年第108回選手権の都府県単位代表区分に所属。大会不参加校を含む加盟校マスター上の代表区分属性。
SAM002624,PRG002249,ASM000008,AREA000019,2026,SRC000241,2026-10-03,2026年第108回選手権の都府県単位代表区分に所属。大会不参加校を含む加盟校マスター上の代表区分属性。
SAM002625,PRG002250,ASM000008,AREA000019,2026,SRC000241,2026-10-03,2026年第108回選手権の都府県単位代表区分に所属。大会不参加校を含む加盟校マスター上の代表区分属性。
SAM002626,PRG002251,ASM000008,AREA000019,2026,SRC000241,2026-10-03,2026年第108回選手権の都府県単位代表区分に所属。大会不参加校を含む加盟校マスター上の代表区分属性。
SAM002627,PRG002252,ASM000008,AREA000019,2026,SRC000241,2026-10-03,2026年第108回選手権の都府県単位代表区分に所属。大会不参加校を含む加盟校マスター上の代表区分属性。
SAM002628,PRG002253,ASM000008,AREA000019,2026,SRC000241,2026-10-03,2026年第108回選手権の都府県単位代表区分に所属。大会不参加校を含む加盟校マスター上の代表区分属性。
SAM002629,PRG002254,ASM000008,AREA000019,2026,SRC000241,2026-10-03,2026年第108回選手権の都府県単位代表区分に所属。大会不参加校を含む加盟校マスター上の代表区分属性。
SAM002630,PRG002255,ASM000008,AREA000019,2026,SRC000241,2026-10-03,2026年第108回選手権の都府県単位代表区分に所属。大会不参加校を含む加盟校マスター上の代表区分属性。
SAM002631,PRG002256,ASM000008,AREA000019,2026,SRC000241,2026-10-03,2026年第108回選手権の都府県単位代表区分に所属。大会不参加校を含む加盟校マスター上の代表区分属性。
SAM002632,PRG002257,ASM000008,AREA000019,2026,SRC000241,2026-10-03,2026年第108回選手権の都府県単位代表区分に所属。大会不参加校を含む加盟校マスター上の代表区分属性。
SAM002633,PRG002258,ASM000008,AREA000019,2026,SRC000241,2026-10-03,2026年第108回選手権の都府県単位代表区分に所属。大会不参加校を含む加盟校マスター上の代表区分属性。
SAM002634,PRG002259,ASM000008,AREA000019,2026,SRC000241,2026-10-03,2026年第108回選手権の都府県単位代表区分に所属。大会不参加校を含む加盟校マスター上の代表区分属性。
SAM002635,PRG002260,ASM000008,AREA000019,2026,SRC000241,2026-10-03,2026年第108回選手権の都府県単位代表区分に所属。大会不参加校を含む加盟校マスター上の代表区分属性。
SAM002636,PRG002261,ASM000008,AREA000019,2026,SRC000241,2026-10-03,2026年第108回選手権の都府県単位代表区分に所属。大会不参加校を含む加盟校マスター上の代表区分属性。
SAM002637,PRG002262,ASM000019,AREA000030,2026,SRC000241,2026-10-03,2026年第108回選手権の都府県単位代表区分に所属。大会不参加校を含む加盟校マスター上の代表区分属性。
SAM002638,PRG002263,ASM000019,AREA000030,2026,SRC000241,2026-10-03,2026年第108回選手権の都府県単位代表区分に所属。大会不参加校を含む加盟校マスター上の代表区分属性。
SAM002639,PRG002264,ASM000019,AREA000030,2026,SRC000241,2026-10-03,2026年第108回選手権の都府県単位代表区分に所属。大会不参加校を含む加盟校マスター上の代表区分属性。
SAM002640,PRG002265,ASM000019,AREA000030,2026,SRC000241,2026-10-03,2026年第108回選手権の都府県単位代表区分に所属。大会不参加校を含む加盟校マスター上の代表区分属性。
SAM002641,PRG002266,ASM000019,AREA000030,2026,SRC000241,2026-10-03,2026年第108回選手権の都府県単位代表区分に所属。大会不参加校を含む加盟校マスター上の代表区分属性。
SAM002642,PRG002267,ASM000019,AREA000030,2026,SRC000241,2026-10-03,2026年第108回選手権の都府県単位代表区分に所属。大会不参加校を含む加盟校マスター上の代表区分属性。
SAM002643,PRG002268,ASM000019,AREA000030,2026,SRC000241,2026-10-03,2026年第108回選手権の都府県単位代表区分に所属。大会不参加校を含む加盟校マスター上の代表区分属性。
SAM002644,PRG002269,ASM000019,AREA000030,2026,SRC000241,2026-10-03,2026年第108回選手権の都府県単位代表区分に所属。大会不参加校を含む加盟校マスター上の代表区分属性。
SAM002645,PRG002270,ASM000019,AREA000030,2026,SRC000241,2026-10-03,2026年第108回選手権の都府県単位代表区分に所属。大会不参加校を含む加盟校マスター上の代表区分属性。
SAM002646,PRG002271,ASM000019,AREA000030,2026,SRC000241,2026-10-03,2026年第108回選手権の都府県単位代表区分に所属。大会不参加校を含む加盟校マスター上の代表区分属性。
SAM002647,PRG002272,ASM000019,AREA000030,2026,SRC000241,2026-10-03,2026年第108回選手権の都府県単位代表区分に所属。大会不参加校を含む加盟校マスター上の代表区分属性。
SAM002648,PRG002273,ASM000019,AREA000030,2026,SRC000241,2026-10-03,2026年第108回選手権の都府県単位代表区分に所属。大会不参加校を含む加盟校マスター上の代表区分属性。
SAM002649,PRG002274,ASM000019,AREA000030,2026,SRC000241,2026-10-03,2026年第108回選手権の都府県単位代表区分に所属。大会不参加校を含む加盟校マスター上の代表区分属性。
SAM002650,PRG002275,ASM000019,AREA000030,2026,SRC000241,2026-10-03,2026年第108回選手権の都府県単位代表区分に所属。大会不参加校を含む加盟校マスター上の代表区分属性。
SAM002651,PRG002276,ASM000019,AREA000030,2026,SRC000241,2026-10-03,2026年第108回選手権の都府県単位代表区分に所属。大会不参加校を含む加盟校マスター上の代表区分属性。
SAM002652,PRG002277,ASM000019,AREA000030,2026,SRC000241,2026-10-03,2026年第108回選手権の都府県単位代表区分に所属。大会不参加校を含む加盟校マスター上の代表区分属性。
SAM002653,PRG002278,ASM000019,AREA000030,2026,SRC000241,2026-10-03,2026年第108回選手権の都府県単位代表区分に所属。大会不参加校を含む加盟校マスター上の代表区分属性。
SAM002654,PRG002279,ASM000019,AREA000030,2026,SRC000241,2026-10-03,2026年第108回選手権の都府県単位代表区分に所属。大会不参加校を含む加盟校マスター上の代表区分属性。
SAM002655,PRG002280,ASM000019,AREA000030,2026,SRC000241,2026-10-03,2026年第108回選手権の都府県単位代表区分に所属。大会不参加校を含む加盟校マスター上の代表区分属性。
SAM002656,PRG002281,ASM000019,AREA000030,2026,SRC000241,2026-10-03,2026年第108回選手権の都府県単位代表区分に所属。大会不参加校を含む加盟校マスター上の代表区分属性。
SAM002657,PRG002282,ASM000019,AREA000030,2026,SRC000241,2026-10-03,2026年第108回選手権の都府県単位代表区分に所属。大会不参加校を含む加盟校マスター上の代表区分属性。
SAM002658,PRG002283,ASM000019,AREA000030,2026,SRC000241,2026-10-03,2026年第108回選手権の都府県単位代表区分に所属。大会不参加校を含む加盟校マスター上の代表区分属性。
SAM002659,PRG002284,ASM000019,AREA000030,2026,SRC000241,2026-10-03,2026年第108回選手権の都府県単位代表区分に所属。大会不参加校を含む加盟校マスター上の代表区分属性。
SAM002660,PRG002285,ASM000019,AREA000030,2026,SRC000241,2026-10-03,2026年第108回選手権の都府県単位代表区分に所属。大会不参加校を含む加盟校マスター上の代表区分属性。
SAM002661,PRG002286,ASM000019,AREA000030,2026,SRC000241,2026-10-03,2026年第108回選手権の都府県単位代表区分に所属。大会不参加校を含む加盟校マスター上の代表区分属性。
SAM002662,PRG002287,ASM000019,AREA000030,2026,SRC000241,2026-10-03,2026年第108回選手権の都府県単位代表区分に所属。大会不参加校を含む加盟校マスター上の代表区分属性。
SAM002663,PRG002288,ASM000019,AREA000030,2026,SRC000241,2026-10-03,2026年第108回選手権の都府県単位代表区分に所属。大会不参加校を含む加盟校マスター上の代表区分属性。
SAM002664,PRG002289,ASM000019,AREA000030,2026,SRC000241,2026-10-03,2026年第108回選手権の都府県単位代表区分に所属。大会不参加校を含む加盟校マスター上の代表区分属性。
SAM002665,PRG002290,ASM000038,AREA000049,2026,SRC000241,2026-10-03,2026年第108回選手権の都府県単位代表区分に所属。大会不参加校を含む加盟校マスター上の代表区分属性。
SAM002666,PRG002291,ASM000038,AREA000049,2026,SRC000241,2026-10-03,2026年第108回選手権の都府県単位代表区分に所属。大会不参加校を含む加盟校マスター上の代表区分属性。
SAM002667,PRG002292,ASM000038,AREA000049,2026,SRC000241,2026-10-03,2026年第108回選手権の都府県単位代表区分に所属。大会不参加校を含む加盟校マスター上の代表区分属性。
SAM002668,PRG002293,ASM000038,AREA000049,2026,SRC000241,2026-10-03,2026年第108回選手権の都府県単位代表区分に所属。大会不参加校を含む加盟校マスター上の代表区分属性。
SAM002669,PRG002294,ASM000038,AREA000049,2026,SRC000241,2026-10-03,2026年第108回選手権の都府県単位代表区分に所属。大会不参加校を含む加盟校マスター上の代表区分属性。
SAM002670,PRG002295,ASM000038,AREA000049,2026,SRC000241,2026-10-03,2026年第108回選手権の都府県単位代表区分に所属。大会不参加校を含む加盟校マスター上の代表区分属性。
SAM002671,PRG002296,ASM000038,AREA000049,2026,SRC000241,2026-10-03,2026年第108回選手権の都府県単位代表区分に所属。大会不参加校を含む加盟校マスター上の代表区分属性。
SAM002672,PRG002297,ASM000038,AREA000049,2026,SRC000241,2026-10-03,2026年第108回選手権の都府県単位代表区分に所属。大会不参加校を含む加盟校マスター上の代表区分属性。
SAM002673,PRG002298,ASM000038,AREA000049,2026,SRC000241,2026-10-03,2026年第108回選手権の都府県単位代表区分に所属。大会不参加校を含む加盟校マスター上の代表区分属性。
SAM002674,PRG002299,ASM000038,AREA000049,2026,SRC000241,2026-10-03,2026年第108回選手権の都府県単位代表区分に所属。大会不参加校を含む加盟校マスター上の代表区分属性。
SAM002675,PRG002300,ASM000038,AREA000049,2026,SRC000241,2026-10-03,2026年第108回選手権の都府県単位代表区分に所属。大会不参加校を含む加盟校マスター上の代表区分属性。
SAM002676,PRG002301,ASM000038,AREA000049,2026,SRC000241,2026-10-03,2026年第108回選手権の都府県単位代表区分に所属。大会不参加校を含む加盟校マスター上の代表区分属性。
SAM002677,PRG002302,ASM000038,AREA000049,2026,SRC000241,2026-10-03,2026年第108回選手権の都府県単位代表区分に所属。大会不参加校を含む加盟校マスター上の代表区分属性。
SAM002678,PRG002303,ASM000038,AREA000049,2026,SRC000241,2026-10-03,2026年第108回選手権の都府県単位代表区分に所属。大会不参加校を含む加盟校マスター上の代表区分属性。
SAM002679,PRG002304,ASM000038,AREA000049,2026,SRC000241,2026-10-03,2026年第108回選手権の都府県単位代表区分に所属。大会不参加校を含む加盟校マスター上の代表区分属性。
SAM002680,PRG002305,ASM000038,AREA000049,2026,SRC000241,2026-10-03,2026年第108回選手権の都府県単位代表区分に所属。大会不参加校を含む加盟校マスター上の代表区分属性。
SAM002681,PRG002306,ASM000038,AREA000049,2026,SRC000241,2026-10-03,2026年第108回選手権の都府県単位代表区分に所属。大会不参加校を含む加盟校マスター上の代表区分属性。
SAM002682,PRG002307,ASM000038,AREA000049,2026,SRC000241,2026-10-03,2026年第108回選手権の都府県単位代表区分に所属。大会不参加校を含む加盟校マスター上の代表区分属性。
SAM002683,PRG002308,ASM000038,AREA000049,2026,SRC000241,2026-10-03,2026年第108回選手権の都府県単位代表区分に所属。大会不参加校を含む加盟校マスター上の代表区分属性。
SAM002684,PRG002309,ASM000038,AREA000049,2026,SRC000241,2026-10-03,2026年第108回選手権の都府県単位代表区分に所属。大会不参加校を含む加盟校マスター上の代表区分属性。
SAM002685,PRG002310,ASM000038,AREA000049,2026,SRC000241,2026-10-03,2026年第108回選手権の都府県単位代表区分に所属。大会不参加校を含む加盟校マスター上の代表区分属性。
SAM002686,PRG002311,ASM000038,AREA000049,2026,SRC000241,2026-10-03,2026年第108回選手権の都府県単位代表区分に所属。大会不参加校を含む加盟校マスター上の代表区分属性。
SAM002687,PRG002312,ASM000038,AREA000049,2026,SRC000241,2026-10-03,2026年第108回選手権の都府県単位代表区分に所属。大会不参加校を含む加盟校マスター上の代表区分属性。
SAM002688,PRG002313,ASM000038,AREA000049,2026,SRC000241,2026-10-03,2026年第108回選手権の都府県単位代表区分に所属。大会不参加校を含む加盟校マスター上の代表区分属性。
SAM002689,PRG002314,ASM000038,AREA000049,2026,SRC000241,2026-10-03,2026年第108回選手権の都府県単位代表区分に所属。大会不参加校を含む加盟校マスター上の代表区分属性。
SAM002690,PRG002315,ASM000038,AREA000049,2026,SRC000241,2026-10-03,2026年第108回選手権の都府県単位代表区分に所属。大会不参加校を含む加盟校マスター上の代表区分属性。
SAM002691,PRG002316,ASM000038,AREA000049,2026,SRC000241,2026-10-03,2026年第108回選手権の都府県単位代表区分に所属。大会不参加校を含む加盟校マスター上の代表区分属性。
SAM002692,PRG002317,ASM000038,AREA000049,2026,SRC000241,2026-10-03,2026年第108回選手権の都府県単位代表区分に所属。大会不参加校を含む加盟校マスター上の代表区分属性。
SAM002693,PRG002318,ASM000038,AREA000049,2026,SRC000241,2026-10-03,2026年第108回選手権の都府県単位代表区分に所属。大会不参加校を含む加盟校マスター上の代表区分属性。
SAM002694,PRG002319,ASM000038,AREA000049,2026,SRC000241,2026-10-03,2026年第108回選手権の都府県単位代表区分に所属。大会不参加校を含む加盟校マスター上の代表区分属性。
SAM002695,PRG002320,ASM000038,AREA000049,2026,SRC000241,2026-10-03,2026年第108回選手権の都府県単位代表区分に所属。大会不参加校を含む加盟校マスター上の代表区分属性。
SAM002696,PRG002321,ASM000038,AREA000049,2026,SRC000241,2026-10-03,2026年第108回選手権の都府県単位代表区分に所属。大会不参加校を含む加盟校マスター上の代表区分属性。
SAM002697,PRG002322,ASM000038,AREA000049,2026,SRC000241,2026-10-03,2026年第108回選手権の都府県単位代表区分に所属。大会不参加校を含む加盟校マスター上の代表区分属性。
SAM002698,PRG002323,ASM000038,AREA000049,2026,SRC000241,2026-10-03,2026年第108回選手権の都府県単位代表区分に所属。大会不参加校を含む加盟校マスター上の代表区分属性。
SAM002699,PRG002324,ASM000038,AREA000049,2026,SRC000241,2026-10-03,2026年第108回選手権の都府県単位代表区分に所属。大会不参加校を含む加盟校マスター上の代表区分属性。
SAM002700,PRG002325,ASM000038,AREA000049,2026,SRC000241,2026-10-03,2026年第108回選手権の都府県単位代表区分に所属。大会不参加校を含む加盟校マスター上の代表区分属性。
SAM002701,PRG002326,ASM000038,AREA000049,2026,SRC000241,2026-10-03,2026年第108回選手権の都府県単位代表区分に所属。大会不参加校を含む加盟校マスター上の代表区分属性。
SAM002702,PRG002327,ASM000042,AREA000053,2026,SRC000241,2026-10-03,2026年第108回選手権の都府県単位代表区分に所属。大会不参加校を含む加盟校マスター上の代表区分属性。
SAM002703,PRG002328,ASM000042,AREA000053,2026,SRC000241,2026-10-03,2026年第108回選手権の都府県単位代表区分に所属。大会不参加校を含む加盟校マスター上の代表区分属性。
SAM002704,PRG002329,ASM000042,AREA000053,2026,SRC000241,2026-10-03,2026年第108回選手権の都府県単位代表区分に所属。大会不参加校を含む加盟校マスター上の代表区分属性。
SAM002705,PRG002330,ASM000042,AREA000053,2026,SRC000241,2026-10-03,2026年第108回選手権の都府県単位代表区分に所属。大会不参加校を含む加盟校マスター上の代表区分属性。
SAM002706,PRG002331,ASM000042,AREA000053,2026,SRC000241,2026-10-03,2026年第108回選手権の都府県単位代表区分に所属。大会不参加校を含む加盟校マスター上の代表区分属性。
SAM002707,PRG002332,ASM000042,AREA000053,2026,SRC000241,2026-10-03,2026年第108回選手権の都府県単位代表区分に所属。大会不参加校を含む加盟校マスター上の代表区分属性。
SAM002708,PRG002333,ASM000042,AREA000053,2026,SRC000241,2026-10-03,2026年第108回選手権の都府県単位代表区分に所属。大会不参加校を含む加盟校マスター上の代表区分属性。
SAM002709,PRG002334,ASM000042,AREA000053,2026,SRC000241,2026-10-03,2026年第108回選手権の都府県単位代表区分に所属。大会不参加校を含む加盟校マスター上の代表区分属性。
SAM002710,PRG002335,ASM000042,AREA000053,2026,SRC000241,2026-10-03,2026年第108回選手権の都府県単位代表区分に所属。大会不参加校を含む加盟校マスター上の代表区分属性。
SAM002711,PRG002336,ASM000042,AREA000053,2026,SRC000241,2026-10-03,2026年第108回選手権の都府県単位代表区分に所属。大会不参加校を含む加盟校マスター上の代表区分属性。
SAM002712,PRG002337,ASM000042,AREA000053,2026,SRC000241,2026-10-03,2026年第108回選手権の都府県単位代表区分に所属。大会不参加校を含む加盟校マスター上の代表区分属性。
SAM002713,PRG002338,ASM000042,AREA000053,2026,SRC000241,2026-10-03,2026年第108回選手権の都府県単位代表区分に所属。大会不参加校を含む加盟校マスター上の代表区分属性。
SAM002714,PRG002339,ASM000042,AREA000053,2026,SRC000241,2026-10-03,2026年第108回選手権の都府県単位代表区分に所属。大会不参加校を含む加盟校マスター上の代表区分属性。
SAM002715,PRG002340,ASM000042,AREA000053,2026,SRC000241,2026-10-03,2026年第108回選手権の都府県単位代表区分に所属。大会不参加校を含む加盟校マスター上の代表区分属性。
SAM002716,PRG002341,ASM000042,AREA000053,2026,SRC000241,2026-10-03,2026年第108回選手権の都府県単位代表区分に所属。大会不参加校を含む加盟校マスター上の代表区分属性。
SAM002717,PRG002342,ASM000042,AREA000053,2026,SRC000241,2026-10-03,2026年第108回選手権の都府県単位代表区分に所属。大会不参加校を含む加盟校マスター上の代表区分属性。
SAM002718,PRG002343,ASM000042,AREA000053,2026,SRC000241,2026-10-03,2026年第108回選手権の都府県単位代表区分に所属。大会不参加校を含む加盟校マスター上の代表区分属性。
SAM002719,PRG002344,ASM000042,AREA000053,2026,SRC000241,2026-10-03,2026年第108回選手権の都府県単位代表区分に所属。大会不参加校を含む加盟校マスター上の代表区分属性。
SAM002720,PRG002345,ASM000042,AREA000053,2026,SRC000241,2026-10-03,2026年第108回選手権の都府県単位代表区分に所属。大会不参加校を含む加盟校マスター上の代表区分属性。
SAM002721,PRG002346,ASM000042,AREA000053,2026,SRC000241,2026-10-03,2026年第108回選手権の都府県単位代表区分に所属。大会不参加校を含む加盟校マスター上の代表区分属性。
SAM002722,PRG002347,ASM000042,AREA000053,2026,SRC000241,2026-10-03,2026年第108回選手権の都府県単位代表区分に所属。大会不参加校を含む加盟校マスター上の代表区分属性。
SAM002723,PRG002348,ASM000042,AREA000053,2026,SRC000241,2026-10-03,2026年第108回選手権の都府県単位代表区分に所属。大会不参加校を含む加盟校マスター上の代表区分属性。
SAM002724,PRG002349,ASM000042,AREA000053,2026,SRC000241,2026-10-03,2026年第108回選手権の都府県単位代表区分に所属。大会不参加校を含む加盟校マスター上の代表区分属性。
SAM002725,PRG002350,ASM000042,AREA000053,2026,SRC000241,2026-10-03,2026年第108回選手権の都府県単位代表区分に所属。大会不参加校を含む加盟校マスター上の代表区分属性。
SAM002726,PRG002351,ASM000042,AREA000053,2026,SRC000241,2026-10-03,2026年第108回選手権の都府県単位代表区分に所属。大会不参加校を含む加盟校マスター上の代表区分属性。
SAM002727,PRG002352,ASM000042,AREA000053,2026,SRC000241,2026-10-03,2026年第108回選手権の都府県単位代表区分に所属。大会不参加校を含む加盟校マスター上の代表区分属性。
SAM002728,PRG002353,ASM000042,AREA000053,2026,SRC000241,2026-10-03,2026年第108回選手権の都府県単位代表区分に所属。大会不参加校を含む加盟校マスター上の代表区分属性。
SAM002729,PRG002354,ASM000042,AREA000053,2026,SRC000241,2026-10-03,2026年第108回選手権の都府県単位代表区分に所属。大会不参加校を含む加盟校マスター上の代表区分属性。
SAM002730,PRG002355,ASM000042,AREA000053,2026,SRC000241,2026-10-03,2026年第108回選手権の都府県単位代表区分に所属。大会不参加校を含む加盟校マスター上の代表区分属性。
SAM002731,PRG002356,ASM000042,AREA000053,2026,SRC000241,2026-10-03,2026年第108回選手権の都府県単位代表区分に所属。大会不参加校を含む加盟校マスター上の代表区分属性。
SAM002732,PRG002357,ASM000042,AREA000053,2026,SRC000241,2026-10-03,2026年第108回選手権の都府県単位代表区分に所属。大会不参加校を含む加盟校マスター上の代表区分属性。
SAM002733,PRG002358,ASM000042,AREA000053,2026,SRC000241,2026-10-03,2026年第108回選手権の都府県単位代表区分に所属。大会不参加校を含む加盟校マスター上の代表区分属性。
SAM002734,PRG002359,ASM000042,AREA000053,2026,SRC000241,2026-10-03,2026年第108回選手権の都府県単位代表区分に所属。大会不参加校を含む加盟校マスター上の代表区分属性。
SAM002735,PRG002360,ASM000042,AREA000053,2026,SRC000241,2026-10-03,2026年第108回選手権の都府県単位代表区分に所属。大会不参加校を含む加盟校マスター上の代表区分属性。
SAM002736,PRG002361,ASM000042,AREA000053,2026,SRC000241,2026-10-03,2026年第108回選手権の都府県単位代表区分に所属。大会不参加校を含む加盟校マスター上の代表区分属性。
SAM002737,PRG002362,ASM000042,AREA000053,2026,SRC000241,2026-10-03,2026年第108回選手権の都府県単位代表区分に所属。大会不参加校を含む加盟校マスター上の代表区分属性。
SAM002738,PRG002363,ASM000046,AREA000057,2026,SRC000241,2026-10-03,2026年第108回選手権の都府県単位代表区分に所属。大会不参加校を含む加盟校マスター上の代表区分属性。
SAM002739,PRG002364,ASM000046,AREA000057,2026,SRC000241,2026-10-03,2026年第108回選手権の都府県単位代表区分に所属。大会不参加校を含む加盟校マスター上の代表区分属性。
SAM002740,PRG002365,ASM000046,AREA000057,2026,SRC000241,2026-10-03,2026年第108回選手権の都府県単位代表区分に所属。大会不参加校を含む加盟校マスター上の代表区分属性。
SAM002741,PRG002366,ASM000046,AREA000057,2026,SRC000241,2026-10-03,2026年第108回選手権の都府県単位代表区分に所属。大会不参加校を含む加盟校マスター上の代表区分属性。
SAM002742,PRG002367,ASM000046,AREA000057,2026,SRC000241,2026-10-03,2026年第108回選手権の都府県単位代表区分に所属。大会不参加校を含む加盟校マスター上の代表区分属性。
SAM002743,PRG002368,ASM000046,AREA000057,2026,SRC000241,2026-10-03,2026年第108回選手権の都府県単位代表区分に所属。大会不参加校を含む加盟校マスター上の代表区分属性。
SAM002744,PRG002369,ASM000046,AREA000057,2026,SRC000241,2026-10-03,2026年第108回選手権の都府県単位代表区分に所属。大会不参加校を含む加盟校マスター上の代表区分属性。
SAM002745,PRG002370,ASM000046,AREA000057,2026,SRC000241,2026-10-03,2026年第108回選手権の都府県単位代表区分に所属。大会不参加校を含む加盟校マスター上の代表区分属性。
SAM002746,PRG002371,ASM000046,AREA000057,2026,SRC000241,2026-10-03,2026年第108回選手権の都府県単位代表区分に所属。大会不参加校を含む加盟校マスター上の代表区分属性。
SAM002747,PRG002372,ASM000046,AREA000057,2026,SRC000241,2026-10-03,2026年第108回選手権の都府県単位代表区分に所属。大会不参加校を含む加盟校マスター上の代表区分属性。
SAM002748,PRG002373,ASM000046,AREA000057,2026,SRC000241,2026-10-03,2026年第108回選手権の都府県単位代表区分に所属。大会不参加校を含む加盟校マスター上の代表区分属性。
SAM002749,PRG002374,ASM000046,AREA000057,2026,SRC000241,2026-10-03,2026年第108回選手権の都府県単位代表区分に所属。大会不参加校を含む加盟校マスター上の代表区分属性。
SAM002750,PRG002375,ASM000046,AREA000057,2026,SRC000241,2026-10-03,2026年第108回選手権の都府県単位代表区分に所属。大会不参加校を含む加盟校マスター上の代表区分属性。
SAM002751,PRG002376,ASM000046,AREA000057,2026,SRC000241,2026-10-03,2026年第108回選手権の都府県単位代表区分に所属。大会不参加校を含む加盟校マスター上の代表区分属性。
SAM002752,PRG002377,ASM000046,AREA000057,2026,SRC000241,2026-10-03,2026年第108回選手権の都府県単位代表区分に所属。大会不参加校を含む加盟校マスター上の代表区分属性。
SAM002753,PRG002378,ASM000046,AREA000057,2026,SRC000241,2026-10-03,2026年第108回選手権の都府県単位代表区分に所属。大会不参加校を含む加盟校マスター上の代表区分属性。
SAM002754,PRG002379,ASM000046,AREA000057,2026,SRC000241,2026-10-03,2026年第108回選手権の都府県単位代表区分に所属。大会不参加校を含む加盟校マスター上の代表区分属性。
SAM002755,PRG002380,ASM000046,AREA000057,2026,SRC000241,2026-10-03,2026年第108回選手権の都府県単位代表区分に所属。大会不参加校を含む加盟校マスター上の代表区分属性。
SAM002756,PRG002381,ASM000046,AREA000057,2026,SRC000241,2026-10-03,2026年第108回選手権の都府県単位代表区分に所属。大会不参加校を含む加盟校マスター上の代表区分属性。
SAM002757,PRG002382,ASM000046,AREA000057,2026,SRC000241,2026-10-03,2026年第108回選手権の都府県単位代表区分に所属。大会不参加校を含む加盟校マスター上の代表区分属性。
SAM002758,PRG002383,ASM000046,AREA000057,2026,SRC000241,2026-10-03,2026年第108回選手権の都府県単位代表区分に所属。大会不参加校を含む加盟校マスター上の代表区分属性。
SAM002759,PRG002384,ASM000046,AREA000057,2026,SRC000241,2026-10-03,2026年第108回選手権の都府県単位代表区分に所属。大会不参加校を含む加盟校マスター上の代表区分属性。
SAM002760,PRG002385,ASM000046,AREA000057,2026,SRC000241,2026-10-03,2026年第108回選手権の都府県単位代表区分に所属。大会不参加校を含む加盟校マスター上の代表区分属性。
SAM002761,PRG002386,ASM000046,AREA000057,2026,SRC000241,2026-10-03,2026年第108回選手権の都府県単位代表区分に所属。大会不参加校を含む加盟校マスター上の代表区分属性。
SAM002762,PRG002387,ASM000046,AREA000057,2026,SRC000241,2026-10-03,2026年第108回選手権の都府県単位代表区分に所属。大会不参加校を含む加盟校マスター上の代表区分属性。
SAM002763,PRG002388,ASM000046,AREA000057,2026,SRC000241,2026-10-03,2026年第108回選手権の都府県単位代表区分に所属。大会不参加校を含む加盟校マスター上の代表区分属性。
SAM002764,PRG002389,ASM000046,AREA000057,2026,SRC000241,2026-10-03,2026年第108回選手権の都府県単位代表区分に所属。大会不参加校を含む加盟校マスター上の代表区分属性。
SAM002765,PRG002390,ASM000046,AREA000057,2026,SRC000241,2026-10-03,2026年第108回選手権の都府県単位代表区分に所属。大会不参加校を含む加盟校マスター上の代表区分属性。
SAM002766,PRG002391,ASM000046,AREA000057,2026,SRC000241,2026-10-03,2026年第108回選手権の都府県単位代表区分に所属。大会不参加校を含む加盟校マスター上の代表区分属性。
SAM002767,PRG002392,ASM000046,AREA000057,2026,SRC000241,2026-10-03,2026年第108回選手権の都府県単位代表区分に所属。大会不参加校を含む加盟校マスター上の代表区分属性。
SAM002768,PRG002393,ASM000046,AREA000057,2026,SRC000241,2026-10-03,2026年第108回選手権の都府県単位代表区分に所属。大会不参加校を含む加盟校マスター上の代表区分属性。
SAM002769,PRG002394,ASM000046,AREA000057,2026,SRC000241,2026-10-03,2026年第108回選手権の都府県単位代表区分に所属。大会不参加校を含む加盟校マスター上の代表区分属性。
SAM002770,PRG002395,ASM000046,AREA000057,2026,SRC000241,2026-10-03,2026年第108回選手権の都府県単位代表区分に所属。大会不参加校を含む加盟校マスター上の代表区分属性。
SAM002771,PRG002396,ASM000046,AREA000057,2026,SRC000241,2026-10-03,2026年第108回選手権の都府県単位代表区分に所属。大会不参加校を含む加盟校マスター上の代表区分属性。
SAM002772,PRG002397,ASM000046,AREA000057,2026,SRC000241,2026-10-03,2026年第108回選手権の都府県単位代表区分に所属。大会不参加校を含む加盟校マスター上の代表区分属性。
SAM002773,PRG002398,ASM000046,AREA000057,2026,SRC000241,2026-10-03,2026年第108回選手権の都府県単位代表区分に所属。大会不参加校を含む加盟校マスター上の代表区分属性。
SAM002774,PRG002399,ASM000046,AREA000057,2026,SRC000241,2026-10-03,2026年第108回選手権の都府県単位代表区分に所属。大会不参加校を含む加盟校マスター上の代表区分属性。
SAM002775,PRG002400,ASM000046,AREA000057,2026,SRC000241,2026-10-03,2026年第108回選手権の都府県単位代表区分に所属。大会不参加校を含む加盟校マスター上の代表区分属性。
SAM002776,PRG002401,ASM000046,AREA000057,2026,SRC000241,2026-10-03,2026年第108回選手権の都府県単位代表区分に所属。大会不参加校を含む加盟校マスター上の代表区分属性。
SAM002777,PRG002402,ASM000046,AREA000057,2026,SRC000241,2026-10-03,2026年第108回選手権の都府県単位代表区分に所属。大会不参加校を含む加盟校マスター上の代表区分属性。
SAM002778,PRG002403,ASM000046,AREA000057,2026,SRC000241,2026-10-03,2026年第108回選手権の都府県単位代表区分に所属。大会不参加校を含む加盟校マスター上の代表区分属性。
SAM002779,PRG002404,ASM000046,AREA000057,2026,SRC000241,2026-10-03,2026年第108回選手権の都府県単位代表区分に所属。大会不参加校を含む加盟校マスター上の代表区分属性。
SAM002780,PRG002405,ASM000046,AREA000057,2026,SRC000241,2026-10-03,2026年第108回選手権の都府県単位代表区分に所属。大会不参加校を含む加盟校マスター上の代表区分属性。
SAM002781,PRG002406,ASM000046,AREA000057,2026,SRC000241,2026-10-03,2026年第108回選手権の都府県単位代表区分に所属。大会不参加校を含む加盟校マスター上の代表区分属性。
SAM002782,PRG002407,ASM000046,AREA000057,2026,SRC000241,2026-10-03,2026年第108回選手権の都府県単位代表区分に所属。大会不参加校を含む加盟校マスター上の代表区分属性。
SAM002783,PRG002408,ASM000046,AREA000057,2026,SRC000241,2026-10-03,2026年第108回選手権の都府県単位代表区分に所属。大会不参加校を含む加盟校マスター上の代表区分属性。
SAM002784,PRG002409,ASM000046,AREA000057,2026,SRC000241,2026-10-03,2026年第108回選手権の都府県単位代表区分に所属。大会不参加校を含む加盟校マスター上の代表区分属性。
SAM002785,PRG002410,ASM000026,AREA000037,2026,SRC000241,2026-10-03,2026年第108回選手権の都府県単位代表区分に所属。大会不参加校を含む加盟校マスター上の代表区分属性。
SAM002786,PRG002411,ASM000026,AREA000037,2026,SRC000241,2026-10-03,2026年第108回選手権の都府県単位代表区分に所属。大会不参加校を含む加盟校マスター上の代表区分属性。
SAM002787,PRG002412,ASM000026,AREA000037,2026,SRC000241,2026-10-03,2026年第108回選手権の都府県単位代表区分に所属。大会不参加校を含む加盟校マスター上の代表区分属性。
SAM002788,PRG002413,ASM000026,AREA000037,2026,SRC000241,2026-10-03,2026年第108回選手権の都府県単位代表区分に所属。大会不参加校を含む加盟校マスター上の代表区分属性。
SAM002789,PRG002414,ASM000026,AREA000037,2026,SRC000241,2026-10-03,2026年第108回選手権の都府県単位代表区分に所属。大会不参加校を含む加盟校マスター上の代表区分属性。
SAM002790,PRG002415,ASM000026,AREA000037,2026,SRC000241,2026-10-03,2026年第108回選手権の都府県単位代表区分に所属。大会不参加校を含む加盟校マスター上の代表区分属性。
SAM002791,PRG002416,ASM000026,AREA000037,2026,SRC000241,2026-10-03,2026年第108回選手権の都府県単位代表区分に所属。大会不参加校を含む加盟校マスター上の代表区分属性。
SAM002792,PRG002417,ASM000026,AREA000037,2026,SRC000241,2026-10-03,2026年第108回選手権の都府県単位代表区分に所属。大会不参加校を含む加盟校マスター上の代表区分属性。
SAM002793,PRG002418,ASM000026,AREA000037,2026,SRC000241,2026-10-03,2026年第108回選手権の都府県単位代表区分に所属。大会不参加校を含む加盟校マスター上の代表区分属性。
SAM002794,PRG002419,ASM000026,AREA000037,2026,SRC000241,2026-10-03,2026年第108回選手権の都府県単位代表区分に所属。大会不参加校を含む加盟校マスター上の代表区分属性。
SAM002795,PRG002420,ASM000026,AREA000037,2026,SRC000241,2026-10-03,2026年第108回選手権の都府県単位代表区分に所属。大会不参加校を含む加盟校マスター上の代表区分属性。
SAM002796,PRG002421,ASM000026,AREA000037,2026,SRC000241,2026-10-03,2026年第108回選手権の都府県単位代表区分に所属。大会不参加校を含む加盟校マスター上の代表区分属性。
SAM002797,PRG002422,ASM000026,AREA000037,2026,SRC000241,2026-10-03,2026年第108回選手権の都府県単位代表区分に所属。大会不参加校を含む加盟校マスター上の代表区分属性。
SAM002798,PRG002423,ASM000026,AREA000037,2026,SRC000241,2026-10-03,2026年第108回選手権の都府県単位代表区分に所属。大会不参加校を含む加盟校マスター上の代表区分属性。
SAM002799,PRG002424,ASM000026,AREA000037,2026,SRC000241,2026-10-03,2026年第108回選手権の都府県単位代表区分に所属。大会不参加校を含む加盟校マスター上の代表区分属性。
SAM002800,PRG002425,ASM000026,AREA000037,2026,SRC000241,2026-10-03,2026年第108回選手権の都府県単位代表区分に所属。大会不参加校を含む加盟校マスター上の代表区分属性。
SAM002801,PRG002426,ASM000026,AREA000037,2026,SRC000241,2026-10-03,2026年第108回選手権の都府県単位代表区分に所属。大会不参加校を含む加盟校マスター上の代表区分属性。
SAM002802,PRG002427,ASM000026,AREA000037,2026,SRC000241,2026-10-03,2026年第108回選手権の都府県単位代表区分に所属。大会不参加校を含む加盟校マスター上の代表区分属性。
SAM002803,PRG002428,ASM000026,AREA000037,2026,SRC000241,2026-10-03,2026年第108回選手権の都府県単位代表区分に所属。大会不参加校を含む加盟校マスター上の代表区分属性。
SAM002804,PRG002429,ASM000026,AREA000037,2026,SRC000241,2026-10-03,2026年第108回選手権の都府県単位代表区分に所属。大会不参加校を含む加盟校マスター上の代表区分属性。
SAM002805,PRG002430,ASM000026,AREA000037,2026,SRC000241,2026-10-03,2026年第108回選手権の都府県単位代表区分に所属。大会不参加校を含む加盟校マスター上の代表区分属性。
SAM002806,PRG002431,ASM000026,AREA000037,2026,SRC000241,2026-10-03,2026年第108回選手権の都府県単位代表区分に所属。大会不参加校を含む加盟校マスター上の代表区分属性。
SAM002807,PRG002432,ASM000026,AREA000037,2026,SRC000241,2026-10-03,2026年第108回選手権の都府県単位代表区分に所属。大会不参加校を含む加盟校マスター上の代表区分属性。
SAM002808,PRG002433,ASM000026,AREA000037,2026,SRC000241,2026-10-03,2026年第108回選手権の都府県単位代表区分に所属。大会不参加校を含む加盟校マスター上の代表区分属性。
SAM002809,PRG002434,ASM000026,AREA000037,2026,SRC000241,2026-10-03,2026年第108回選手権の都府県単位代表区分に所属。大会不参加校を含む加盟校マスター上の代表区分属性。
SAM002810,PRG002435,ASM000026,AREA000037,2026,SRC000241,2026-10-03,2026年第108回選手権の都府県単位代表区分に所属。大会不参加校を含む加盟校マスター上の代表区分属性。
SAM002811,PRG002436,ASM000026,AREA000037,2026,SRC000241,2026-10-03,2026年第108回選手権の都府県単位代表区分に所属。大会不参加校を含む加盟校マスター上の代表区分属性。
SAM002812,PRG002437,ASM000026,AREA000037,2026,SRC000241,2026-10-03,2026年第108回選手権の都府県単位代表区分に所属。大会不参加校を含む加盟校マスター上の代表区分属性。
SAM002813,PRG002438,ASM000026,AREA000037,2026,SRC000241,2026-10-03,2026年第108回選手権の都府県単位代表区分に所属。大会不参加校を含む加盟校マスター上の代表区分属性。
SAM002814,PRG002439,ASM000026,AREA000037,2026,SRC000241,2026-10-03,2026年第108回選手権の都府県単位代表区分に所属。大会不参加校を含む加盟校マスター上の代表区分属性。
SAM002815,PRG002440,ASM000026,AREA000037,2026,SRC000241,2026-10-03,2026年第108回選手権の都府県単位代表区分に所属。大会不参加校を含む加盟校マスター上の代表区分属性。
SAM002816,PRG002441,ASM000026,AREA000037,2026,SRC000241,2026-10-03,2026年第108回選手権の都府県単位代表区分に所属。大会不参加校を含む加盟校マスター上の代表区分属性。
SAM002817,PRG002442,ASM000026,AREA000037,2026,SRC000241,2026-10-03,2026年第108回選手権の都府県単位代表区分に所属。大会不参加校を含む加盟校マスター上の代表区分属性。
SAM002818,PRG002443,ASM000026,AREA000037,2026,SRC000241,2026-10-03,2026年第108回選手権の都府県単位代表区分に所属。大会不参加校を含む加盟校マスター上の代表区分属性。
SAM002819,PRG002444,ASM000026,AREA000037,2026,SRC000241,2026-10-03,2026年第108回選手権の都府県単位代表区分に所属。大会不参加校を含む加盟校マスター上の代表区分属性。
SAM002820,PRG002445,ASM000026,AREA000037,2026,SRC000241,2026-10-03,2026年第108回選手権の都府県単位代表区分に所属。大会不参加校を含む加盟校マスター上の代表区分属性。
SAM002821,PRG002446,ASM000026,AREA000037,2026,SRC000241,2026-10-03,2026年第108回選手権の都府県単位代表区分に所属。大会不参加校を含む加盟校マスター上の代表区分属性。
SAM002822,PRG002447,ASM000026,AREA000037,2026,SRC000241,2026-10-03,2026年第108回選手権の都府県単位代表区分に所属。大会不参加校を含む加盟校マスター上の代表区分属性。
SAM002823,PRG002448,ASM000026,AREA000037,2026,SRC000241,2026-10-03,2026年第108回選手権の都府県単位代表区分に所属。大会不参加校を含む加盟校マスター上の代表区分属性。
SAM002824,PRG002449,ASM000026,AREA000037,2026,SRC000241,2026-10-03,2026年第108回選手権の都府県単位代表区分に所属。大会不参加校を含む加盟校マスター上の代表区分属性。
SAM002825,PRG002450,ASM000026,AREA000037,2026,SRC000241,2026-10-03,2026年第108回選手権の都府県単位代表区分に所属。大会不参加校を含む加盟校マスター上の代表区分属性。
SAM002826,PRG002451,ASM000026,AREA000037,2026,SRC000241,2026-10-03,2026年第108回選手権の都府県単位代表区分に所属。大会不参加校を含む加盟校マスター上の代表区分属性。
SAM002827,PRG002452,ASM000026,AREA000037,2026,SRC000241,2026-10-03,2026年第108回選手権の都府県単位代表区分に所属。大会不参加校を含む加盟校マスター上の代表区分属性。
SAM002828,PRG002453,ASM000026,AREA000037,2026,SRC000241,2026-10-03,2026年第108回選手権の都府県単位代表区分に所属。大会不参加校を含む加盟校マスター上の代表区分属性。
SAM002829,PRG002454,ASM000026,AREA000037,2026,SRC000241,2026-10-03,2026年第108回選手権の都府県単位代表区分に所属。大会不参加校を含む加盟校マスター上の代表区分属性。
SAM002830,PRG002455,ASM000026,AREA000037,2026,SRC000241,2026-10-03,2026年第108回選手権の都府県単位代表区分に所属。大会不参加校を含む加盟校マスター上の代表区分属性。
SAM002831,PRG002456,ASM000026,AREA000037,2026,SRC000241,2026-10-03,2026年第108回選手権の都府県単位代表区分に所属。大会不参加校を含む加盟校マスター上の代表区分属性。
SAM002832,PRG002457,ASM000026,AREA000037,2026,SRC000241,2026-10-03,2026年第108回選手権の都府県単位代表区分に所属。大会不参加校を含む加盟校マスター上の代表区分属性。
SAM002833,PRG002458,ASM000026,AREA000037,2026,SRC000241,2026-10-03,2026年第108回選手権の都府県単位代表区分に所属。大会不参加校を含む加盟校マスター上の代表区分属性。
SAM002834,PRG002459,ASM000026,AREA000037,2026,SRC000241,2026-10-03,2026年第108回選手権の都府県単位代表区分に所属。大会不参加校を含む加盟校マスター上の代表区分属性。
SAM002835,PRG002460,ASM000026,AREA000037,2026,SRC000241,2026-10-03,2026年第108回選手権の都府県単位代表区分に所属。大会不参加校を含む加盟校マスター上の代表区分属性。
SAM002836,PRG002461,ASM000026,AREA000037,2026,SRC000241,2026-10-03,2026年第108回選手権の都府県単位代表区分に所属。大会不参加校を含む加盟校マスター上の代表区分属性。
SAM002837,PRG002462,ASM000023,AREA000034,2026,SRC000241,2026-10-03,2026年第108回選手権の都府県単位代表区分に所属。大会不参加校を含む加盟校マスター上の代表区分属性。
SAM002838,PRG002463,ASM000023,AREA000034,2026,SRC000241,2026-10-03,2026年第108回選手権の都府県単位代表区分に所属。大会不参加校を含む加盟校マスター上の代表区分属性。
SAM002839,PRG002464,ASM000023,AREA000034,2026,SRC000241,2026-10-03,2026年第108回選手権の都府県単位代表区分に所属。大会不参加校を含む加盟校マスター上の代表区分属性。
SAM002840,PRG002465,ASM000023,AREA000034,2026,SRC000241,2026-10-03,2026年第108回選手権の都府県単位代表区分に所属。大会不参加校を含む加盟校マスター上の代表区分属性。
SAM002841,PRG002466,ASM000023,AREA000034,2026,SRC000241,2026-10-03,2026年第108回選手権の都府県単位代表区分に所属。大会不参加校を含む加盟校マスター上の代表区分属性。
SAM002842,PRG002467,ASM000023,AREA000034,2026,SRC000241,2026-10-03,2026年第108回選手権の都府県単位代表区分に所属。大会不参加校を含む加盟校マスター上の代表区分属性。
SAM002843,PRG002468,ASM000023,AREA000034,2026,SRC000241,2026-10-03,2026年第108回選手権の都府県単位代表区分に所属。大会不参加校を含む加盟校マスター上の代表区分属性。
SAM002844,PRG002469,ASM000023,AREA000034,2026,SRC000241,2026-10-03,2026年第108回選手権の都府県単位代表区分に所属。大会不参加校を含む加盟校マスター上の代表区分属性。
SAM002845,PRG002470,ASM000023,AREA000034,2026,SRC000241,2026-10-03,2026年第108回選手権の都府県単位代表区分に所属。大会不参加校を含む加盟校マスター上の代表区分属性。
SAM002846,PRG002471,ASM000023,AREA000034,2026,SRC000241,2026-10-03,2026年第108回選手権の都府県単位代表区分に所属。大会不参加校を含む加盟校マスター上の代表区分属性。
SAM002847,PRG002472,ASM000023,AREA000034,2026,SRC000241,2026-10-03,2026年第108回選手権の都府県単位代表区分に所属。大会不参加校を含む加盟校マスター上の代表区分属性。
SAM002848,PRG002473,ASM000023,AREA000034,2026,SRC000241,2026-10-03,2026年第108回選手権の都府県単位代表区分に所属。大会不参加校を含む加盟校マスター上の代表区分属性。
SAM002849,PRG002474,ASM000023,AREA000034,2026,SRC000241,2026-10-03,2026年第108回選手権の都府県単位代表区分に所属。大会不参加校を含む加盟校マスター上の代表区分属性。
SAM002850,PRG002475,ASM000023,AREA000034,2026,SRC000241,2026-10-03,2026年第108回選手権の都府県単位代表区分に所属。大会不参加校を含む加盟校マスター上の代表区分属性。
SAM002851,PRG002476,ASM000023,AREA000034,2026,SRC000241,2026-10-03,2026年第108回選手権の都府県単位代表区分に所属。大会不参加校を含む加盟校マスター上の代表区分属性。
SAM002852,PRG002477,ASM000023,AREA000034,2026,SRC000241,2026-10-03,2026年第108回選手権の都府県単位代表区分に所属。大会不参加校を含む加盟校マスター上の代表区分属性。
SAM002853,PRG002478,ASM000023,AREA000034,2026,SRC000241,2026-10-03,2026年第108回選手権の都府県単位代表区分に所属。大会不参加校を含む加盟校マスター上の代表区分属性。
SAM002854,PRG002479,ASM000023,AREA000034,2026,SRC000241,2026-10-03,2026年第108回選手権の都府県単位代表区分に所属。大会不参加校を含む加盟校マスター上の代表区分属性。
SAM002855,PRG002480,ASM000023,AREA000034,2026,SRC000241,2026-10-03,2026年第108回選手権の都府県単位代表区分に所属。大会不参加校を含む加盟校マスター上の代表区分属性。
SAM002856,PRG002481,ASM000023,AREA000034,2026,SRC000241,2026-10-03,2026年第108回選手権の都府県単位代表区分に所属。大会不参加校を含む加盟校マスター上の代表区分属性。
SAM002857,PRG002482,ASM000023,AREA000034,2026,SRC000241,2026-10-03,2026年第108回選手権の都府県単位代表区分に所属。大会不参加校を含む加盟校マスター上の代表区分属性。
SAM002858,PRG002483,ASM000023,AREA000034,2026,SRC000241,2026-10-03,2026年第108回選手権の都府県単位代表区分に所属。大会不参加校を含む加盟校マスター上の代表区分属性。
SAM002859,PRG002484,ASM000023,AREA000034,2026,SRC000241,2026-10-03,2026年第108回選手権の都府県単位代表区分に所属。大会不参加校を含む加盟校マスター上の代表区分属性。
SAM002860,PRG002485,ASM000023,AREA000034,2026,SRC000241,2026-10-03,2026年第108回選手権の都府県単位代表区分に所属。大会不参加校を含む加盟校マスター上の代表区分属性。
SAM002861,PRG002486,ASM000023,AREA000034,2026,SRC000241,2026-10-03,2026年第108回選手権の都府県単位代表区分に所属。大会不参加校を含む加盟校マスター上の代表区分属性。
SAM002862,PRG002487,ASM000023,AREA000034,2026,SRC000241,2026-10-03,2026年第108回選手権の都府県単位代表区分に所属。大会不参加校を含む加盟校マスター上の代表区分属性。
SAM002863,PRG002488,ASM000023,AREA000034,2026,SRC000241,2026-10-03,2026年第108回選手権の都府県単位代表区分に所属。大会不参加校を含む加盟校マスター上の代表区分属性。
SAM002864,PRG002489,ASM000023,AREA000034,2026,SRC000241,2026-10-03,2026年第108回選手権の都府県単位代表区分に所属。大会不参加校を含む加盟校マスター上の代表区分属性。
SAM002865,PRG002490,ASM000023,AREA000034,2026,SRC000241,2026-10-03,2026年第108回選手権の都府県単位代表区分に所属。大会不参加校を含む加盟校マスター上の代表区分属性。
SAM002866,PRG002491,ASM000023,AREA000034,2026,SRC000241,2026-10-03,2026年第108回選手権の都府県単位代表区分に所属。大会不参加校を含む加盟校マスター上の代表区分属性。
SAM002867,PRG002492,ASM000023,AREA000034,2026,SRC000241,2026-10-03,2026年第108回選手権の都府県単位代表区分に所属。大会不参加校を含む加盟校マスター上の代表区分属性。
SAM002868,PRG002493,ASM000023,AREA000034,2026,SRC000241,2026-10-03,2026年第108回選手権の都府県単位代表区分に所属。大会不参加校を含む加盟校マスター上の代表区分属性。
SAM002869,PRG002494,ASM000023,AREA000034,2026,SRC000241,2026-10-03,2026年第108回選手権の都府県単位代表区分に所属。大会不参加校を含む加盟校マスター上の代表区分属性。
SAM002870,PRG002495,ASM000023,AREA000034,2026,SRC000241,2026-10-03,2026年第108回選手権の都府県単位代表区分に所属。大会不参加校を含む加盟校マスター上の代表区分属性。
SAM002871,PRG002496,ASM000023,AREA000034,2026,SRC000241,2026-10-03,2026年第108回選手権の都府県単位代表区分に所属。大会不参加校を含む加盟校マスター上の代表区分属性。
SAM002872,PRG002497,ASM000023,AREA000034,2026,SRC000241,2026-10-03,2026年第108回選手権の都府県単位代表区分に所属。大会不参加校を含む加盟校マスター上の代表区分属性。
SAM002873,PRG002498,ASM000023,AREA000034,2026,SRC000241,2026-10-03,2026年第108回選手権の都府県単位代表区分に所属。大会不参加校を含む加盟校マスター上の代表区分属性。
SAM002874,PRG002499,ASM000023,AREA000034,2026,SRC000241,2026-10-03,2026年第108回選手権の都府県単位代表区分に所属。大会不参加校を含む加盟校マスター上の代表区分属性。
SAM002875,PRG002500,ASM000023,AREA000034,2026,SRC000241,2026-10-03,2026年第108回選手権の都府県単位代表区分に所属。大会不参加校を含む加盟校マスター上の代表区分属性。
SAM002876,PRG002501,ASM000023,AREA000034,2026,SRC000241,2026-10-03,2026年第108回選手権の都府県単位代表区分に所属。大会不参加校を含む加盟校マスター上の代表区分属性。
SAM002877,PRG002502,ASM000023,AREA000034,2026,SRC000241,2026-10-03,2026年第108回選手権の都府県単位代表区分に所属。大会不参加校を含む加盟校マスター上の代表区分属性。
SAM002878,PRG002503,ASM000023,AREA000034,2026,SRC000241,2026-10-03,2026年第108回選手権の都府県単位代表区分に所属。大会不参加校を含む加盟校マスター上の代表区分属性。
SAM002879,PRG002504,ASM000023,AREA000034,2026,SRC000241,2026-10-03,2026年第108回選手権の都府県単位代表区分に所属。大会不参加校を含む加盟校マスター上の代表区分属性。
SAM002880,PRG002505,ASM000023,AREA000034,2026,SRC000241,2026-10-03,2026年第108回選手権の都府県単位代表区分に所属。大会不参加校を含む加盟校マスター上の代表区分属性。
SAM002881,PRG002506,ASM000023,AREA000034,2026,SRC000241,2026-10-03,2026年第108回選手権の都府県単位代表区分に所属。大会不参加校を含む加盟校マスター上の代表区分属性。
SAM002882,PRG002507,ASM000023,AREA000034,2026,SRC000241,2026-10-03,2026年第108回選手権の都府県単位代表区分に所属。大会不参加校を含む加盟校マスター上の代表区分属性。
SAM002883,PRG002508,ASM000023,AREA000034,2026,SRC000241,2026-10-03,2026年第108回選手権の都府県単位代表区分に所属。大会不参加校を含む加盟校マスター上の代表区分属性。
SAM002884,PRG002509,ASM000023,AREA000034,2026,SRC000241,2026-10-03,2026年第108回選手権の都府県単位代表区分に所属。大会不参加校を含む加盟校マスター上の代表区分属性。
SAM002885,PRG002510,ASM000023,AREA000034,2026,SRC000241,2026-10-03,2026年第108回選手権の都府県単位代表区分に所属。大会不参加校を含む加盟校マスター上の代表区分属性。
SAM002886,PRG002511,ASM000023,AREA000034,2026,SRC000241,2026-10-03,2026年第108回選手権の都府県単位代表区分に所属。大会不参加校を含む加盟校マスター上の代表区分属性。
SAM002887,PRG002512,ASM000023,AREA000034,2026,SRC000241,2026-10-03,2026年第108回選手権の都府県単位代表区分に所属。大会不参加校を含む加盟校マスター上の代表区分属性。
SAM002888,PRG002513,ASM000023,AREA000034,2026,SRC000241,2026-10-03,2026年第108回選手権の都府県単位代表区分に所属。大会不参加校を含む加盟校マスター上の代表区分属性。
SAM002889,PRG002514,ASM000023,AREA000034,2026,SRC000241,2026-10-03,2026年第108回選手権の都府県単位代表区分に所属。大会不参加校を含む加盟校マスター上の代表区分属性。
SAM002890,PRG002515,ASM000023,AREA000034,2026,SRC000241,2026-10-03,2026年第108回選手権の都府県単位代表区分に所属。大会不参加校を含む加盟校マスター上の代表区分属性。
SAM002891,PRG002516,ASM000023,AREA000034,2026,SRC000241,2026-10-03,2026年第108回選手権の都府県単位代表区分に所属。大会不参加校を含む加盟校マスター上の代表区分属性。
SAM002892,PRG002517,ASM000023,AREA000034,2026,SRC000241,2026-10-03,2026年第108回選手権の都府県単位代表区分に所属。大会不参加校を含む加盟校マスター上の代表区分属性。
SAM002893,PRG002518,ASM000023,AREA000034,2026,SRC000241,2026-10-03,2026年第108回選手権の都府県単位代表区分に所属。大会不参加校を含む加盟校マスター上の代表区分属性。
SAM002894,PRG002519,ASM000023,AREA000034,2026,SRC000241,2026-10-03,2026年第108回選手権の都府県単位代表区分に所属。大会不参加校を含む加盟校マスター上の代表区分属性。
SAM002895,PRG002520,ASM000023,AREA000034,2026,SRC000241,2026-10-03,2026年第108回選手権の都府県単位代表区分に所属。大会不参加校を含む加盟校マスター上の代表区分属性。
SAM002896,PRG002521,ASM000023,AREA000034,2026,SRC000241,2026-10-03,2026年第108回選手権の都府県単位代表区分に所属。大会不参加校を含む加盟校マスター上の代表区分属性。
SAM002897,PRG002522,ASM000023,AREA000034,2026,SRC000241,2026-10-03,2026年第108回選手権の都府県単位代表区分に所属。大会不参加校を含む加盟校マスター上の代表区分属性。
SAM002898,PRG002523,ASM000023,AREA000034,2026,SRC000241,2026-10-03,2026年第108回選手権の都府県単位代表区分に所属。大会不参加校を含む加盟校マスター上の代表区分属性。
SAM002899,PRG002524,ASM000023,AREA000034,2026,SRC000241,2026-10-03,2026年第108回選手権の都府県単位代表区分に所属。大会不参加校を含む加盟校マスター上の代表区分属性。
SAM002900,PRG002525,ASM000023,AREA000034,2026,SRC000241,2026-10-03,2026年第108回選手権の都府県単位代表区分に所属。大会不参加校を含む加盟校マスター上の代表区分属性。
SAM002901,PRG002526,ASM000023,AREA000034,2026,SRC000241,2026-10-03,2026年第108回選手権の都府県単位代表区分に所属。大会不参加校を含む加盟校マスター上の代表区分属性。
SAM002902,PRG002527,ASM000023,AREA000034,2026,SRC000241,2026-10-03,2026年第108回選手権の都府県単位代表区分に所属。大会不参加校を含む加盟校マスター上の代表区分属性。
SAM002903,PRG002528,ASM000023,AREA000034,2026,SRC000241,2026-10-03,2026年第108回選手権の都府県単位代表区分に所属。大会不参加校を含む加盟校マスター上の代表区分属性。
SAM002904,PRG002529,ASM000023,AREA000034,2026,SRC000241,2026-10-03,2026年第108回選手権の都府県単位代表区分に所属。大会不参加校を含む加盟校マスター上の代表区分属性。
SAM002905,PRG002530,ASM000023,AREA000034,2026,SRC000241,2026-10-03,2026年第108回選手権の都府県単位代表区分に所属。大会不参加校を含む加盟校マスター上の代表区分属性。
SAM002906,PRG002531,ASM000023,AREA000034,2026,SRC000241,2026-10-03,2026年第108回選手権の都府県単位代表区分に所属。大会不参加校を含む加盟校マスター上の代表区分属性。
SAM002907,PRG002532,ASM000023,AREA000034,2026,SRC000241,2026-10-03,2026年第108回選手権の都府県単位代表区分に所属。大会不参加校を含む加盟校マスター上の代表区分属性。
SAM002908,PRG002533,ASM000023,AREA000034,2026,SRC000241,2026-10-03,2026年第108回選手権の都府県単位代表区分に所属。大会不参加校を含む加盟校マスター上の代表区分属性。
SAM002909,PRG002534,ASM000023,AREA000034,2026,SRC000241,2026-10-03,2026年第108回選手権の都府県単位代表区分に所属。大会不参加校を含む加盟校マスター上の代表区分属性。
SAM002910,PRG002535,ASM000023,AREA000034,2026,SRC000241,2026-10-03,2026年第108回選手権の都府県単位代表区分に所属。大会不参加校を含む加盟校マスター上の代表区分属性。
SAM002911,PRG002536,ASM000023,AREA000034,2026,SRC000241,2026-10-03,2026年第108回選手権の都府県単位代表区分に所属。大会不参加校を含む加盟校マスター上の代表区分属性。
SAM002912,PRG002537,ASM000023,AREA000034,2026,SRC000241,2026-10-03,2026年第108回選手権の都府県単位代表区分に所属。大会不参加校を含む加盟校マスター上の代表区分属性。
SAM002913,PRG002538,ASM000023,AREA000034,2026,SRC000241,2026-10-03,2026年第108回選手権の都府県単位代表区分に所属。大会不参加校を含む加盟校マスター上の代表区分属性。
SAM002914,PRG002539,ASM000023,AREA000034,2026,SRC000241,2026-10-03,2026年第108回選手権の都府県単位代表区分に所属。大会不参加校を含む加盟校マスター上の代表区分属性。
SAM002915,PRG002540,ASM000023,AREA000034,2026,SRC000241,2026-10-03,2026年第108回選手権の都府県単位代表区分に所属。大会不参加校を含む加盟校マスター上の代表区分属性。
SAM002916,PRG002541,ASM000023,AREA000034,2026,SRC000241,2026-10-03,2026年第108回選手権の都府県単位代表区分に所属。大会不参加校を含む加盟校マスター上の代表区分属性。
SAM002917,PRG002542,ASM000023,AREA000034,2026,SRC000241,2026-10-03,2026年第108回選手権の都府県単位代表区分に所属。大会不参加校を含む加盟校マスター上の代表区分属性。
SAM002918,PRG002543,ASM000023,AREA000034,2026,SRC000241,2026-10-03,2026年第108回選手権の都府県単位代表区分に所属。大会不参加校を含む加盟校マスター上の代表区分属性。
SAM002919,PRG002544,ASM000023,AREA000034,2026,SRC000241,2026-10-03,2026年第108回選手権の都府県単位代表区分に所属。大会不参加校を含む加盟校マスター上の代表区分属性。
SAM002920,PRG002545,ASM000023,AREA000034,2026,SRC000241,2026-10-03,2026年第108回選手権の都府県単位代表区分に所属。大会不参加校を含む加盟校マスター上の代表区分属性。
SAM002921,PRG002546,ASM000023,AREA000034,2026,SRC000241,2026-10-03,2026年第108回選手権の都府県単位代表区分に所属。大会不参加校を含む加盟校マスター上の代表区分属性。
SAM002922,PRG002547,ASM000023,AREA000034,2026,SRC000241,2026-10-03,2026年第108回選手権の都府県単位代表区分に所属。大会不参加校を含む加盟校マスター上の代表区分属性。
SAM002923,PRG002548,ASM000023,AREA000034,2026,SRC000241,2026-10-03,2026年第108回選手権の都府県単位代表区分に所属。大会不参加校を含む加盟校マスター上の代表区分属性。
SAM002924,PRG002549,ASM000023,AREA000034,2026,SRC000241,2026-10-03,2026年第108回選手権の都府県単位代表区分に所属。大会不参加校を含む加盟校マスター上の代表区分属性。
SAM002925,PRG002550,ASM000023,AREA000034,2026,SRC000241,2026-10-03,2026年第108回選手権の都府県単位代表区分に所属。大会不参加校を含む加盟校マスター上の代表区分属性。
SAM002926,PRG002551,ASM000023,AREA000034,2026,SRC000241,2026-10-03,2026年第108回選手権の都府県単位代表区分に所属。大会不参加校を含む加盟校マスター上の代表区分属性。
SAM002927,PRG002552,ASM000023,AREA000034,2026,SRC000241,2026-10-03,2026年第108回選手権の都府県単位代表区分に所属。大会不参加校を含む加盟校マスター上の代表区分属性。
SAM002928,PRG002553,ASM000023,AREA000034,2026,SRC000241,2026-10-03,2026年第108回選手権の都府県単位代表区分に所属。大会不参加校を含む加盟校マスター上の代表区分属性。
SAM002929,PRG002554,ASM000023,AREA000034,2026,SRC000241,2026-10-03,2026年第108回選手権の都府県単位代表区分に所属。大会不参加校を含む加盟校マスター上の代表区分属性。
SAM002930,PRG002555,ASM000023,AREA000034,2026,SRC000241,2026-10-03,2026年第108回選手権の都府県単位代表区分に所属。大会不参加校を含む加盟校マスター上の代表区分属性。
SAM002931,PRG002556,ASM000023,AREA000034,2026,SRC000241,2026-10-03,2026年第108回選手権の都府県単位代表区分に所属。大会不参加校を含む加盟校マスター上の代表区分属性。
SAM002932,PRG002557,ASM000023,AREA000034,2026,SRC000241,2026-10-03,2026年第108回選手権の都府県単位代表区分に所属。大会不参加校を含む加盟校マスター上の代表区分属性。
SAM002933,PRG002558,ASM000023,AREA000034,2026,SRC000241,2026-10-03,2026年第108回選手権の都府県単位代表区分に所属。大会不参加校を含む加盟校マスター上の代表区分属性。
SAM002934,PRG002559,ASM000023,AREA000034,2026,SRC000241,2026-10-03,2026年第108回選手権の都府県単位代表区分に所属。大会不参加校を含む加盟校マスター上の代表区分属性。
SAM002935,PRG002560,ASM000023,AREA000034,2026,SRC000241,2026-10-03,2026年第108回選手権の都府県単位代表区分に所属。大会不参加校を含む加盟校マスター上の代表区分属性。
SAM002936,PRG002561,ASM000023,AREA000034,2026,SRC000241,2026-10-03,2026年第108回選手権の都府県単位代表区分に所属。大会不参加校を含む加盟校マスター上の代表区分属性。
SAM002937,PRG002562,ASM000023,AREA000034,2026,SRC000241,2026-10-03,2026年第108回選手権の都府県単位代表区分に所属。大会不参加校を含む加盟校マスター上の代表区分属性。
SAM002938,PRG002563,ASM000023,AREA000034,2026,SRC000241,2026-10-03,2026年第108回選手権の都府県単位代表区分に所属。大会不参加校を含む加盟校マスター上の代表区分属性。
SAM002939,PRG002564,ASM000023,AREA000034,2026,SRC000241,2026-10-03,2026年第108回選手権の都府県単位代表区分に所属。大会不参加校を含む加盟校マスター上の代表区分属性。
SAM002940,PRG002565,ASM000023,AREA000034,2026,SRC000241,2026-10-03,2026年第108回選手権の都府県単位代表区分に所属。大会不参加校を含む加盟校マスター上の代表区分属性。
SAM002941,PRG002566,ASM000023,AREA000034,2026,SRC000241,2026-10-03,2026年第108回選手権の都府県単位代表区分に所属。大会不参加校を含む加盟校マスター上の代表区分属性。
SAM002942,PRG002567,ASM000023,AREA000034,2026,SRC000241,2026-10-03,2026年第108回選手権の都府県単位代表区分に所属。大会不参加校を含む加盟校マスター上の代表区分属性。
SAM002943,PRG002568,ASM000023,AREA000034,2026,SRC000241,2026-10-03,2026年第108回選手権の都府県単位代表区分に所属。大会不参加校を含む加盟校マスター上の代表区分属性。
SAM002944,PRG002569,ASM000023,AREA000034,2026,SRC000241,2026-10-03,2026年第108回選手権の都府県単位代表区分に所属。大会不参加校を含む加盟校マスター上の代表区分属性。
SAM002945,PRG002570,ASM000017,AREA000028,2026,SRC000241,2026-10-03,2026年第108回選手権の都府県単位代表区分に所属。大会不参加校を含む加盟校マスター上の代表区分属性。
SAM002946,PRG002571,ASM000017,AREA000028,2026,SRC000241,2026-10-03,2026年第108回選手権の都府県単位代表区分に所属。大会不参加校を含む加盟校マスター上の代表区分属性。
SAM002947,PRG002572,ASM000017,AREA000028,2026,SRC000241,2026-10-03,2026年第108回選手権の都府県単位代表区分に所属。大会不参加校を含む加盟校マスター上の代表区分属性。
SAM002948,PRG002573,ASM000017,AREA000028,2026,SRC000241,2026-10-03,2026年第108回選手権の都府県単位代表区分に所属。大会不参加校を含む加盟校マスター上の代表区分属性。
SAM002949,PRG002574,ASM000017,AREA000028,2026,SRC000241,2026-10-03,2026年第108回選手権の都府県単位代表区分に所属。大会不参加校を含む加盟校マスター上の代表区分属性。
SAM002950,PRG002575,ASM000017,AREA000028,2026,SRC000241,2026-10-03,2026年第108回選手権の都府県単位代表区分に所属。大会不参加校を含む加盟校マスター上の代表区分属性。
SAM002951,PRG002576,ASM000017,AREA000028,2026,SRC000241,2026-10-03,2026年第108回選手権の都府県単位代表区分に所属。大会不参加校を含む加盟校マスター上の代表区分属性。
SAM002952,PRG002577,ASM000017,AREA000028,2026,SRC000241,2026-10-03,2026年第108回選手権の都府県単位代表区分に所属。大会不参加校を含む加盟校マスター上の代表区分属性。
SAM002953,PRG002578,ASM000017,AREA000028,2026,SRC000241,2026-10-03,2026年第108回選手権の都府県単位代表区分に所属。大会不参加校を含む加盟校マスター上の代表区分属性。
SAM002954,PRG002579,ASM000017,AREA000028,2026,SRC000241,2026-10-03,2026年第108回選手権の都府県単位代表区分に所属。大会不参加校を含む加盟校マスター上の代表区分属性。
SAM002955,PRG002580,ASM000017,AREA000028,2026,SRC000241,2026-10-03,2026年第108回選手権の都府県単位代表区分に所属。大会不参加校を含む加盟校マスター上の代表区分属性。
SAM002956,PRG002581,ASM000017,AREA000028,2026,SRC000241,2026-10-03,2026年第108回選手権の都府県単位代表区分に所属。大会不参加校を含む加盟校マスター上の代表区分属性。
SAM002957,PRG002582,ASM000017,AREA000028,2026,SRC000241,2026-10-03,2026年第108回選手権の都府県単位代表区分に所属。大会不参加校を含む加盟校マスター上の代表区分属性。
SAM002958,PRG002583,ASM000017,AREA000028,2026,SRC000241,2026-10-03,2026年第108回選手権の都府県単位代表区分に所属。大会不参加校を含む加盟校マスター上の代表区分属性。
SAM002959,PRG002584,ASM000017,AREA000028,2026,SRC000241,2026-10-03,2026年第108回選手権の都府県単位代表区分に所属。大会不参加校を含む加盟校マスター上の代表区分属性。
SAM002960,PRG002585,ASM000017,AREA000028,2026,SRC000241,2026-10-03,2026年第108回選手権の都府県単位代表区分に所属。大会不参加校を含む加盟校マスター上の代表区分属性。
SAM002961,PRG002586,ASM000017,AREA000028,2026,SRC000241,2026-10-03,2026年第108回選手権の都府県単位代表区分に所属。大会不参加校を含む加盟校マスター上の代表区分属性。
SAM002962,PRG002587,ASM000017,AREA000028,2026,SRC000241,2026-10-03,2026年第108回選手権の都府県単位代表区分に所属。大会不参加校を含む加盟校マスター上の代表区分属性。
SAM002963,PRG002588,ASM000017,AREA000028,2026,SRC000241,2026-10-03,2026年第108回選手権の都府県単位代表区分に所属。大会不参加校を含む加盟校マスター上の代表区分属性。
SAM002964,PRG002589,ASM000017,AREA000028,2026,SRC000241,2026-10-03,2026年第108回選手権の都府県単位代表区分に所属。大会不参加校を含む加盟校マスター上の代表区分属性。
SAM002965,PRG002590,ASM000017,AREA000028,2026,SRC000241,2026-10-03,2026年第108回選手権の都府県単位代表区分に所属。大会不参加校を含む加盟校マスター上の代表区分属性。
SAM002966,PRG002591,ASM000017,AREA000028,2026,SRC000241,2026-10-03,2026年第108回選手権の都府県単位代表区分に所属。大会不参加校を含む加盟校マスター上の代表区分属性。
SAM002967,PRG002592,ASM000017,AREA000028,2026,SRC000241,2026-10-03,2026年第108回選手権の都府県単位代表区分に所属。大会不参加校を含む加盟校マスター上の代表区分属性。
SAM002968,PRG002593,ASM000017,AREA000028,2026,SRC000241,2026-10-03,2026年第108回選手権の都府県単位代表区分に所属。大会不参加校を含む加盟校マスター上の代表区分属性。
SAM002969,PRG002594,ASM000017,AREA000028,2026,SRC000241,2026-10-03,2026年第108回選手権の都府県単位代表区分に所属。大会不参加校を含む加盟校マスター上の代表区分属性。
SAM002970,PRG002595,ASM000017,AREA000028,2026,SRC000241,2026-10-03,2026年第108回選手権の都府県単位代表区分に所属。大会不参加校を含む加盟校マスター上の代表区分属性。
SAM002971,PRG002596,ASM000017,AREA000028,2026,SRC000241,2026-10-03,2026年第108回選手権の都府県単位代表区分に所属。大会不参加校を含む加盟校マスター上の代表区分属性。
SAM002972,PRG002597,ASM000017,AREA000028,2026,SRC000241,2026-10-03,2026年第108回選手権の都府県単位代表区分に所属。大会不参加校を含む加盟校マスター上の代表区分属性。
SAM002973,PRG002598,ASM000017,AREA000028,2026,SRC000241,2026-10-03,2026年第108回選手権の都府県単位代表区分に所属。大会不参加校を含む加盟校マスター上の代表区分属性。
SAM002974,PRG002599,ASM000017,AREA000028,2026,SRC000241,2026-10-03,2026年第108回選手権の都府県単位代表区分に所属。大会不参加校を含む加盟校マスター上の代表区分属性。
SAM002975,PRG002600,ASM000017,AREA000028,2026,SRC000241,2026-10-03,2026年第108回選手権の都府県単位代表区分に所属。大会不参加校を含む加盟校マスター上の代表区分属性。
SAM002976,PRG002601,ASM000017,AREA000028,2026,SRC000241,2026-10-03,2026年第108回選手権の都府県単位代表区分に所属。大会不参加校を含む加盟校マスター上の代表区分属性。
SAM002977,PRG002602,ASM000017,AREA000028,2026,SRC000241,2026-10-03,2026年第108回選手権の都府県単位代表区分に所属。大会不参加校を含む加盟校マスター上の代表区分属性。
SAM002978,PRG002603,ASM000017,AREA000028,2026,SRC000241,2026-10-03,2026年第108回選手権の都府県単位代表区分に所属。大会不参加校を含む加盟校マスター上の代表区分属性。
SAM002979,PRG002604,ASM000017,AREA000028,2026,SRC000241,2026-10-03,2026年第108回選手権の都府県単位代表区分に所属。大会不参加校を含む加盟校マスター上の代表区分属性。
SAM002980,PRG002605,ASM000017,AREA000028,2026,SRC000241,2026-10-03,2026年第108回選手権の都府県単位代表区分に所属。大会不参加校を含む加盟校マスター上の代表区分属性。
SAM002981,PRG002606,ASM000017,AREA000028,2026,SRC000241,2026-10-03,2026年第108回選手権の都府県単位代表区分に所属。大会不参加校を含む加盟校マスター上の代表区分属性。
SAM002982,PRG002607,ASM000017,AREA000028,2026,SRC000241,2026-10-03,2026年第108回選手権の都府県単位代表区分に所属。大会不参加校を含む加盟校マスター上の代表区分属性。
SAM002983,PRG002608,ASM000017,AREA000028,2026,SRC000241,2026-10-03,2026年第108回選手権の都府県単位代表区分に所属。大会不参加校を含む加盟校マスター上の代表区分属性。
SAM002984,PRG002609,ASM000017,AREA000028,2026,SRC000241,2026-10-03,2026年第108回選手権の都府県単位代表区分に所属。大会不参加校を含む加盟校マスター上の代表区分属性。
SAM002985,PRG002610,ASM000017,AREA000028,2026,SRC000241,2026-10-03,2026年第108回選手権の都府県単位代表区分に所属。大会不参加校を含む加盟校マスター上の代表区分属性。
SAM002986,PRG002611,ASM000017,AREA000028,2026,SRC000241,2026-10-03,2026年第108回選手権の都府県単位代表区分に所属。大会不参加校を含む加盟校マスター上の代表区分属性。
SAM002987,PRG002612,ASM000017,AREA000028,2026,SRC000241,2026-10-03,2026年第108回選手権の都府県単位代表区分に所属。大会不参加校を含む加盟校マスター上の代表区分属性。
SAM002988,PRG002613,ASM000036,AREA000047,2026,SRC000241,2026-10-03,2026年第108回選手権の都府県単位代表区分に所属。大会不参加校を含む加盟校マスター上の代表区分属性。
SAM002989,PRG002614,ASM000036,AREA000047,2026,SRC000241,2026-10-03,2026年第108回選手権の都府県単位代表区分に所属。大会不参加校を含む加盟校マスター上の代表区分属性。
SAM002990,PRG002615,ASM000036,AREA000047,2026,SRC000241,2026-10-03,2026年第108回選手権の都府県単位代表区分に所属。大会不参加校を含む加盟校マスター上の代表区分属性。
SAM002991,PRG002616,ASM000036,AREA000047,2026,SRC000241,2026-10-03,2026年第108回選手権の都府県単位代表区分に所属。大会不参加校を含む加盟校マスター上の代表区分属性。
SAM002992,PRG002617,ASM000036,AREA000047,2026,SRC000241,2026-10-03,2026年第108回選手権の都府県単位代表区分に所属。大会不参加校を含む加盟校マスター上の代表区分属性。
SAM002993,PRG002618,ASM000036,AREA000047,2026,SRC000241,2026-10-03,2026年第108回選手権の都府県単位代表区分に所属。大会不参加校を含む加盟校マスター上の代表区分属性。
SAM002994,PRG002619,ASM000036,AREA000047,2026,SRC000241,2026-10-03,2026年第108回選手権の都府県単位代表区分に所属。大会不参加校を含む加盟校マスター上の代表区分属性。
SAM002995,PRG002620,ASM000036,AREA000047,2026,SRC000241,2026-10-03,2026年第108回選手権の都府県単位代表区分に所属。大会不参加校を含む加盟校マスター上の代表区分属性。
SAM002996,PRG002621,ASM000036,AREA000047,2026,SRC000241,2026-10-03,2026年第108回選手権の都府県単位代表区分に所属。大会不参加校を含む加盟校マスター上の代表区分属性。
SAM002997,PRG002622,ASM000036,AREA000047,2026,SRC000241,2026-10-03,2026年第108回選手権の都府県単位代表区分に所属。大会不参加校を含む加盟校マスター上の代表区分属性。
SAM002998,PRG002623,ASM000036,AREA000047,2026,SRC000241,2026-10-03,2026年第108回選手権の都府県単位代表区分に所属。大会不参加校を含む加盟校マスター上の代表区分属性。
SAM002999,PRG002624,ASM000036,AREA000047,2026,SRC000241,2026-10-03,2026年第108回選手権の都府県単位代表区分に所属。大会不参加校を含む加盟校マスター上の代表区分属性。
SAM003000,PRG002625,ASM000036,AREA000047,2026,SRC000241,2026-10-03,2026年第108回選手権の都府県単位代表区分に所属。大会不参加校を含む加盟校マスター上の代表区分属性。
SAM003001,PRG002626,ASM000036,AREA000047,2026,SRC000241,2026-10-03,2026年第108回選手権の都府県単位代表区分に所属。大会不参加校を含む加盟校マスター上の代表区分属性。
SAM003002,PRG002627,ASM000036,AREA000047,2026,SRC000241,2026-10-03,2026年第108回選手権の都府県単位代表区分に所属。大会不参加校を含む加盟校マスター上の代表区分属性。
SAM003003,PRG002628,ASM000036,AREA000047,2026,SRC000241,2026-10-03,2026年第108回選手権の都府県単位代表区分に所属。大会不参加校を含む加盟校マスター上の代表区分属性。
SAM003004,PRG002629,ASM000036,AREA000047,2026,SRC000241,2026-10-03,2026年第108回選手権の都府県単位代表区分に所属。大会不参加校を含む加盟校マスター上の代表区分属性。
SAM003005,PRG002630,ASM000036,AREA000047,2026,SRC000241,2026-10-03,2026年第108回選手権の都府県単位代表区分に所属。大会不参加校を含む加盟校マスター上の代表区分属性。
SAM003006,PRG002631,ASM000036,AREA000047,2026,SRC000241,2026-10-03,2026年第108回選手権の都府県単位代表区分に所属。大会不参加校を含む加盟校マスター上の代表区分属性。
SAM003007,PRG002632,ASM000036,AREA000047,2026,SRC000241,2026-10-03,2026年第108回選手権の都府県単位代表区分に所属。大会不参加校を含む加盟校マスター上の代表区分属性。
SAM003008,PRG002633,ASM000036,AREA000047,2026,SRC000241,2026-10-03,2026年第108回選手権の都府県単位代表区分に所属。大会不参加校を含む加盟校マスター上の代表区分属性。
SAM003009,PRG002634,ASM000036,AREA000047,2026,SRC000241,2026-10-03,2026年第108回選手権の都府県単位代表区分に所属。大会不参加校を含む加盟校マスター上の代表区分属性。
SAM003010,PRG002635,ASM000036,AREA000047,2026,SRC000241,2026-10-03,2026年第108回選手権の都府県単位代表区分に所属。大会不参加校を含む加盟校マスター上の代表区分属性。
SAM003011,PRG002636,ASM000036,AREA000047,2026,SRC000241,2026-10-03,2026年第108回選手権の都府県単位代表区分に所属。大会不参加校を含む加盟校マスター上の代表区分属性。
SAM003012,PRG002637,ASM000036,AREA000047,2026,SRC000241,2026-10-03,2026年第108回選手権の都府県単位代表区分に所属。大会不参加校を含む加盟校マスター上の代表区分属性。
SAM003013,PRG002638,ASM000036,AREA000047,2026,SRC000241,2026-10-03,2026年第108回選手権の都府県単位代表区分に所属。大会不参加校を含む加盟校マスター上の代表区分属性。
SAM003014,PRG002639,ASM000036,AREA000047,2026,SRC000241,2026-10-03,2026年第108回選手権の都府県単位代表区分に所属。大会不参加校を含む加盟校マスター上の代表区分属性。
SAM003015,PRG002640,ASM000036,AREA000047,2026,SRC000241,2026-10-03,2026年第108回選手権の都府県単位代表区分に所属。大会不参加校を含む加盟校マスター上の代表区分属性。
SAM003016,PRG002641,ASM000036,AREA000047,2026,SRC000241,2026-10-03,2026年第108回選手権の都府県単位代表区分に所属。大会不参加校を含む加盟校マスター上の代表区分属性。
SAM003017,PRG002642,ASM000036,AREA000047,2026,SRC000241,2026-10-03,2026年第108回選手権の都府県単位代表区分に所属。大会不参加校を含む加盟校マスター上の代表区分属性。
SAM003018,PRG002643,ASM000036,AREA000047,2026,SRC000241,2026-10-03,2026年第108回選手権の都府県単位代表区分に所属。大会不参加校を含む加盟校マスター上の代表区分属性。
SAM003019,PRG002644,ASM000036,AREA000047,2026,SRC000241,2026-10-03,2026年第108回選手権の都府県単位代表区分に所属。大会不参加校を含む加盟校マスター上の代表区分属性。
SAM003020,PRG002645,ASM000036,AREA000047,2026,SRC000241,2026-10-03,2026年第108回選手権の都府県単位代表区分に所属。大会不参加校を含む加盟校マスター上の代表区分属性。
SAM003021,PRG002646,ASM000036,AREA000047,2026,SRC000241,2026-10-03,2026年第108回選手権の都府県単位代表区分に所属。大会不参加校を含む加盟校マスター上の代表区分属性。
SAM003022,PRG002647,ASM000036,AREA000047,2026,SRC000241,2026-10-03,2026年第108回選手権の都府県単位代表区分に所属。大会不参加校を含む加盟校マスター上の代表区分属性。
SAM003023,PRG002648,ASM000036,AREA000047,2026,SRC000241,2026-10-03,2026年第108回選手権の都府県単位代表区分に所属。大会不参加校を含む加盟校マスター上の代表区分属性。
SAM003024,PRG002649,ASM000036,AREA000047,2026,SRC000241,2026-10-03,2026年第108回選手権の都府県単位代表区分に所属。大会不参加校を含む加盟校マスター上の代表区分属性。
SAM003025,PRG002650,ASM000036,AREA000047,2026,SRC000241,2026-10-03,2026年第108回選手権の都府県単位代表区分に所属。大会不参加校を含む加盟校マスター上の代表区分属性。
SAM003026,PRG002651,ASM000036,AREA000047,2026,SRC000241,2026-10-03,2026年第108回選手権の都府県単位代表区分に所属。大会不参加校を含む加盟校マスター上の代表区分属性。
SAM003027,PRG002652,ASM000036,AREA000047,2026,SRC000241,2026-10-03,2026年第108回選手権の都府県単位代表区分に所属。大会不参加校を含む加盟校マスター上の代表区分属性。
SAM003028,PRG002653,ASM000036,AREA000047,2026,SRC000241,2026-10-03,2026年第108回選手権の都府県単位代表区分に所属。大会不参加校を含む加盟校マスター上の代表区分属性。
SAM003029,PRG002654,ASM000036,AREA000047,2026,SRC000241,2026-10-03,2026年第108回選手権の都府県単位代表区分に所属。大会不参加校を含む加盟校マスター上の代表区分属性。
SAM003030,PRG002655,ASM000036,AREA000047,2026,SRC000241,2026-10-03,2026年第108回選手権の都府県単位代表区分に所属。大会不参加校を含む加盟校マスター上の代表区分属性。
SAM003031,PRG002656,ASM000036,AREA000047,2026,SRC000241,2026-10-03,2026年第108回選手権の都府県単位代表区分に所属。大会不参加校を含む加盟校マスター上の代表区分属性。
SAM003032,PRG002657,ASM000036,AREA000047,2026,SRC000241,2026-10-03,2026年第108回選手権の都府県単位代表区分に所属。大会不参加校を含む加盟校マスター上の代表区分属性。
SAM003033,PRG002658,ASM000036,AREA000047,2026,SRC000241,2026-10-03,2026年第108回選手権の都府県単位代表区分に所属。大会不参加校を含む加盟校マスター上の代表区分属性。
SAM003034,PRG002659,ASM000036,AREA000047,2026,SRC000241,2026-10-03,2026年第108回選手権の都府県単位代表区分に所属。大会不参加校を含む加盟校マスター上の代表区分属性。
SAM003035,PRG002660,ASM000036,AREA000047,2026,SRC000241,2026-10-03,2026年第108回選手権の都府県単位代表区分に所属。大会不参加校を含む加盟校マスター上の代表区分属性。
SAM003036,PRG002661,ASM000036,AREA000047,2026,SRC000241,2026-10-03,2026年第108回選手権の都府県単位代表区分に所属。大会不参加校を含む加盟校マスター上の代表区分属性。
SAM003037,PRG002662,ASM000036,AREA000047,2026,SRC000241,2026-10-03,2026年第108回選手権の都府県単位代表区分に所属。大会不参加校を含む加盟校マスター上の代表区分属性。
SAM003038,PRG002663,ASM000036,AREA000047,2026,SRC000241,2026-10-03,2026年第108回選手権の都府県単位代表区分に所属。大会不参加校を含む加盟校マスター上の代表区分属性。
SAM003039,PRG002664,ASM000036,AREA000047,2026,SRC000241,2026-10-03,2026年第108回選手権の都府県単位代表区分に所属。大会不参加校を含む加盟校マスター上の代表区分属性。
SAM003040,PRG002665,ASM000036,AREA000047,2026,SRC000241,2026-10-03,2026年第108回選手権の都府県単位代表区分に所属。大会不参加校を含む加盟校マスター上の代表区分属性。
SAM003041,PRG002666,ASM000036,AREA000047,2026,SRC000241,2026-10-03,2026年第108回選手権の都府県単位代表区分に所属。大会不参加校を含む加盟校マスター上の代表区分属性。
SAM003042,PRG002667,ASM000043,AREA000054,2026,SRC000241,2026-10-03,2026年第108回選手権の都府県単位代表区分に所属。大会不参加校を含む加盟校マスター上の代表区分属性。
SAM003043,PRG002668,ASM000043,AREA000054,2026,SRC000241,2026-10-03,2026年第108回選手権の都府県単位代表区分に所属。大会不参加校を含む加盟校マスター上の代表区分属性。
SAM003044,PRG002669,ASM000043,AREA000054,2026,SRC000241,2026-10-03,2026年第108回選手権の都府県単位代表区分に所属。大会不参加校を含む加盟校マスター上の代表区分属性。
SAM003045,PRG002670,ASM000043,AREA000054,2026,SRC000241,2026-10-03,2026年第108回選手権の都府県単位代表区分に所属。大会不参加校を含む加盟校マスター上の代表区分属性。
SAM003046,PRG002671,ASM000043,AREA000054,2026,SRC000241,2026-10-03,2026年第108回選手権の都府県単位代表区分に所属。大会不参加校を含む加盟校マスター上の代表区分属性。
SAM003047,PRG002672,ASM000043,AREA000054,2026,SRC000241,2026-10-03,2026年第108回選手権の都府県単位代表区分に所属。大会不参加校を含む加盟校マスター上の代表区分属性。
SAM003048,PRG002673,ASM000043,AREA000054,2026,SRC000241,2026-10-03,2026年第108回選手権の都府県単位代表区分に所属。大会不参加校を含む加盟校マスター上の代表区分属性。
SAM003049,PRG002674,ASM000043,AREA000054,2026,SRC000241,2026-10-03,2026年第108回選手権の都府県単位代表区分に所属。大会不参加校を含む加盟校マスター上の代表区分属性。
SAM003050,PRG002675,ASM000043,AREA000054,2026,SRC000241,2026-10-03,2026年第108回選手権の都府県単位代表区分に所属。大会不参加校を含む加盟校マスター上の代表区分属性。
SAM003051,PRG002676,ASM000043,AREA000054,2026,SRC000241,2026-10-03,2026年第108回選手権の都府県単位代表区分に所属。大会不参加校を含む加盟校マスター上の代表区分属性。
SAM003052,PRG002677,ASM000043,AREA000054,2026,SRC000241,2026-10-03,2026年第108回選手権の都府県単位代表区分に所属。大会不参加校を含む加盟校マスター上の代表区分属性。
SAM003053,PRG002678,ASM000043,AREA000054,2026,SRC000241,2026-10-03,2026年第108回選手権の都府県単位代表区分に所属。大会不参加校を含む加盟校マスター上の代表区分属性。
SAM003054,PRG002679,ASM000043,AREA000054,2026,SRC000241,2026-10-03,2026年第108回選手権の都府県単位代表区分に所属。大会不参加校を含む加盟校マスター上の代表区分属性。
SAM003055,PRG002680,ASM000043,AREA000054,2026,SRC000241,2026-10-03,2026年第108回選手権の都府県単位代表区分に所属。大会不参加校を含む加盟校マスター上の代表区分属性。
SAM003056,PRG002681,ASM000043,AREA000054,2026,SRC000241,2026-10-03,2026年第108回選手権の都府県単位代表区分に所属。大会不参加校を含む加盟校マスター上の代表区分属性。
SAM003057,PRG002682,ASM000043,AREA000054,2026,SRC000241,2026-10-03,2026年第108回選手権の都府県単位代表区分に所属。大会不参加校を含む加盟校マスター上の代表区分属性。
SAM003058,PRG002683,ASM000043,AREA000054,2026,SRC000241,2026-10-03,2026年第108回選手権の都府県単位代表区分に所属。大会不参加校を含む加盟校マスター上の代表区分属性。
SAM003059,PRG002684,ASM000043,AREA000054,2026,SRC000241,2026-10-03,2026年第108回選手権の都府県単位代表区分に所属。大会不参加校を含む加盟校マスター上の代表区分属性。
SAM003060,PRG002685,ASM000043,AREA000054,2026,SRC000241,2026-10-03,2026年第108回選手権の都府県単位代表区分に所属。大会不参加校を含む加盟校マスター上の代表区分属性。
SAM003061,PRG002686,ASM000043,AREA000054,2026,SRC000241,2026-10-03,2026年第108回選手権の都府県単位代表区分に所属。大会不参加校を含む加盟校マスター上の代表区分属性。
SAM003062,PRG002687,ASM000043,AREA000054,2026,SRC000241,2026-10-03,2026年第108回選手権の都府県単位代表区分に所属。大会不参加校を含む加盟校マスター上の代表区分属性。
SAM003063,PRG002688,ASM000043,AREA000054,2026,SRC000241,2026-10-03,2026年第108回選手権の都府県単位代表区分に所属。大会不参加校を含む加盟校マスター上の代表区分属性。
SAM003064,PRG002689,ASM000043,AREA000054,2026,SRC000241,2026-10-03,2026年第108回選手権の都府県単位代表区分に所属。大会不参加校を含む加盟校マスター上の代表区分属性。
SAM003065,PRG002690,ASM000043,AREA000054,2026,SRC000241,2026-10-03,2026年第108回選手権の都府県単位代表区分に所属。大会不参加校を含む加盟校マスター上の代表区分属性。
SAM003066,PRG002691,ASM000043,AREA000054,2026,SRC000241,2026-10-03,2026年第108回選手権の都府県単位代表区分に所属。大会不参加校を含む加盟校マスター上の代表区分属性。
SAM003067,PRG002692,ASM000043,AREA000054,2026,SRC000241,2026-10-03,2026年第108回選手権の都府県単位代表区分に所属。大会不参加校を含む加盟校マスター上の代表区分属性。
SAM003068,PRG002693,ASM000043,AREA000054,2026,SRC000241,2026-10-03,2026年第108回選手権の都府県単位代表区分に所属。大会不参加校を含む加盟校マスター上の代表区分属性。
SAM003069,PRG002694,ASM000043,AREA000054,2026,SRC000241,2026-10-03,2026年第108回選手権の都府県単位代表区分に所属。大会不参加校を含む加盟校マスター上の代表区分属性。
SAM003070,PRG002695,ASM000043,AREA000054,2026,SRC000241,2026-10-03,2026年第108回選手権の都府県単位代表区分に所属。大会不参加校を含む加盟校マスター上の代表区分属性。
SAM003071,PRG002696,ASM000043,AREA000054,2026,SRC000241,2026-10-03,2026年第108回選手権の都府県単位代表区分に所属。大会不参加校を含む加盟校マスター上の代表区分属性。
SAM003072,PRG002697,ASM000043,AREA000054,2026,SRC000241,2026-10-03,2026年第108回選手権の都府県単位代表区分に所属。大会不参加校を含む加盟校マスター上の代表区分属性。
SAM003073,PRG002698,ASM000043,AREA000054,2026,SRC000241,2026-10-03,2026年第108回選手権の都府県単位代表区分に所属。大会不参加校を含む加盟校マスター上の代表区分属性。
SAM003074,PRG002699,ASM000043,AREA000054,2026,SRC000241,2026-10-03,2026年第108回選手権の都府県単位代表区分に所属。大会不参加校を含む加盟校マスター上の代表区分属性。
SAM003075,PRG002700,ASM000043,AREA000054,2026,SRC000241,2026-10-03,2026年第108回選手権の都府県単位代表区分に所属。大会不参加校を含む加盟校マスター上の代表区分属性。
SAM003076,PRG002701,ASM000043,AREA000054,2026,SRC000241,2026-10-03,2026年第108回選手権の都府県単位代表区分に所属。大会不参加校を含む加盟校マスター上の代表区分属性。
SAM003077,PRG002702,ASM000043,AREA000054,2026,SRC000241,2026-10-03,2026年第108回選手権の都府県単位代表区分に所属。大会不参加校を含む加盟校マスター上の代表区分属性。
SAM003078,PRG002703,ASM000043,AREA000054,2026,SRC000241,2026-10-03,2026年第108回選手権の都府県単位代表区分に所属。大会不参加校を含む加盟校マスター上の代表区分属性。
SAM003079,PRG002704,ASM000043,AREA000054,2026,SRC000241,2026-10-03,2026年第108回選手権の都府県単位代表区分に所属。大会不参加校を含む加盟校マスター上の代表区分属性。
SAM003080,PRG002705,ASM000043,AREA000054,2026,SRC000241,2026-10-03,2026年第108回選手権の都府県単位代表区分に所属。大会不参加校を含む加盟校マスター上の代表区分属性。
SAM003081,PRG002706,ASM000043,AREA000054,2026,SRC000241,2026-10-03,2026年第108回選手権の都府県単位代表区分に所属。大会不参加校を含む加盟校マスター上の代表区分属性。
SAM003082,PRG002707,ASM000043,AREA000054,2026,SRC000241,2026-10-03,2026年第108回選手権の都府県単位代表区分に所属。大会不参加校を含む加盟校マスター上の代表区分属性。
SAM003083,PRG002708,ASM000043,AREA000054,2026,SRC000241,2026-10-03,2026年第108回選手権の都府県単位代表区分に所属。大会不参加校を含む加盟校マスター上の代表区分属性。
SAM003084,PRG002709,ASM000043,AREA000054,2026,SRC000241,2026-10-03,2026年第108回選手権の都府県単位代表区分に所属。大会不参加校を含む加盟校マスター上の代表区分属性。
SAM003085,PRG002710,ASM000043,AREA000054,2026,SRC000241,2026-10-03,2026年第108回選手権の都府県単位代表区分に所属。大会不参加校を含む加盟校マスター上の代表区分属性。
SAM003086,PRG002711,ASM000043,AREA000054,2026,SRC000241,2026-10-03,2026年第108回選手権の都府県単位代表区分に所属。大会不参加校を含む加盟校マスター上の代表区分属性。
SAM003087,PRG002712,ASM000043,AREA000054,2026,SRC000241,2026-10-03,2026年第108回選手権の都府県単位代表区分に所属。大会不参加校を含む加盟校マスター上の代表区分属性。
SAM003088,PRG002713,ASM000043,AREA000054,2026,SRC000241,2026-10-03,2026年第108回選手権の都府県単位代表区分に所属。大会不参加校を含む加盟校マスター上の代表区分属性。
SAM003089,PRG002714,ASM000043,AREA000054,2026,SRC000241,2026-10-03,2026年第108回選手権の都府県単位代表区分に所属。大会不参加校を含む加盟校マスター上の代表区分属性。
SAM003090,PRG002715,ASM000043,AREA000054,2026,SRC000241,2026-10-03,2026年第108回選手権の都府県単位代表区分に所属。大会不参加校を含む加盟校マスター上の代表区分属性。
SAM003091,PRG002716,ASM000043,AREA000054,2026,SRC000241,2026-10-03,2026年第108回選手権の都府県単位代表区分に所属。大会不参加校を含む加盟校マスター上の代表区分属性。
SAM003092,PRG002717,ASM000043,AREA000054,2026,SRC000241,2026-10-03,2026年第108回選手権の都府県単位代表区分に所属。大会不参加校を含む加盟校マスター上の代表区分属性。
SAM003093,PRG002718,ASM000043,AREA000054,2026,SRC000241,2026-10-03,2026年第108回選手権の都府県単位代表区分に所属。大会不参加校を含む加盟校マスター上の代表区分属性。
SAM003094,PRG002719,ASM000043,AREA000054,2026,SRC000241,2026-10-03,2026年第108回選手権の都府県単位代表区分に所属。大会不参加校を含む加盟校マスター上の代表区分属性。
SAM003095,PRG002720,ASM000048,AREA000059,2026,SRC000241,2026-10-03,2026年第108回選手権の都府県単位代表区分に所属。大会不参加校を含む加盟校マスター上の代表区分属性。
SAM003096,PRG002721,ASM000048,AREA000059,2026,SRC000241,2026-10-03,2026年第108回選手権の都府県単位代表区分に所属。大会不参加校を含む加盟校マスター上の代表区分属性。
SAM003097,PRG002722,ASM000048,AREA000059,2026,SRC000241,2026-10-03,2026年第108回選手権の都府県単位代表区分に所属。大会不参加校を含む加盟校マスター上の代表区分属性。
SAM003098,PRG002723,ASM000048,AREA000059,2026,SRC000241,2026-10-03,2026年第108回選手権の都府県単位代表区分に所属。大会不参加校を含む加盟校マスター上の代表区分属性。
SAM003099,PRG002724,ASM000048,AREA000059,2026,SRC000241,2026-10-03,2026年第108回選手権の都府県単位代表区分に所属。大会不参加校を含む加盟校マスター上の代表区分属性。
SAM003100,PRG002725,ASM000048,AREA000059,2026,SRC000241,2026-10-03,2026年第108回選手権の都府県単位代表区分に所属。大会不参加校を含む加盟校マスター上の代表区分属性。
SAM003101,PRG002726,ASM000048,AREA000059,2026,SRC000241,2026-10-03,2026年第108回選手権の都府県単位代表区分に所属。大会不参加校を含む加盟校マスター上の代表区分属性。
SAM003102,PRG002727,ASM000048,AREA000059,2026,SRC000241,2026-10-03,2026年第108回選手権の都府県単位代表区分に所属。大会不参加校を含む加盟校マスター上の代表区分属性。
SAM003103,PRG002728,ASM000048,AREA000059,2026,SRC000241,2026-10-03,2026年第108回選手権の都府県単位代表区分に所属。大会不参加校を含む加盟校マスター上の代表区分属性。
SAM003104,PRG002729,ASM000048,AREA000059,2026,SRC000241,2026-10-03,2026年第108回選手権の都府県単位代表区分に所属。大会不参加校を含む加盟校マスター上の代表区分属性。
SAM003105,PRG002730,ASM000048,AREA000059,2026,SRC000241,2026-10-03,2026年第108回選手権の都府県単位代表区分に所属。大会不参加校を含む加盟校マスター上の代表区分属性。
SAM003106,PRG002731,ASM000048,AREA000059,2026,SRC000241,2026-10-03,2026年第108回選手権の都府県単位代表区分に所属。大会不参加校を含む加盟校マスター上の代表区分属性。
SAM003107,PRG002732,ASM000048,AREA000059,2026,SRC000241,2026-10-03,2026年第108回選手権の都府県単位代表区分に所属。大会不参加校を含む加盟校マスター上の代表区分属性。
SAM003108,PRG002733,ASM000048,AREA000059,2026,SRC000241,2026-10-03,2026年第108回選手権の都府県単位代表区分に所属。大会不参加校を含む加盟校マスター上の代表区分属性。
SAM003109,PRG002734,ASM000048,AREA000059,2026,SRC000241,2026-10-03,2026年第108回選手権の都府県単位代表区分に所属。大会不参加校を含む加盟校マスター上の代表区分属性。
SAM003110,PRG002735,ASM000048,AREA000059,2026,SRC000241,2026-10-03,2026年第108回選手権の都府県単位代表区分に所属。大会不参加校を含む加盟校マスター上の代表区分属性。
SAM003111,PRG002736,ASM000048,AREA000059,2026,SRC000241,2026-10-03,2026年第108回選手権の都府県単位代表区分に所属。大会不参加校を含む加盟校マスター上の代表区分属性。
SAM003112,PRG002737,ASM000048,AREA000059,2026,SRC000241,2026-10-03,2026年第108回選手権の都府県単位代表区分に所属。大会不参加校を含む加盟校マスター上の代表区分属性。
SAM003113,PRG002738,ASM000048,AREA000059,2026,SRC000241,2026-10-03,2026年第108回選手権の都府県単位代表区分に所属。大会不参加校を含む加盟校マスター上の代表区分属性。
SAM003114,PRG002739,ASM000048,AREA000059,2026,SRC000241,2026-10-03,2026年第108回選手権の都府県単位代表区分に所属。大会不参加校を含む加盟校マスター上の代表区分属性。
SAM003115,PRG002740,ASM000048,AREA000059,2026,SRC000241,2026-10-03,2026年第108回選手権の都府県単位代表区分に所属。大会不参加校を含む加盟校マスター上の代表区分属性。
SAM003116,PRG002741,ASM000048,AREA000059,2026,SRC000241,2026-10-03,2026年第108回選手権の都府県単位代表区分に所属。大会不参加校を含む加盟校マスター上の代表区分属性。
SAM003117,PRG002742,ASM000048,AREA000059,2026,SRC000241,2026-10-03,2026年第108回選手権の都府県単位代表区分に所属。大会不参加校を含む加盟校マスター上の代表区分属性。
SAM003118,PRG002743,ASM000048,AREA000059,2026,SRC000241,2026-10-03,2026年第108回選手権の都府県単位代表区分に所属。大会不参加校を含む加盟校マスター上の代表区分属性。
SAM003119,PRG002744,ASM000048,AREA000059,2026,SRC000241,2026-10-03,2026年第108回選手権の都府県単位代表区分に所属。大会不参加校を含む加盟校マスター上の代表区分属性。
SAM003120,PRG002745,ASM000048,AREA000059,2026,SRC000241,2026-10-03,2026年第108回選手権の都府県単位代表区分に所属。大会不参加校を含む加盟校マスター上の代表区分属性。
SAM003121,PRG002746,ASM000048,AREA000059,2026,SRC000241,2026-10-03,2026年第108回選手権の都府県単位代表区分に所属。大会不参加校を含む加盟校マスター上の代表区分属性。
SAM003122,PRG002747,ASM000048,AREA000059,2026,SRC000241,2026-10-03,2026年第108回選手権の都府県単位代表区分に所属。大会不参加校を含む加盟校マスター上の代表区分属性。
SAM003123,PRG002748,ASM000048,AREA000059,2026,SRC000241,2026-10-03,2026年第108回選手権の都府県単位代表区分に所属。大会不参加校を含む加盟校マスター上の代表区分属性。
SAM003124,PRG002749,ASM000048,AREA000059,2026,SRC000241,2026-10-03,2026年第108回選手権の都府県単位代表区分に所属。大会不参加校を含む加盟校マスター上の代表区分属性。
SAM003125,PRG002750,ASM000048,AREA000059,2026,SRC000241,2026-10-03,2026年第108回選手権の都府県単位代表区分に所属。大会不参加校を含む加盟校マスター上の代表区分属性。
SAM003126,PRG002751,ASM000048,AREA000059,2026,SRC000241,2026-10-03,2026年第108回選手権の都府県単位代表区分に所属。大会不参加校を含む加盟校マスター上の代表区分属性。
SAM003127,PRG002752,ASM000048,AREA000059,2026,SRC000241,2026-10-03,2026年第108回選手権の都府県単位代表区分に所属。大会不参加校を含む加盟校マスター上の代表区分属性。
SAM003128,PRG002753,ASM000048,AREA000059,2026,SRC000241,2026-10-03,2026年第108回選手権の都府県単位代表区分に所属。大会不参加校を含む加盟校マスター上の代表区分属性。
SAM003129,PRG002754,ASM000048,AREA000059,2026,SRC000241,2026-10-03,2026年第108回選手権の都府県単位代表区分に所属。大会不参加校を含む加盟校マスター上の代表区分属性。
SAM003130,PRG002755,ASM000048,AREA000059,2026,SRC000241,2026-10-03,2026年第108回選手権の都府県単位代表区分に所属。大会不参加校を含む加盟校マスター上の代表区分属性。
SAM003131,PRG002756,ASM000048,AREA000059,2026,SRC000241,2026-10-03,2026年第108回選手権の都府県単位代表区分に所属。大会不参加校を含む加盟校マスター上の代表区分属性。
SAM003132,PRG002757,ASM000048,AREA000059,2026,SRC000241,2026-10-03,2026年第108回選手権の都府県単位代表区分に所属。大会不参加校を含む加盟校マスター上の代表区分属性。
SAM003133,PRG002758,ASM000048,AREA000059,2026,SRC000241,2026-10-03,2026年第108回選手権の都府県単位代表区分に所属。大会不参加校を含む加盟校マスター上の代表区分属性。
SAM003134,PRG002759,ASM000048,AREA000059,2026,SRC000241,2026-10-03,2026年第108回選手権の都府県単位代表区分に所属。大会不参加校を含む加盟校マスター上の代表区分属性。
SAM003135,PRG002760,ASM000048,AREA000059,2026,SRC000241,2026-10-03,2026年第108回選手権の都府県単位代表区分に所属。大会不参加校を含む加盟校マスター上の代表区分属性。
SAM003136,PRG002761,ASM000048,AREA000059,2026,SRC000241,2026-10-03,2026年第108回選手権の都府県単位代表区分に所属。大会不参加校を含む加盟校マスター上の代表区分属性。
SAM003137,PRG002762,ASM000048,AREA000059,2026,SRC000241,2026-10-03,2026年第108回選手権の都府県単位代表区分に所属。大会不参加校を含む加盟校マスター上の代表区分属性。
SAM003138,PRG002763,ASM000048,AREA000059,2026,SRC000241,2026-10-03,2026年第108回選手権の都府県単位代表区分に所属。大会不参加校を含む加盟校マスター上の代表区分属性。
SAM003139,PRG002764,ASM000048,AREA000059,2026,SRC000241,2026-10-03,2026年第108回選手権の都府県単位代表区分に所属。大会不参加校を含む加盟校マスター上の代表区分属性。
SAM003140,PRG002765,ASM000048,AREA000059,2026,SRC000241,2026-10-03,2026年第108回選手権の都府県単位代表区分に所属。大会不参加校を含む加盟校マスター上の代表区分属性。
SAM003141,PRG002766,ASM000048,AREA000059,2026,SRC000241,2026-10-03,2026年第108回選手権の都府県単位代表区分に所属。大会不参加校を含む加盟校マスター上の代表区分属性。
SAM003142,PRG002767,ASM000048,AREA000059,2026,SRC000241,2026-10-03,2026年第108回選手権の都府県単位代表区分に所属。大会不参加校を含む加盟校マスター上の代表区分属性。
SAM003143,PRG002768,ASM000048,AREA000059,2026,SRC000241,2026-10-03,2026年第108回選手権の都府県単位代表区分に所属。大会不参加校を含む加盟校マスター上の代表区分属性。
SAM003144,PRG002769,ASM000048,AREA000059,2026,SRC000241,2026-10-03,2026年第108回選手権の都府県単位代表区分に所属。大会不参加校を含む加盟校マスター上の代表区分属性。
SAM003145,PRG002770,ASM000048,AREA000059,2026,SRC000241,2026-10-03,2026年第108回選手権の都府県単位代表区分に所属。大会不参加校を含む加盟校マスター上の代表区分属性。
SAM003146,PRG002771,ASM000048,AREA000059,2026,SRC000241,2026-10-03,2026年第108回選手権の都府県単位代表区分に所属。大会不参加校を含む加盟校マスター上の代表区分属性。
SAM003147,PRG002772,ASM000048,AREA000059,2026,SRC000241,2026-10-03,2026年第108回選手権の都府県単位代表区分に所属。大会不参加校を含む加盟校マスター上の代表区分属性。
SAM003148,PRG002773,ASM000048,AREA000059,2026,SRC000241,2026-10-03,2026年第108回選手権の都府県単位代表区分に所属。大会不参加校を含む加盟校マスター上の代表区分属性。
SAM003149,PRG002774,ASM000048,AREA000059,2026,SRC000241,2026-10-03,2026年第108回選手権の都府県単位代表区分に所属。大会不参加校を含む加盟校マスター上の代表区分属性。
SAM003150,PRG002775,ASM000048,AREA000059,2026,SRC000241,2026-10-03,2026年第108回選手権の都府県単位代表区分に所属。大会不参加校を含む加盟校マスター上の代表区分属性。
SAM003151,PRG002776,ASM000048,AREA000059,2026,SRC000241,2026-10-03,2026年第108回選手権の都府県単位代表区分に所属。大会不参加校を含む加盟校マスター上の代表区分属性。
SAM003152,PRG002777,ASM000048,AREA000059,2026,SRC000241,2026-10-03,2026年第108回選手権の都府県単位代表区分に所属。大会不参加校を含む加盟校マスター上の代表区分属性。
SAM003153,PRG002778,ASM000048,AREA000059,2026,SRC000241,2026-10-03,2026年第108回選手権の都府県単位代表区分に所属。大会不参加校を含む加盟校マスター上の代表区分属性。
SAM003154,PRG002779,ASM000048,AREA000059,2026,SRC000241,2026-10-03,2026年第108回選手権の都府県単位代表区分に所属。大会不参加校を含む加盟校マスター上の代表区分属性。
SAM003155,PRG002780,ASM000048,AREA000059,2026,SRC000241,2026-10-03,2026年第108回選手権の都府県単位代表区分に所属。大会不参加校を含む加盟校マスター上の代表区分属性。
SAM003156,PRG002781,ASM000048,AREA000059,2026,SRC000241,2026-10-03,2026年第108回選手権の都府県単位代表区分に所属。大会不参加校を含む加盟校マスター上の代表区分属性。
SAM003157,PRG002782,ASM000005,AREA000016,2026,SRC000241,2026-10-03,2026年第108回選手権の都府県単位代表区分に所属。大会不参加校を含む加盟校マスター上の代表区分属性。
SAM003158,PRG002783,ASM000005,AREA000016,2026,SRC000241,2026-10-03,2026年第108回選手権の都府県単位代表区分に所属。大会不参加校を含む加盟校マスター上の代表区分属性。
SAM003159,PRG002784,ASM000005,AREA000016,2026,SRC000241,2026-10-03,2026年第108回選手権の都府県単位代表区分に所属。大会不参加校を含む加盟校マスター上の代表区分属性。
SAM003160,PRG002785,ASM000005,AREA000016,2026,SRC000241,2026-10-03,2026年第108回選手権の都府県単位代表区分に所属。大会不参加校を含む加盟校マスター上の代表区分属性。
SAM003161,PRG002786,ASM000005,AREA000016,2026,SRC000241,2026-10-03,2026年第108回選手権の都府県単位代表区分に所属。大会不参加校を含む加盟校マスター上の代表区分属性。
SAM003162,PRG002787,ASM000005,AREA000016,2026,SRC000241,2026-10-03,2026年第108回選手権の都府県単位代表区分に所属。大会不参加校を含む加盟校マスター上の代表区分属性。
SAM003163,PRG002788,ASM000005,AREA000016,2026,SRC000241,2026-10-03,2026年第108回選手権の都府県単位代表区分に所属。大会不参加校を含む加盟校マスター上の代表区分属性。
SAM003164,PRG002789,ASM000005,AREA000016,2026,SRC000241,2026-10-03,2026年第108回選手権の都府県単位代表区分に所属。大会不参加校を含む加盟校マスター上の代表区分属性。
SAM003165,PRG002790,ASM000005,AREA000016,2026,SRC000241,2026-10-03,2026年第108回選手権の都府県単位代表区分に所属。大会不参加校を含む加盟校マスター上の代表区分属性。
SAM003166,PRG002791,ASM000005,AREA000016,2026,SRC000241,2026-10-03,2026年第108回選手権の都府県単位代表区分に所属。大会不参加校を含む加盟校マスター上の代表区分属性。
SAM003167,PRG002792,ASM000005,AREA000016,2026,SRC000241,2026-10-03,2026年第108回選手権の都府県単位代表区分に所属。大会不参加校を含む加盟校マスター上の代表区分属性。
SAM003168,PRG002793,ASM000005,AREA000016,2026,SRC000241,2026-10-03,2026年第108回選手権の都府県単位代表区分に所属。大会不参加校を含む加盟校マスター上の代表区分属性。
SAM003169,PRG002794,ASM000005,AREA000016,2026,SRC000241,2026-10-03,2026年第108回選手権の都府県単位代表区分に所属。大会不参加校を含む加盟校マスター上の代表区分属性。
SAM003170,PRG002795,ASM000005,AREA000016,2026,SRC000241,2026-10-03,2026年第108回選手権の都府県単位代表区分に所属。大会不参加校を含む加盟校マスター上の代表区分属性。
SAM003171,PRG002796,ASM000005,AREA000016,2026,SRC000241,2026-10-03,2026年第108回選手権の都府県単位代表区分に所属。大会不参加校を含む加盟校マスター上の代表区分属性。
SAM003172,PRG002797,ASM000005,AREA000016,2026,SRC000241,2026-10-03,2026年第108回選手権の都府県単位代表区分に所属。大会不参加校を含む加盟校マスター上の代表区分属性。
SAM003173,PRG002798,ASM000005,AREA000016,2026,SRC000241,2026-10-03,2026年第108回選手権の都府県単位代表区分に所属。大会不参加校を含む加盟校マスター上の代表区分属性。
SAM003174,PRG002799,ASM000005,AREA000016,2026,SRC000241,2026-10-03,2026年第108回選手権の都府県単位代表区分に所属。大会不参加校を含む加盟校マスター上の代表区分属性。
SAM003175,PRG002800,ASM000005,AREA000016,2026,SRC000241,2026-10-03,2026年第108回選手権の都府県単位代表区分に所属。大会不参加校を含む加盟校マスター上の代表区分属性。
SAM003176,PRG002801,ASM000005,AREA000016,2026,SRC000241,2026-10-03,2026年第108回選手権の都府県単位代表区分に所属。大会不参加校を含む加盟校マスター上の代表区分属性。
SAM003177,PRG002802,ASM000005,AREA000016,2026,SRC000241,2026-10-03,2026年第108回選手権の都府県単位代表区分に所属。大会不参加校を含む加盟校マスター上の代表区分属性。
SAM003178,PRG002803,ASM000005,AREA000016,2026,SRC000241,2026-10-03,2026年第108回選手権の都府県単位代表区分に所属。大会不参加校を含む加盟校マスター上の代表区分属性。
SAM003179,PRG002804,ASM000005,AREA000016,2026,SRC000241,2026-10-03,2026年第108回選手権の都府県単位代表区分に所属。大会不参加校を含む加盟校マスター上の代表区分属性。
SAM003180,PRG002805,ASM000005,AREA000016,2026,SRC000241,2026-10-03,2026年第108回選手権の都府県単位代表区分に所属。大会不参加校を含む加盟校マスター上の代表区分属性。
SAM003181,PRG002806,ASM000005,AREA000016,2026,SRC000241,2026-10-03,2026年第108回選手権の都府県単位代表区分に所属。大会不参加校を含む加盟校マスター上の代表区分属性。
SAM003182,PRG002807,ASM000005,AREA000016,2026,SRC000241,2026-10-03,2026年第108回選手権の都府県単位代表区分に所属。大会不参加校を含む加盟校マスター上の代表区分属性。
SAM003183,PRG002808,ASM000005,AREA000016,2026,SRC000241,2026-10-03,2026年第108回選手権の都府県単位代表区分に所属。大会不参加校を含む加盟校マスター上の代表区分属性。
SAM003184,PRG002809,ASM000005,AREA000016,2026,SRC000241,2026-10-03,2026年第108回選手権の都府県単位代表区分に所属。大会不参加校を含む加盟校マスター上の代表区分属性。
SAM003185,PRG002810,ASM000005,AREA000016,2026,SRC000241,2026-10-03,2026年第108回選手権の都府県単位代表区分に所属。大会不参加校を含む加盟校マスター上の代表区分属性。
SAM003186,PRG002811,ASM000005,AREA000016,2026,SRC000241,2026-10-03,2026年第108回選手権の都府県単位代表区分に所属。大会不参加校を含む加盟校マスター上の代表区分属性。
SAM003187,PRG002812,ASM000005,AREA000016,2026,SRC000241,2026-10-03,2026年第108回選手権の都府県単位代表区分に所属。大会不参加校を含む加盟校マスター上の代表区分属性。
SAM003188,PRG002813,ASM000005,AREA000016,2026,SRC000241,2026-10-03,2026年第108回選手権の都府県単位代表区分に所属。大会不参加校を含む加盟校マスター上の代表区分属性。
SAM003189,PRG002814,ASM000005,AREA000016,2026,SRC000241,2026-10-03,2026年第108回選手権の都府県単位代表区分に所属。大会不参加校を含む加盟校マスター上の代表区分属性。
SAM003190,PRG002815,ASM000005,AREA000016,2026,SRC000241,2026-10-03,2026年第108回選手権の都府県単位代表区分に所属。大会不参加校を含む加盟校マスター上の代表区分属性。
SAM003191,PRG002816,ASM000005,AREA000016,2026,SRC000241,2026-10-03,2026年第108回選手権の都府県単位代表区分に所属。大会不参加校を含む加盟校マスター上の代表区分属性。
SAM003192,PRG002817,ASM000005,AREA000016,2026,SRC000241,2026-10-03,2026年第108回選手権の都府県単位代表区分に所属。大会不参加校を含む加盟校マスター上の代表区分属性。
SAM003193,PRG002818,ASM000005,AREA000016,2026,SRC000241,2026-10-03,2026年第108回選手権の都府県単位代表区分に所属。大会不参加校を含む加盟校マスター上の代表区分属性。
SAM003194,PRG002819,ASM000005,AREA000016,2026,SRC000241,2026-10-03,2026年第108回選手権の都府県単位代表区分に所属。大会不参加校を含む加盟校マスター上の代表区分属性。
SAM003195,PRG002820,ASM000005,AREA000016,2026,SRC000241,2026-10-03,2026年第108回選手権の都府県単位代表区分に所属。大会不参加校を含む加盟校マスター上の代表区分属性。
SAM003196,PRG002821,ASM000005,AREA000016,2026,SRC000241,2026-10-03,2026年第108回選手権の都府県単位代表区分に所属。大会不参加校を含む加盟校マスター上の代表区分属性。
SAM003197,PRG002822,ASM000005,AREA000016,2026,SRC000241,2026-10-03,2026年第108回選手権の都府県単位代表区分に所属。大会不参加校を含む加盟校マスター上の代表区分属性。
SAM003198,PRG002823,ASM000005,AREA000016,2026,SRC000241,2026-10-03,2026年第108回選手権の都府県単位代表区分に所属。大会不参加校を含む加盟校マスター上の代表区分属性。
SAM003199,PRG002824,ASM000005,AREA000016,2026,SRC000241,2026-10-03,2026年第108回選手権の都府県単位代表区分に所属。大会不参加校を含む加盟校マスター上の代表区分属性。
SAM003200,PRG002825,ASM000005,AREA000016,2026,SRC000241,2026-10-03,2026年第108回選手権の都府県単位代表区分に所属。大会不参加校を含む加盟校マスター上の代表区分属性。
SAM003201,PRG002826,ASM000005,AREA000016,2026,SRC000241,2026-10-03,2026年第108回選手権の都府県単位代表区分に所属。大会不参加校を含む加盟校マスター上の代表区分属性。
SAM003202,PRG002827,ASM000005,AREA000016,2026,SRC000241,2026-10-03,2026年第108回選手権の都府県単位代表区分に所属。大会不参加校を含む加盟校マスター上の代表区分属性。
SAM003203,PRG002828,ASM000005,AREA000016,2026,SRC000241,2026-10-03,2026年第108回選手権の都府県単位代表区分に所属。大会不参加校を含む加盟校マスター上の代表区分属性。
SAM003204,PRG002829,ASM000005,AREA000016,2026,SRC000241,2026-10-03,2026年第108回選手権の都府県単位代表区分に所属。大会不参加校を含む加盟校マスター上の代表区分属性。
SAM003205,PRG002830,ASM000005,AREA000016,2026,SRC000241,2026-10-03,2026年第108回選手権の都府県単位代表区分に所属。大会不参加校を含む加盟校マスター上の代表区分属性。
SAM003206,PRG002831,ASM000005,AREA000016,2026,SRC000241,2026-10-03,2026年第108回選手権の都府県単位代表区分に所属。大会不参加校を含む加盟校マスター上の代表区分属性。
SAM003207,PRG002832,ASM000005,AREA000016,2026,SRC000241,2026-10-03,2026年第108回選手権の都府県単位代表区分に所属。大会不参加校を含む加盟校マスター上の代表区分属性。
SAM003208,PRG002833,ASM000005,AREA000016,2026,SRC000241,2026-10-03,2026年第108回選手権の都府県単位代表区分に所属。大会不参加校を含む加盟校マスター上の代表区分属性。
SAM003209,PRG002834,ASM000005,AREA000016,2026,SRC000241,2026-10-03,2026年第108回選手権の都府県単位代表区分に所属。大会不参加校を含む加盟校マスター上の代表区分属性。
SAM003210,PRG002835,ASM000005,AREA000016,2026,SRC000241,2026-10-03,2026年第108回選手権の都府県単位代表区分に所属。大会不参加校を含む加盟校マスター上の代表区分属性。
SAM003211,PRG002836,ASM000005,AREA000016,2026,SRC000241,2026-10-03,2026年第108回選手権の都府県単位代表区分に所属。大会不参加校を含む加盟校マスター上の代表区分属性。
SAM003212,PRG002837,ASM000005,AREA000016,2026,SRC000241,2026-10-03,2026年第108回選手権の都府県単位代表区分に所属。大会不参加校を含む加盟校マスター上の代表区分属性。
SAM003213,PRG002838,ASM000005,AREA000016,2026,SRC000241,2026-10-03,2026年第108回選手権の都府県単位代表区分に所属。大会不参加校を含む加盟校マスター上の代表区分属性。
SAM003214,PRG002839,ASM000005,AREA000016,2026,SRC000241,2026-10-03,2026年第108回選手権の都府県単位代表区分に所属。大会不参加校を含む加盟校マスター上の代表区分属性。
SAM003215,PRG002840,ASM000005,AREA000016,2026,SRC000241,2026-10-03,2026年第108回選手権の都府県単位代表区分に所属。大会不参加校を含む加盟校マスター上の代表区分属性。
SAM003216,PRG002841,ASM000005,AREA000016,2026,SRC000241,2026-10-03,2026年第108回選手権の都府県単位代表区分に所属。大会不参加校を含む加盟校マスター上の代表区分属性。
SAM003217,PRG002842,ASM000005,AREA000016,2026,SRC000241,2026-10-03,2026年第108回選手権の都府県単位代表区分に所属。大会不参加校を含む加盟校マスター上の代表区分属性。
SAM003218,PRG002843,ASM000010,AREA000021,2026,SRC000241,2026-10-03,2026年第108回選手権の都府県単位代表区分に所属。大会不参加校を含む加盟校マスター上の代表区分属性。
SAM003219,PRG002844,ASM000010,AREA000021,2026,SRC000241,2026-10-03,2026年第108回選手権の都府県単位代表区分に所属。大会不参加校を含む加盟校マスター上の代表区分属性。
SAM003220,PRG002845,ASM000010,AREA000021,2026,SRC000241,2026-10-03,2026年第108回選手権の都府県単位代表区分に所属。大会不参加校を含む加盟校マスター上の代表区分属性。
SAM003221,PRG002846,ASM000010,AREA000021,2026,SRC000241,2026-10-03,2026年第108回選手権の都府県単位代表区分に所属。大会不参加校を含む加盟校マスター上の代表区分属性。
SAM003222,PRG002847,ASM000010,AREA000021,2026,SRC000241,2026-10-03,2026年第108回選手権の都府県単位代表区分に所属。大会不参加校を含む加盟校マスター上の代表区分属性。
SAM003223,PRG002848,ASM000010,AREA000021,2026,SRC000241,2026-10-03,2026年第108回選手権の都府県単位代表区分に所属。大会不参加校を含む加盟校マスター上の代表区分属性。
SAM003224,PRG002849,ASM000010,AREA000021,2026,SRC000241,2026-10-03,2026年第108回選手権の都府県単位代表区分に所属。大会不参加校を含む加盟校マスター上の代表区分属性。
SAM003225,PRG002850,ASM000010,AREA000021,2026,SRC000241,2026-10-03,2026年第108回選手権の都府県単位代表区分に所属。大会不参加校を含む加盟校マスター上の代表区分属性。
SAM003226,PRG002851,ASM000010,AREA000021,2026,SRC000241,2026-10-03,2026年第108回選手権の都府県単位代表区分に所属。大会不参加校を含む加盟校マスター上の代表区分属性。
SAM003227,PRG002852,ASM000010,AREA000021,2026,SRC000241,2026-10-03,2026年第108回選手権の都府県単位代表区分に所属。大会不参加校を含む加盟校マスター上の代表区分属性。
SAM003228,PRG002853,ASM000010,AREA000021,2026,SRC000241,2026-10-03,2026年第108回選手権の都府県単位代表区分に所属。大会不参加校を含む加盟校マスター上の代表区分属性。
SAM003229,PRG002854,ASM000010,AREA000021,2026,SRC000241,2026-10-03,2026年第108回選手権の都府県単位代表区分に所属。大会不参加校を含む加盟校マスター上の代表区分属性。
SAM003230,PRG002855,ASM000010,AREA000021,2026,SRC000241,2026-10-03,2026年第108回選手権の都府県単位代表区分に所属。大会不参加校を含む加盟校マスター上の代表区分属性。
SAM003231,PRG002856,ASM000010,AREA000021,2026,SRC000241,2026-10-03,2026年第108回選手権の都府県単位代表区分に所属。大会不参加校を含む加盟校マスター上の代表区分属性。
SAM003232,PRG002857,ASM000010,AREA000021,2026,SRC000241,2026-10-03,2026年第108回選手権の都府県単位代表区分に所属。大会不参加校を含む加盟校マスター上の代表区分属性。
SAM003233,PRG002858,ASM000010,AREA000021,2026,SRC000241,2026-10-03,2026年第108回選手権の都府県単位代表区分に所属。大会不参加校を含む加盟校マスター上の代表区分属性。
SAM003234,PRG002859,ASM000010,AREA000021,2026,SRC000241,2026-10-03,2026年第108回選手権の都府県単位代表区分に所属。大会不参加校を含む加盟校マスター上の代表区分属性。
SAM003235,PRG002860,ASM000010,AREA000021,2026,SRC000241,2026-10-03,2026年第108回選手権の都府県単位代表区分に所属。大会不参加校を含む加盟校マスター上の代表区分属性。
SAM003236,PRG002861,ASM000010,AREA000021,2026,SRC000241,2026-10-03,2026年第108回選手権の都府県単位代表区分に所属。大会不参加校を含む加盟校マスター上の代表区分属性。
SAM003237,PRG002862,ASM000010,AREA000021,2026,SRC000241,2026-10-03,2026年第108回選手権の都府県単位代表区分に所属。大会不参加校を含む加盟校マスター上の代表区分属性。
SAM003238,PRG002863,ASM000010,AREA000021,2026,SRC000241,2026-10-03,2026年第108回選手権の都府県単位代表区分に所属。大会不参加校を含む加盟校マスター上の代表区分属性。
SAM003239,PRG002864,ASM000010,AREA000021,2026,SRC000241,2026-10-03,2026年第108回選手権の都府県単位代表区分に所属。大会不参加校を含む加盟校マスター上の代表区分属性。
SAM003240,PRG002865,ASM000010,AREA000021,2026,SRC000241,2026-10-03,2026年第108回選手権の都府県単位代表区分に所属。大会不参加校を含む加盟校マスター上の代表区分属性。
SAM003241,PRG002866,ASM000010,AREA000021,2026,SRC000241,2026-10-03,2026年第108回選手権の都府県単位代表区分に所属。大会不参加校を含む加盟校マスター上の代表区分属性。
SAM003242,PRG002867,ASM000010,AREA000021,2026,SRC000241,2026-10-03,2026年第108回選手権の都府県単位代表区分に所属。大会不参加校を含む加盟校マスター上の代表区分属性。
SAM003243,PRG002868,ASM000010,AREA000021,2026,SRC000241,2026-10-03,2026年第108回選手権の都府県単位代表区分に所属。大会不参加校を含む加盟校マスター上の代表区分属性。
SAM003244,PRG002869,ASM000010,AREA000021,2026,SRC000241,2026-10-03,2026年第108回選手権の都府県単位代表区分に所属。大会不参加校を含む加盟校マスター上の代表区分属性。
SAM003245,PRG002870,ASM000010,AREA000021,2026,SRC000241,2026-10-03,2026年第108回選手権の都府県単位代表区分に所属。大会不参加校を含む加盟校マスター上の代表区分属性。
SAM003246,PRG002871,ASM000010,AREA000021,2026,SRC000241,2026-10-03,2026年第108回選手権の都府県単位代表区分に所属。大会不参加校を含む加盟校マスター上の代表区分属性。
SAM003247,PRG002872,ASM000010,AREA000021,2026,SRC000241,2026-10-03,2026年第108回選手権の都府県単位代表区分に所属。大会不参加校を含む加盟校マスター上の代表区分属性。
SAM003248,PRG002873,ASM000010,AREA000021,2026,SRC000241,2026-10-03,2026年第108回選手権の都府県単位代表区分に所属。大会不参加校を含む加盟校マスター上の代表区分属性。
SAM003249,PRG002874,ASM000010,AREA000021,2026,SRC000241,2026-10-03,2026年第108回選手権の都府県単位代表区分に所属。大会不参加校を含む加盟校マスター上の代表区分属性。
SAM003250,PRG002875,ASM000010,AREA000021,2026,SRC000241,2026-10-03,2026年第108回選手権の都府県単位代表区分に所属。大会不参加校を含む加盟校マスター上の代表区分属性。
SAM003251,PRG002876,ASM000010,AREA000021,2026,SRC000241,2026-10-03,2026年第108回選手権の都府県単位代表区分に所属。大会不参加校を含む加盟校マスター上の代表区分属性。
SAM003252,PRG002877,ASM000010,AREA000021,2026,SRC000241,2026-10-03,2026年第108回選手権の都府県単位代表区分に所属。大会不参加校を含む加盟校マスター上の代表区分属性。
SAM003253,PRG002878,ASM000010,AREA000021,2026,SRC000241,2026-10-03,2026年第108回選手権の都府県単位代表区分に所属。大会不参加校を含む加盟校マスター上の代表区分属性。
SAM003254,PRG002879,ASM000010,AREA000021,2026,SRC000241,2026-10-03,2026年第108回選手権の都府県単位代表区分に所属。大会不参加校を含む加盟校マスター上の代表区分属性。
SAM003255,PRG002880,ASM000010,AREA000021,2026,SRC000241,2026-10-03,2026年第108回選手権の都府県単位代表区分に所属。大会不参加校を含む加盟校マスター上の代表区分属性。
SAM003256,PRG002881,ASM000010,AREA000021,2026,SRC000241,2026-10-03,2026年第108回選手権の都府県単位代表区分に所属。大会不参加校を含む加盟校マスター上の代表区分属性。
SAM003257,PRG002882,ASM000010,AREA000021,2026,SRC000241,2026-10-03,2026年第108回選手権の都府県単位代表区分に所属。大会不参加校を含む加盟校マスター上の代表区分属性。
SAM003258,PRG002883,ASM000010,AREA000021,2026,SRC000241,2026-10-03,2026年第108回選手権の都府県単位代表区分に所属。大会不参加校を含む加盟校マスター上の代表区分属性。
SAM003259,PRG002884,ASM000010,AREA000021,2026,SRC000241,2026-10-03,2026年第108回選手権の都府県単位代表区分に所属。大会不参加校を含む加盟校マスター上の代表区分属性。
SAM003260,PRG002885,ASM000010,AREA000021,2026,SRC000241,2026-10-03,2026年第108回選手権の都府県単位代表区分に所属。大会不参加校を含む加盟校マスター上の代表区分属性。
SAM003261,PRG002886,ASM000010,AREA000021,2026,SRC000241,2026-10-03,2026年第108回選手権の都府県単位代表区分に所属。大会不参加校を含む加盟校マスター上の代表区分属性。
SAM003262,PRG002887,ASM000010,AREA000021,2026,SRC000241,2026-10-03,2026年第108回選手権の都府県単位代表区分に所属。大会不参加校を含む加盟校マスター上の代表区分属性。
SAM003263,PRG002888,ASM000010,AREA000021,2026,SRC000241,2026-10-03,2026年第108回選手権の都府県単位代表区分に所属。大会不参加校を含む加盟校マスター上の代表区分属性。
SAM003264,PRG002889,ASM000010,AREA000021,2026,SRC000241,2026-10-03,2026年第108回選手権の都府県単位代表区分に所属。大会不参加校を含む加盟校マスター上の代表区分属性。
SAM003265,PRG002890,ASM000010,AREA000021,2026,SRC000241,2026-10-03,2026年第108回選手権の都府県単位代表区分に所属。大会不参加校を含む加盟校マスター上の代表区分属性。
SAM003266,PRG002891,ASM000010,AREA000021,2026,SRC000241,2026-10-03,2026年第108回選手権の都府県単位代表区分に所属。大会不参加校を含む加盟校マスター上の代表区分属性。
SAM003267,PRG002892,ASM000010,AREA000021,2026,SRC000241,2026-10-03,2026年第108回選手権の都府県単位代表区分に所属。大会不参加校を含む加盟校マスター上の代表区分属性。
SAM003268,PRG002893,ASM000010,AREA000021,2026,SRC000241,2026-10-03,2026年第108回選手権の都府県単位代表区分に所属。大会不参加校を含む加盟校マスター上の代表区分属性。
SAM003269,PRG002894,ASM000010,AREA000021,2026,SRC000241,2026-10-03,2026年第108回選手権の都府県単位代表区分に所属。大会不参加校を含む加盟校マスター上の代表区分属性。
SAM003270,PRG002895,ASM000010,AREA000021,2026,SRC000241,2026-10-03,2026年第108回選手権の都府県単位代表区分に所属。大会不参加校を含む加盟校マスター上の代表区分属性。
SAM003271,PRG002896,ASM000010,AREA000021,2026,SRC000241,2026-10-03,2026年第108回選手権の都府県単位代表区分に所属。大会不参加校を含む加盟校マスター上の代表区分属性。
SAM003272,PRG002897,ASM000010,AREA000021,2026,SRC000241,2026-10-03,2026年第108回選手権の都府県単位代表区分に所属。大会不参加校を含む加盟校マスター上の代表区分属性。
SAM003273,PRG002898,ASM000010,AREA000021,2026,SRC000241,2026-10-03,2026年第108回選手権の都府県単位代表区分に所属。大会不参加校を含む加盟校マスター上の代表区分属性。
SAM003274,PRG002899,ASM000010,AREA000021,2026,SRC000241,2026-10-03,2026年第108回選手権の都府県単位代表区分に所属。大会不参加校を含む加盟校マスター上の代表区分属性。
SAM003275,PRG002900,ASM000010,AREA000021,2026,SRC000241,2026-10-03,2026年第108回選手権の都府県単位代表区分に所属。大会不参加校を含む加盟校マスター上の代表区分属性。
SAM003276,PRG002901,ASM000010,AREA000021,2026,SRC000241,2026-10-03,2026年第108回選手権の都府県単位代表区分に所属。大会不参加校を含む加盟校マスター上の代表区分属性。
SAM003277,PRG002902,ASM000010,AREA000021,2026,SRC000241,2026-10-03,2026年第108回選手権の都府県単位代表区分に所属。大会不参加校を含む加盟校マスター上の代表区分属性。
SAM003278,PRG002903,ASM000010,AREA000021,2026,SRC000241,2026-10-03,2026年第108回選手権の都府県単位代表区分に所属。大会不参加校を含む加盟校マスター上の代表区分属性。
SAM003279,PRG002904,ASM000010,AREA000021,2026,SRC000241,2026-10-03,2026年第108回選手権の都府県単位代表区分に所属。大会不参加校を含む加盟校マスター上の代表区分属性。
SAM003280,PRG002905,ASM000010,AREA000021,2026,SRC000241,2026-10-03,2026年第108回選手権の都府県単位代表区分に所属。大会不参加校を含む加盟校マスター上の代表区分属性。
SAM003281,PRG002906,ASM000010,AREA000021,2026,SRC000241,2026-10-03,2026年第108回選手権の都府県単位代表区分に所属。大会不参加校を含む加盟校マスター上の代表区分属性。
SAM003282,PRG002907,ASM000010,AREA000021,2026,SRC000241,2026-10-03,2026年第108回選手権の都府県単位代表区分に所属。大会不参加校を含む加盟校マスター上の代表区分属性。
SAM003283,PRG002908,ASM000010,AREA000021,2026,SRC000241,2026-10-03,2026年第108回選手権の都府県単位代表区分に所属。大会不参加校を含む加盟校マスター上の代表区分属性。
SAM003284,PRG002909,ASM000010,AREA000021,2026,SRC000241,2026-10-03,2026年第108回選手権の都府県単位代表区分に所属。大会不参加校を含む加盟校マスター上の代表区分属性。
SAM003285,PRG002910,ASM000010,AREA000021,2026,SRC000241,2026-10-03,2026年第108回選手権の都府県単位代表区分に所属。大会不参加校を含む加盟校マスター上の代表区分属性。
SAM003286,PRG002911,ASM000010,AREA000021,2026,SRC000241,2026-10-03,2026年第108回選手権の都府県単位代表区分に所属。大会不参加校を含む加盟校マスター上の代表区分属性。
SAM003287,PRG002912,ASM000010,AREA000021,2026,SRC000241,2026-10-03,2026年第108回選手権の都府県単位代表区分に所属。大会不参加校を含む加盟校マスター上の代表区分属性。
SAM003288,PRG002913,ASM000010,AREA000021,2026,SRC000241,2026-10-03,2026年第108回選手権の都府県単位代表区分に所属。大会不参加校を含む加盟校マスター上の代表区分属性。
SAM003289,PRG002914,ASM000010,AREA000021,2026,SRC000241,2026-10-03,2026年第108回選手権の都府県単位代表区分に所属。大会不参加校を含む加盟校マスター上の代表区分属性。
SAM003290,PRG002915,ASM000010,AREA000021,2026,SRC000241,2026-10-03,2026年第108回選手権の都府県単位代表区分に所属。大会不参加校を含む加盟校マスター上の代表区分属性。
SAM003291,PRG002916,ASM000010,AREA000021,2026,SRC000241,2026-10-03,2026年第108回選手権の都府県単位代表区分に所属。大会不参加校を含む加盟校マスター上の代表区分属性。
SAM003292,PRG002917,ASM000010,AREA000021,2026,SRC000241,2026-10-03,2026年第108回選手権の都府県単位代表区分に所属。大会不参加校を含む加盟校マスター上の代表区分属性。
SAM003293,PRG002918,ASM000010,AREA000021,2026,SRC000241,2026-10-03,2026年第108回選手権の都府県単位代表区分に所属。大会不参加校を含む加盟校マスター上の代表区分属性。
SAM003294,PRG002919,ASM000010,AREA000021,2026,SRC000241,2026-10-03,2026年第108回選手権の都府県単位代表区分に所属。大会不参加校を含む加盟校マスター上の代表区分属性。
SAM003295,PRG002920,ASM000010,AREA000021,2026,SRC000241,2026-10-03,2026年第108回選手権の都府県単位代表区分に所属。大会不参加校を含む加盟校マスター上の代表区分属性。
SAM003296,PRG002921,ASM000010,AREA000021,2026,SRC000241,2026-10-03,2026年第108回選手権の都府県単位代表区分に所属。大会不参加校を含む加盟校マスター上の代表区分属性。
SAM003297,PRG002922,ASM000010,AREA000021,2026,SRC000241,2026-10-03,2026年第108回選手権の都府県単位代表区分に所属。大会不参加校を含む加盟校マスター上の代表区分属性。
SAM003298,PRG002923,ASM000010,AREA000021,2026,SRC000241,2026-10-03,2026年第108回選手権の都府県単位代表区分に所属。大会不参加校を含む加盟校マスター上の代表区分属性。
SAM003299,PRG002924,ASM000010,AREA000021,2026,SRC000241,2026-10-03,2026年第108回選手権の都府県単位代表区分に所属。大会不参加校を含む加盟校マスター上の代表区分属性。
SAM003300,PRG002925,ASM000010,AREA000021,2026,SRC000241,2026-10-03,2026年第108回選手権の都府県単位代表区分に所属。大会不参加校を含む加盟校マスター上の代表区分属性。
SAM003301,PRG002926,ASM000010,AREA000021,2026,SRC000241,2026-10-03,2026年第108回選手権の都府県単位代表区分に所属。大会不参加校を含む加盟校マスター上の代表区分属性。
SAM003302,PRG002927,ASM000010,AREA000021,2026,SRC000241,2026-10-03,2026年第108回選手権の都府県単位代表区分に所属。大会不参加校を含む加盟校マスター上の代表区分属性。
SAM003303,PRG002928,ASM000010,AREA000021,2026,SRC000241,2026-10-03,2026年第108回選手権の都府県単位代表区分に所属。大会不参加校を含む加盟校マスター上の代表区分属性。
SAM003304,PRG002929,ASM000010,AREA000021,2026,SRC000241,2026-10-03,2026年第108回選手権の都府県単位代表区分に所属。大会不参加校を含む加盟校マスター上の代表区分属性。
SAM003305,PRG002930,ASM000010,AREA000021,2026,SRC000241,2026-10-03,2026年第108回選手権の都府県単位代表区分に所属。大会不参加校を含む加盟校マスター上の代表区分属性。
SAM003306,PRG002931,ASM000010,AREA000021,2026,SRC000241,2026-10-03,2026年第108回選手権の都府県単位代表区分に所属。大会不参加校を含む加盟校マスター上の代表区分属性。
SAM003307,PRG002932,ASM000010,AREA000021,2026,SRC000241,2026-10-03,2026年第108回選手権の都府県単位代表区分に所属。大会不参加校を含む加盟校マスター上の代表区分属性。
SAM003308,PRG002933,ASM000010,AREA000021,2026,SRC000241,2026-10-03,2026年第108回選手権の都府県単位代表区分に所属。大会不参加校を含む加盟校マスター上の代表区分属性。
SAM003309,PRG002934,ASM000010,AREA000021,2026,SRC000241,2026-10-03,2026年第108回選手権の都府県単位代表区分に所属。大会不参加校を含む加盟校マスター上の代表区分属性。
SAM003310,PRG002935,ASM000010,AREA000021,2026,SRC000241,2026-10-03,2026年第108回選手権の都府県単位代表区分に所属。大会不参加校を含む加盟校マスター上の代表区分属性。
SAM003311,PRG002936,ASM000010,AREA000021,2026,SRC000241,2026-10-03,2026年第108回選手権の都府県単位代表区分に所属。大会不参加校を含む加盟校マスター上の代表区分属性。
SAM003312,PRG002937,ASM000010,AREA000021,2026,SRC000241,2026-10-03,2026年第108回選手権の都府県単位代表区分に所属。大会不参加校を含む加盟校マスター上の代表区分属性。
SAM003313,PRG002938,ASM000010,AREA000021,2026,SRC000241,2026-10-03,2026年第108回選手権の都府県単位代表区分に所属。大会不参加校を含む加盟校マスター上の代表区分属性。
SAM003314,PRG002939,ASM000010,AREA000021,2026,SRC000241,2026-10-03,2026年第108回選手権の都府県単位代表区分に所属。大会不参加校を含む加盟校マスター上の代表区分属性。
SAM003315,PRG002940,ASM000010,AREA000021,2026,SRC000241,2026-10-03,2026年第108回選手権の都府県単位代表区分に所属。大会不参加校を含む加盟校マスター上の代表区分属性。
SAM003316,PRG002941,ASM000010,AREA000021,2026,SRC000241,2026-10-03,2026年第108回選手権の都府県単位代表区分に所属。大会不参加校を含む加盟校マスター上の代表区分属性。
SAM003317,PRG002942,ASM000010,AREA000021,2026,SRC000241,2026-10-03,2026年第108回選手権の都府県単位代表区分に所属。大会不参加校を含む加盟校マスター上の代表区分属性。
SAM003318,PRG002943,ASM000012,AREA000023,2026,SRC000241,2026-10-03,2026年第108回選手権の都府県単位代表区分に所属。大会不参加校を含む加盟校マスター上の代表区分属性。
SAM003319,PRG002944,ASM000012,AREA000023,2026,SRC000241,2026-10-03,2026年第108回選手権の都府県単位代表区分に所属。大会不参加校を含む加盟校マスター上の代表区分属性。
SAM003320,PRG002945,ASM000012,AREA000023,2026,SRC000241,2026-10-03,2026年第108回選手権の都府県単位代表区分に所属。大会不参加校を含む加盟校マスター上の代表区分属性。
SAM003321,PRG002946,ASM000012,AREA000023,2026,SRC000241,2026-10-03,2026年第108回選手権の都府県単位代表区分に所属。大会不参加校を含む加盟校マスター上の代表区分属性。
SAM003322,PRG002947,ASM000012,AREA000023,2026,SRC000241,2026-10-03,2026年第108回選手権の都府県単位代表区分に所属。大会不参加校を含む加盟校マスター上の代表区分属性。
SAM003323,PRG002948,ASM000012,AREA000023,2026,SRC000241,2026-10-03,2026年第108回選手権の都府県単位代表区分に所属。大会不参加校を含む加盟校マスター上の代表区分属性。
SAM003324,PRG002949,ASM000012,AREA000023,2026,SRC000241,2026-10-03,2026年第108回選手権の都府県単位代表区分に所属。大会不参加校を含む加盟校マスター上の代表区分属性。
SAM003325,PRG002950,ASM000012,AREA000023,2026,SRC000241,2026-10-03,2026年第108回選手権の都府県単位代表区分に所属。大会不参加校を含む加盟校マスター上の代表区分属性。
SAM003326,PRG002951,ASM000012,AREA000023,2026,SRC000241,2026-10-03,2026年第108回選手権の都府県単位代表区分に所属。大会不参加校を含む加盟校マスター上の代表区分属性。
SAM003327,PRG002952,ASM000012,AREA000023,2026,SRC000241,2026-10-03,2026年第108回選手権の都府県単位代表区分に所属。大会不参加校を含む加盟校マスター上の代表区分属性。
SAM003328,PRG002953,ASM000012,AREA000023,2026,SRC000241,2026-10-03,2026年第108回選手権の都府県単位代表区分に所属。大会不参加校を含む加盟校マスター上の代表区分属性。
SAM003329,PRG002954,ASM000012,AREA000023,2026,SRC000241,2026-10-03,2026年第108回選手権の都府県単位代表区分に所属。大会不参加校を含む加盟校マスター上の代表区分属性。
SAM003330,PRG002955,ASM000012,AREA000023,2026,SRC000241,2026-10-03,2026年第108回選手権の都府県単位代表区分に所属。大会不参加校を含む加盟校マスター上の代表区分属性。
SAM003331,PRG002956,ASM000012,AREA000023,2026,SRC000241,2026-10-03,2026年第108回選手権の都府県単位代表区分に所属。大会不参加校を含む加盟校マスター上の代表区分属性。
SAM003332,PRG002957,ASM000012,AREA000023,2026,SRC000241,2026-10-03,2026年第108回選手権の都府県単位代表区分に所属。大会不参加校を含む加盟校マスター上の代表区分属性。
SAM003333,PRG002958,ASM000012,AREA000023,2026,SRC000241,2026-10-03,2026年第108回選手権の都府県単位代表区分に所属。大会不参加校を含む加盟校マスター上の代表区分属性。
SAM003334,PRG002959,ASM000012,AREA000023,2026,SRC000241,2026-10-03,2026年第108回選手権の都府県単位代表区分に所属。大会不参加校を含む加盟校マスター上の代表区分属性。
SAM003335,PRG002960,ASM000012,AREA000023,2026,SRC000241,2026-10-03,2026年第108回選手権の都府県単位代表区分に所属。大会不参加校を含む加盟校マスター上の代表区分属性。
SAM003336,PRG002961,ASM000012,AREA000023,2026,SRC000241,2026-10-03,2026年第108回選手権の都府県単位代表区分に所属。大会不参加校を含む加盟校マスター上の代表区分属性。
SAM003337,PRG002962,ASM000012,AREA000023,2026,SRC000241,2026-10-03,2026年第108回選手権の都府県単位代表区分に所属。大会不参加校を含む加盟校マスター上の代表区分属性。
SAM003338,PRG002963,ASM000012,AREA000023,2026,SRC000241,2026-10-03,2026年第108回選手権の都府県単位代表区分に所属。大会不参加校を含む加盟校マスター上の代表区分属性。
SAM003339,PRG002964,ASM000012,AREA000023,2026,SRC000241,2026-10-03,2026年第108回選手権の都府県単位代表区分に所属。大会不参加校を含む加盟校マスター上の代表区分属性。
SAM003340,PRG002965,ASM000012,AREA000023,2026,SRC000241,2026-10-03,2026年第108回選手権の都府県単位代表区分に所属。大会不参加校を含む加盟校マスター上の代表区分属性。
SAM003341,PRG002966,ASM000012,AREA000023,2026,SRC000241,2026-10-03,2026年第108回選手権の都府県単位代表区分に所属。大会不参加校を含む加盟校マスター上の代表区分属性。
SAM003342,PRG002967,ASM000012,AREA000023,2026,SRC000241,2026-10-03,2026年第108回選手権の都府県単位代表区分に所属。大会不参加校を含む加盟校マスター上の代表区分属性。
SAM003343,PRG002968,ASM000012,AREA000023,2026,SRC000241,2026-10-03,2026年第108回選手権の都府県単位代表区分に所属。大会不参加校を含む加盟校マスター上の代表区分属性。
SAM003344,PRG002969,ASM000012,AREA000023,2026,SRC000241,2026-10-03,2026年第108回選手権の都府県単位代表区分に所属。大会不参加校を含む加盟校マスター上の代表区分属性。
SAM003345,PRG002970,ASM000012,AREA000023,2026,SRC000241,2026-10-03,2026年第108回選手権の都府県単位代表区分に所属。大会不参加校を含む加盟校マスター上の代表区分属性。
SAM003346,PRG002971,ASM000012,AREA000023,2026,SRC000241,2026-10-03,2026年第108回選手権の都府県単位代表区分に所属。大会不参加校を含む加盟校マスター上の代表区分属性。
SAM003347,PRG002972,ASM000012,AREA000023,2026,SRC000241,2026-10-03,2026年第108回選手権の都府県単位代表区分に所属。大会不参加校を含む加盟校マスター上の代表区分属性。
SAM003348,PRG002973,ASM000012,AREA000023,2026,SRC000241,2026-10-03,2026年第108回選手権の都府県単位代表区分に所属。大会不参加校を含む加盟校マスター上の代表区分属性。
SAM003349,PRG002974,ASM000012,AREA000023,2026,SRC000241,2026-10-03,2026年第108回選手権の都府県単位代表区分に所属。大会不参加校を含む加盟校マスター上の代表区分属性。
SAM003350,PRG002975,ASM000012,AREA000023,2026,SRC000241,2026-10-03,2026年第108回選手権の都府県単位代表区分に所属。大会不参加校を含む加盟校マスター上の代表区分属性。
SAM003351,PRG002976,ASM000012,AREA000023,2026,SRC000241,2026-10-03,2026年第108回選手権の都府県単位代表区分に所属。大会不参加校を含む加盟校マスター上の代表区分属性。
SAM003352,PRG002977,ASM000012,AREA000023,2026,SRC000241,2026-10-03,2026年第108回選手権の都府県単位代表区分に所属。大会不参加校を含む加盟校マスター上の代表区分属性。
SAM003353,PRG002978,ASM000012,AREA000023,2026,SRC000241,2026-10-03,2026年第108回選手権の都府県単位代表区分に所属。大会不参加校を含む加盟校マスター上の代表区分属性。
SAM003354,PRG002979,ASM000012,AREA000023,2026,SRC000241,2026-10-03,2026年第108回選手権の都府県単位代表区分に所属。大会不参加校を含む加盟校マスター上の代表区分属性。
SAM003355,PRG002980,ASM000012,AREA000023,2026,SRC000241,2026-10-03,2026年第108回選手権の都府県単位代表区分に所属。大会不参加校を含む加盟校マスター上の代表区分属性。
SAM003356,PRG002981,ASM000012,AREA000023,2026,SRC000241,2026-10-03,2026年第108回選手権の都府県単位代表区分に所属。大会不参加校を含む加盟校マスター上の代表区分属性。
SAM003357,PRG002982,ASM000012,AREA000023,2026,SRC000241,2026-10-03,2026年第108回選手権の都府県単位代表区分に所属。大会不参加校を含む加盟校マスター上の代表区分属性。
SAM003358,PRG002983,ASM000012,AREA000023,2026,SRC000241,2026-10-03,2026年第108回選手権の都府県単位代表区分に所属。大会不参加校を含む加盟校マスター上の代表区分属性。
SAM003359,PRG002984,ASM000012,AREA000023,2026,SRC000241,2026-10-03,2026年第108回選手権の都府県単位代表区分に所属。大会不参加校を含む加盟校マスター上の代表区分属性。
SAM003360,PRG002985,ASM000012,AREA000023,2026,SRC000241,2026-10-03,2026年第108回選手権の都府県単位代表区分に所属。大会不参加校を含む加盟校マスター上の代表区分属性。
SAM003361,PRG002986,ASM000012,AREA000023,2026,SRC000241,2026-10-03,2026年第108回選手権の都府県単位代表区分に所属。大会不参加校を含む加盟校マスター上の代表区分属性。
SAM003362,PRG002987,ASM000012,AREA000023,2026,SRC000241,2026-10-03,2026年第108回選手権の都府県単位代表区分に所属。大会不参加校を含む加盟校マスター上の代表区分属性。
SAM003363,PRG002988,ASM000012,AREA000023,2026,SRC000241,2026-10-03,2026年第108回選手権の都府県単位代表区分に所属。大会不参加校を含む加盟校マスター上の代表区分属性。
SAM003364,PRG002989,ASM000012,AREA000023,2026,SRC000241,2026-10-03,2026年第108回選手権の都府県単位代表区分に所属。大会不参加校を含む加盟校マスター上の代表区分属性。
SAM003365,PRG002990,ASM000012,AREA000023,2026,SRC000241,2026-10-03,2026年第108回選手権の都府県単位代表区分に所属。大会不参加校を含む加盟校マスター上の代表区分属性。
SAM003366,PRG002991,ASM000012,AREA000023,2026,SRC000241,2026-10-03,2026年第108回選手権の都府県単位代表区分に所属。大会不参加校を含む加盟校マスター上の代表区分属性。
SAM003367,PRG002992,ASM000012,AREA000023,2026,SRC000241,2026-10-03,2026年第108回選手権の都府県単位代表区分に所属。大会不参加校を含む加盟校マスター上の代表区分属性。
SAM003368,PRG002993,ASM000012,AREA000023,2026,SRC000241,2026-10-03,2026年第108回選手権の都府県単位代表区分に所属。大会不参加校を含む加盟校マスター上の代表区分属性。
SAM003369,PRG002994,ASM000012,AREA000023,2026,SRC000241,2026-10-03,2026年第108回選手権の都府県単位代表区分に所属。大会不参加校を含む加盟校マスター上の代表区分属性。
SAM003370,PRG002995,ASM000012,AREA000023,2026,SRC000241,2026-10-03,2026年第108回選手権の都府県単位代表区分に所属。大会不参加校を含む加盟校マスター上の代表区分属性。
SAM003371,PRG002996,ASM000012,AREA000023,2026,SRC000241,2026-10-03,2026年第108回選手権の都府県単位代表区分に所属。大会不参加校を含む加盟校マスター上の代表区分属性。
SAM003372,PRG002997,ASM000012,AREA000023,2026,SRC000241,2026-10-03,2026年第108回選手権の都府県単位代表区分に所属。大会不参加校を含む加盟校マスター上の代表区分属性。
SAM003373,PRG002998,ASM000012,AREA000023,2026,SRC000241,2026-10-03,2026年第108回選手権の都府県単位代表区分に所属。大会不参加校を含む加盟校マスター上の代表区分属性。
SAM003374,PRG002999,ASM000012,AREA000023,2026,SRC000241,2026-10-03,2026年第108回選手権の都府県単位代表区分に所属。大会不参加校を含む加盟校マスター上の代表区分属性。
SAM003375,PRG003000,ASM000012,AREA000023,2026,SRC000241,2026-10-03,2026年第108回選手権の都府県単位代表区分に所属。大会不参加校を含む加盟校マスター上の代表区分属性。
SAM003376,PRG003001,ASM000012,AREA000023,2026,SRC000241,2026-10-03,2026年第108回選手権の都府県単位代表区分に所属。大会不参加校を含む加盟校マスター上の代表区分属性。
SAM003377,PRG003002,ASM000012,AREA000023,2026,SRC000241,2026-10-03,2026年第108回選手権の都府県単位代表区分に所属。大会不参加校を含む加盟校マスター上の代表区分属性。
SAM003378,PRG003003,ASM000012,AREA000023,2026,SRC000241,2026-10-03,2026年第108回選手権の都府県単位代表区分に所属。大会不参加校を含む加盟校マスター上の代表区分属性。
SAM003379,PRG003004,ASM000012,AREA000023,2026,SRC000241,2026-10-03,2026年第108回選手権の都府県単位代表区分に所属。大会不参加校を含む加盟校マスター上の代表区分属性。
SAM003380,PRG003005,ASM000012,AREA000023,2026,SRC000241,2026-10-03,2026年第108回選手権の都府県単位代表区分に所属。大会不参加校を含む加盟校マスター上の代表区分属性。
SAM003381,PRG003006,ASM000012,AREA000023,2026,SRC000241,2026-10-03,2026年第108回選手権の都府県単位代表区分に所属。大会不参加校を含む加盟校マスター上の代表区分属性。
SAM003382,PRG003007,ASM000012,AREA000023,2026,SRC000241,2026-10-03,2026年第108回選手権の都府県単位代表区分に所属。大会不参加校を含む加盟校マスター上の代表区分属性。
SAM003383,PRG003008,ASM000012,AREA000023,2026,SRC000241,2026-10-03,2026年第108回選手権の都府県単位代表区分に所属。大会不参加校を含む加盟校マスター上の代表区分属性。
SAM003384,PRG003009,ASM000012,AREA000023,2026,SRC000241,2026-10-03,2026年第108回選手権の都府県単位代表区分に所属。大会不参加校を含む加盟校マスター上の代表区分属性。
SAM003385,PRG003010,ASM000012,AREA000023,2026,SRC000241,2026-10-03,2026年第108回選手権の都府県単位代表区分に所属。大会不参加校を含む加盟校マスター上の代表区分属性。
SAM003386,PRG003011,ASM000040,AREA000051,2026,SRC000241,2026-10-03,2026年第108回選手権の都府県単位代表区分に所属。大会不参加校を含む加盟校マスター上の代表区分属性。
SAM003387,PRG003012,ASM000040,AREA000051,2026,SRC000241,2026-10-03,2026年第108回選手権の都府県単位代表区分に所属。大会不参加校を含む加盟校マスター上の代表区分属性。
SAM003388,PRG003013,ASM000040,AREA000051,2026,SRC000241,2026-10-03,2026年第108回選手権の都府県単位代表区分に所属。大会不参加校を含む加盟校マスター上の代表区分属性。
SAM003389,PRG003014,ASM000040,AREA000051,2026,SRC000241,2026-10-03,2026年第108回選手権の都府県単位代表区分に所属。大会不参加校を含む加盟校マスター上の代表区分属性。
SAM003390,PRG003015,ASM000040,AREA000051,2026,SRC000241,2026-10-03,2026年第108回選手権の都府県単位代表区分に所属。大会不参加校を含む加盟校マスター上の代表区分属性。
SAM003391,PRG003016,ASM000040,AREA000051,2026,SRC000241,2026-10-03,2026年第108回選手権の都府県単位代表区分に所属。大会不参加校を含む加盟校マスター上の代表区分属性。
SAM003392,PRG003017,ASM000040,AREA000051,2026,SRC000241,2026-10-03,2026年第108回選手権の都府県単位代表区分に所属。大会不参加校を含む加盟校マスター上の代表区分属性。
SAM003393,PRG003018,ASM000040,AREA000051,2026,SRC000241,2026-10-03,2026年第108回選手権の都府県単位代表区分に所属。大会不参加校を含む加盟校マスター上の代表区分属性。
SAM003394,PRG003019,ASM000040,AREA000051,2026,SRC000241,2026-10-03,2026年第108回選手権の都府県単位代表区分に所属。大会不参加校を含む加盟校マスター上の代表区分属性。
SAM003395,PRG003020,ASM000040,AREA000051,2026,SRC000241,2026-10-03,2026年第108回選手権の都府県単位代表区分に所属。大会不参加校を含む加盟校マスター上の代表区分属性。
SAM003396,PRG003021,ASM000040,AREA000051,2026,SRC000241,2026-10-03,2026年第108回選手権の都府県単位代表区分に所属。大会不参加校を含む加盟校マスター上の代表区分属性。
SAM003397,PRG003022,ASM000040,AREA000051,2026,SRC000241,2026-10-03,2026年第108回選手権の都府県単位代表区分に所属。大会不参加校を含む加盟校マスター上の代表区分属性。
SAM003398,PRG003023,ASM000040,AREA000051,2026,SRC000241,2026-10-03,2026年第108回選手権の都府県単位代表区分に所属。大会不参加校を含む加盟校マスター上の代表区分属性。
SAM003399,PRG003024,ASM000040,AREA000051,2026,SRC000241,2026-10-03,2026年第108回選手権の都府県単位代表区分に所属。大会不参加校を含む加盟校マスター上の代表区分属性。
SAM003400,PRG003025,ASM000040,AREA000051,2026,SRC000241,2026-10-03,2026年第108回選手権の都府県単位代表区分に所属。大会不参加校を含む加盟校マスター上の代表区分属性。
SAM003401,PRG003026,ASM000040,AREA000051,2026,SRC000241,2026-10-03,2026年第108回選手権の都府県単位代表区分に所属。大会不参加校を含む加盟校マスター上の代表区分属性。
SAM003402,PRG003027,ASM000040,AREA000051,2026,SRC000241,2026-10-03,2026年第108回選手権の都府県単位代表区分に所属。大会不参加校を含む加盟校マスター上の代表区分属性。
SAM003403,PRG003028,ASM000040,AREA000051,2026,SRC000241,2026-10-03,2026年第108回選手権の都府県単位代表区分に所属。大会不参加校を含む加盟校マスター上の代表区分属性。
SAM003404,PRG003029,ASM000040,AREA000051,2026,SRC000241,2026-10-03,2026年第108回選手権の都府県単位代表区分に所属。大会不参加校を含む加盟校マスター上の代表区分属性。
SAM003405,PRG003030,ASM000040,AREA000051,2026,SRC000241,2026-10-03,2026年第108回選手権の都府県単位代表区分に所属。大会不参加校を含む加盟校マスター上の代表区分属性。
SAM003406,PRG003031,ASM000040,AREA000051,2026,SRC000241,2026-10-03,2026年第108回選手権の都府県単位代表区分に所属。大会不参加校を含む加盟校マスター上の代表区分属性。
SAM003407,PRG003032,ASM000040,AREA000051,2026,SRC000241,2026-10-03,2026年第108回選手権の都府県単位代表区分に所属。大会不参加校を含む加盟校マスター上の代表区分属性。
SAM003408,PRG003033,ASM000040,AREA000051,2026,SRC000241,2026-10-03,2026年第108回選手権の都府県単位代表区分に所属。大会不参加校を含む加盟校マスター上の代表区分属性。
SAM003409,PRG003034,ASM000040,AREA000051,2026,SRC000241,2026-10-03,2026年第108回選手権の都府県単位代表区分に所属。大会不参加校を含む加盟校マスター上の代表区分属性。
SAM003410,PRG003035,ASM000040,AREA000051,2026,SRC000241,2026-10-03,2026年第108回選手権の都府県単位代表区分に所属。大会不参加校を含む加盟校マスター上の代表区分属性。
SAM003411,PRG003036,ASM000040,AREA000051,2026,SRC000241,2026-10-03,2026年第108回選手権の都府県単位代表区分に所属。大会不参加校を含む加盟校マスター上の代表区分属性。
SAM003412,PRG003037,ASM000040,AREA000051,2026,SRC000241,2026-10-03,2026年第108回選手権の都府県単位代表区分に所属。大会不参加校を含む加盟校マスター上の代表区分属性。
SAM003413,PRG003038,ASM000040,AREA000051,2026,SRC000241,2026-10-03,2026年第108回選手権の都府県単位代表区分に所属。大会不参加校を含む加盟校マスター上の代表区分属性。
SAM003414,PRG003039,ASM000028,AREA000039,2026,SRC000241,2026-10-03,2026年第108回選手権の都府県単位代表区分に所属。大会不参加校を含む加盟校マスター上の代表区分属性。
SAM003415,PRG003040,ASM000028,AREA000039,2026,SRC000241,2026-10-03,2026年第108回選手権の都府県単位代表区分に所属。大会不参加校を含む加盟校マスター上の代表区分属性。
SAM003416,PRG003041,ASM000028,AREA000039,2026,SRC000241,2026-10-03,2026年第108回選手権の都府県単位代表区分に所属。大会不参加校を含む加盟校マスター上の代表区分属性。
SAM003417,PRG003042,ASM000028,AREA000039,2026,SRC000241,2026-10-03,2026年第108回選手権の都府県単位代表区分に所属。大会不参加校を含む加盟校マスター上の代表区分属性。
SAM003418,PRG003043,ASM000028,AREA000039,2026,SRC000241,2026-10-03,2026年第108回選手権の都府県単位代表区分に所属。大会不参加校を含む加盟校マスター上の代表区分属性。
SAM003419,PRG003044,ASM000028,AREA000039,2026,SRC000241,2026-10-03,2026年第108回選手権の都府県単位代表区分に所属。大会不参加校を含む加盟校マスター上の代表区分属性。
SAM003420,PRG003045,ASM000028,AREA000039,2026,SRC000241,2026-10-03,2026年第108回選手権の都府県単位代表区分に所属。大会不参加校を含む加盟校マスター上の代表区分属性。
SAM003421,PRG003046,ASM000028,AREA000039,2026,SRC000241,2026-10-03,2026年第108回選手権の都府県単位代表区分に所属。大会不参加校を含む加盟校マスター上の代表区分属性。
SAM003422,PRG003047,ASM000028,AREA000039,2026,SRC000241,2026-10-03,2026年第108回選手権の都府県単位代表区分に所属。大会不参加校を含む加盟校マスター上の代表区分属性。
SAM003423,PRG003048,ASM000028,AREA000039,2026,SRC000241,2026-10-03,2026年第108回選手権の都府県単位代表区分に所属。大会不参加校を含む加盟校マスター上の代表区分属性。
SAM003424,PRG003049,ASM000028,AREA000039,2026,SRC000241,2026-10-03,2026年第108回選手権の都府県単位代表区分に所属。大会不参加校を含む加盟校マスター上の代表区分属性。
SAM003425,PRG003050,ASM000028,AREA000039,2026,SRC000241,2026-10-03,2026年第108回選手権の都府県単位代表区分に所属。大会不参加校を含む加盟校マスター上の代表区分属性。
SAM003426,PRG003051,ASM000028,AREA000039,2026,SRC000241,2026-10-03,2026年第108回選手権の都府県単位代表区分に所属。大会不参加校を含む加盟校マスター上の代表区分属性。
SAM003427,PRG003052,ASM000028,AREA000039,2026,SRC000241,2026-10-03,2026年第108回選手権の都府県単位代表区分に所属。大会不参加校を含む加盟校マスター上の代表区分属性。
SAM003428,PRG003053,ASM000028,AREA000039,2026,SRC000241,2026-10-03,2026年第108回選手権の都府県単位代表区分に所属。大会不参加校を含む加盟校マスター上の代表区分属性。
SAM003429,PRG003054,ASM000028,AREA000039,2026,SRC000241,2026-10-03,2026年第108回選手権の都府県単位代表区分に所属。大会不参加校を含む加盟校マスター上の代表区分属性。
SAM003430,PRG003055,ASM000028,AREA000039,2026,SRC000241,2026-10-03,2026年第108回選手権の都府県単位代表区分に所属。大会不参加校を含む加盟校マスター上の代表区分属性。
SAM003431,PRG003056,ASM000028,AREA000039,2026,SRC000241,2026-10-03,2026年第108回選手権の都府県単位代表区分に所属。大会不参加校を含む加盟校マスター上の代表区分属性。
SAM003432,PRG003057,ASM000028,AREA000039,2026,SRC000241,2026-10-03,2026年第108回選手権の都府県単位代表区分に所属。大会不参加校を含む加盟校マスター上の代表区分属性。
SAM003433,PRG003058,ASM000028,AREA000039,2026,SRC000241,2026-10-03,2026年第108回選手権の都府県単位代表区分に所属。大会不参加校を含む加盟校マスター上の代表区分属性。
SAM003434,PRG003059,ASM000028,AREA000039,2026,SRC000241,2026-10-03,2026年第108回選手権の都府県単位代表区分に所属。大会不参加校を含む加盟校マスター上の代表区分属性。
SAM003435,PRG003060,ASM000028,AREA000039,2026,SRC000241,2026-10-03,2026年第108回選手権の都府県単位代表区分に所属。大会不参加校を含む加盟校マスター上の代表区分属性。
SAM003436,PRG003061,ASM000028,AREA000039,2026,SRC000241,2026-10-03,2026年第108回選手権の都府県単位代表区分に所属。大会不参加校を含む加盟校マスター上の代表区分属性。
SAM003437,PRG003062,ASM000028,AREA000039,2026,SRC000241,2026-10-03,2026年第108回選手権の都府県単位代表区分に所属。大会不参加校を含む加盟校マスター上の代表区分属性。
SAM003438,PRG003063,ASM000028,AREA000039,2026,SRC000241,2026-10-03,2026年第108回選手権の都府県単位代表区分に所属。大会不参加校を含む加盟校マスター上の代表区分属性。
SAM003439,PRG003064,ASM000028,AREA000039,2026,SRC000241,2026-10-03,2026年第108回選手権の都府県単位代表区分に所属。大会不参加校を含む加盟校マスター上の代表区分属性。
SAM003440,PRG003065,ASM000028,AREA000039,2026,SRC000241,2026-10-03,2026年第108回選手権の都府県単位代表区分に所属。大会不参加校を含む加盟校マスター上の代表区分属性。
SAM003441,PRG003066,ASM000028,AREA000039,2026,SRC000241,2026-10-03,2026年第108回選手権の都府県単位代表区分に所属。大会不参加校を含む加盟校マスター上の代表区分属性。
SAM003442,PRG003067,ASM000028,AREA000039,2026,SRC000241,2026-10-03,2026年第108回選手権の都府県単位代表区分に所属。大会不参加校を含む加盟校マスター上の代表区分属性。
SAM003443,PRG003068,ASM000028,AREA000039,2026,SRC000241,2026-10-03,2026年第108回選手権の都府県単位代表区分に所属。大会不参加校を含む加盟校マスター上の代表区分属性。
SAM003444,PRG003069,ASM000028,AREA000039,2026,SRC000241,2026-10-03,2026年第108回選手権の都府県単位代表区分に所属。大会不参加校を含む加盟校マスター上の代表区分属性。
SAM003445,PRG003070,ASM000028,AREA000039,2026,SRC000241,2026-10-03,2026年第108回選手権の都府県単位代表区分に所属。大会不参加校を含む加盟校マスター上の代表区分属性。
SAM003446,PRG003071,ASM000028,AREA000039,2026,SRC000241,2026-10-03,2026年第108回選手権の都府県単位代表区分に所属。大会不参加校を含む加盟校マスター上の代表区分属性。
SAM003447,PRG003072,ASM000028,AREA000039,2026,SRC000241,2026-10-03,2026年第108回選手権の都府県単位代表区分に所属。大会不参加校を含む加盟校マスター上の代表区分属性。
SAM003448,PRG003073,ASM000028,AREA000039,2026,SRC000241,2026-10-03,2026年第108回選手権の都府県単位代表区分に所属。大会不参加校を含む加盟校マスター上の代表区分属性。
SAM003449,PRG003074,ASM000028,AREA000039,2026,SRC000241,2026-10-03,2026年第108回選手権の都府県単位代表区分に所属。大会不参加校を含む加盟校マスター上の代表区分属性。
SAM003450,PRG003075,ASM000028,AREA000039,2026,SRC000241,2026-10-03,2026年第108回選手権の都府県単位代表区分に所属。大会不参加校を含む加盟校マスター上の代表区分属性。
SAM003451,PRG003076,ASM000028,AREA000039,2026,SRC000241,2026-10-03,2026年第108回選手権の都府県単位代表区分に所属。大会不参加校を含む加盟校マスター上の代表区分属性。
SAM003452,PRG003077,ASM000028,AREA000039,2026,SRC000241,2026-10-03,2026年第108回選手権の都府県単位代表区分に所属。大会不参加校を含む加盟校マスター上の代表区分属性。
SAM003453,PRG003078,ASM000028,AREA000039,2026,SRC000241,2026-10-03,2026年第108回選手権の都府県単位代表区分に所属。大会不参加校を含む加盟校マスター上の代表区分属性。
SAM003454,PRG003079,ASM000028,AREA000039,2026,SRC000241,2026-10-03,2026年第108回選手権の都府県単位代表区分に所属。大会不参加校を含む加盟校マスター上の代表区分属性。
SAM003455,PRG003080,ASM000028,AREA000039,2026,SRC000241,2026-10-03,2026年第108回選手権の都府県単位代表区分に所属。大会不参加校を含む加盟校マスター上の代表区分属性。
SAM003456,PRG003081,ASM000028,AREA000039,2026,SRC000241,2026-10-03,2026年第108回選手権の都府県単位代表区分に所属。大会不参加校を含む加盟校マスター上の代表区分属性。
SAM003457,PRG003082,ASM000028,AREA000039,2026,SRC000241,2026-10-03,2026年第108回選手権の都府県単位代表区分に所属。大会不参加校を含む加盟校マスター上の代表区分属性。
SAM003458,PRG003083,ASM000028,AREA000039,2026,SRC000241,2026-10-03,2026年第108回選手権の都府県単位代表区分に所属。大会不参加校を含む加盟校マスター上の代表区分属性。
SAM003459,PRG003084,ASM000028,AREA000039,2026,SRC000241,2026-10-03,2026年第108回選手権の都府県単位代表区分に所属。大会不参加校を含む加盟校マスター上の代表区分属性。
SAM003460,PRG003085,ASM000028,AREA000039,2026,SRC000241,2026-10-03,2026年第108回選手権の都府県単位代表区分に所属。大会不参加校を含む加盟校マスター上の代表区分属性。
SAM003461,PRG003086,ASM000028,AREA000039,2026,SRC000241,2026-10-03,2026年第108回選手権の都府県単位代表区分に所属。大会不参加校を含む加盟校マスター上の代表区分属性。
SAM003462,PRG003087,ASM000028,AREA000039,2026,SRC000241,2026-10-03,2026年第108回選手権の都府県単位代表区分に所属。大会不参加校を含む加盟校マスター上の代表区分属性。
SAM003463,PRG003088,ASM000028,AREA000039,2026,SRC000241,2026-10-03,2026年第108回選手権の都府県単位代表区分に所属。大会不参加校を含む加盟校マスター上の代表区分属性。
SAM003464,PRG003089,ASM000028,AREA000039,2026,SRC000241,2026-10-03,2026年第108回選手権の都府県単位代表区分に所属。大会不参加校を含む加盟校マスター上の代表区分属性。
SAM003465,PRG003090,ASM000028,AREA000039,2026,SRC000241,2026-10-03,2026年第108回選手権の都府県単位代表区分に所属。大会不参加校を含む加盟校マスター上の代表区分属性。
SAM003466,PRG003091,ASM000028,AREA000039,2026,SRC000241,2026-10-03,2026年第108回選手権の都府県単位代表区分に所属。大会不参加校を含む加盟校マスター上の代表区分属性。
SAM003467,PRG003092,ASM000028,AREA000039,2026,SRC000241,2026-10-03,2026年第108回選手権の都府県単位代表区分に所属。大会不参加校を含む加盟校マスター上の代表区分属性。
SAM003468,PRG003093,ASM000028,AREA000039,2026,SRC000241,2026-10-03,2026年第108回選手権の都府県単位代表区分に所属。大会不参加校を含む加盟校マスター上の代表区分属性。
SAM003469,PRG003094,ASM000028,AREA000039,2026,SRC000241,2026-10-03,2026年第108回選手権の都府県単位代表区分に所属。大会不参加校を含む加盟校マスター上の代表区分属性。
SAM003470,PRG003095,ASM000028,AREA000039,2026,SRC000241,2026-10-03,2026年第108回選手権の都府県単位代表区分に所属。大会不参加校を含む加盟校マスター上の代表区分属性。
SAM003471,PRG003096,ASM000028,AREA000039,2026,SRC000241,2026-10-03,2026年第108回選手権の都府県単位代表区分に所属。大会不参加校を含む加盟校マスター上の代表区分属性。
SAM003472,PRG003097,ASM000028,AREA000039,2026,SRC000241,2026-10-03,2026年第108回選手権の都府県単位代表区分に所属。大会不参加校を含む加盟校マスター上の代表区分属性。
SAM003473,PRG003098,ASM000028,AREA000039,2026,SRC000241,2026-10-03,2026年第108回選手権の都府県単位代表区分に所属。大会不参加校を含む加盟校マスター上の代表区分属性。
SAM003474,PRG003099,ASM000028,AREA000039,2026,SRC000241,2026-10-03,2026年第108回選手権の都府県単位代表区分に所属。大会不参加校を含む加盟校マスター上の代表区分属性。
SAM003475,PRG003100,ASM000028,AREA000039,2026,SRC000241,2026-10-03,2026年第108回選手権の都府県単位代表区分に所属。大会不参加校を含む加盟校マスター上の代表区分属性。
SAM003476,PRG003101,ASM000028,AREA000039,2026,SRC000241,2026-10-03,2026年第108回選手権の都府県単位代表区分に所属。大会不参加校を含む加盟校マスター上の代表区分属性。
SAM003477,PRG003102,ASM000028,AREA000039,2026,SRC000241,2026-10-03,2026年第108回選手権の都府県単位代表区分に所属。大会不参加校を含む加盟校マスター上の代表区分属性。
SAM003478,PRG003103,ASM000028,AREA000039,2026,SRC000241,2026-10-03,2026年第108回選手権の都府県単位代表区分に所属。大会不参加校を含む加盟校マスター上の代表区分属性。
SAM003479,PRG003104,ASM000028,AREA000039,2026,SRC000241,2026-10-03,2026年第108回選手権の都府県単位代表区分に所属。大会不参加校を含む加盟校マスター上の代表区分属性。
SAM003480,PRG003105,ASM000028,AREA000039,2026,SRC000241,2026-10-03,2026年第108回選手権の都府県単位代表区分に所属。大会不参加校を含む加盟校マスター上の代表区分属性。
SAM003481,PRG003106,ASM000028,AREA000039,2026,SRC000241,2026-10-03,2026年第108回選手権の都府県単位代表区分に所属。大会不参加校を含む加盟校マスター上の代表区分属性。
SAM003482,PRG003107,ASM000028,AREA000039,2026,SRC000241,2026-10-03,2026年第108回選手権の都府県単位代表区分に所属。大会不参加校を含む加盟校マスター上の代表区分属性。
SAM003483,PRG003108,ASM000028,AREA000039,2026,SRC000241,2026-10-03,2026年第108回選手権の都府県単位代表区分に所属。大会不参加校を含む加盟校マスター上の代表区分属性。
SAM003484,PRG003109,ASM000028,AREA000039,2026,SRC000241,2026-10-03,2026年第108回選手権の都府県単位代表区分に所属。大会不参加校を含む加盟校マスター上の代表区分属性。
SAM003485,PRG003110,ASM000028,AREA000039,2026,SRC000241,2026-10-03,2026年第108回選手権の都府県単位代表区分に所属。大会不参加校を含む加盟校マスター上の代表区分属性。
SAM003486,PRG003111,ASM000028,AREA000039,2026,SRC000241,2026-10-03,2026年第108回選手権の都府県単位代表区分に所属。大会不参加校を含む加盟校マスター上の代表区分属性。
SAM003487,PRG003112,ASM000028,AREA000039,2026,SRC000241,2026-10-03,2026年第108回選手権の都府県単位代表区分に所属。大会不参加校を含む加盟校マスター上の代表区分属性。
SAM003488,PRG003113,ASM000028,AREA000039,2026,SRC000241,2026-10-03,2026年第108回選手権の都府県単位代表区分に所属。大会不参加校を含む加盟校マスター上の代表区分属性。
SAM003489,PRG003114,ASM000028,AREA000039,2026,SRC000241,2026-10-03,2026年第108回選手権の都府県単位代表区分に所属。大会不参加校を含む加盟校マスター上の代表区分属性。
SAM003490,PRG003115,ASM000028,AREA000039,2026,SRC000241,2026-10-03,2026年第108回選手権の都府県単位代表区分に所属。大会不参加校を含む加盟校マスター上の代表区分属性。
SAM003491,PRG003116,ASM000028,AREA000039,2026,SRC000241,2026-10-03,2026年第108回選手権の都府県単位代表区分に所属。大会不参加校を含む加盟校マスター上の代表区分属性。
SAM003492,PRG003117,ASM000028,AREA000039,2026,SRC000241,2026-10-03,2026年第108回選手権の都府県単位代表区分に所属。大会不参加校を含む加盟校マスター上の代表区分属性。
SAM003493,PRG003118,ASM000028,AREA000039,2026,SRC000241,2026-10-03,2026年第108回選手権の都府県単位代表区分に所属。大会不参加校を含む加盟校マスター上の代表区分属性。
SAM003494,PRG003119,ASM000028,AREA000039,2026,SRC000241,2026-10-03,2026年第108回選手権の都府県単位代表区分に所属。大会不参加校を含む加盟校マスター上の代表区分属性。
SAM003495,PRG003120,ASM000028,AREA000039,2026,SRC000241,2026-10-03,2026年第108回選手権の都府県単位代表区分に所属。大会不参加校を含む加盟校マスター上の代表区分属性。
SAM003496,PRG003121,ASM000028,AREA000039,2026,SRC000241,2026-10-03,2026年第108回選手権の都府県単位代表区分に所属。大会不参加校を含む加盟校マスター上の代表区分属性。
SAM003497,PRG003122,ASM000028,AREA000039,2026,SRC000241,2026-10-03,2026年第108回選手権の都府県単位代表区分に所属。大会不参加校を含む加盟校マスター上の代表区分属性。
SAM003498,PRG003123,ASM000028,AREA000039,2026,SRC000241,2026-10-03,2026年第108回選手権の都府県単位代表区分に所属。大会不参加校を含む加盟校マスター上の代表区分属性。
SAM003499,PRG003124,ASM000028,AREA000039,2026,SRC000241,2026-10-03,2026年第108回選手権の都府県単位代表区分に所属。大会不参加校を含む加盟校マスター上の代表区分属性。
SAM003500,PRG003125,ASM000028,AREA000039,2026,SRC000241,2026-10-03,2026年第108回選手権の都府県単位代表区分に所属。大会不参加校を含む加盟校マスター上の代表区分属性。
SAM003501,PRG003126,ASM000028,AREA000039,2026,SRC000241,2026-10-03,2026年第108回選手権の都府県単位代表区分に所属。大会不参加校を含む加盟校マスター上の代表区分属性。
SAM003502,PRG003127,ASM000028,AREA000039,2026,SRC000241,2026-10-03,2026年第108回選手権の都府県単位代表区分に所属。大会不参加校を含む加盟校マスター上の代表区分属性。
SAM003503,PRG003128,ASM000028,AREA000039,2026,SRC000241,2026-10-03,2026年第108回選手権の都府県単位代表区分に所属。大会不参加校を含む加盟校マスター上の代表区分属性。
SAM003504,PRG003129,ASM000028,AREA000039,2026,SRC000241,2026-10-03,2026年第108回選手権の都府県単位代表区分に所属。大会不参加校を含む加盟校マスター上の代表区分属性。
SAM003505,PRG003130,ASM000028,AREA000039,2026,SRC000241,2026-10-03,2026年第108回選手権の都府県単位代表区分に所属。大会不参加校を含む加盟校マスター上の代表区分属性。
SAM003506,PRG003131,ASM000028,AREA000039,2026,SRC000241,2026-10-03,2026年第108回選手権の都府県単位代表区分に所属。大会不参加校を含む加盟校マスター上の代表区分属性。
SAM003507,PRG003132,ASM000028,AREA000039,2026,SRC000241,2026-10-03,2026年第108回選手権の都府県単位代表区分に所属。大会不参加校を含む加盟校マスター上の代表区分属性。
SAM003508,PRG003133,ASM000028,AREA000039,2026,SRC000241,2026-10-03,2026年第108回選手権の都府県単位代表区分に所属。大会不参加校を含む加盟校マスター上の代表区分属性。
SAM003509,PRG003134,ASM000028,AREA000039,2026,SRC000241,2026-10-03,2026年第108回選手権の都府県単位代表区分に所属。大会不参加校を含む加盟校マスター上の代表区分属性。
SAM003510,PRG003135,ASM000028,AREA000039,2026,SRC000241,2026-10-03,2026年第108回選手権の都府県単位代表区分に所属。大会不参加校を含む加盟校マスター上の代表区分属性。
SAM003511,PRG003136,ASM000028,AREA000039,2026,SRC000241,2026-10-03,2026年第108回選手権の都府県単位代表区分に所属。大会不参加校を含む加盟校マスター上の代表区分属性。
SAM003512,PRG003137,ASM000028,AREA000039,2026,SRC000241,2026-10-03,2026年第108回選手権の都府県単位代表区分に所属。大会不参加校を含む加盟校マスター上の代表区分属性。
SAM003513,PRG003138,ASM000028,AREA000039,2026,SRC000241,2026-10-03,2026年第108回選手権の都府県単位代表区分に所属。大会不参加校を含む加盟校マスター上の代表区分属性。
SAM003514,PRG003139,ASM000028,AREA000039,2026,SRC000241,2026-10-03,2026年第108回選手権の都府県単位代表区分に所属。大会不参加校を含む加盟校マスター上の代表区分属性。
SAM003515,PRG003140,ASM000028,AREA000039,2026,SRC000241,2026-10-03,2026年第108回選手権の都府県単位代表区分に所属。大会不参加校を含む加盟校マスター上の代表区分属性。
SAM003516,PRG003141,ASM000028,AREA000039,2026,SRC000241,2026-10-03,2026年第108回選手権の都府県単位代表区分に所属。大会不参加校を含む加盟校マスター上の代表区分属性。
SAM003517,PRG003142,ASM000028,AREA000039,2026,SRC000241,2026-10-03,2026年第108回選手権の都府県単位代表区分に所属。大会不参加校を含む加盟校マスター上の代表区分属性。
SAM003518,PRG003143,ASM000028,AREA000039,2026,SRC000241,2026-10-03,2026年第108回選手権の都府県単位代表区分に所属。大会不参加校を含む加盟校マスター上の代表区分属性。
SAM003519,PRG003144,ASM000028,AREA000039,2026,SRC000241,2026-10-03,2026年第108回選手権の都府県単位代表区分に所属。大会不参加校を含む加盟校マスター上の代表区分属性。
SAM003520,PRG003145,ASM000028,AREA000039,2026,SRC000241,2026-10-03,2026年第108回選手権の都府県単位代表区分に所属。大会不参加校を含む加盟校マスター上の代表区分属性。
SAM003521,PRG003146,ASM000028,AREA000039,2026,SRC000241,2026-10-03,2026年第108回選手権の都府県単位代表区分に所属。大会不参加校を含む加盟校マスター上の代表区分属性。
SAM003522,PRG003147,ASM000028,AREA000039,2026,SRC000241,2026-10-03,2026年第108回選手権の都府県単位代表区分に所属。大会不参加校を含む加盟校マスター上の代表区分属性。
SAM003523,PRG003148,ASM000028,AREA000039,2026,SRC000241,2026-10-03,2026年第108回選手権の都府県単位代表区分に所属。大会不参加校を含む加盟校マスター上の代表区分属性。
SAM003524,PRG003149,ASM000028,AREA000039,2026,SRC000241,2026-10-03,2026年第108回選手権の都府県単位代表区分に所属。大会不参加校を含む加盟校マスター上の代表区分属性。
SAM003525,PRG003150,ASM000028,AREA000039,2026,SRC000241,2026-10-03,2026年第108回選手権の都府県単位代表区分に所属。大会不参加校を含む加盟校マスター上の代表区分属性。
SAM003526,PRG003151,ASM000028,AREA000039,2026,SRC000241,2026-10-03,2026年第108回選手権の都府県単位代表区分に所属。大会不参加校を含む加盟校マスター上の代表区分属性。
SAM003527,PRG003152,ASM000028,AREA000039,2026,SRC000241,2026-10-03,2026年第108回選手権の都府県単位代表区分に所属。大会不参加校を含む加盟校マスター上の代表区分属性。
SAM003528,PRG003153,ASM000028,AREA000039,2026,SRC000241,2026-10-03,2026年第108回選手権の都府県単位代表区分に所属。大会不参加校を含む加盟校マスター上の代表区分属性。
SAM003529,PRG003154,ASM000028,AREA000039,2026,SRC000241,2026-10-03,2026年第108回選手権の都府県単位代表区分に所属。大会不参加校を含む加盟校マスター上の代表区分属性。
SAM003530,PRG003155,ASM000028,AREA000039,2026,SRC000241,2026-10-03,2026年第108回選手権の都府県単位代表区分に所属。大会不参加校を含む加盟校マスター上の代表区分属性。
SAM003531,PRG003156,ASM000028,AREA000039,2026,SRC000241,2026-10-03,2026年第108回選手権の都府県単位代表区分に所属。大会不参加校を含む加盟校マスター上の代表区分属性。
SAM003532,PRG003157,ASM000028,AREA000039,2026,SRC000241,2026-10-03,2026年第108回選手権の都府県単位代表区分に所属。大会不参加校を含む加盟校マスター上の代表区分属性。
SAM003533,PRG003158,ASM000028,AREA000039,2026,SRC000241,2026-10-03,2026年第108回選手権の都府県単位代表区分に所属。大会不参加校を含む加盟校マスター上の代表区分属性。
SAM003534,PRG003159,ASM000028,AREA000039,2026,SRC000241,2026-10-03,2026年第108回選手権の都府県単位代表区分に所属。大会不参加校を含む加盟校マスター上の代表区分属性。
SAM003535,PRG003160,ASM000028,AREA000039,2026,SRC000241,2026-10-03,2026年第108回選手権の都府県単位代表区分に所属。大会不参加校を含む加盟校マスター上の代表区分属性。
SAM003536,PRG003161,ASM000028,AREA000039,2026,SRC000241,2026-10-03,2026年第108回選手権の都府県単位代表区分に所属。大会不参加校を含む加盟校マスター上の代表区分属性。
SAM003537,PRG003162,ASM000028,AREA000039,2026,SRC000241,2026-10-03,2026年第108回選手権の都府県単位代表区分に所属。大会不参加校を含む加盟校マスター上の代表区分属性。
SAM003538,PRG003163,ASM000028,AREA000039,2026,SRC000241,2026-10-03,2026年第108回選手権の都府県単位代表区分に所属。大会不参加校を含む加盟校マスター上の代表区分属性。
SAM003539,PRG003164,ASM000028,AREA000039,2026,SRC000241,2026-10-03,2026年第108回選手権の都府県単位代表区分に所属。大会不参加校を含む加盟校マスター上の代表区分属性。
SAM003540,PRG003165,ASM000028,AREA000039,2026,SRC000241,2026-10-03,2026年第108回選手権の都府県単位代表区分に所属。大会不参加校を含む加盟校マスター上の代表区分属性。
SAM003541,PRG003166,ASM000028,AREA000039,2026,SRC000241,2026-10-03,2026年第108回選手権の都府県単位代表区分に所属。大会不参加校を含む加盟校マスター上の代表区分属性。
SAM003542,PRG003167,ASM000028,AREA000039,2026,SRC000241,2026-10-03,2026年第108回選手権の都府県単位代表区分に所属。大会不参加校を含む加盟校マスター上の代表区分属性。
SAM003543,PRG003168,ASM000028,AREA000039,2026,SRC000241,2026-10-03,2026年第108回選手権の都府県単位代表区分に所属。大会不参加校を含む加盟校マスター上の代表区分属性。
SAM003544,PRG003169,ASM000028,AREA000039,2026,SRC000241,2026-10-03,2026年第108回選手権の都府県単位代表区分に所属。大会不参加校を含む加盟校マスター上の代表区分属性。
SAM003545,PRG003170,ASM000028,AREA000039,2026,SRC000241,2026-10-03,2026年第108回選手権の都府県単位代表区分に所属。大会不参加校を含む加盟校マスター上の代表区分属性。
SAM003546,PRG003171,ASM000028,AREA000039,2026,SRC000241,2026-10-03,2026年第108回選手権の都府県単位代表区分に所属。大会不参加校を含む加盟校マスター上の代表区分属性。
SAM003547,PRG003172,ASM000028,AREA000039,2026,SRC000241,2026-10-03,2026年第108回選手権の都府県単位代表区分に所属。大会不参加校を含む加盟校マスター上の代表区分属性。
SAM003548,PRG003173,ASM000028,AREA000039,2026,SRC000241,2026-10-03,2026年第108回選手権の都府県単位代表区分に所属。大会不参加校を含む加盟校マスター上の代表区分属性。
SAM003549,PRG003174,ASM000028,AREA000039,2026,SRC000241,2026-10-03,2026年第108回選手権の都府県単位代表区分に所属。大会不参加校を含む加盟校マスター上の代表区分属性。
SAM003550,PRG003175,ASM000028,AREA000039,2026,SRC000241,2026-10-03,2026年第108回選手権の都府県単位代表区分に所属。大会不参加校を含む加盟校マスター上の代表区分属性。
SAM003551,PRG003176,ASM000028,AREA000039,2026,SRC000241,2026-10-03,2026年第108回選手権の都府県単位代表区分に所属。大会不参加校を含む加盟校マスター上の代表区分属性。
SAM003552,PRG003177,ASM000028,AREA000039,2026,SRC000241,2026-10-03,2026年第108回選手権の都府県単位代表区分に所属。大会不参加校を含む加盟校マスター上の代表区分属性。
SAM003553,PRG003178,ASM000028,AREA000039,2026,SRC000241,2026-10-03,2026年第108回選手権の都府県単位代表区分に所属。大会不参加校を含む加盟校マスター上の代表区分属性。
SAM003554,PRG003179,ASM000028,AREA000039,2026,SRC000241,2026-10-03,2026年第108回選手権の都府県単位代表区分に所属。大会不参加校を含む加盟校マスター上の代表区分属性。
SAM003555,PRG003180,ASM000028,AREA000039,2026,SRC000241,2026-10-03,2026年第108回選手権の都府県単位代表区分に所属。大会不参加校を含む加盟校マスター上の代表区分属性。
SAM003556,PRG003181,ASM000028,AREA000039,2026,SRC000241,2026-10-03,2026年第108回選手権の都府県単位代表区分に所属。大会不参加校を含む加盟校マスター上の代表区分属性。
SAM003557,PRG003182,ASM000028,AREA000039,2026,SRC000241,2026-10-03,2026年第108回選手権の都府県単位代表区分に所属。大会不参加校を含む加盟校マスター上の代表区分属性。
SAM003558,PRG003183,ASM000028,AREA000039,2026,SRC000241,2026-10-03,2026年第108回選手権の都府県単位代表区分に所属。大会不参加校を含む加盟校マスター上の代表区分属性。
SAM003559,PRG003184,ASM000028,AREA000039,2026,SRC000241,2026-10-03,2026年第108回選手権の都府県単位代表区分に所属。大会不参加校を含む加盟校マスター上の代表区分属性。
SAM003560,PRG003185,ASM000028,AREA000039,2026,SRC000241,2026-10-03,2026年第108回選手権の都府県単位代表区分に所属。大会不参加校を含む加盟校マスター上の代表区分属性。
SAM003561,PRG003186,ASM000028,AREA000039,2026,SRC000241,2026-10-03,2026年第108回選手権の都府県単位代表区分に所属。大会不参加校を含む加盟校マスター上の代表区分属性。
SAM003562,PRG003187,ASM000028,AREA000039,2026,SRC000241,2026-10-03,2026年第108回選手権の都府県単位代表区分に所属。大会不参加校を含む加盟校マスター上の代表区分属性。
SAM003563,PRG003188,ASM000028,AREA000039,2026,SRC000241,2026-10-03,2026年第108回選手権の都府県単位代表区分に所属。大会不参加校を含む加盟校マスター上の代表区分属性。
SAM003564,PRG003189,ASM000028,AREA000039,2026,SRC000241,2026-10-03,2026年第108回選手権の都府県単位代表区分に所属。大会不参加校を含む加盟校マスター上の代表区分属性。
SAM003565,PRG003190,ASM000028,AREA000039,2026,SRC000241,2026-10-03,2026年第108回選手権の都府県単位代表区分に所属。大会不参加校を含む加盟校マスター上の代表区分属性。
SAM003566,PRG003191,ASM000028,AREA000039,2026,SRC000241,2026-10-03,2026年第108回選手権の都府県単位代表区分に所属。大会不参加校を含む加盟校マスター上の代表区分属性。
SAM003567,PRG003192,ASM000028,AREA000039,2026,SRC000241,2026-10-03,2026年第108回選手権の都府県単位代表区分に所属。大会不参加校を含む加盟校マスター上の代表区分属性。
SAM003568,PRG003193,ASM000028,AREA000039,2026,SRC000241,2026-10-03,2026年第108回選手権の都府県単位代表区分に所属。大会不参加校を含む加盟校マスター上の代表区分属性。
SAM003569,PRG003194,ASM000028,AREA000039,2026,SRC000241,2026-10-03,2026年第108回選手権の都府県単位代表区分に所属。大会不参加校を含む加盟校マスター上の代表区分属性。
SAM003570,PRG003195,ASM000028,AREA000039,2026,SRC000241,2026-10-03,2026年第108回選手権の都府県単位代表区分に所属。大会不参加校を含む加盟校マスター上の代表区分属性。
SAM003571,PRG003196,ASM000028,AREA000039,2026,SRC000241,2026-10-03,2026年第108回選手権の都府県単位代表区分に所属。大会不参加校を含む加盟校マスター上の代表区分属性。
SAM003572,PRG003197,ASM000028,AREA000039,2026,SRC000241,2026-10-03,2026年第108回選手権の都府県単位代表区分に所属。大会不参加校を含む加盟校マスター上の代表区分属性。
SAM003573,PRG003198,ASM000028,AREA000039,2026,SRC000241,2026-10-03,2026年第108回選手権の都府県単位代表区分に所属。大会不参加校を含む加盟校マスター上の代表区分属性。
SAM003574,PRG003199,ASM000028,AREA000039,2026,SRC000241,2026-10-03,2026年第108回選手権の都府県単位代表区分に所属。大会不参加校を含む加盟校マスター上の代表区分属性。
SAM003575,PRG003200,ASM000028,AREA000039,2026,SRC000241,2026-10-03,2026年第108回選手権の都府県単位代表区分に所属。大会不参加校を含む加盟校マスター上の代表区分属性。
SAM003576,PRG003201,ASM000028,AREA000039,2026,SRC000241,2026-10-03,2026年第108回選手権の都府県単位代表区分に所属。大会不参加校を含む加盟校マスター上の代表区分属性。
SAM003577,PRG003202,ASM000028,AREA000039,2026,SRC000241,2026-10-03,2026年第108回選手権の都府県単位代表区分に所属。大会不参加校を含む加盟校マスター上の代表区分属性。
SAM003578,PRG003203,ASM000028,AREA000039,2026,SRC000241,2026-10-03,2026年第108回選手権の都府県単位代表区分に所属。大会不参加校を含む加盟校マスター上の代表区分属性。
SAM003579,PRG003204,ASM000028,AREA000039,2026,SRC000241,2026-10-03,2026年第108回選手権の都府県単位代表区分に所属。大会不参加校を含む加盟校マスター上の代表区分属性。
SAM003580,PRG003205,ASM000028,AREA000039,2026,SRC000241,2026-10-03,2026年第108回選手権の都府県単位代表区分に所属。大会不参加校を含む加盟校マスター上の代表区分属性。
SAM003581,PRG003206,ASM000028,AREA000039,2026,SRC000241,2026-10-03,2026年第108回選手権の都府県単位代表区分に所属。大会不参加校を含む加盟校マスター上の代表区分属性。
SAM003582,PRG003207,ASM000028,AREA000039,2026,SRC000241,2026-10-03,2026年第108回選手権の都府県単位代表区分に所属。大会不参加校を含む加盟校マスター上の代表区分属性。
SAM003583,PRG003208,ASM000028,AREA000039,2026,SRC000241,2026-10-03,2026年第108回選手権の都府県単位代表区分に所属。大会不参加校を含む加盟校マスター上の代表区分属性。
SAM003584,PRG003209,ASM000028,AREA000039,2026,SRC000241,2026-10-03,2026年第108回選手権の都府県単位代表区分に所属。大会不参加校を含む加盟校マスター上の代表区分属性。
SAM003585,PRG003210,ASM000028,AREA000039,2026,SRC000241,2026-10-03,2026年第108回選手権の都府県単位代表区分に所属。大会不参加校を含む加盟校マスター上の代表区分属性。
SAM003586,PRG003211,ASM000015,AREA000026,2026,SRC000241,2026-10-03,2026年第108回選手権の都府県単位代表区分に所属。大会不参加校を含む加盟校マスター上の代表区分属性。
SAM003587,PRG003212,ASM000015,AREA000026,2026,SRC000241,2026-10-03,2026年第108回選手権の都府県単位代表区分に所属。大会不参加校を含む加盟校マスター上の代表区分属性。
SAM003588,PRG003213,ASM000015,AREA000026,2026,SRC000241,2026-10-03,2026年第108回選手権の都府県単位代表区分に所属。大会不参加校を含む加盟校マスター上の代表区分属性。
SAM003589,PRG003214,ASM000015,AREA000026,2026,SRC000241,2026-10-03,2026年第108回選手権の都府県単位代表区分に所属。大会不参加校を含む加盟校マスター上の代表区分属性。
SAM003590,PRG003215,ASM000015,AREA000026,2026,SRC000241,2026-10-03,2026年第108回選手権の都府県単位代表区分に所属。大会不参加校を含む加盟校マスター上の代表区分属性。
SAM003591,PRG003216,ASM000015,AREA000026,2026,SRC000241,2026-10-03,2026年第108回選手権の都府県単位代表区分に所属。大会不参加校を含む加盟校マスター上の代表区分属性。
SAM003592,PRG003217,ASM000015,AREA000026,2026,SRC000241,2026-10-03,2026年第108回選手権の都府県単位代表区分に所属。大会不参加校を含む加盟校マスター上の代表区分属性。
SAM003593,PRG003218,ASM000015,AREA000026,2026,SRC000241,2026-10-03,2026年第108回選手権の都府県単位代表区分に所属。大会不参加校を含む加盟校マスター上の代表区分属性。
SAM003594,PRG003219,ASM000015,AREA000026,2026,SRC000241,2026-10-03,2026年第108回選手権の都府県単位代表区分に所属。大会不参加校を含む加盟校マスター上の代表区分属性。
SAM003595,PRG003220,ASM000015,AREA000026,2026,SRC000241,2026-10-03,2026年第108回選手権の都府県単位代表区分に所属。大会不参加校を含む加盟校マスター上の代表区分属性。
SAM003596,PRG003221,ASM000015,AREA000026,2026,SRC000241,2026-10-03,2026年第108回選手権の都府県単位代表区分に所属。大会不参加校を含む加盟校マスター上の代表区分属性。
SAM003597,PRG003222,ASM000015,AREA000026,2026,SRC000241,2026-10-03,2026年第108回選手権の都府県単位代表区分に所属。大会不参加校を含む加盟校マスター上の代表区分属性。
SAM003598,PRG003223,ASM000015,AREA000026,2026,SRC000241,2026-10-03,2026年第108回選手権の都府県単位代表区分に所属。大会不参加校を含む加盟校マスター上の代表区分属性。
SAM003599,PRG003224,ASM000015,AREA000026,2026,SRC000241,2026-10-03,2026年第108回選手権の都府県単位代表区分に所属。大会不参加校を含む加盟校マスター上の代表区分属性。
SAM003600,PRG003225,ASM000015,AREA000026,2026,SRC000241,2026-10-03,2026年第108回選手権の都府県単位代表区分に所属。大会不参加校を含む加盟校マスター上の代表区分属性。
SAM003601,PRG003226,ASM000015,AREA000026,2026,SRC000241,2026-10-03,2026年第108回選手権の都府県単位代表区分に所属。大会不参加校を含む加盟校マスター上の代表区分属性。
SAM003602,PRG003227,ASM000015,AREA000026,2026,SRC000241,2026-10-03,2026年第108回選手権の都府県単位代表区分に所属。大会不参加校を含む加盟校マスター上の代表区分属性。
SAM003603,PRG003228,ASM000015,AREA000026,2026,SRC000241,2026-10-03,2026年第108回選手権の都府県単位代表区分に所属。大会不参加校を含む加盟校マスター上の代表区分属性。
SAM003604,PRG003229,ASM000015,AREA000026,2026,SRC000241,2026-10-03,2026年第108回選手権の都府県単位代表区分に所属。大会不参加校を含む加盟校マスター上の代表区分属性。
SAM003605,PRG003230,ASM000015,AREA000026,2026,SRC000241,2026-10-03,2026年第108回選手権の都府県単位代表区分に所属。大会不参加校を含む加盟校マスター上の代表区分属性。
SAM003606,PRG003231,ASM000015,AREA000026,2026,SRC000241,2026-10-03,2026年第108回選手権の都府県単位代表区分に所属。大会不参加校を含む加盟校マスター上の代表区分属性。
SAM003607,PRG003232,ASM000015,AREA000026,2026,SRC000241,2026-10-03,2026年第108回選手権の都府県単位代表区分に所属。大会不参加校を含む加盟校マスター上の代表区分属性。
SAM003608,PRG003233,ASM000015,AREA000026,2026,SRC000241,2026-10-03,2026年第108回選手権の都府県単位代表区分に所属。大会不参加校を含む加盟校マスター上の代表区分属性。
SAM003609,PRG003234,ASM000015,AREA000026,2026,SRC000241,2026-10-03,2026年第108回選手権の都府県単位代表区分に所属。大会不参加校を含む加盟校マスター上の代表区分属性。
SAM003610,PRG003235,ASM000015,AREA000026,2026,SRC000241,2026-10-03,2026年第108回選手権の都府県単位代表区分に所属。大会不参加校を含む加盟校マスター上の代表区分属性。
SAM003611,PRG003236,ASM000015,AREA000026,2026,SRC000241,2026-10-03,2026年第108回選手権の都府県単位代表区分に所属。大会不参加校を含む加盟校マスター上の代表区分属性。
SAM003612,PRG003237,ASM000015,AREA000026,2026,SRC000241,2026-10-03,2026年第108回選手権の都府県単位代表区分に所属。大会不参加校を含む加盟校マスター上の代表区分属性。
SAM003613,PRG003238,ASM000015,AREA000026,2026,SRC000241,2026-10-03,2026年第108回選手権の都府県単位代表区分に所属。大会不参加校を含む加盟校マスター上の代表区分属性。
SAM003614,PRG003239,ASM000015,AREA000026,2026,SRC000241,2026-10-03,2026年第108回選手権の都府県単位代表区分に所属。大会不参加校を含む加盟校マスター上の代表区分属性。
SAM003615,PRG003240,ASM000015,AREA000026,2026,SRC000241,2026-10-03,2026年第108回選手権の都府県単位代表区分に所属。大会不参加校を含む加盟校マスター上の代表区分属性。
SAM003616,PRG003241,ASM000015,AREA000026,2026,SRC000241,2026-10-03,2026年第108回選手権の都府県単位代表区分に所属。大会不参加校を含む加盟校マスター上の代表区分属性。
SAM003617,PRG003242,ASM000015,AREA000026,2026,SRC000241,2026-10-03,2026年第108回選手権の都府県単位代表区分に所属。大会不参加校を含む加盟校マスター上の代表区分属性。
SAM003618,PRG003243,ASM000015,AREA000026,2026,SRC000241,2026-10-03,2026年第108回選手権の都府県単位代表区分に所属。大会不参加校を含む加盟校マスター上の代表区分属性。
SAM003619,PRG003244,ASM000015,AREA000026,2026,SRC000241,2026-10-03,2026年第108回選手権の都府県単位代表区分に所属。大会不参加校を含む加盟校マスター上の代表区分属性。
SAM003620,PRG003245,ASM000015,AREA000026,2026,SRC000241,2026-10-03,2026年第108回選手権の都府県単位代表区分に所属。大会不参加校を含む加盟校マスター上の代表区分属性。
SAM003621,PRG003246,ASM000015,AREA000026,2026,SRC000241,2026-10-03,2026年第108回選手権の都府県単位代表区分に所属。大会不参加校を含む加盟校マスター上の代表区分属性。
SAM003622,PRG003247,ASM000015,AREA000026,2026,SRC000241,2026-10-03,2026年第108回選手権の都府県単位代表区分に所属。大会不参加校を含む加盟校マスター上の代表区分属性。
SAM003623,PRG003248,ASM000015,AREA000026,2026,SRC000241,2026-10-03,2026年第108回選手権の都府県単位代表区分に所属。大会不参加校を含む加盟校マスター上の代表区分属性。
SAM003624,PRG003249,ASM000015,AREA000026,2026,SRC000241,2026-10-03,2026年第108回選手権の都府県単位代表区分に所属。大会不参加校を含む加盟校マスター上の代表区分属性。
SAM003625,PRG003250,ASM000015,AREA000026,2026,SRC000241,2026-10-03,2026年第108回選手権の都府県単位代表区分に所属。大会不参加校を含む加盟校マスター上の代表区分属性。
SAM003626,PRG003251,ASM000015,AREA000026,2026,SRC000241,2026-10-03,2026年第108回選手権の都府県単位代表区分に所属。大会不参加校を含む加盟校マスター上の代表区分属性。
SAM003627,PRG003252,ASM000015,AREA000026,2026,SRC000241,2026-10-03,2026年第108回選手権の都府県単位代表区分に所属。大会不参加校を含む加盟校マスター上の代表区分属性。
SAM003628,PRG003253,ASM000015,AREA000026,2026,SRC000241,2026-10-03,2026年第108回選手権の都府県単位代表区分に所属。大会不参加校を含む加盟校マスター上の代表区分属性。
SAM003629,PRG003254,ASM000015,AREA000026,2026,SRC000241,2026-10-03,2026年第108回選手権の都府県単位代表区分に所属。大会不参加校を含む加盟校マスター上の代表区分属性。
SAM003630,PRG003255,ASM000015,AREA000026,2026,SRC000241,2026-10-03,2026年第108回選手権の都府県単位代表区分に所属。大会不参加校を含む加盟校マスター上の代表区分属性。
SAM003631,PRG003256,ASM000015,AREA000026,2026,SRC000241,2026-10-03,2026年第108回選手権の都府県単位代表区分に所属。大会不参加校を含む加盟校マスター上の代表区分属性。
SAM003632,PRG003257,ASM000015,AREA000026,2026,SRC000241,2026-10-03,2026年第108回選手権の都府県単位代表区分に所属。大会不参加校を含む加盟校マスター上の代表区分属性。
SAM003633,PRG003258,ASM000015,AREA000026,2026,SRC000241,2026-10-03,2026年第108回選手権の都府県単位代表区分に所属。大会不参加校を含む加盟校マスター上の代表区分属性。
SAM003634,PRG003259,ASM000015,AREA000026,2026,SRC000241,2026-10-03,2026年第108回選手権の都府県単位代表区分に所属。大会不参加校を含む加盟校マスター上の代表区分属性。
SAM003635,PRG003260,ASM000015,AREA000026,2026,SRC000241,2026-10-03,2026年第108回選手権の都府県単位代表区分に所属。大会不参加校を含む加盟校マスター上の代表区分属性。
SAM003636,PRG003261,ASM000015,AREA000026,2026,SRC000241,2026-10-03,2026年第108回選手権の都府県単位代表区分に所属。大会不参加校を含む加盟校マスター上の代表区分属性。
SAM003637,PRG003262,ASM000015,AREA000026,2026,SRC000241,2026-10-03,2026年第108回選手権の都府県単位代表区分に所属。大会不参加校を含む加盟校マスター上の代表区分属性。
SAM003638,PRG003263,ASM000015,AREA000026,2026,SRC000241,2026-10-03,2026年第108回選手権の都府県単位代表区分に所属。大会不参加校を含む加盟校マスター上の代表区分属性。
SAM003639,PRG003264,ASM000015,AREA000026,2026,SRC000241,2026-10-03,2026年第108回選手権の都府県単位代表区分に所属。大会不参加校を含む加盟校マスター上の代表区分属性。
SAM003640,PRG003265,ASM000015,AREA000026,2026,SRC000241,2026-10-03,2026年第108回選手権の都府県単位代表区分に所属。大会不参加校を含む加盟校マスター上の代表区分属性。
SAM003641,PRG003266,ASM000015,AREA000026,2026,SRC000241,2026-10-03,2026年第108回選手権の都府県単位代表区分に所属。大会不参加校を含む加盟校マスター上の代表区分属性。
SAM003642,PRG003267,ASM000015,AREA000026,2026,SRC000241,2026-10-03,2026年第108回選手権の都府県単位代表区分に所属。大会不参加校を含む加盟校マスター上の代表区分属性。
SAM003643,PRG003268,ASM000015,AREA000026,2026,SRC000241,2026-10-03,2026年第108回選手権の都府県単位代表区分に所属。大会不参加校を含む加盟校マスター上の代表区分属性。
SAM003644,PRG003269,ASM000015,AREA000026,2026,SRC000241,2026-10-03,2026年第108回選手権の都府県単位代表区分に所属。大会不参加校を含む加盟校マスター上の代表区分属性。
SAM003645,PRG003270,ASM000015,AREA000026,2026,SRC000241,2026-10-03,2026年第108回選手権の都府県単位代表区分に所属。大会不参加校を含む加盟校マスター上の代表区分属性。
SAM003646,PRG003271,ASM000015,AREA000026,2026,SRC000241,2026-10-03,2026年第108回選手権の都府県単位代表区分に所属。大会不参加校を含む加盟校マスター上の代表区分属性。
SAM003647,PRG003272,ASM000015,AREA000026,2026,SRC000241,2026-10-03,2026年第108回選手権の都府県単位代表区分に所属。大会不参加校を含む加盟校マスター上の代表区分属性。
SAM003648,PRG003273,ASM000015,AREA000026,2026,SRC000241,2026-10-03,2026年第108回選手権の都府県単位代表区分に所属。大会不参加校を含む加盟校マスター上の代表区分属性。
SAM003649,PRG003274,ASM000015,AREA000026,2026,SRC000241,2026-10-03,2026年第108回選手権の都府県単位代表区分に所属。大会不参加校を含む加盟校マスター上の代表区分属性。
SAM003650,PRG003275,ASM000015,AREA000026,2026,SRC000241,2026-10-03,2026年第108回選手権の都府県単位代表区分に所属。大会不参加校を含む加盟校マスター上の代表区分属性。
SAM003651,PRG003276,ASM000015,AREA000026,2026,SRC000241,2026-10-03,2026年第108回選手権の都府県単位代表区分に所属。大会不参加校を含む加盟校マスター上の代表区分属性。
SAM003652,PRG003277,ASM000015,AREA000026,2026,SRC000241,2026-10-03,2026年第108回選手権の都府県単位代表区分に所属。大会不参加校を含む加盟校マスター上の代表区分属性。
SAM003653,PRG003278,ASM000015,AREA000026,2026,SRC000241,2026-10-03,2026年第108回選手権の都府県単位代表区分に所属。大会不参加校を含む加盟校マスター上の代表区分属性。
SAM003654,PRG003279,ASM000015,AREA000026,2026,SRC000241,2026-10-03,2026年第108回選手権の都府県単位代表区分に所属。大会不参加校を含む加盟校マスター上の代表区分属性。
SAM003655,PRG003280,ASM000015,AREA000026,2026,SRC000241,2026-10-03,2026年第108回選手権の都府県単位代表区分に所属。大会不参加校を含む加盟校マスター上の代表区分属性。
SAM003656,PRG003281,ASM000015,AREA000026,2026,SRC000241,2026-10-03,2026年第108回選手権の都府県単位代表区分に所属。大会不参加校を含む加盟校マスター上の代表区分属性。
SAM003657,PRG003282,ASM000015,AREA000026,2026,SRC000241,2026-10-03,2026年第108回選手権の都府県単位代表区分に所属。大会不参加校を含む加盟校マスター上の代表区分属性。
SAM003658,PRG003283,ASM000015,AREA000026,2026,SRC000241,2026-10-03,2026年第108回選手権の都府県単位代表区分に所属。大会不参加校を含む加盟校マスター上の代表区分属性。
SAM003659,PRG003284,ASM000015,AREA000026,2026,SRC000241,2026-10-03,2026年第108回選手権の都府県単位代表区分に所属。大会不参加校を含む加盟校マスター上の代表区分属性。
SAM003660,PRG003285,ASM000015,AREA000026,2026,SRC000241,2026-10-03,2026年第108回選手権の都府県単位代表区分に所属。大会不参加校を含む加盟校マスター上の代表区分属性。
SAM003661,PRG003286,ASM000015,AREA000026,2026,SRC000241,2026-10-03,2026年第108回選手権の都府県単位代表区分に所属。大会不参加校を含む加盟校マスター上の代表区分属性。
SAM003662,PRG003287,ASM000015,AREA000026,2026,SRC000241,2026-10-03,2026年第108回選手権の都府県単位代表区分に所属。大会不参加校を含む加盟校マスター上の代表区分属性。
SAM003663,PRG003288,ASM000015,AREA000026,2026,SRC000241,2026-10-03,2026年第108回選手権の都府県単位代表区分に所属。大会不参加校を含む加盟校マスター上の代表区分属性。
SAM003664,PRG003289,ASM000015,AREA000026,2026,SRC000241,2026-10-03,2026年第108回選手権の都府県単位代表区分に所属。大会不参加校を含む加盟校マスター上の代表区分属性。
SAM003665,PRG003290,ASM000015,AREA000026,2026,SRC000241,2026-10-03,2026年第108回選手権の都府県単位代表区分に所属。大会不参加校を含む加盟校マスター上の代表区分属性。
SAM003666,PRG003291,ASM000015,AREA000026,2026,SRC000241,2026-10-03,2026年第108回選手権の都府県単位代表区分に所属。大会不参加校を含む加盟校マスター上の代表区分属性。
SAM003667,PRG003292,ASM000015,AREA000026,2026,SRC000241,2026-10-03,2026年第108回選手権の都府県単位代表区分に所属。大会不参加校を含む加盟校マスター上の代表区分属性。
SAM003668,PRG003293,ASM000015,AREA000026,2026,SRC000241,2026-10-03,2026年第108回選手権の都府県単位代表区分に所属。大会不参加校を含む加盟校マスター上の代表区分属性。
SAM003669,PRG003294,ASM000015,AREA000026,2026,SRC000241,2026-10-03,2026年第108回選手権の都府県単位代表区分に所属。大会不参加校を含む加盟校マスター上の代表区分属性。
SAM003670,PRG003295,ASM000015,AREA000026,2026,SRC000241,2026-10-03,2026年第108回選手権の都府県単位代表区分に所属。大会不参加校を含む加盟校マスター上の代表区分属性。
SAM003671,PRG003296,ASM000015,AREA000026,2026,SRC000241,2026-10-03,2026年第108回選手権の都府県単位代表区分に所属。大会不参加校を含む加盟校マスター上の代表区分属性。
SAM003672,PRG003297,ASM000015,AREA000026,2026,SRC000241,2026-10-03,2026年第108回選手権の都府県単位代表区分に所属。大会不参加校を含む加盟校マスター上の代表区分属性。
SAM003673,PRG003298,ASM000015,AREA000026,2026,SRC000241,2026-10-03,2026年第108回選手権の都府県単位代表区分に所属。大会不参加校を含む加盟校マスター上の代表区分属性。
SAM003674,PRG003299,ASM000015,AREA000026,2026,SRC000241,2026-10-03,2026年第108回選手権の都府県単位代表区分に所属。大会不参加校を含む加盟校マスター上の代表区分属性。
SAM003675,PRG003300,ASM000015,AREA000026,2026,SRC000241,2026-10-03,2026年第108回選手権の都府県単位代表区分に所属。大会不参加校を含む加盟校マスター上の代表区分属性。
SAM003676,PRG003301,ASM000015,AREA000026,2026,SRC000241,2026-10-03,2026年第108回選手権の都府県単位代表区分に所属。大会不参加校を含む加盟校マスター上の代表区分属性。
SAM003677,PRG003302,ASM000015,AREA000026,2026,SRC000241,2026-10-03,2026年第108回選手権の都府県単位代表区分に所属。大会不参加校を含む加盟校マスター上の代表区分属性。
SAM003678,PRG003303,ASM000015,AREA000026,2026,SRC000241,2026-10-03,2026年第108回選手権の都府県単位代表区分に所属。大会不参加校を含む加盟校マスター上の代表区分属性。
SAM003679,PRG003304,ASM000015,AREA000026,2026,SRC000241,2026-10-03,2026年第108回選手権の都府県単位代表区分に所属。大会不参加校を含む加盟校マスター上の代表区分属性。
SAM003680,PRG003305,ASM000015,AREA000026,2026,SRC000241,2026-10-03,2026年第108回選手権の都府県単位代表区分に所属。大会不参加校を含む加盟校マスター上の代表区分属性。
SAM003681,PRG003306,ASM000015,AREA000026,2026,SRC000241,2026-10-03,2026年第108回選手権の都府県単位代表区分に所属。大会不参加校を含む加盟校マスター上の代表区分属性。
SAM003682,PRG003307,ASM000015,AREA000026,2026,SRC000241,2026-10-03,2026年第108回選手権の都府県単位代表区分に所属。大会不参加校を含む加盟校マスター上の代表区分属性。
SAM003683,PRG003308,ASM000015,AREA000026,2026,SRC000241,2026-10-03,2026年第108回選手権の都府県単位代表区分に所属。大会不参加校を含む加盟校マスター上の代表区分属性。
SAM003684,PRG003309,ASM000015,AREA000026,2026,SRC000241,2026-10-03,2026年第108回選手権の都府県単位代表区分に所属。大会不参加校を含む加盟校マスター上の代表区分属性。
SAM003685,PRG003310,ASM000015,AREA000026,2026,SRC000241,2026-10-03,2026年第108回選手権の都府県単位代表区分に所属。大会不参加校を含む加盟校マスター上の代表区分属性。
SAM003686,PRG003311,ASM000015,AREA000026,2026,SRC000241,2026-10-03,2026年第108回選手権の都府県単位代表区分に所属。大会不参加校を含む加盟校マスター上の代表区分属性。
SAM003687,PRG003312,ASM000015,AREA000026,2026,SRC000241,2026-10-03,2026年第108回選手権の都府県単位代表区分に所属。大会不参加校を含む加盟校マスター上の代表区分属性。
SAM003688,PRG003313,ASM000015,AREA000026,2026,SRC000241,2026-10-03,2026年第108回選手権の都府県単位代表区分に所属。大会不参加校を含む加盟校マスター上の代表区分属性。
SAM003689,PRG003314,ASM000015,AREA000026,2026,SRC000241,2026-10-03,2026年第108回選手権の都府県単位代表区分に所属。大会不参加校を含む加盟校マスター上の代表区分属性。
SAM003690,PRG003315,ASM000015,AREA000026,2026,SRC000241,2026-10-03,2026年第108回選手権の都府県単位代表区分に所属。大会不参加校を含む加盟校マスター上の代表区分属性。
SAM003691,PRG003316,ASM000015,AREA000026,2026,SRC000241,2026-10-03,2026年第108回選手権の都府県単位代表区分に所属。大会不参加校を含む加盟校マスター上の代表区分属性。
SAM003692,PRG003317,ASM000015,AREA000026,2026,SRC000241,2026-10-03,2026年第108回選手権の都府県単位代表区分に所属。大会不参加校を含む加盟校マスター上の代表区分属性。
SAM003693,PRG003318,ASM000015,AREA000026,2026,SRC000241,2026-10-03,2026年第108回選手権の都府県単位代表区分に所属。大会不参加校を含む加盟校マスター上の代表区分属性。
SAM003694,PRG003319,ASM000015,AREA000026,2026,SRC000241,2026-10-03,2026年第108回選手権の都府県単位代表区分に所属。大会不参加校を含む加盟校マスター上の代表区分属性。
SAM003695,PRG003320,ASM000015,AREA000026,2026,SRC000241,2026-10-03,2026年第108回選手権の都府県単位代表区分に所属。大会不参加校を含む加盟校マスター上の代表区分属性。
SAM003696,PRG003321,ASM000015,AREA000026,2026,SRC000241,2026-10-03,2026年第108回選手権の都府県単位代表区分に所属。大会不参加校を含む加盟校マスター上の代表区分属性。
SAM003697,PRG003322,ASM000015,AREA000026,2026,SRC000241,2026-10-03,2026年第108回選手権の都府県単位代表区分に所属。大会不参加校を含む加盟校マスター上の代表区分属性。
SAM003698,PRG003323,ASM000015,AREA000026,2026,SRC000241,2026-10-03,2026年第108回選手権の都府県単位代表区分に所属。大会不参加校を含む加盟校マスター上の代表区分属性。
SAM003699,PRG003324,ASM000015,AREA000026,2026,SRC000241,2026-10-03,2026年第108回選手権の都府県単位代表区分に所属。大会不参加校を含む加盟校マスター上の代表区分属性。
SAM003700,PRG003325,ASM000015,AREA000026,2026,SRC000241,2026-10-03,2026年第108回選手権の都府県単位代表区分に所属。大会不参加校を含む加盟校マスター上の代表区分属性。
SAM003701,PRG003326,ASM000015,AREA000026,2026,SRC000241,2026-10-03,2026年第108回選手権の都府県単位代表区分に所属。大会不参加校を含む加盟校マスター上の代表区分属性。
SAM003702,PRG003327,ASM000015,AREA000026,2026,SRC000241,2026-10-03,2026年第108回選手権の都府県単位代表区分に所属。大会不参加校を含む加盟校マスター上の代表区分属性。
SAM003703,PRG003328,ASM000015,AREA000026,2026,SRC000241,2026-10-03,2026年第108回選手権の都府県単位代表区分に所属。大会不参加校を含む加盟校マスター上の代表区分属性。
SAM003704,PRG003329,ASM000015,AREA000026,2026,SRC000241,2026-10-03,2026年第108回選手権の都府県単位代表区分に所属。大会不参加校を含む加盟校マスター上の代表区分属性。
SAM003705,PRG003330,ASM000015,AREA000026,2026,SRC000241,2026-10-03,2026年第108回選手権の都府県単位代表区分に所属。大会不参加校を含む加盟校マスター上の代表区分属性。
SAM003706,PRG003331,ASM000015,AREA000026,2026,SRC000241,2026-10-03,2026年第108回選手権の都府県単位代表区分に所属。大会不参加校を含む加盟校マスター上の代表区分属性。
SAM003707,PRG003332,ASM000015,AREA000026,2026,SRC000241,2026-10-03,2026年第108回選手権の都府県単位代表区分に所属。大会不参加校を含む加盟校マスター上の代表区分属性。
SAM003708,PRG003333,ASM000015,AREA000026,2026,SRC000241,2026-10-03,2026年第108回選手権の都府県単位代表区分に所属。大会不参加校を含む加盟校マスター上の代表区分属性。
SAM003709,PRG003334,ASM000015,AREA000026,2026,SRC000241,2026-10-03,2026年第108回選手権の都府県単位代表区分に所属。大会不参加校を含む加盟校マスター上の代表区分属性。
SAM003710,PRG003335,ASM000015,AREA000026,2026,SRC000241,2026-10-03,2026年第108回選手権の都府県単位代表区分に所属。大会不参加校を含む加盟校マスター上の代表区分属性。
SAM003711,PRG003336,ASM000015,AREA000026,2026,SRC000241,2026-10-03,2026年第108回選手権の都府県単位代表区分に所属。大会不参加校を含む加盟校マスター上の代表区分属性。
SAM003712,PRG003337,ASM000015,AREA000026,2026,SRC000241,2026-10-03,2026年第108回選手権の都府県単位代表区分に所属。大会不参加校を含む加盟校マスター上の代表区分属性。
SAM003713,PRG003338,ASM000015,AREA000026,2026,SRC000241,2026-10-03,2026年第108回選手権の都府県単位代表区分に所属。大会不参加校を含む加盟校マスター上の代表区分属性。
SAM003714,PRG003339,ASM000015,AREA000026,2026,SRC000241,2026-10-03,2026年第108回選手権の都府県単位代表区分に所属。大会不参加校を含む加盟校マスター上の代表区分属性。
SAM003715,PRG003340,ASM000015,AREA000026,2026,SRC000241,2026-10-03,2026年第108回選手権の都府県単位代表区分に所属。大会不参加校を含む加盟校マスター上の代表区分属性。
SAM003716,PRG003341,ASM000015,AREA000026,2026,SRC000241,2026-10-03,2026年第108回選手権の都府県単位代表区分に所属。大会不参加校を含む加盟校マスター上の代表区分属性。
SAM003717,PRG003342,ASM000015,AREA000026,2026,SRC000241,2026-10-03,2026年第108回選手権の都府県単位代表区分に所属。大会不参加校を含む加盟校マスター上の代表区分属性。
SAM003718,PRG003343,ASM000015,AREA000026,2026,SRC000241,2026-10-03,2026年第108回選手権の都府県単位代表区分に所属。大会不参加校を含む加盟校マスター上の代表区分属性。
SAM003719,PRG003344,ASM000015,AREA000026,2026,SRC000241,2026-10-03,2026年第108回選手権の都府県単位代表区分に所属。大会不参加校を含む加盟校マスター上の代表区分属性。
SAM003720,PRG003345,ASM000015,AREA000026,2026,SRC000241,2026-10-03,2026年第108回選手権の都府県単位代表区分に所属。大会不参加校を含む加盟校マスター上の代表区分属性。
SAM003721,PRG003346,ASM000015,AREA000026,2026,SRC000241,2026-10-03,2026年第108回選手権の都府県単位代表区分に所属。大会不参加校を含む加盟校マスター上の代表区分属性。
SAM003722,PRG003347,ASM000015,AREA000026,2026,SRC000241,2026-10-03,2026年第108回選手権の都府県単位代表区分に所属。大会不参加校を含む加盟校マスター上の代表区分属性。
SAM003723,PRG003348,ASM000015,AREA000026,2026,SRC000241,2026-10-03,2026年第108回選手権の都府県単位代表区分に所属。大会不参加校を含む加盟校マスター上の代表区分属性。
SAM003724,PRG003349,ASM000015,AREA000026,2026,SRC000241,2026-10-03,2026年第108回選手権の都府県単位代表区分に所属。大会不参加校を含む加盟校マスター上の代表区分属性。
SAM003725,PRG003350,ASM000015,AREA000026,2026,SRC000241,2026-10-03,2026年第108回選手権の都府県単位代表区分に所属。大会不参加校を含む加盟校マスター上の代表区分属性。
SAM003726,PRG003351,ASM000015,AREA000026,2026,SRC000241,2026-10-03,2026年第108回選手権の都府県単位代表区分に所属。大会不参加校を含む加盟校マスター上の代表区分属性。
SAM003727,PRG003352,ASM000015,AREA000026,2026,SRC000241,2026-10-03,2026年第108回選手権の都府県単位代表区分に所属。大会不参加校を含む加盟校マスター上の代表区分属性。
SAM003728,PRG003353,ASM000015,AREA000026,2026,SRC000241,2026-10-03,2026年第108回選手権の都府県単位代表区分に所属。大会不参加校を含む加盟校マスター上の代表区分属性。
SAM003729,PRG003354,ASM000015,AREA000026,2026,SRC000241,2026-10-03,2026年第108回選手権の都府県単位代表区分に所属。大会不参加校を含む加盟校マスター上の代表区分属性。
SAM003730,PRG003355,ASM000015,AREA000026,2026,SRC000241,2026-10-03,2026年第108回選手権の都府県単位代表区分に所属。大会不参加校を含む加盟校マスター上の代表区分属性。
SAM003731,PRG003356,ASM000015,AREA000026,2026,SRC000241,2026-10-03,2026年第108回選手権の都府県単位代表区分に所属。大会不参加校を含む加盟校マスター上の代表区分属性。
SAM003732,PRG003357,ASM000015,AREA000026,2026,SRC000241,2026-10-03,2026年第108回選手権の都府県単位代表区分に所属。大会不参加校を含む加盟校マスター上の代表区分属性。
SAM003733,PRG003358,ASM000015,AREA000026,2026,SRC000241,2026-10-03,2026年第108回選手権の都府県単位代表区分に所属。大会不参加校を含む加盟校マスター上の代表区分属性。
SAM003734,PRG003359,ASM000015,AREA000026,2026,SRC000241,2026-10-03,2026年第108回選手権の都府県単位代表区分に所属。大会不参加校を含む加盟校マスター上の代表区分属性。
SAM003735,PRG003360,ASM000015,AREA000026,2026,SRC000241,2026-10-03,2026年第108回選手権の都府県単位代表区分に所属。大会不参加校を含む加盟校マスター上の代表区分属性。
SAM003736,PRG003361,ASM000015,AREA000026,2026,SRC000241,2026-10-03,2026年第108回選手権の都府県単位代表区分に所属。大会不参加校を含む加盟校マスター上の代表区分属性。
SAM003737,PRG003362,ASM000015,AREA000026,2026,SRC000241,2026-10-03,2026年第108回選手権の都府県単位代表区分に所属。大会不参加校を含む加盟校マスター上の代表区分属性。
SAM003738,PRG003363,ASM000015,AREA000026,2026,SRC000241,2026-10-03,2026年第108回選手権の都府県単位代表区分に所属。大会不参加校を含む加盟校マスター上の代表区分属性。
SAM003739,PRG003364,ASM000015,AREA000026,2026,SRC000241,2026-10-03,2026年第108回選手権の都府県単位代表区分に所属。大会不参加校を含む加盟校マスター上の代表区分属性。
SAM003740,PRG003365,ASM000015,AREA000026,2026,SRC000241,2026-10-03,2026年第108回選手権の都府県単位代表区分に所属。大会不参加校を含む加盟校マスター上の代表区分属性。
SAM003741,PRG003366,ASM000015,AREA000026,2026,SRC000241,2026-10-03,2026年第108回選手権の都府県単位代表区分に所属。大会不参加校を含む加盟校マスター上の代表区分属性。
SAM003742,PRG003367,ASM000015,AREA000026,2026,SRC000241,2026-10-03,2026年第108回選手権の都府県単位代表区分に所属。大会不参加校を含む加盟校マスター上の代表区分属性。
SAM003743,PRG003368,ASM000015,AREA000026,2026,SRC000241,2026-10-03,2026年第108回選手権の都府県単位代表区分に所属。大会不参加校を含む加盟校マスター上の代表区分属性。
SAM003744,PRG003369,ASM000015,AREA000026,2026,SRC000241,2026-10-03,2026年第108回選手権の都府県単位代表区分に所属。大会不参加校を含む加盟校マスター上の代表区分属性。
SAM003745,PRG003370,ASM000015,AREA000026,2026,SRC000241,2026-10-03,2026年第108回選手権の都府県単位代表区分に所属。大会不参加校を含む加盟校マスター上の代表区分属性。
SAM003746,PRG003371,ASM000015,AREA000026,2026,SRC000241,2026-10-03,2026年第108回選手権の都府県単位代表区分に所属。大会不参加校を含む加盟校マスター上の代表区分属性。
SAM003747,PRG003372,ASM000015,AREA000026,2026,SRC000241,2026-10-03,2026年第108回選手権の都府県単位代表区分に所属。大会不参加校を含む加盟校マスター上の代表区分属性。
SAM003748,PRG003373,ASM000015,AREA000026,2026,SRC000241,2026-10-03,2026年第108回選手権の都府県単位代表区分に所属。大会不参加校を含む加盟校マスター上の代表区分属性。
SAM003749,PRG003374,ASM000015,AREA000026,2026,SRC000241,2026-10-03,2026年第108回選手権の都府県単位代表区分に所属。大会不参加校を含む加盟校マスター上の代表区分属性。
SAM003750,PRG003375,ASM000015,AREA000026,2026,SRC000241,2026-10-03,2026年第108回選手権の都府県単位代表区分に所属。大会不参加校を含む加盟校マスター上の代表区分属性。
SAM003751,PRG003376,ASM000015,AREA000026,2026,SRC000241,2026-10-03,2026年第108回選手権の都府県単位代表区分に所属。大会不参加校を含む加盟校マスター上の代表区分属性。
SAM003752,PRG003377,ASM000015,AREA000026,2026,SRC000241,2026-10-03,2026年第108回選手権の都府県単位代表区分に所属。大会不参加校を含む加盟校マスター上の代表区分属性。
SAM003753,PRG003378,ASM000015,AREA000026,2026,SRC000241,2026-10-03,2026年第108回選手権の都府県単位代表区分に所属。大会不参加校を含む加盟校マスター上の代表区分属性。
SAM003754,PRG003379,ASM000015,AREA000026,2026,SRC000241,2026-10-03,2026年第108回選手権の都府県単位代表区分に所属。大会不参加校を含む加盟校マスター上の代表区分属性。
SAM003755,PRG003380,ASM000015,AREA000026,2026,SRC000241,2026-10-03,2026年第108回選手権の都府県単位代表区分に所属。大会不参加校を含む加盟校マスター上の代表区分属性。
SAM003756,PRG003381,ASM000015,AREA000026,2026,SRC000241,2026-10-03,2026年第108回選手権の都府県単位代表区分に所属。大会不参加校を含む加盟校マスター上の代表区分属性。
SAM003757,PRG003382,ASM000015,AREA000026,2026,SRC000241,2026-10-03,2026年第108回選手権の都府県単位代表区分に所属。大会不参加校を含む加盟校マスター上の代表区分属性。
SAM003758,PRG003383,ASM000015,AREA000026,2026,SRC000241,2026-10-03,2026年第108回選手権の都府県単位代表区分に所属。大会不参加校を含む加盟校マスター上の代表区分属性。
SAM003759,PRG003384,ASM000015,AREA000026,2026,SRC000241,2026-10-03,2026年第108回選手権の都府県単位代表区分に所属。大会不参加校を含む加盟校マスター上の代表区分属性。
SAM003760,PRG003385,ASM000015,AREA000026,2026,SRC000241,2026-10-03,2026年第108回選手権の都府県単位代表区分に所属。大会不参加校を含む加盟校マスター上の代表区分属性。
SAM003761,PRG003386,ASM000015,AREA000026,2026,SRC000241,2026-10-03,2026年第108回選手権の都府県単位代表区分に所属。大会不参加校を含む加盟校マスター上の代表区分属性。
SAM003762,PRG003387,ASM000015,AREA000026,2026,SRC000241,2026-10-03,2026年第108回選手権の都府県単位代表区分に所属。大会不参加校を含む加盟校マスター上の代表区分属性。
SAM003763,PRG003388,ASM000015,AREA000026,2026,SRC000241,2026-10-03,2026年第108回選手権の都府県単位代表区分に所属。大会不参加校を含む加盟校マスター上の代表区分属性。
SAM003764,PRG003389,ASM000015,AREA000026,2026,SRC000241,2026-10-03,2026年第108回選手権の都府県単位代表区分に所属。大会不参加校を含む加盟校マスター上の代表区分属性。
SAM003765,PRG003390,ASM000015,AREA000026,2026,SRC000241,2026-10-03,2026年第108回選手権の都府県単位代表区分に所属。大会不参加校を含む加盟校マスター上の代表区分属性。
SAM003766,PRG003391,ASM000015,AREA000026,2026,SRC000241,2026-10-03,2026年第108回選手権の都府県単位代表区分に所属。大会不参加校を含む加盟校マスター上の代表区分属性。
SAM003767,PRG003392,ASM000015,AREA000026,2026,SRC000241,2026-10-03,2026年第108回選手権の都府県単位代表区分に所属。大会不参加校を含む加盟校マスター上の代表区分属性。
SAM003768,PRG003393,ASM000015,AREA000026,2026,SRC000241,2026-10-03,2026年第108回選手権の都府県単位代表区分に所属。大会不参加校を含む加盟校マスター上の代表区分属性。
SAM003769,PRG003394,ASM000015,AREA000026,2026,SRC000241,2026-10-03,2026年第108回選手権の都府県単位代表区分に所属。大会不参加校を含む加盟校マスター上の代表区分属性。
SAM003770,PRG003395,ASM000015,AREA000026,2026,SRC000241,2026-10-03,2026年第108回選手権の都府県単位代表区分に所属。大会不参加校を含む加盟校マスター上の代表区分属性。
SAM003771,PRG003396,ASM000015,AREA000026,2026,SRC000241,2026-10-03,2026年第108回選手権の都府県単位代表区分に所属。大会不参加校を含む加盟校マスター上の代表区分属性。
SAM003772,PRG003397,ASM000029,AREA000040,2026,SRC000241,2026-10-03,2026年第108回選手権の都府県単位代表区分に所属。大会不参加校を含む加盟校マスター上の代表区分属性。
SAM003773,PRG003398,ASM000029,AREA000040,2026,SRC000241,2026-10-03,2026年第108回選手権の都府県単位代表区分に所属。大会不参加校を含む加盟校マスター上の代表区分属性。
SAM003774,PRG003399,ASM000029,AREA000040,2026,SRC000241,2026-10-03,2026年第108回選手権の都府県単位代表区分に所属。大会不参加校を含む加盟校マスター上の代表区分属性。
SAM003775,PRG003400,ASM000029,AREA000040,2026,SRC000241,2026-10-03,2026年第108回選手権の都府県単位代表区分に所属。大会不参加校を含む加盟校マスター上の代表区分属性。
SAM003776,PRG003401,ASM000029,AREA000040,2026,SRC000241,2026-10-03,2026年第108回選手権の都府県単位代表区分に所属。大会不参加校を含む加盟校マスター上の代表区分属性。
SAM003777,PRG003402,ASM000029,AREA000040,2026,SRC000241,2026-10-03,2026年第108回選手権の都府県単位代表区分に所属。大会不参加校を含む加盟校マスター上の代表区分属性。
SAM003778,PRG003403,ASM000029,AREA000040,2026,SRC000241,2026-10-03,2026年第108回選手権の都府県単位代表区分に所属。大会不参加校を含む加盟校マスター上の代表区分属性。
SAM003779,PRG003404,ASM000029,AREA000040,2026,SRC000241,2026-10-03,2026年第108回選手権の都府県単位代表区分に所属。大会不参加校を含む加盟校マスター上の代表区分属性。
SAM003780,PRG003405,ASM000029,AREA000040,2026,SRC000241,2026-10-03,2026年第108回選手権の都府県単位代表区分に所属。大会不参加校を含む加盟校マスター上の代表区分属性。
SAM003781,PRG003406,ASM000029,AREA000040,2026,SRC000241,2026-10-03,2026年第108回選手権の都府県単位代表区分に所属。大会不参加校を含む加盟校マスター上の代表区分属性。
SAM003782,PRG003407,ASM000029,AREA000040,2026,SRC000241,2026-10-03,2026年第108回選手権の都府県単位代表区分に所属。大会不参加校を含む加盟校マスター上の代表区分属性。
SAM003783,PRG003408,ASM000029,AREA000040,2026,SRC000241,2026-10-03,2026年第108回選手権の都府県単位代表区分に所属。大会不参加校を含む加盟校マスター上の代表区分属性。
SAM003784,PRG003409,ASM000029,AREA000040,2026,SRC000241,2026-10-03,2026年第108回選手権の都府県単位代表区分に所属。大会不参加校を含む加盟校マスター上の代表区分属性。
SAM003785,PRG003410,ASM000029,AREA000040,2026,SRC000241,2026-10-03,2026年第108回選手権の都府県単位代表区分に所属。大会不参加校を含む加盟校マスター上の代表区分属性。
SAM003786,PRG003411,ASM000029,AREA000040,2026,SRC000241,2026-10-03,2026年第108回選手権の都府県単位代表区分に所属。大会不参加校を含む加盟校マスター上の代表区分属性。
SAM003787,PRG003412,ASM000029,AREA000040,2026,SRC000241,2026-10-03,2026年第108回選手権の都府県単位代表区分に所属。大会不参加校を含む加盟校マスター上の代表区分属性。
SAM003788,PRG003413,ASM000029,AREA000040,2026,SRC000241,2026-10-03,2026年第108回選手権の都府県単位代表区分に所属。大会不参加校を含む加盟校マスター上の代表区分属性。
SAM003789,PRG003414,ASM000029,AREA000040,2026,SRC000241,2026-10-03,2026年第108回選手権の都府県単位代表区分に所属。大会不参加校を含む加盟校マスター上の代表区分属性。
SAM003790,PRG003415,ASM000029,AREA000040,2026,SRC000241,2026-10-03,2026年第108回選手権の都府県単位代表区分に所属。大会不参加校を含む加盟校マスター上の代表区分属性。
SAM003791,PRG003416,ASM000029,AREA000040,2026,SRC000241,2026-10-03,2026年第108回選手権の都府県単位代表区分に所属。大会不参加校を含む加盟校マスター上の代表区分属性。
SAM003792,PRG003417,ASM000029,AREA000040,2026,SRC000241,2026-10-03,2026年第108回選手権の都府県単位代表区分に所属。大会不参加校を含む加盟校マスター上の代表区分属性。
SAM003793,PRG003418,ASM000029,AREA000040,2026,SRC000241,2026-10-03,2026年第108回選手権の都府県単位代表区分に所属。大会不参加校を含む加盟校マスター上の代表区分属性。
SAM003794,PRG003419,ASM000029,AREA000040,2026,SRC000241,2026-10-03,2026年第108回選手権の都府県単位代表区分に所属。大会不参加校を含む加盟校マスター上の代表区分属性。
SAM003795,PRG003420,ASM000029,AREA000040,2026,SRC000241,2026-10-03,2026年第108回選手権の都府県単位代表区分に所属。大会不参加校を含む加盟校マスター上の代表区分属性。
SAM003796,PRG003421,ASM000029,AREA000040,2026,SRC000241,2026-10-03,2026年第108回選手権の都府県単位代表区分に所属。大会不参加校を含む加盟校マスター上の代表区分属性。
SAM003797,PRG003422,ASM000029,AREA000040,2026,SRC000241,2026-10-03,2026年第108回選手権の都府県単位代表区分に所属。大会不参加校を含む加盟校マスター上の代表区分属性。
SAM003798,PRG003423,ASM000029,AREA000040,2026,SRC000241,2026-10-03,2026年第108回選手権の都府県単位代表区分に所属。大会不参加校を含む加盟校マスター上の代表区分属性。
SAM003799,PRG003424,ASM000029,AREA000040,2026,SRC000241,2026-10-03,2026年第108回選手権の都府県単位代表区分に所属。大会不参加校を含む加盟校マスター上の代表区分属性。
SAM003800,PRG003425,ASM000029,AREA000040,2026,SRC000241,2026-10-03,2026年第108回選手権の都府県単位代表区分に所属。大会不参加校を含む加盟校マスター上の代表区分属性。
SAM003801,PRG003426,ASM000029,AREA000040,2026,SRC000241,2026-10-03,2026年第108回選手権の都府県単位代表区分に所属。大会不参加校を含む加盟校マスター上の代表区分属性。
SAM003802,PRG003427,ASM000029,AREA000040,2026,SRC000241,2026-10-03,2026年第108回選手権の都府県単位代表区分に所属。大会不参加校を含む加盟校マスター上の代表区分属性。
SAM003803,PRG003428,ASM000029,AREA000040,2026,SRC000241,2026-10-03,2026年第108回選手権の都府県単位代表区分に所属。大会不参加校を含む加盟校マスター上の代表区分属性。
SAM003804,PRG003429,ASM000029,AREA000040,2026,SRC000241,2026-10-03,2026年第108回選手権の都府県単位代表区分に所属。大会不参加校を含む加盟校マスター上の代表区分属性。
SAM003805,PRG003430,ASM000029,AREA000040,2026,SRC000241,2026-10-03,2026年第108回選手権の都府県単位代表区分に所属。大会不参加校を含む加盟校マスター上の代表区分属性。
SAM003806,PRG003431,ASM000029,AREA000040,2026,SRC000241,2026-10-03,2026年第108回選手権の都府県単位代表区分に所属。大会不参加校を含む加盟校マスター上の代表区分属性。
SAM003807,PRG003432,ASM000029,AREA000040,2026,SRC000241,2026-10-03,2026年第108回選手権の都府県単位代表区分に所属。大会不参加校を含む加盟校マスター上の代表区分属性。
SAM003808,PRG003433,ASM000029,AREA000040,2026,SRC000241,2026-10-03,2026年第108回選手権の都府県単位代表区分に所属。大会不参加校を含む加盟校マスター上の代表区分属性。
SAM003809,PRG003434,ASM000029,AREA000040,2026,SRC000241,2026-10-03,2026年第108回選手権の都府県単位代表区分に所属。大会不参加校を含む加盟校マスター上の代表区分属性。
SAM003810,PRG003435,ASM000029,AREA000040,2026,SRC000241,2026-10-03,2026年第108回選手権の都府県単位代表区分に所属。大会不参加校を含む加盟校マスター上の代表区分属性。
SAM003811,PRG003436,ASM000029,AREA000040,2026,SRC000241,2026-10-03,2026年第108回選手権の都府県単位代表区分に所属。大会不参加校を含む加盟校マスター上の代表区分属性。
SAM003812,PRG003437,ASM000029,AREA000040,2026,SRC000241,2026-10-03,2026年第108回選手権の都府県単位代表区分に所属。大会不参加校を含む加盟校マスター上の代表区分属性。
SAM003813,PRG003438,ASM000029,AREA000040,2026,SRC000241,2026-10-03,2026年第108回選手権の都府県単位代表区分に所属。大会不参加校を含む加盟校マスター上の代表区分属性。
SAM003814,PRG003439,ASM000029,AREA000040,2026,SRC000241,2026-10-03,2026年第108回選手権の都府県単位代表区分に所属。大会不参加校を含む加盟校マスター上の代表区分属性。
SAM003815,PRG003440,ASM000029,AREA000040,2026,SRC000241,2026-10-03,2026年第108回選手権の都府県単位代表区分に所属。大会不参加校を含む加盟校マスター上の代表区分属性。
SAM003816,PRG003441,ASM000029,AREA000040,2026,SRC000241,2026-10-03,2026年第108回選手権の都府県単位代表区分に所属。大会不参加校を含む加盟校マスター上の代表区分属性。
SAM003817,PRG003442,ASM000029,AREA000040,2026,SRC000241,2026-10-03,2026年第108回選手権の都府県単位代表区分に所属。大会不参加校を含む加盟校マスター上の代表区分属性。
SAM003818,PRG003443,ASM000029,AREA000040,2026,SRC000241,2026-10-03,2026年第108回選手権の都府県単位代表区分に所属。大会不参加校を含む加盟校マスター上の代表区分属性。
SAM003819,PRG003444,ASM000029,AREA000040,2026,SRC000241,2026-10-03,2026年第108回選手権の都府県単位代表区分に所属。大会不参加校を含む加盟校マスター上の代表区分属性。
SAM003820,PRG003445,ASM000029,AREA000040,2026,SRC000241,2026-10-03,2026年第108回選手権の都府県単位代表区分に所属。大会不参加校を含む加盟校マスター上の代表区分属性。
SAM003821,PRG003446,ASM000029,AREA000040,2026,SRC000241,2026-10-03,2026年第108回選手権の都府県単位代表区分に所属。大会不参加校を含む加盟校マスター上の代表区分属性。
SAM003822,PRG003447,ASM000029,AREA000040,2026,SRC000241,2026-10-03,2026年第108回選手権の都府県単位代表区分に所属。大会不参加校を含む加盟校マスター上の代表区分属性。
SAM003823,PRG003448,ASM000029,AREA000040,2026,SRC000241,2026-10-03,2026年第108回選手権の都府県単位代表区分に所属。大会不参加校を含む加盟校マスター上の代表区分属性。
SAM003824,PRG003449,ASM000029,AREA000040,2026,SRC000241,2026-10-03,2026年第108回選手権の都府県単位代表区分に所属。大会不参加校を含む加盟校マスター上の代表区分属性。
SAM003825,PRG003450,ASM000029,AREA000040,2026,SRC000241,2026-10-03,2026年第108回選手権の都府県単位代表区分に所属。大会不参加校を含む加盟校マスター上の代表区分属性。
SAM003826,PRG003451,ASM000029,AREA000040,2026,SRC000241,2026-10-03,2026年第108回選手権の都府県単位代表区分に所属。大会不参加校を含む加盟校マスター上の代表区分属性。
SAM003827,PRG003452,ASM000029,AREA000040,2026,SRC000241,2026-10-03,2026年第108回選手権の都府県単位代表区分に所属。大会不参加校を含む加盟校マスター上の代表区分属性。
SAM003828,PRG003453,ASM000029,AREA000040,2026,SRC000241,2026-10-03,2026年第108回選手権の都府県単位代表区分に所属。大会不参加校を含む加盟校マスター上の代表区分属性。
SAM003829,PRG003454,ASM000029,AREA000040,2026,SRC000241,2026-10-03,2026年第108回選手権の都府県単位代表区分に所属。大会不参加校を含む加盟校マスター上の代表区分属性。
SAM003830,PRG003455,ASM000029,AREA000040,2026,SRC000241,2026-10-03,2026年第108回選手権の都府県単位代表区分に所属。大会不参加校を含む加盟校マスター上の代表区分属性。
SAM003831,PRG003456,ASM000029,AREA000040,2026,SRC000241,2026-10-03,2026年第108回選手権の都府県単位代表区分に所属。大会不参加校を含む加盟校マスター上の代表区分属性。
SAM003832,PRG003457,ASM000029,AREA000040,2026,SRC000241,2026-10-03,2026年第108回選手権の都府県単位代表区分に所属。大会不参加校を含む加盟校マスター上の代表区分属性。
SAM003833,PRG003458,ASM000029,AREA000040,2026,SRC000241,2026-10-03,2026年第108回選手権の都府県単位代表区分に所属。大会不参加校を含む加盟校マスター上の代表区分属性。
SAM003834,PRG003459,ASM000029,AREA000040,2026,SRC000241,2026-10-03,2026年第108回選手権の都府県単位代表区分に所属。大会不参加校を含む加盟校マスター上の代表区分属性。
SAM003835,PRG003460,ASM000029,AREA000040,2026,SRC000241,2026-10-03,2026年第108回選手権の都府県単位代表区分に所属。大会不参加校を含む加盟校マスター上の代表区分属性。
SAM003836,PRG003461,ASM000029,AREA000040,2026,SRC000241,2026-10-03,2026年第108回選手権の都府県単位代表区分に所属。大会不参加校を含む加盟校マスター上の代表区分属性。
SAM003837,PRG003462,ASM000029,AREA000040,2026,SRC000241,2026-10-03,2026年第108回選手権の都府県単位代表区分に所属。大会不参加校を含む加盟校マスター上の代表区分属性。
SAM003838,PRG003463,ASM000029,AREA000040,2026,SRC000241,2026-10-03,2026年第108回選手権の都府県単位代表区分に所属。大会不参加校を含む加盟校マスター上の代表区分属性。
SAM003839,PRG003464,ASM000029,AREA000040,2026,SRC000241,2026-10-03,2026年第108回選手権の都府県単位代表区分に所属。大会不参加校を含む加盟校マスター上の代表区分属性。
SAM003840,PRG003465,ASM000029,AREA000040,2026,SRC000241,2026-10-03,2026年第108回選手権の都府県単位代表区分に所属。大会不参加校を含む加盟校マスター上の代表区分属性。
SAM003841,PRG003466,ASM000029,AREA000040,2026,SRC000241,2026-10-03,2026年第108回選手権の都府県単位代表区分に所属。大会不参加校を含む加盟校マスター上の代表区分属性。
SAM003842,PRG003467,ASM000029,AREA000040,2026,SRC000241,2026-10-03,2026年第108回選手権の都府県単位代表区分に所属。大会不参加校を含む加盟校マスター上の代表区分属性。
SAM003843,PRG003468,ASM000029,AREA000040,2026,SRC000241,2026-10-03,2026年第108回選手権の都府県単位代表区分に所属。大会不参加校を含む加盟校マスター上の代表区分属性。
SAM003844,PRG003469,ASM000029,AREA000040,2026,SRC000241,2026-10-03,2026年第108回選手権の都府県単位代表区分に所属。大会不参加校を含む加盟校マスター上の代表区分属性。
SAM003845,PRG003470,ASM000029,AREA000040,2026,SRC000241,2026-10-03,2026年第108回選手権の都府県単位代表区分に所属。大会不参加校を含む加盟校マスター上の代表区分属性。
SAM003846,PRG003471,ASM000029,AREA000040,2026,SRC000241,2026-10-03,2026年第108回選手権の都府県単位代表区分に所属。大会不参加校を含む加盟校マスター上の代表区分属性。
SAM003847,PRG003472,ASM000029,AREA000040,2026,SRC000241,2026-10-03,2026年第108回選手権の都府県単位代表区分に所属。大会不参加校を含む加盟校マスター上の代表区分属性。
SAM003848,PRG003473,ASM000029,AREA000040,2026,SRC000241,2026-10-03,2026年第108回選手権の都府県単位代表区分に所属。大会不参加校を含む加盟校マスター上の代表区分属性。
SAM003849,PRG003474,ASM000029,AREA000040,2026,SRC000241,2026-10-03,2026年第108回選手権の都府県単位代表区分に所属。大会不参加校を含む加盟校マスター上の代表区分属性。
SAM003850,PRG003475,ASM000029,AREA000040,2026,SRC000241,2026-10-03,2026年第108回選手権の都府県単位代表区分に所属。大会不参加校を含む加盟校マスター上の代表区分属性。
SAM003851,PRG003476,ASM000029,AREA000040,2026,SRC000241,2026-10-03,2026年第108回選手権の都府県単位代表区分に所属。大会不参加校を含む加盟校マスター上の代表区分属性。
SAM003852,PRG003477,ASM000029,AREA000040,2026,SRC000241,2026-10-03,2026年第108回選手権の都府県単位代表区分に所属。大会不参加校を含む加盟校マスター上の代表区分属性。
SAM003853,PRG003478,ASM000029,AREA000040,2026,SRC000241,2026-10-03,2026年第108回選手権の都府県単位代表区分に所属。大会不参加校を含む加盟校マスター上の代表区分属性。
SAM003854,PRG003479,ASM000029,AREA000040,2026,SRC000241,2026-10-03,2026年第108回選手権の都府県単位代表区分に所属。大会不参加校を含む加盟校マスター上の代表区分属性。
SAM003855,PRG003480,ASM000029,AREA000040,2026,SRC000241,2026-10-03,2026年第108回選手権の都府県単位代表区分に所属。大会不参加校を含む加盟校マスター上の代表区分属性。
SAM003856,PRG003481,ASM000029,AREA000040,2026,SRC000241,2026-10-03,2026年第108回選手権の都府県単位代表区分に所属。大会不参加校を含む加盟校マスター上の代表区分属性。
SAM003857,PRG003482,ASM000029,AREA000040,2026,SRC000241,2026-10-03,2026年第108回選手権の都府県単位代表区分に所属。大会不参加校を含む加盟校マスター上の代表区分属性。
SAM003858,PRG003483,ASM000029,AREA000040,2026,SRC000241,2026-10-03,2026年第108回選手権の都府県単位代表区分に所属。大会不参加校を含む加盟校マスター上の代表区分属性。
SAM003859,PRG003484,ASM000029,AREA000040,2026,SRC000241,2026-10-03,2026年第108回選手権の都府県単位代表区分に所属。大会不参加校を含む加盟校マスター上の代表区分属性。
SAM003860,PRG003485,ASM000029,AREA000040,2026,SRC000241,2026-10-03,2026年第108回選手権の都府県単位代表区分に所属。大会不参加校を含む加盟校マスター上の代表区分属性。
SAM003861,PRG003486,ASM000029,AREA000040,2026,SRC000241,2026-10-03,2026年第108回選手権の都府県単位代表区分に所属。大会不参加校を含む加盟校マスター上の代表区分属性。
SAM003862,PRG003487,ASM000029,AREA000040,2026,SRC000241,2026-10-03,2026年第108回選手権の都府県単位代表区分に所属。大会不参加校を含む加盟校マスター上の代表区分属性。
SAM003863,PRG003488,ASM000029,AREA000040,2026,SRC000241,2026-10-03,2026年第108回選手権の都府県単位代表区分に所属。大会不参加校を含む加盟校マスター上の代表区分属性。
SAM003864,PRG003489,ASM000029,AREA000040,2026,SRC000241,2026-10-03,2026年第108回選手権の都府県単位代表区分に所属。大会不参加校を含む加盟校マスター上の代表区分属性。
SAM003865,PRG003490,ASM000029,AREA000040,2026,SRC000241,2026-10-03,2026年第108回選手権の都府県単位代表区分に所属。大会不参加校を含む加盟校マスター上の代表区分属性。
SAM003866,PRG003491,ASM000029,AREA000040,2026,SRC000241,2026-10-03,2026年第108回選手権の都府県単位代表区分に所属。大会不参加校を含む加盟校マスター上の代表区分属性。
SAM003867,PRG003492,ASM000029,AREA000040,2026,SRC000241,2026-10-03,2026年第108回選手権の都府県単位代表区分に所属。大会不参加校を含む加盟校マスター上の代表区分属性。
SAM003868,PRG003493,ASM000029,AREA000040,2026,SRC000241,2026-10-03,2026年第108回選手権の都府県単位代表区分に所属。大会不参加校を含む加盟校マスター上の代表区分属性。
SAM003869,PRG003494,ASM000029,AREA000040,2026,SRC000241,2026-10-03,2026年第108回選手権の都府県単位代表区分に所属。大会不参加校を含む加盟校マスター上の代表区分属性。
SAM003870,PRG003495,ASM000029,AREA000040,2026,SRC000241,2026-10-03,2026年第108回選手権の都府県単位代表区分に所属。大会不参加校を含む加盟校マスター上の代表区分属性。
SAM003871,PRG003496,ASM000029,AREA000040,2026,SRC000241,2026-10-03,2026年第108回選手権の都府県単位代表区分に所属。大会不参加校を含む加盟校マスター上の代表区分属性。
SAM003872,PRG003497,ASM000029,AREA000040,2026,SRC000241,2026-10-03,2026年第108回選手権の都府県単位代表区分に所属。大会不参加校を含む加盟校マスター上の代表区分属性。
SAM003873,PRG003498,ASM000029,AREA000040,2026,SRC000241,2026-10-03,2026年第108回選手権の都府県単位代表区分に所属。大会不参加校を含む加盟校マスター上の代表区分属性。
SAM003874,PRG003499,ASM000029,AREA000040,2026,SRC000241,2026-10-03,2026年第108回選手権の都府県単位代表区分に所属。大会不参加校を含む加盟校マスター上の代表区分属性。
SAM003875,PRG003500,ASM000029,AREA000040,2026,SRC000241,2026-10-03,2026年第108回選手権の都府県単位代表区分に所属。大会不参加校を含む加盟校マスター上の代表区分属性。
SAM003876,PRG003501,ASM000029,AREA000040,2026,SRC000241,2026-10-03,2026年第108回選手権の都府県単位代表区分に所属。大会不参加校を含む加盟校マスター上の代表区分属性。
SAM003877,PRG003502,ASM000029,AREA000040,2026,SRC000241,2026-10-03,2026年第108回選手権の都府県単位代表区分に所属。大会不参加校を含む加盟校マスター上の代表区分属性。
SAM003878,PRG003503,ASM000029,AREA000040,2026,SRC000241,2026-10-03,2026年第108回選手権の都府県単位代表区分に所属。大会不参加校を含む加盟校マスター上の代表区分属性。
SAM003879,PRG003504,ASM000029,AREA000040,2026,SRC000241,2026-10-03,2026年第108回選手権の都府県単位代表区分に所属。大会不参加校を含む加盟校マスター上の代表区分属性。
SAM003880,PRG003505,ASM000029,AREA000040,2026,SRC000241,2026-10-03,2026年第108回選手権の都府県単位代表区分に所属。大会不参加校を含む加盟校マスター上の代表区分属性。
SAM003881,PRG003506,ASM000029,AREA000040,2026,SRC000241,2026-10-03,2026年第108回選手権の都府県単位代表区分に所属。大会不参加校を含む加盟校マスター上の代表区分属性。
SAM003882,PRG003507,ASM000029,AREA000040,2026,SRC000241,2026-10-03,2026年第108回選手権の都府県単位代表区分に所属。大会不参加校を含む加盟校マスター上の代表区分属性。
SAM003883,PRG003508,ASM000029,AREA000040,2026,SRC000241,2026-10-03,2026年第108回選手権の都府県単位代表区分に所属。大会不参加校を含む加盟校マスター上の代表区分属性。
SAM003884,PRG003509,ASM000029,AREA000040,2026,SRC000241,2026-10-03,2026年第108回選手権の都府県単位代表区分に所属。大会不参加校を含む加盟校マスター上の代表区分属性。
SAM003885,PRG003510,ASM000029,AREA000040,2026,SRC000241,2026-10-03,2026年第108回選手権の都府県単位代表区分に所属。大会不参加校を含む加盟校マスター上の代表区分属性。
SAM003886,PRG003511,ASM000029,AREA000040,2026,SRC000241,2026-10-03,2026年第108回選手権の都府県単位代表区分に所属。大会不参加校を含む加盟校マスター上の代表区分属性。
SAM003887,PRG003512,ASM000029,AREA000040,2026,SRC000241,2026-10-03,2026年第108回選手権の都府県単位代表区分に所属。大会不参加校を含む加盟校マスター上の代表区分属性。
SAM003888,PRG003513,ASM000029,AREA000040,2026,SRC000241,2026-10-03,2026年第108回選手権の都府県単位代表区分に所属。大会不参加校を含む加盟校マスター上の代表区分属性。
SAM003889,PRG003514,ASM000029,AREA000040,2026,SRC000241,2026-10-03,2026年第108回選手権の都府県単位代表区分に所属。大会不参加校を含む加盟校マスター上の代表区分属性。
SAM003890,PRG003515,ASM000029,AREA000040,2026,SRC000241,2026-10-03,2026年第108回選手権の都府県単位代表区分に所属。大会不参加校を含む加盟校マスター上の代表区分属性。
SAM003891,PRG003516,ASM000029,AREA000040,2026,SRC000241,2026-10-03,2026年第108回選手権の都府県単位代表区分に所属。大会不参加校を含む加盟校マスター上の代表区分属性。
SAM003892,PRG003517,ASM000029,AREA000040,2026,SRC000241,2026-10-03,2026年第108回選手権の都府県単位代表区分に所属。大会不参加校を含む加盟校マスター上の代表区分属性。
SAM003893,PRG003518,ASM000029,AREA000040,2026,SRC000241,2026-10-03,2026年第108回選手権の都府県単位代表区分に所属。大会不参加校を含む加盟校マスター上の代表区分属性。
SAM003894,PRG003519,ASM000029,AREA000040,2026,SRC000241,2026-10-03,2026年第108回選手権の都府県単位代表区分に所属。大会不参加校を含む加盟校マスター上の代表区分属性。
SAM003895,PRG003520,ASM000029,AREA000040,2026,SRC000241,2026-10-03,2026年第108回選手権の都府県単位代表区分に所属。大会不参加校を含む加盟校マスター上の代表区分属性。
SAM003896,PRG003521,ASM000029,AREA000040,2026,SRC000241,2026-10-03,2026年第108回選手権の都府県単位代表区分に所属。大会不参加校を含む加盟校マスター上の代表区分属性。
SAM003897,PRG003522,ASM000029,AREA000040,2026,SRC000241,2026-10-03,2026年第108回選手権の都府県単位代表区分に所属。大会不参加校を含む加盟校マスター上の代表区分属性。
SAM003898,PRG003523,ASM000029,AREA000040,2026,SRC000241,2026-10-03,2026年第108回選手権の都府県単位代表区分に所属。大会不参加校を含む加盟校マスター上の代表区分属性。
SAM003899,PRG003524,ASM000029,AREA000040,2026,SRC000241,2026-10-03,2026年第108回選手権の都府県単位代表区分に所属。大会不参加校を含む加盟校マスター上の代表区分属性。
SAM003900,PRG003525,ASM000029,AREA000040,2026,SRC000241,2026-10-03,2026年第108回選手権の都府県単位代表区分に所属。大会不参加校を含む加盟校マスター上の代表区分属性。
SAM003901,PRG003526,ASM000029,AREA000040,2026,SRC000241,2026-10-03,2026年第108回選手権の都府県単位代表区分に所属。大会不参加校を含む加盟校マスター上の代表区分属性。
SAM003902,PRG003527,ASM000029,AREA000040,2026,SRC000241,2026-10-03,2026年第108回選手権の都府県単位代表区分に所属。大会不参加校を含む加盟校マスター上の代表区分属性。
SAM003903,PRG003528,ASM000029,AREA000040,2026,SRC000241,2026-10-03,2026年第108回選手権の都府県単位代表区分に所属。大会不参加校を含む加盟校マスター上の代表区分属性。
SAM003904,PRG003529,ASM000029,AREA000040,2026,SRC000241,2026-10-03,2026年第108回選手権の都府県単位代表区分に所属。大会不参加校を含む加盟校マスター上の代表区分属性。
SAM003905,PRG003530,ASM000029,AREA000040,2026,SRC000241,2026-10-03,2026年第108回選手権の都府県単位代表区分に所属。大会不参加校を含む加盟校マスター上の代表区分属性。
SAM003906,PRG003531,ASM000029,AREA000040,2026,SRC000241,2026-10-03,2026年第108回選手権の都府県単位代表区分に所属。大会不参加校を含む加盟校マスター上の代表区分属性。
SAM003907,PRG003532,ASM000029,AREA000040,2026,SRC000241,2026-10-03,2026年第108回選手権の都府県単位代表区分に所属。大会不参加校を含む加盟校マスター上の代表区分属性。
SAM003908,PRG003533,ASM000029,AREA000040,2026,SRC000241,2026-10-03,2026年第108回選手権の都府県単位代表区分に所属。大会不参加校を含む加盟校マスター上の代表区分属性。
SAM003909,PRG003534,ASM000029,AREA000040,2026,SRC000241,2026-10-03,2026年第108回選手権の都府県単位代表区分に所属。大会不参加校を含む加盟校マスター上の代表区分属性。
SAM003910,PRG003535,ASM000029,AREA000040,2026,SRC000241,2026-10-03,2026年第108回選手権の都府県単位代表区分に所属。大会不参加校を含む加盟校マスター上の代表区分属性。
SAM003911,PRG003536,ASM000029,AREA000040,2026,SRC000241,2026-10-03,2026年第108回選手権の都府県単位代表区分に所属。大会不参加校を含む加盟校マスター上の代表区分属性。
SAM003912,PRG003537,ASM000029,AREA000040,2026,SRC000241,2026-10-03,2026年第108回選手権の都府県単位代表区分に所属。大会不参加校を含む加盟校マスター上の代表区分属性。
SAM003913,PRG003538,ASM000029,AREA000040,2026,SRC000241,2026-10-03,2026年第108回選手権の都府県単位代表区分に所属。大会不参加校を含む加盟校マスター上の代表区分属性。
SAM003914,PRG003539,ASM000029,AREA000040,2026,SRC000241,2026-10-03,2026年第108回選手権の都府県単位代表区分に所属。大会不参加校を含む加盟校マスター上の代表区分属性。
SAM003915,PRG003540,ASM000029,AREA000040,2026,SRC000241,2026-10-03,2026年第108回選手権の都府県単位代表区分に所属。大会不参加校を含む加盟校マスター上の代表区分属性。
SAM003916,PRG003541,ASM000029,AREA000040,2026,SRC000241,2026-10-03,2026年第108回選手権の都府県単位代表区分に所属。大会不参加校を含む加盟校マスター上の代表区分属性。
SAM003917,PRG003542,ASM000029,AREA000040,2026,SRC000241,2026-10-03,2026年第108回選手権の都府県単位代表区分に所属。大会不参加校を含む加盟校マスター上の代表区分属性。
SAM003918,PRG003543,ASM000029,AREA000040,2026,SRC000241,2026-10-03,2026年第108回選手権の都府県単位代表区分に所属。大会不参加校を含む加盟校マスター上の代表区分属性。
SAM003919,PRG003544,ASM000029,AREA000040,2026,SRC000241,2026-10-03,2026年第108回選手権の都府県単位代表区分に所属。大会不参加校を含む加盟校マスター上の代表区分属性。
SAM003920,PRG003545,ASM000029,AREA000040,2026,SRC000241,2026-10-03,2026年第108回選手権の都府県単位代表区分に所属。大会不参加校を含む加盟校マスター上の代表区分属性。
SAM003921,PRG003546,ASM000029,AREA000040,2026,SRC000241,2026-10-03,2026年第108回選手権の都府県単位代表区分に所属。大会不参加校を含む加盟校マスター上の代表区分属性。
SAM003922,PRG003547,ASM000029,AREA000040,2026,SRC000241,2026-10-03,2026年第108回選手権の都府県単位代表区分に所属。大会不参加校を含む加盟校マスター上の代表区分属性。
SAM003923,PRG003548,ASM000029,AREA000040,2026,SRC000241,2026-10-03,2026年第108回選手権の都府県単位代表区分に所属。大会不参加校を含む加盟校マスター上の代表区分属性。
SAM003924,PRG003549,ASM000029,AREA000040,2026,SRC000241,2026-10-03,2026年第108回選手権の都府県単位代表区分に所属。大会不参加校を含む加盟校マスター上の代表区分属性。
SAM003925,PRG003550,ASM000029,AREA000040,2026,SRC000241,2026-10-03,2026年第108回選手権の都府県単位代表区分に所属。大会不参加校を含む加盟校マスター上の代表区分属性。
SAM003926,PRG003551,ASM000029,AREA000040,2026,SRC000241,2026-10-03,2026年第108回選手権の都府県単位代表区分に所属。大会不参加校を含む加盟校マスター上の代表区分属性。
SAM003927,PRG003552,ASM000029,AREA000040,2026,SRC000241,2026-10-03,2026年第108回選手権の都府県単位代表区分に所属。大会不参加校を含む加盟校マスター上の代表区分属性。
SAM003928,PRG003553,ASM000029,AREA000040,2026,SRC000241,2026-10-03,2026年第108回選手権の都府県単位代表区分に所属。大会不参加校を含む加盟校マスター上の代表区分属性。
SAM003929,PRG003554,ASM000029,AREA000040,2026,SRC000241,2026-10-03,2026年第108回選手権の都府県単位代表区分に所属。大会不参加校を含む加盟校マスター上の代表区分属性。
SAM003930,PRG003555,ASM000029,AREA000040,2026,SRC000241,2026-10-03,2026年第108回選手権の都府県単位代表区分に所属。大会不参加校を含む加盟校マスター上の代表区分属性。
SAM003931,PRG003556,ASM000029,AREA000040,2026,SRC000241,2026-10-03,2026年第108回選手権の都府県単位代表区分に所属。大会不参加校を含む加盟校マスター上の代表区分属性。
SAM003932,PRG003557,ASM000029,AREA000040,2026,SRC000241,2026-10-03,2026年第108回選手権の都府県単位代表区分に所属。大会不参加校を含む加盟校マスター上の代表区分属性。
SAM003933,PRG003558,ASM000029,AREA000040,2026,SRC000241,2026-10-03,2026年第108回選手権の都府県単位代表区分に所属。大会不参加校を含む加盟校マスター上の代表区分属性。
SAM003934,PRG003559,ASM000029,AREA000040,2026,SRC000241,2026-10-03,2026年第108回選手権の都府県単位代表区分に所属。大会不参加校を含む加盟校マスター上の代表区分属性。
SAM003935,PRG003560,ASM000029,AREA000040,2026,SRC000241,2026-10-03,2026年第108回選手権の都府県単位代表区分に所属。大会不参加校を含む加盟校マスター上の代表区分属性。
SAM003936,PRG003561,ASM000029,AREA000040,2026,SRC000241,2026-10-03,2026年第108回選手権の都府県単位代表区分に所属。大会不参加校を含む加盟校マスター上の代表区分属性。
SAM003937,PRG003562,ASM000029,AREA000040,2026,SRC000241,2026-10-03,2026年第108回選手権の都府県単位代表区分に所属。大会不参加校を含む加盟校マスター上の代表区分属性。
SAM003938,PRG003563,ASM000029,AREA000040,2026,SRC000241,2026-10-03,2026年第108回選手権の都府県単位代表区分に所属。大会不参加校を含む加盟校マスター上の代表区分属性。
SAM003939,PRG001386,ASM000049,AREA000060,2026,SRC000070,2026-10-03,2026愛知県高野連公式加盟校一覧の名古屋地区所属（通し番号1）。
SAM003940,PRG001387,ASM000049,AREA000060,2026,SRC000070,2026-10-03,2026愛知県高野連公式加盟校一覧の名古屋地区所属（通し番号2）。
SAM003941,PRG001388,ASM000049,AREA000060,2026,SRC000070,2026-10-03,2026愛知県高野連公式加盟校一覧の名古屋地区所属（通し番号3）。
SAM003942,PRG001389,ASM000049,AREA000060,2026,SRC000070,2026-10-03,2026愛知県高野連公式加盟校一覧の名古屋地区所属（通し番号4）。
SAM003943,PRG001390,ASM000049,AREA000060,2026,SRC000070,2026-10-03,2026愛知県高野連公式加盟校一覧の名古屋地区所属（通し番号5）。
SAM003944,PRG001391,ASM000049,AREA000060,2026,SRC000070,2026-10-03,2026愛知県高野連公式加盟校一覧の名古屋地区所属（通し番号6）。
SAM003945,PRG001392,ASM000049,AREA000060,2026,SRC000070,2026-10-03,2026愛知県高野連公式加盟校一覧の名古屋地区所属（通し番号7）。
SAM003946,PRG001393,ASM000049,AREA000060,2026,SRC000070,2026-10-03,2026愛知県高野連公式加盟校一覧の名古屋地区所属（通し番号8）。
SAM003947,PRG001394,ASM000049,AREA000060,2026,SRC000070,2026-10-03,2026愛知県高野連公式加盟校一覧の名古屋地区所属（通し番号9）。
SAM003948,PRG001395,ASM000049,AREA000060,2026,SRC000070,2026-10-03,2026愛知県高野連公式加盟校一覧の名古屋地区所属（通し番号10）。
SAM003949,PRG001396,ASM000049,AREA000060,2026,SRC000070,2026-10-03,2026愛知県高野連公式加盟校一覧の名古屋地区所属（通し番号11）。
SAM003950,PRG001397,ASM000049,AREA000060,2026,SRC000070,2026-10-03,2026愛知県高野連公式加盟校一覧の名古屋地区所属（通し番号12）。
SAM003951,PRG001398,ASM000049,AREA000060,2026,SRC000070,2026-10-03,2026愛知県高野連公式加盟校一覧の名古屋地区所属（通し番号13）。
SAM003952,PRG001399,ASM000049,AREA000060,2026,SRC000070,2026-10-03,2026愛知県高野連公式加盟校一覧の名古屋地区所属（通し番号14）。
SAM003953,PRG001400,ASM000049,AREA000060,2026,SRC000070,2026-10-03,2026愛知県高野連公式加盟校一覧の名古屋地区所属（通し番号15）。
SAM003954,PRG001401,ASM000049,AREA000060,2026,SRC000070,2026-10-03,2026愛知県高野連公式加盟校一覧の名古屋地区所属（通し番号16）。
SAM003955,PRG001402,ASM000049,AREA000060,2026,SRC000070,2026-10-03,2026愛知県高野連公式加盟校一覧の名古屋地区所属（通し番号17）。
SAM003956,PRG001403,ASM000049,AREA000060,2026,SRC000070,2026-10-03,2026愛知県高野連公式加盟校一覧の名古屋地区所属（通し番号18）。
SAM003957,PRG001404,ASM000049,AREA000060,2026,SRC000070,2026-10-03,2026愛知県高野連公式加盟校一覧の名古屋地区所属（通し番号19）。
SAM003958,PRG001405,ASM000049,AREA000060,2026,SRC000070,2026-10-03,2026愛知県高野連公式加盟校一覧の名古屋地区所属（通し番号20）。
SAM003959,PRG001406,ASM000049,AREA000060,2026,SRC000070,2026-10-03,2026愛知県高野連公式加盟校一覧の名古屋地区所属（通し番号21）。
SAM003960,PRG001407,ASM000049,AREA000060,2026,SRC000070,2026-10-03,2026愛知県高野連公式加盟校一覧の名古屋地区所属（通し番号22）。
SAM003961,PRG001408,ASM000049,AREA000060,2026,SRC000070,2026-10-03,2026愛知県高野連公式加盟校一覧の名古屋地区所属（通し番号23）。
SAM003962,PRG001409,ASM000049,AREA000060,2026,SRC000070,2026-10-03,2026愛知県高野連公式加盟校一覧の名古屋地区所属（通し番号24）。
SAM003963,PRG001410,ASM000049,AREA000060,2026,SRC000070,2026-10-03,2026愛知県高野連公式加盟校一覧の名古屋地区所属（通し番号25）。
SAM003964,PRG001411,ASM000049,AREA000060,2026,SRC000070,2026-10-03,2026愛知県高野連公式加盟校一覧の名古屋地区所属（通し番号26）。
SAM003965,PRG001412,ASM000049,AREA000060,2026,SRC000070,2026-10-03,2026愛知県高野連公式加盟校一覧の名古屋地区所属（通し番号27）。
SAM003966,PRG001413,ASM000049,AREA000060,2026,SRC000070,2026-10-03,2026愛知県高野連公式加盟校一覧の名古屋地区所属（通し番号28）。
SAM003967,PRG001414,ASM000049,AREA000060,2026,SRC000070,2026-10-03,2026愛知県高野連公式加盟校一覧の名古屋地区所属（通し番号29）。
SAM003968,PRG001415,ASM000049,AREA000060,2026,SRC000070,2026-10-03,2026愛知県高野連公式加盟校一覧の名古屋地区所属（通し番号30）。
SAM003969,PRG001416,ASM000049,AREA000060,2026,SRC000070,2026-10-03,2026愛知県高野連公式加盟校一覧の名古屋地区所属（通し番号31）。
SAM003970,PRG001417,ASM000049,AREA000060,2026,SRC000070,2026-10-03,2026愛知県高野連公式加盟校一覧の名古屋地区所属（通し番号32）。
SAM003971,PRG001418,ASM000049,AREA000060,2026,SRC000070,2026-10-03,2026愛知県高野連公式加盟校一覧の名古屋地区所属（通し番号33）。
SAM003972,PRG001419,ASM000049,AREA000060,2026,SRC000070,2026-10-03,2026愛知県高野連公式加盟校一覧の名古屋地区所属（通し番号34）。
SAM003973,PRG001420,ASM000049,AREA000060,2026,SRC000070,2026-10-03,2026愛知県高野連公式加盟校一覧の名古屋地区所属（通し番号35）。
SAM003974,PRG001421,ASM000049,AREA000060,2026,SRC000070,2026-10-03,2026愛知県高野連公式加盟校一覧の名古屋地区所属（通し番号36）。
SAM003975,PRG001422,ASM000049,AREA000060,2026,SRC000070,2026-10-03,2026愛知県高野連公式加盟校一覧の名古屋地区所属（通し番号37）。
SAM003976,PRG001423,ASM000049,AREA000060,2026,SRC000070,2026-10-03,2026愛知県高野連公式加盟校一覧の名古屋地区所属（通し番号38）。
SAM003977,PRG001424,ASM000049,AREA000060,2026,SRC000070,2026-10-03,2026愛知県高野連公式加盟校一覧の名古屋地区所属（通し番号39）。
SAM003978,PRG001425,ASM000049,AREA000060,2026,SRC000070,2026-10-03,2026愛知県高野連公式加盟校一覧の名古屋地区所属（通し番号40）。
SAM003979,PRG001426,ASM000049,AREA000060,2026,SRC000070,2026-10-03,2026愛知県高野連公式加盟校一覧の名古屋地区所属（通し番号41）。
SAM003980,PRG001427,ASM000049,AREA000060,2026,SRC000070,2026-10-03,2026愛知県高野連公式加盟校一覧の名古屋地区所属（通し番号42）。
SAM003981,PRG001428,ASM000049,AREA000060,2026,SRC000070,2026-10-03,2026愛知県高野連公式加盟校一覧の名古屋地区所属（通し番号43）。
SAM003982,PRG001429,ASM000049,AREA000060,2026,SRC000070,2026-10-03,2026愛知県高野連公式加盟校一覧の名古屋地区所属（通し番号44）。
SAM003983,PRG001430,ASM000049,AREA000060,2026,SRC000070,2026-10-03,2026愛知県高野連公式加盟校一覧の名古屋地区所属（通し番号45）。
SAM003984,PRG001431,ASM000049,AREA000060,2026,SRC000070,2026-10-03,2026愛知県高野連公式加盟校一覧の名古屋地区所属（通し番号46）。
SAM003985,PRG001432,ASM000049,AREA000060,2026,SRC000070,2026-10-03,2026愛知県高野連公式加盟校一覧の名古屋地区所属（通し番号47）。
SAM003986,PRG001433,ASM000049,AREA000060,2026,SRC000070,2026-10-03,2026愛知県高野連公式加盟校一覧の名古屋地区所属（通し番号48）。
SAM003987,PRG001434,ASM000049,AREA000060,2026,SRC000070,2026-10-03,2026愛知県高野連公式加盟校一覧の名古屋地区所属（通し番号49）。
SAM003988,PRG001435,ASM000049,AREA000060,2026,SRC000070,2026-10-03,2026愛知県高野連公式加盟校一覧の名古屋地区所属（通し番号50）。
SAM003989,PRG001436,ASM000049,AREA000060,2026,SRC000070,2026-10-03,2026愛知県高野連公式加盟校一覧の名古屋地区所属（通し番号51）。
SAM003990,PRG001437,ASM000049,AREA000060,2026,SRC000070,2026-10-03,2026愛知県高野連公式加盟校一覧の名古屋地区所属（通し番号52）。
SAM003991,PRG001438,ASM000049,AREA000060,2026,SRC000070,2026-10-03,2026愛知県高野連公式加盟校一覧の名古屋地区所属（通し番号53）。
SAM003992,PRG001439,ASM000049,AREA000060,2026,SRC000070,2026-10-03,2026愛知県高野連公式加盟校一覧の名古屋地区所属（通し番号54）。
SAM003993,PRG001440,ASM000049,AREA000060,2026,SRC000070,2026-10-03,2026愛知県高野連公式加盟校一覧の名古屋地区所属（通し番号55）。
SAM003994,PRG001441,ASM000049,AREA000060,2026,SRC000070,2026-10-03,2026愛知県高野連公式加盟校一覧の名古屋地区所属（通し番号56）。
SAM003995,PRG001442,ASM000049,AREA000060,2026,SRC000070,2026-10-03,2026愛知県高野連公式加盟校一覧の名古屋地区所属（通し番号57）。
SAM003996,PRG001443,ASM000049,AREA000060,2026,SRC000070,2026-10-03,2026愛知県高野連公式加盟校一覧の名古屋地区所属（通し番号58）。
SAM003997,PRG001444,ASM000049,AREA000060,2026,SRC000070,2026-10-03,2026愛知県高野連公式加盟校一覧の名古屋地区所属（通し番号59）。
SAM003998,PRG001445,ASM000049,AREA000060,2026,SRC000070,2026-10-03,2026愛知県高野連公式加盟校一覧の名古屋地区所属（通し番号60）。
SAM003999,PRG001446,ASM000049,AREA000060,2026,SRC000070,2026-10-03,2026愛知県高野連公式加盟校一覧の名古屋地区所属（通し番号61）。
SAM004000,PRG001447,ASM000049,AREA000060,2026,SRC000070,2026-10-03,2026愛知県高野連公式加盟校一覧の名古屋地区所属（通し番号62）。
SAM004001,PRG001448,ASM000049,AREA000061,2026,SRC000070,2026-10-03,2026愛知県高野連公式加盟校一覧の東三河地区所属（通し番号63）。
SAM004002,PRG001449,ASM000049,AREA000061,2026,SRC000070,2026-10-03,2026愛知県高野連公式加盟校一覧の東三河地区所属（通し番号64）。
SAM004003,PRG001450,ASM000049,AREA000061,2026,SRC000070,2026-10-03,2026愛知県高野連公式加盟校一覧の東三河地区所属（通し番号65）。
SAM004004,PRG001451,ASM000049,AREA000061,2026,SRC000070,2026-10-03,2026愛知県高野連公式加盟校一覧の東三河地区所属（通し番号66）。
SAM004005,PRG001452,ASM000049,AREA000061,2026,SRC000070,2026-10-03,2026愛知県高野連公式加盟校一覧の東三河地区所属（通し番号67）。
SAM004006,PRG001453,ASM000049,AREA000061,2026,SRC000070,2026-10-03,2026愛知県高野連公式加盟校一覧の東三河地区所属（通し番号68）。
SAM004007,PRG001454,ASM000049,AREA000061,2026,SRC000070,2026-10-03,2026愛知県高野連公式加盟校一覧の東三河地区所属（通し番号69）。
SAM004008,PRG001455,ASM000049,AREA000061,2026,SRC000070,2026-10-03,2026愛知県高野連公式加盟校一覧の東三河地区所属（通し番号70）。
SAM004009,PRG001456,ASM000049,AREA000061,2026,SRC000070,2026-10-03,2026愛知県高野連公式加盟校一覧の東三河地区所属（通し番号71）。
SAM004010,PRG001457,ASM000049,AREA000061,2026,SRC000070,2026-10-03,2026愛知県高野連公式加盟校一覧の東三河地区所属（通し番号72）。
SAM004011,PRG001458,ASM000049,AREA000061,2026,SRC000070,2026-10-03,2026愛知県高野連公式加盟校一覧の東三河地区所属（通し番号73）。
SAM004012,PRG001459,ASM000049,AREA000061,2026,SRC000070,2026-10-03,2026愛知県高野連公式加盟校一覧の東三河地区所属（通し番号74）。
SAM004013,PRG001460,ASM000049,AREA000061,2026,SRC000070,2026-10-03,2026愛知県高野連公式加盟校一覧の東三河地区所属（通し番号75）。
SAM004014,PRG001461,ASM000049,AREA000061,2026,SRC000070,2026-10-03,2026愛知県高野連公式加盟校一覧の東三河地区所属（通し番号76）。
SAM004015,PRG001462,ASM000049,AREA000061,2026,SRC000070,2026-10-03,2026愛知県高野連公式加盟校一覧の東三河地区所属（通し番号77）。
SAM004016,PRG001463,ASM000049,AREA000061,2026,SRC000070,2026-10-03,2026愛知県高野連公式加盟校一覧の東三河地区所属（通し番号78）。
SAM004017,PRG001464,ASM000049,AREA000061,2026,SRC000070,2026-10-03,2026愛知県高野連公式加盟校一覧の東三河地区所属（通し番号79）。
SAM004018,PRG001465,ASM000049,AREA000061,2026,SRC000070,2026-10-03,2026愛知県高野連公式加盟校一覧の東三河地区所属（通し番号80）。
SAM004019,PRG001466,ASM000049,AREA000061,2026,SRC000070,2026-10-03,2026愛知県高野連公式加盟校一覧の東三河地区所属（通し番号81）。
SAM004020,PRG001467,ASM000049,AREA000061,2026,SRC000070,2026-10-03,2026愛知県高野連公式加盟校一覧の東三河地区所属（通し番号82）。
SAM004021,PRG001468,ASM000049,AREA000061,2026,SRC000070,2026-10-03,2026愛知県高野連公式加盟校一覧の東三河地区所属（通し番号83）。
SAM004022,PRG001469,ASM000049,AREA000061,2026,SRC000070,2026-10-03,2026愛知県高野連公式加盟校一覧の東三河地区所属（通し番号84）。
SAM004023,PRG001470,ASM000049,AREA000062,2026,SRC000070,2026-10-03,2026愛知県高野連公式加盟校一覧の西三河地区所属（通し番号85）。
SAM004024,PRG001471,ASM000049,AREA000062,2026,SRC000070,2026-10-03,2026愛知県高野連公式加盟校一覧の西三河地区所属（通し番号86）。
SAM004025,PRG001472,ASM000049,AREA000062,2026,SRC000070,2026-10-03,2026愛知県高野連公式加盟校一覧の西三河地区所属（通し番号87）。
SAM004026,PRG001473,ASM000049,AREA000062,2026,SRC000070,2026-10-03,2026愛知県高野連公式加盟校一覧の西三河地区所属（通し番号88）。
SAM004027,PRG001474,ASM000049,AREA000062,2026,SRC000070,2026-10-03,2026愛知県高野連公式加盟校一覧の西三河地区所属（通し番号89）。
SAM004028,PRG001475,ASM000049,AREA000062,2026,SRC000070,2026-10-03,2026愛知県高野連公式加盟校一覧の西三河地区所属（通し番号90）。
SAM004029,PRG001476,ASM000049,AREA000062,2026,SRC000070,2026-10-03,2026愛知県高野連公式加盟校一覧の西三河地区所属（通し番号91）。
SAM004030,PRG001477,ASM000049,AREA000062,2026,SRC000070,2026-10-03,2026愛知県高野連公式加盟校一覧の西三河地区所属（通し番号92）。
SAM004031,PRG001478,ASM000049,AREA000062,2026,SRC000070,2026-10-03,2026愛知県高野連公式加盟校一覧の西三河地区所属（通し番号93）。
SAM004032,PRG001479,ASM000049,AREA000062,2026,SRC000070,2026-10-03,2026愛知県高野連公式加盟校一覧の西三河地区所属（通し番号94）。
SAM004033,PRG001480,ASM000049,AREA000062,2026,SRC000070,2026-10-03,2026愛知県高野連公式加盟校一覧の西三河地区所属（通し番号95）。
SAM004034,PRG001481,ASM000049,AREA000062,2026,SRC000070,2026-10-03,2026愛知県高野連公式加盟校一覧の西三河地区所属（通し番号96）。
SAM004035,PRG001482,ASM000049,AREA000062,2026,SRC000070,2026-10-03,2026愛知県高野連公式加盟校一覧の西三河地区所属（通し番号97）。
SAM004036,PRG001483,ASM000049,AREA000062,2026,SRC000070,2026-10-03,2026愛知県高野連公式加盟校一覧の西三河地区所属（通し番号98）。
SAM004037,PRG001484,ASM000049,AREA000062,2026,SRC000070,2026-10-03,2026愛知県高野連公式加盟校一覧の西三河地区所属（通し番号99）。
SAM004038,PRG001485,ASM000049,AREA000062,2026,SRC000070,2026-10-03,2026愛知県高野連公式加盟校一覧の西三河地区所属（通し番号100）。
SAM004039,PRG001486,ASM000049,AREA000062,2026,SRC000070,2026-10-03,2026愛知県高野連公式加盟校一覧の西三河地区所属（通し番号101）。
SAM004040,PRG001487,ASM000049,AREA000062,2026,SRC000070,2026-10-03,2026愛知県高野連公式加盟校一覧の西三河地区所属（通し番号102）。
SAM004041,PRG001488,ASM000049,AREA000062,2026,SRC000070,2026-10-03,2026愛知県高野連公式加盟校一覧の西三河地区所属（通し番号103）。
SAM004042,PRG001489,ASM000049,AREA000062,2026,SRC000070,2026-10-03,2026愛知県高野連公式加盟校一覧の西三河地区所属（通し番号104）。
SAM004043,PRG001490,ASM000049,AREA000062,2026,SRC000070,2026-10-03,2026愛知県高野連公式加盟校一覧の西三河地区所属（通し番号105）。
SAM004044,PRG001491,ASM000049,AREA000062,2026,SRC000070,2026-10-03,2026愛知県高野連公式加盟校一覧の西三河地区所属（通し番号106）。
SAM004045,PRG001492,ASM000049,AREA000062,2026,SRC000070,2026-10-03,2026愛知県高野連公式加盟校一覧の西三河地区所属（通し番号107）。
SAM004046,PRG001493,ASM000049,AREA000062,2026,SRC000070,2026-10-03,2026愛知県高野連公式加盟校一覧の西三河地区所属（通し番号108）。
SAM004047,PRG001494,ASM000049,AREA000062,2026,SRC000070,2026-10-03,2026愛知県高野連公式加盟校一覧の西三河地区所属（通し番号109）。
SAM004048,PRG001495,ASM000049,AREA000062,2026,SRC000070,2026-10-03,2026愛知県高野連公式加盟校一覧の西三河地区所属（通し番号110）。
SAM004049,PRG001496,ASM000049,AREA000062,2026,SRC000070,2026-10-03,2026愛知県高野連公式加盟校一覧の西三河地区所属（通し番号111）。
SAM004050,PRG001497,ASM000049,AREA000062,2026,SRC000070,2026-10-03,2026愛知県高野連公式加盟校一覧の西三河地区所属（通し番号112）。
SAM004051,PRG001498,ASM000049,AREA000062,2026,SRC000070,2026-10-03,2026愛知県高野連公式加盟校一覧の西三河地区所属（通し番号113）。
SAM004052,PRG001499,ASM000049,AREA000062,2026,SRC000070,2026-10-03,2026愛知県高野連公式加盟校一覧の西三河地区所属（通し番号114）。
SAM004053,PRG001500,ASM000049,AREA000062,2026,SRC000070,2026-10-03,2026愛知県高野連公式加盟校一覧の西三河地区所属（通し番号115）。
SAM004054,PRG001501,ASM000049,AREA000062,2026,SRC000070,2026-10-03,2026愛知県高野連公式加盟校一覧の西三河地区所属（通し番号116）。
SAM004055,PRG001502,ASM000049,AREA000062,2026,SRC000070,2026-10-03,2026愛知県高野連公式加盟校一覧の西三河地区所属（通し番号117）。
SAM004056,PRG001503,ASM000049,AREA000062,2026,SRC000070,2026-10-03,2026愛知県高野連公式加盟校一覧の西三河地区所属（通し番号118）。
SAM004057,PRG001504,ASM000049,AREA000062,2026,SRC000070,2026-10-03,2026愛知県高野連公式加盟校一覧の西三河地区所属（通し番号119）。
SAM004058,PRG001505,ASM000049,AREA000062,2026,SRC000070,2026-10-03,2026愛知県高野連公式加盟校一覧の西三河地区所属（通し番号120）。
SAM004059,PRG001506,ASM000049,AREA000062,2026,SRC000070,2026-10-03,2026愛知県高野連公式加盟校一覧の西三河地区所属（通し番号121）。
SAM004060,PRG001507,ASM000049,AREA000062,2026,SRC000070,2026-10-03,2026愛知県高野連公式加盟校一覧の西三河地区所属（通し番号122）。
SAM004061,PRG001508,ASM000049,AREA000062,2026,SRC000070,2026-10-03,2026愛知県高野連公式加盟校一覧の西三河地区所属（通し番号123）。
SAM004062,PRG001509,ASM000049,AREA000062,2026,SRC000070,2026-10-03,2026愛知県高野連公式加盟校一覧の西三河地区所属（通し番号124）。
SAM004063,PRG001510,ASM000049,AREA000062,2026,SRC000070,2026-10-03,2026愛知県高野連公式加盟校一覧の西三河地区所属（通し番号125）。
SAM004064,PRG001511,ASM000049,AREA000062,2026,SRC000070,2026-10-03,2026愛知県高野連公式加盟校一覧の西三河地区所属（通し番号126）。
SAM004065,PRG001512,ASM000049,AREA000062,2026,SRC000070,2026-10-03,2026愛知県高野連公式加盟校一覧の西三河地区所属（通し番号127）。
SAM004066,PRG001513,ASM000049,AREA000062,2026,SRC000070,2026-10-03,2026愛知県高野連公式加盟校一覧の西三河地区所属（通し番号128）。
SAM004067,PRG001514,ASM000049,AREA000063,2026,SRC000070,2026-10-03,2026愛知県高野連公式加盟校一覧の知多地区所属（通し番号129）。
SAM004068,PRG001515,ASM000049,AREA000063,2026,SRC000070,2026-10-03,2026愛知県高野連公式加盟校一覧の知多地区所属（通し番号130）。
SAM004069,PRG001516,ASM000049,AREA000063,2026,SRC000070,2026-10-03,2026愛知県高野連公式加盟校一覧の知多地区所属（通し番号131）。
SAM004070,PRG001517,ASM000049,AREA000063,2026,SRC000070,2026-10-03,2026愛知県高野連公式加盟校一覧の知多地区所属（通し番号132）。
SAM004071,PRG001518,ASM000049,AREA000063,2026,SRC000070,2026-10-03,2026愛知県高野連公式加盟校一覧の知多地区所属（通し番号133）。
SAM004072,PRG001519,ASM000049,AREA000063,2026,SRC000070,2026-10-03,2026愛知県高野連公式加盟校一覧の知多地区所属（通し番号134）。
SAM004073,PRG001520,ASM000049,AREA000063,2026,SRC000070,2026-10-03,2026愛知県高野連公式加盟校一覧の知多地区所属（通し番号135）。
SAM004074,PRG001521,ASM000049,AREA000063,2026,SRC000070,2026-10-03,2026愛知県高野連公式加盟校一覧の知多地区所属（通し番号136）。
SAM004075,PRG001522,ASM000049,AREA000063,2026,SRC000070,2026-10-03,2026愛知県高野連公式加盟校一覧の知多地区所属（通し番号137）。
SAM004076,PRG001523,ASM000049,AREA000063,2026,SRC000070,2026-10-03,2026愛知県高野連公式加盟校一覧の知多地区所属（通し番号138）。
SAM004077,PRG001524,ASM000049,AREA000063,2026,SRC000070,2026-10-03,2026愛知県高野連公式加盟校一覧の知多地区所属（通し番号139）。
SAM004078,PRG001525,ASM000049,AREA000063,2026,SRC000070,2026-10-03,2026愛知県高野連公式加盟校一覧の知多地区所属（通し番号140）。
SAM004079,PRG001526,ASM000049,AREA000063,2026,SRC000070,2026-10-03,2026愛知県高野連公式加盟校一覧の知多地区所属（通し番号141）。
SAM004080,PRG001527,ASM000049,AREA000063,2026,SRC000070,2026-10-03,2026愛知県高野連公式加盟校一覧の知多地区所属（通し番号142）。
SAM004081,PRG001528,ASM000049,AREA000063,2026,SRC000070,2026-10-03,2026愛知県高野連公式加盟校一覧の知多地区所属（通し番号143）。
SAM004082,PRG001529,ASM000049,AREA000063,2026,SRC000070,2026-10-03,2026愛知県高野連公式加盟校一覧の知多地区所属（通し番号144）。
SAM004083,PRG001530,ASM000049,AREA000063,2026,SRC000070,2026-10-03,2026愛知県高野連公式加盟校一覧の知多地区所属（通し番号145）。
SAM004084,PRG001531,ASM000049,AREA000064,2026,SRC000070,2026-10-03,2026愛知県高野連公式加盟校一覧の尾張地区所属（通し番号146）。
SAM004085,PRG001532,ASM000049,AREA000064,2026,SRC000070,2026-10-03,2026愛知県高野連公式加盟校一覧の尾張地区所属（通し番号147）。
SAM004086,PRG001533,ASM000049,AREA000064,2026,SRC000070,2026-10-03,2026愛知県高野連公式加盟校一覧の尾張地区所属（通し番号148）。
SAM004087,PRG001534,ASM000049,AREA000064,2026,SRC000070,2026-10-03,2026愛知県高野連公式加盟校一覧の尾張地区所属（通し番号149）。
SAM004088,PRG001535,ASM000049,AREA000064,2026,SRC000070,2026-10-03,2026愛知県高野連公式加盟校一覧の尾張地区所属（通し番号150）。
SAM004089,PRG001536,ASM000049,AREA000064,2026,SRC000070,2026-10-03,2026愛知県高野連公式加盟校一覧の尾張地区所属（通し番号151）。
SAM004090,PRG001537,ASM000049,AREA000064,2026,SRC000070,2026-10-03,2026愛知県高野連公式加盟校一覧の尾張地区所属（通し番号152）。
SAM004091,PRG001538,ASM000049,AREA000064,2026,SRC000070,2026-10-03,2026愛知県高野連公式加盟校一覧の尾張地区所属（通し番号153）。
SAM004092,PRG001539,ASM000049,AREA000064,2026,SRC000070,2026-10-03,2026愛知県高野連公式加盟校一覧の尾張地区所属（通し番号154）。
SAM004093,PRG001540,ASM000049,AREA000064,2026,SRC000070,2026-10-03,2026愛知県高野連公式加盟校一覧の尾張地区所属（通し番号155）。
SAM004094,PRG001541,ASM000049,AREA000064,2026,SRC000070,2026-10-03,2026愛知県高野連公式加盟校一覧の尾張地区所属（通し番号156）。
SAM004095,PRG001542,ASM000049,AREA000064,2026,SRC000070,2026-10-03,2026愛知県高野連公式加盟校一覧の尾張地区所属（通し番号157）。
SAM004096,PRG001543,ASM000049,AREA000064,2026,SRC000070,2026-10-03,2026愛知県高野連公式加盟校一覧の尾張地区所属（通し番号158）。
SAM004097,PRG001544,ASM000049,AREA000064,2026,SRC000070,2026-10-03,2026愛知県高野連公式加盟校一覧の尾張地区所属（通し番号159）。
SAM004098,PRG001545,ASM000049,AREA000064,2026,SRC000070,2026-10-03,2026愛知県高野連公式加盟校一覧の尾張地区所属（通し番号160）。
SAM004099,PRG001546,ASM000049,AREA000064,2026,SRC000070,2026-10-03,2026愛知県高野連公式加盟校一覧の尾張地区所属（通し番号161）。
SAM004100,PRG001547,ASM000049,AREA000064,2026,SRC000070,2026-10-03,2026愛知県高野連公式加盟校一覧の尾張地区所属（通し番号162）。
SAM004101,PRG001548,ASM000049,AREA000064,2026,SRC000070,2026-10-03,2026愛知県高野連公式加盟校一覧の尾張地区所属（通し番号163）。
SAM004102,PRG001549,ASM000049,AREA000064,2026,SRC000070,2026-10-03,2026愛知県高野連公式加盟校一覧の尾張地区所属（通し番号164）。
SAM004103,PRG001550,ASM000049,AREA000064,2026,SRC000070,2026-10-03,2026愛知県高野連公式加盟校一覧の尾張地区所属（通し番号165）。
SAM004104,PRG001551,ASM000049,AREA000064,2026,SRC000070,2026-10-03,2026愛知県高野連公式加盟校一覧の尾張地区所属（通し番号166）。
SAM004105,PRG001552,ASM000049,AREA000064,2026,SRC000070,2026-10-03,2026愛知県高野連公式加盟校一覧の尾張地区所属（通し番号167）。
SAM004106,PRG001553,ASM000049,AREA000064,2026,SRC000070,2026-10-03,2026愛知県高野連公式加盟校一覧の尾張地区所属（通し番号168）。
SAM004107,PRG001554,ASM000049,AREA000064,2026,SRC000070,2026-10-03,2026愛知県高野連公式加盟校一覧の尾張地区所属（通し番号169）。
SAM004108,PRG001555,ASM000049,AREA000064,2026,SRC000070,2026-10-03,2026愛知県高野連公式加盟校一覧の尾張地区所属（通し番号170）。
SAM004109,PRG001556,ASM000049,AREA000064,2026,SRC000070,2026-10-03,2026愛知県高野連公式加盟校一覧の尾張地区所属（通し番号171）。
SAM004110,PRG001557,ASM000049,AREA000064,2026,SRC000070,2026-10-03,2026愛知県高野連公式加盟校一覧の尾張地区所属（通し番号172）。
SAM004111,PRG001558,ASM000049,AREA000064,2026,SRC000070,2026-10-03,2026愛知県高野連公式加盟校一覧の尾張地区所属（通し番号173）。
SAM004112,PRG001559,ASM000049,AREA000064,2026,SRC000070,2026-10-03,2026愛知県高野連公式加盟校一覧の尾張地区所属（通し番号174）。
SAM004113,PRG001560,ASM000049,AREA000064,2026,SRC000070,2026-10-03,2026愛知県高野連公式加盟校一覧の尾張地区所属（通し番号175）。
SAM004114,PRG001561,ASM000049,AREA000064,2026,SRC000070,2026-10-03,2026愛知県高野連公式加盟校一覧の尾張地区所属（通し番号176）。
SAM004115,PRG001562,ASM000049,AREA000064,2026,SRC000070,2026-10-03,2026愛知県高野連公式加盟校一覧の尾張地区所属（通し番号177）。
SAM004116,PRG001563,ASM000049,AREA000064,2026,SRC000070,2026-10-03,2026愛知県高野連公式加盟校一覧の尾張地区所属（通し番号178）。
SAM004117,PRG001564,ASM000049,AREA000064,2026,SRC000070,2026-10-03,2026愛知県高野連公式加盟校一覧の尾張地区所属（通し番号179）。
SAM004118,PRG001565,ASM000049,AREA000064,2026,SRC000070,2026-10-03,2026愛知県高野連公式加盟校一覧の尾張地区所属（通し番号180）。
SAM004119,PRG001566,ASM000049,AREA000064,2026,SRC000070,2026-10-03,2026愛知県高野連公式加盟校一覧の尾張地区所属（通し番号181）。
SAM004120,PRG001567,ASM000049,AREA000064,2026,SRC000070,2026-10-03,2026愛知県高野連公式加盟校一覧の尾張地区所属（通し番号182）。
SAM004121,PRG001310,ASM000050,AREA000065,2026,SRC000073,2026-10-03,京都府高野連2026年度加盟校一覧の掲載順No.1。春季一次戦の市部区分と所在地を照合。
SAM004122,PRG001311,ASM000050,AREA000065,2026,SRC000073,2026-10-03,京都府高野連2026年度加盟校一覧の掲載順No.2。春季一次戦の市部区分と所在地を照合。
SAM004123,PRG001312,ASM000050,AREA000065,2026,SRC000073,2026-10-03,京都府高野連2026年度加盟校一覧の掲載順No.3。春季一次戦の市部区分と所在地を照合。
SAM004124,PRG001313,ASM000050,AREA000065,2026,SRC000073,2026-10-03,京都府高野連2026年度加盟校一覧の掲載順No.4。春季一次戦の市部区分と所在地を照合。
SAM004125,PRG001314,ASM000050,AREA000065,2026,SRC000073,2026-10-03,京都府高野連2026年度加盟校一覧の掲載順No.5。春季一次戦の市部区分と所在地を照合。
SAM004126,PRG001315,ASM000050,AREA000065,2026,SRC000073,2026-10-03,京都府高野連2026年度加盟校一覧の掲載順No.6。春季一次戦の市部区分と所在地を照合。
SAM004127,PRG001316,ASM000050,AREA000065,2026,SRC000073,2026-10-03,京都府高野連2026年度加盟校一覧の掲載順No.7。春季一次戦の市部区分と所在地を照合。
SAM004128,PRG001317,ASM000050,AREA000065,2026,SRC000073,2026-10-03,京都府高野連2026年度加盟校一覧の掲載順No.8。春季一次戦の市部区分と所在地を照合。
SAM004129,PRG001318,ASM000050,AREA000065,2026,SRC000073,2026-10-03,京都府高野連2026年度加盟校一覧の掲載順No.9。春季一次戦の市部区分と所在地を照合。
SAM004130,PRG001319,ASM000050,AREA000065,2026,SRC000073,2026-10-03,京都府高野連2026年度加盟校一覧の掲載順No.10。春季一次戦の市部区分と所在地を照合。
SAM004131,PRG001320,ASM000050,AREA000065,2026,SRC000073,2026-10-03,京都府高野連2026年度加盟校一覧の掲載順No.11。春季一次戦の市部区分と所在地を照合。
SAM004132,PRG001321,ASM000050,AREA000065,2026,SRC000073,2026-10-03,京都府高野連2026年度加盟校一覧の掲載順No.12。春季一次戦の市部区分と所在地を照合。
SAM004133,PRG001322,ASM000050,AREA000065,2026,SRC000073,2026-10-03,京都府高野連2026年度加盟校一覧の掲載順No.13。春季一次戦の市部区分と所在地を照合。
SAM004134,PRG001323,ASM000050,AREA000065,2026,SRC000073,2026-10-03,京都府高野連2026年度加盟校一覧の掲載順No.14。春季一次戦の市部区分と所在地を照合。
SAM004135,PRG001324,ASM000050,AREA000065,2026,SRC000073,2026-10-03,京都府高野連2026年度加盟校一覧の掲載順No.15。春季一次戦の市部区分と所在地を照合。
SAM004136,PRG001325,ASM000050,AREA000065,2026,SRC000073,2026-10-03,京都府高野連2026年度加盟校一覧の掲載順No.16。春季一次戦の市部区分と所在地を照合。
SAM004137,PRG001326,ASM000050,AREA000065,2026,SRC000073,2026-10-03,京都府高野連2026年度加盟校一覧の掲載順No.17。春季一次戦の市部区分と所在地を照合。
SAM004138,PRG001327,ASM000050,AREA000065,2026,SRC000073,2026-10-03,京都府高野連2026年度加盟校一覧の掲載順No.18。春季一次戦の市部区分と所在地を照合。
SAM004139,PRG001328,ASM000050,AREA000065,2026,SRC000073,2026-10-03,京都府高野連2026年度加盟校一覧の掲載順No.19。春季一次戦の市部区分と所在地を照合。
SAM004140,PRG001329,ASM000050,AREA000065,2026,SRC000073,2026-10-03,京都府高野連2026年度加盟校一覧の掲載順No.20。春季一次戦の市部区分と所在地を照合。
SAM004141,PRG001330,ASM000050,AREA000065,2026,SRC000073,2026-10-03,京都府高野連2026年度加盟校一覧の掲載順No.21。春季一次戦の市部区分と所在地を照合。
SAM004142,PRG001331,ASM000050,AREA000065,2026,SRC000073,2026-10-03,京都府高野連2026年度加盟校一覧の掲載順No.22。春季一次戦の市部区分と所在地を照合。
SAM004143,PRG001332,ASM000050,AREA000065,2026,SRC000073,2026-10-03,京都府高野連2026年度加盟校一覧の掲載順No.23。春季一次戦の市部区分と所在地を照合。
SAM004144,PRG001333,ASM000050,AREA000065,2026,SRC000073,2026-10-03,京都府高野連2026年度加盟校一覧の掲載順No.24。春季一次戦の市部区分と所在地を照合。
SAM004145,PRG001334,ASM000050,AREA000065,2026,SRC000073,2026-10-03,京都府高野連2026年度加盟校一覧の掲載順No.25。春季一次戦の市部区分と所在地を照合。
SAM004146,PRG001335,ASM000050,AREA000065,2026,SRC000073,2026-10-03,京都府高野連2026年度加盟校一覧の掲載順No.26。春季一次戦の市部区分と所在地を照合。
SAM004147,PRG001336,ASM000050,AREA000065,2026,SRC000073,2026-10-03,京都府高野連2026年度加盟校一覧の掲載順No.27。春季一次戦の市部区分と所在地を照合。
SAM004148,PRG001337,ASM000050,AREA000065,2026,SRC000073,2026-10-03,京都府高野連2026年度加盟校一覧の掲載順No.28。春季一次戦の市部区分と所在地を照合。
SAM004149,PRG001338,ASM000050,AREA000065,2026,SRC000073,2026-10-03,京都府高野連2026年度加盟校一覧の掲載順No.29。春季一次戦の市部区分と所在地を照合。
SAM004150,PRG001339,ASM000050,AREA000065,2026,SRC000073,2026-10-03,京都府高野連2026年度加盟校一覧の掲載順No.30。春季一次戦の市部区分と所在地を照合。
SAM004151,PRG001340,ASM000050,AREA000065,2026,SRC000073,2026-10-03,京都府高野連2026年度加盟校一覧の掲載順No.31。春季一次戦の市部区分と所在地を照合。
SAM004152,PRG001341,ASM000050,AREA000065,2026,SRC000073,2026-10-03,京都府高野連2026年度加盟校一覧の掲載順No.32。春季一次戦の市部区分と所在地を照合。
SAM004153,PRG001342,ASM000050,AREA000065,2026,SRC000073,2026-10-03,京都府高野連2026年度加盟校一覧の掲載順No.33。春季一次戦の市部区分と所在地を照合。
SAM004154,PRG001343,ASM000050,AREA000065,2026,SRC000073,2026-10-03,京都府高野連2026年度加盟校一覧の掲載順No.34。春季一次戦の市部区分と所在地を照合。
SAM004155,PRG001344,ASM000050,AREA000065,2026,SRC000073,2026-10-03,京都府高野連2026年度加盟校一覧の掲載順No.35。春季一次戦の市部区分と所在地を照合。
SAM004156,PRG001345,ASM000050,AREA000065,2026,SRC000073,2026-10-03,京都府高野連2026年度加盟校一覧の掲載順No.36。春季一次戦の市部区分と所在地を照合。
SAM004157,PRG001346,ASM000050,AREA000065,2026,SRC000073,2026-10-03,京都府高野連2026年度加盟校一覧の掲載順No.37。春季一次戦の市部区分と所在地を照合。
SAM004158,PRG001347,ASM000050,AREA000065,2026,SRC000073,2026-10-03,京都府高野連2026年度加盟校一覧の掲載順No.38。春季一次戦の市部区分と所在地を照合。
SAM004159,PRG001348,ASM000050,AREA000065,2026,SRC000073,2026-10-03,京都府高野連2026年度加盟校一覧の掲載順No.39。春季一次戦の市部区分と所在地を照合。
SAM004160,PRG001349,ASM000050,AREA000065,2026,SRC000073,2026-10-03,京都府高野連2026年度加盟校一覧の掲載順No.40。春季一次戦の市部区分と所在地を照合。
SAM004161,PRG001350,ASM000050,AREA000065,2026,SRC000073,2026-10-03,京都府高野連2026年度加盟校一覧の掲載順No.41。春季一次戦の市部区分と所在地を照合。
SAM004162,PRG001351,ASM000050,AREA000065,2026,SRC000073,2026-10-03,京都府高野連2026年度加盟校一覧の掲載順No.42。春季一次戦の市部区分と所在地を照合。
SAM004163,PRG001352,ASM000050,AREA000065,2026,SRC000073,2026-10-03,京都府高野連2026年度加盟校一覧の掲載順No.43。春季一次戦の市部区分と所在地を照合。
SAM004164,PRG001353,ASM000050,AREA000065,2026,SRC000073,2026-10-03,京都府高野連2026年度加盟校一覧の掲載順No.44。春季一次戦の市部区分と所在地を照合。
SAM004165,PRG001354,ASM000050,AREA000065,2026,SRC000073,2026-10-03,京都府高野連2026年度加盟校一覧の掲載順No.45。春季一次戦の市部区分と所在地を照合。
SAM004166,PRG001355,ASM000050,AREA000065,2026,SRC000073,2026-10-03,京都府高野連2026年度加盟校一覧の掲載順No.46。春季一次戦の市部区分と所在地を照合。
SAM004167,PRG001356,ASM000050,AREA000065,2026,SRC000073,2026-10-03,京都府高野連2026年度加盟校一覧の掲載順No.47。春季一次戦の市部区分と所在地を照合。
SAM004168,PRG001357,ASM000050,AREA000065,2026,SRC000073,2026-10-03,京都府高野連2026年度加盟校一覧の掲載順No.48。春季一次戦の市部区分と所在地を照合。
SAM004169,PRG001358,ASM000050,AREA000065,2026,SRC000073,2026-10-03,京都府高野連2026年度加盟校一覧の掲載順No.49。春季一次戦の市部区分と所在地を照合。
SAM004170,PRG001359,ASM000050,AREA000065,2026,SRC000073,2026-10-03,京都府高野連2026年度加盟校一覧の掲載順No.50。春季一次戦の市部区分と所在地を照合。
SAM004171,PRG001360,ASM000050,AREA000065,2026,SRC000073,2026-10-03,京都府高野連2026年度加盟校一覧の掲載順No.51。春季一次戦の市部区分と所在地を照合。
SAM004172,PRG001361,ASM000050,AREA000065,2026,SRC000073,2026-10-03,京都府高野連2026年度加盟校一覧の掲載順No.52。春季一次戦の市部区分と所在地を照合。
SAM004173,PRG001362,ASM000050,AREA000065,2026,SRC000073,2026-10-03,京都府高野連2026年度加盟校一覧の掲載順No.53。春季一次戦の市部区分と所在地を照合。
SAM004174,PRG001363,ASM000050,AREA000065,2026,SRC000073,2026-10-03,京都府高野連2026年度加盟校一覧の掲載順No.54。春季一次戦の市部区分と所在地を照合。
SAM004175,PRG001364,ASM000050,AREA000065,2026,SRC000073,2026-10-03,京都府高野連2026年度加盟校一覧の掲載順No.55。春季一次戦の市部区分と所在地を照合。
SAM004176,PRG001365,ASM000050,AREA000065,2026,SRC000073,2026-10-03,京都府高野連2026年度加盟校一覧の掲載順No.56。春季一次戦の市部区分と所在地を照合。
SAM004177,PRG001366,ASM000050,AREA000065,2026,SRC000073,2026-10-03,京都府高野連2026年度加盟校一覧の掲載順No.57。春季一次戦の市部区分と所在地を照合。
SAM004178,PRG001367,ASM000050,AREA000065,2026,SRC000073,2026-10-03,京都府高野連2026年度加盟校一覧の掲載順No.58。春季一次戦の市部区分と所在地を照合。
SAM004179,PRG001368,ASM000050,AREA000065,2026,SRC000073,2026-10-03,京都府高野連2026年度加盟校一覧の掲載順No.59。春季一次戦の市部区分と所在地を照合。
SAM004180,PRG001369,ASM000050,AREA000065,2026,SRC000073,2026-10-03,京都府高野連2026年度加盟校一覧の掲載順No.60。春季一次戦の市部区分と所在地を照合。
SAM004181,PRG001370,ASM000050,AREA000065,2026,SRC000073,2026-10-03,京都府高野連2026年度加盟校一覧の掲載順No.61。春季一次戦の市部区分と所在地を照合。
SAM004182,PRG001371,ASM000050,AREA000065,2026,SRC000073,2026-10-03,京都府高野連2026年度加盟校一覧の掲載順No.62。春季一次戦の市部区分と所在地を照合。
SAM004183,PRG001372,ASM000050,AREA000066,2026,SRC000073,2026-10-03,京都府高野連2026年度加盟校一覧の掲載順No.63。春季一次戦の北部区分と所在地を照合。
SAM004184,PRG001373,ASM000050,AREA000066,2026,SRC000073,2026-10-03,京都府高野連2026年度加盟校一覧の掲載順No.64。春季一次戦の北部区分と所在地を照合。
SAM004185,PRG001374,ASM000050,AREA000066,2026,SRC000073,2026-10-03,京都府高野連2026年度加盟校一覧の掲載順No.65。春季一次戦の北部区分と所在地を照合。
SAM004186,PRG001375,ASM000050,AREA000066,2026,SRC000073,2026-10-03,京都府高野連2026年度加盟校一覧の掲載順No.66。春季一次戦の北部区分と所在地を照合。
SAM004187,PRG001376,ASM000050,AREA000066,2026,SRC000073,2026-10-03,京都府高野連2026年度加盟校一覧の掲載順No.67。春季一次戦の北部区分と所在地を照合。
SAM004188,PRG001377,ASM000050,AREA000066,2026,SRC000073,2026-10-03,京都府高野連2026年度加盟校一覧の掲載順No.68。春季一次戦の北部区分と所在地を照合。
SAM004189,PRG001378,ASM000050,AREA000066,2026,SRC000073,2026-10-03,京都府高野連2026年度加盟校一覧の掲載順No.69。春季一次戦の北部区分と所在地を照合。
SAM004190,PRG001379,ASM000050,AREA000066,2026,SRC000073,2026-10-03,京都府高野連2026年度加盟校一覧の掲載順No.70。春季一次戦の北部区分と所在地を照合。
SAM004191,PRG001380,ASM000050,AREA000066,2026,SRC000073,2026-10-03,京都府高野連2026年度加盟校一覧の掲載順No.71。春季一次戦の北部区分と所在地を照合。
SAM004192,PRG001381,ASM000050,AREA000066,2026,SRC000073,2026-10-03,京都府高野連2026年度加盟校一覧の掲載順No.72。春季一次戦の北部区分と所在地を照合。
SAM004193,PRG001382,ASM000050,AREA000066,2026,SRC000073,2026-10-03,京都府高野連2026年度加盟校一覧の掲載順No.73。春季一次戦の北部区分と所在地を照合。
SAM004194,PRG001383,ASM000050,AREA000066,2026,SRC000073,2026-10-03,京都府高野連2026年度加盟校一覧の掲載順No.74。春季一次戦の北部区分と所在地を照合。
SAM004195,PRG001384,ASM000050,AREA000066,2026,SRC000073,2026-10-03,京都府高野連2026年度加盟校一覧の掲載順No.75。春季一次戦の北部区分と所在地を照合。
SAM004196,PRG001385,ASM000050,AREA000066,2026,SRC000073,2026-10-03,京都府高野連2026年度加盟校一覧の掲載順No.76。春季一次戦の北部区分と所在地を照合。
SAM004197,PRG002462,ASM000051,AREA000067,2026,SRC000177,2026-10-03,静岡県高野連加盟校ページの東部エリア掲載順No.1。
SAM004198,PRG002463,ASM000051,AREA000067,2026,SRC000177,2026-10-03,静岡県高野連加盟校ページの東部エリア掲載順No.2。
SAM004199,PRG002464,ASM000051,AREA000067,2026,SRC000177,2026-10-03,静岡県高野連加盟校ページの東部エリア掲載順No.3。
SAM004200,PRG002465,ASM000051,AREA000067,2026,SRC000177,2026-10-03,静岡県高野連加盟校ページの東部エリア掲載順No.4。
SAM004201,PRG002466,ASM000051,AREA000067,2026,SRC000177,2026-10-03,静岡県高野連加盟校ページの東部エリア掲載順No.5。
SAM004202,PRG002467,ASM000051,AREA000067,2026,SRC000177,2026-10-03,静岡県高野連加盟校ページの東部エリア掲載順No.6。
SAM004203,PRG002468,ASM000051,AREA000067,2026,SRC000177,2026-10-03,静岡県高野連加盟校ページの東部エリア掲載順No.7。
SAM004204,PRG002469,ASM000051,AREA000067,2026,SRC000177,2026-10-03,静岡県高野連加盟校ページの東部エリア掲載順No.8。
SAM004205,PRG002470,ASM000051,AREA000067,2026,SRC000177,2026-10-03,静岡県高野連加盟校ページの東部エリア掲載順No.9。
SAM004206,PRG002471,ASM000051,AREA000067,2026,SRC000177,2026-10-03,静岡県高野連加盟校ページの東部エリア掲載順No.10。
SAM004207,PRG002472,ASM000051,AREA000067,2026,SRC000177,2026-10-03,静岡県高野連加盟校ページの東部エリア掲載順No.11。
SAM004208,PRG002473,ASM000051,AREA000067,2026,SRC000177,2026-10-03,静岡県高野連加盟校ページの東部エリア掲載順No.12。
SAM004209,PRG002474,ASM000051,AREA000067,2026,SRC000177,2026-10-03,静岡県高野連加盟校ページの東部エリア掲載順No.13。
SAM004210,PRG002475,ASM000051,AREA000067,2026,SRC000177,2026-10-03,静岡県高野連加盟校ページの東部エリア掲載順No.14。
SAM004211,PRG002476,ASM000051,AREA000067,2026,SRC000177,2026-10-03,静岡県高野連加盟校ページの東部エリア掲載順No.15。
SAM004212,PRG002477,ASM000051,AREA000067,2026,SRC000177,2026-10-03,静岡県高野連加盟校ページの東部エリア掲載順No.16。
SAM004213,PRG002478,ASM000051,AREA000067,2026,SRC000177,2026-10-03,静岡県高野連加盟校ページの東部エリア掲載順No.17。
SAM004214,PRG002479,ASM000051,AREA000067,2026,SRC000177,2026-10-03,静岡県高野連加盟校ページの東部エリア掲載順No.18。
SAM004215,PRG002480,ASM000051,AREA000067,2026,SRC000177,2026-10-03,静岡県高野連加盟校ページの東部エリア掲載順No.19。
SAM004216,PRG002481,ASM000051,AREA000067,2026,SRC000177,2026-10-03,静岡県高野連加盟校ページの東部エリア掲載順No.20。
SAM004217,PRG002482,ASM000051,AREA000067,2026,SRC000177,2026-10-03,静岡県高野連加盟校ページの東部エリア掲載順No.21。
SAM004218,PRG002483,ASM000051,AREA000067,2026,SRC000177,2026-10-03,静岡県高野連加盟校ページの東部エリア掲載順No.22。
SAM004219,PRG002484,ASM000051,AREA000067,2026,SRC000177,2026-10-03,静岡県高野連加盟校ページの東部エリア掲載順No.23。
SAM004220,PRG002485,ASM000051,AREA000067,2026,SRC000177,2026-10-03,静岡県高野連加盟校ページの東部エリア掲載順No.24。
SAM004221,PRG002486,ASM000051,AREA000067,2026,SRC000177,2026-10-03,静岡県高野連加盟校ページの東部エリア掲載順No.25。
SAM004222,PRG002487,ASM000051,AREA000067,2026,SRC000177,2026-10-03,静岡県高野連加盟校ページの東部エリア掲載順No.26。
SAM004223,PRG002488,ASM000051,AREA000067,2026,SRC000177,2026-10-03,静岡県高野連加盟校ページの東部エリア掲載順No.27。
SAM004224,PRG002489,ASM000051,AREA000067,2026,SRC000177,2026-10-03,静岡県高野連加盟校ページの東部エリア掲載順No.28。
SAM004225,PRG002490,ASM000051,AREA000067,2026,SRC000177,2026-10-03,静岡県高野連加盟校ページの東部エリア掲載順No.29。
SAM004226,PRG002491,ASM000051,AREA000067,2026,SRC000177,2026-10-03,静岡県高野連加盟校ページの東部エリア掲載順No.30。
SAM004227,PRG002492,ASM000051,AREA000067,2026,SRC000177,2026-10-03,静岡県高野連加盟校ページの東部エリア掲載順No.31。
SAM004228,PRG002493,ASM000051,AREA000067,2026,SRC000177,2026-10-03,静岡県高野連加盟校ページの東部エリア掲載順No.32。
SAM004229,PRG002494,ASM000051,AREA000067,2026,SRC000177,2026-10-03,静岡県高野連加盟校ページの東部エリア掲載順No.33。
SAM004230,PRG002495,ASM000051,AREA000067,2026,SRC000177,2026-10-03,静岡県高野連加盟校ページの東部エリア掲載順No.34。
SAM004231,PRG002496,ASM000051,AREA000067,2026,SRC000177,2026-10-03,静岡県高野連加盟校ページの東部エリア掲載順No.35。
SAM004232,PRG002497,ASM000051,AREA000067,2026,SRC000177,2026-10-03,静岡県高野連加盟校ページの東部エリア掲載順No.36。
SAM004233,PRG002498,ASM000051,AREA000068,2026,SRC000177,2026-10-03,静岡県高野連加盟校ページの中部エリア掲載順No.1。
SAM004234,PRG002499,ASM000051,AREA000068,2026,SRC000177,2026-10-03,静岡県高野連加盟校ページの中部エリア掲載順No.2。
SAM004235,PRG002500,ASM000051,AREA000068,2026,SRC000177,2026-10-03,静岡県高野連加盟校ページの中部エリア掲載順No.3。
SAM004236,PRG002501,ASM000051,AREA000068,2026,SRC000177,2026-10-03,静岡県高野連加盟校ページの中部エリア掲載順No.4。
SAM004237,PRG002502,ASM000051,AREA000068,2026,SRC000177,2026-10-03,静岡県高野連加盟校ページの中部エリア掲載順No.5。
SAM004238,PRG002503,ASM000051,AREA000068,2026,SRC000177,2026-10-03,静岡県高野連加盟校ページの中部エリア掲載順No.6。
SAM004239,PRG002504,ASM000051,AREA000068,2026,SRC000177,2026-10-03,静岡県高野連加盟校ページの中部エリア掲載順No.7。
SAM004240,PRG002505,ASM000051,AREA000068,2026,SRC000177,2026-10-03,静岡県高野連加盟校ページの中部エリア掲載順No.8。
SAM004241,PRG002506,ASM000051,AREA000068,2026,SRC000177,2026-10-03,静岡県高野連加盟校ページの中部エリア掲載順No.9。
SAM004242,PRG002507,ASM000051,AREA000068,2026,SRC000177,2026-10-03,静岡県高野連加盟校ページの中部エリア掲載順No.10。
SAM004243,PRG002508,ASM000051,AREA000068,2026,SRC000177,2026-10-03,静岡県高野連加盟校ページの中部エリア掲載順No.11。
SAM004244,PRG002509,ASM000051,AREA000068,2026,SRC000177,2026-10-03,静岡県高野連加盟校ページの中部エリア掲載順No.12。
SAM004245,PRG002510,ASM000051,AREA000068,2026,SRC000177,2026-10-03,静岡県高野連加盟校ページの中部エリア掲載順No.13。
SAM004246,PRG002511,ASM000051,AREA000068,2026,SRC000177,2026-10-03,静岡県高野連加盟校ページの中部エリア掲載順No.14。
SAM004247,PRG002512,ASM000051,AREA000068,2026,SRC000177,2026-10-03,静岡県高野連加盟校ページの中部エリア掲載順No.15。
SAM004248,PRG002513,ASM000051,AREA000068,2026,SRC000177,2026-10-03,静岡県高野連加盟校ページの中部エリア掲載順No.16。
SAM004249,PRG002514,ASM000051,AREA000068,2026,SRC000177,2026-10-03,静岡県高野連加盟校ページの中部エリア掲載順No.17。
SAM004250,PRG002515,ASM000051,AREA000068,2026,SRC000177,2026-10-03,静岡県高野連加盟校ページの中部エリア掲載順No.18。
SAM004251,PRG002516,ASM000051,AREA000068,2026,SRC000177,2026-10-03,静岡県高野連加盟校ページの中部エリア掲載順No.19。
SAM004252,PRG002517,ASM000051,AREA000068,2026,SRC000177,2026-10-03,静岡県高野連加盟校ページの中部エリア掲載順No.20。
SAM004253,PRG002518,ASM000051,AREA000068,2026,SRC000177,2026-10-03,静岡県高野連加盟校ページの中部エリア掲載順No.21。
SAM004254,PRG002519,ASM000051,AREA000068,2026,SRC000177,2026-10-03,静岡県高野連加盟校ページの中部エリア掲載順No.22。
SAM004255,PRG002520,ASM000051,AREA000068,2026,SRC000177,2026-10-03,静岡県高野連加盟校ページの中部エリア掲載順No.23。
SAM004256,PRG002521,ASM000051,AREA000068,2026,SRC000177,2026-10-03,静岡県高野連加盟校ページの中部エリア掲載順No.24。
SAM004257,PRG002522,ASM000051,AREA000068,2026,SRC000177,2026-10-03,静岡県高野連加盟校ページの中部エリア掲載順No.25。
SAM004258,PRG002523,ASM000051,AREA000068,2026,SRC000177,2026-10-03,静岡県高野連加盟校ページの中部エリア掲載順No.26。
SAM004259,PRG002524,ASM000051,AREA000068,2026,SRC000177,2026-10-03,静岡県高野連加盟校ページの中部エリア掲載順No.27。
SAM004260,PRG002525,ASM000051,AREA000068,2026,SRC000177,2026-10-03,静岡県高野連加盟校ページの中部エリア掲載順No.28。
SAM004261,PRG002526,ASM000051,AREA000068,2026,SRC000177,2026-10-03,静岡県高野連加盟校ページの中部エリア掲載順No.29。
SAM004262,PRG002527,ASM000051,AREA000068,2026,SRC000177,2026-10-03,静岡県高野連加盟校ページの中部エリア掲載順No.30。
SAM004263,PRG002528,ASM000051,AREA000068,2026,SRC000177,2026-10-03,静岡県高野連加盟校ページの中部エリア掲載順No.31。
SAM004264,PRG002529,ASM000051,AREA000068,2026,SRC000177,2026-10-03,静岡県高野連加盟校ページの中部エリア掲載順No.32。
SAM004265,PRG002530,ASM000051,AREA000069,2026,SRC000177,2026-10-03,静岡県高野連加盟校ページの西部エリア掲載順No.1。
SAM004266,PRG002531,ASM000051,AREA000069,2026,SRC000177,2026-10-03,静岡県高野連加盟校ページの西部エリア掲載順No.2。
SAM004267,PRG002532,ASM000051,AREA000069,2026,SRC000177,2026-10-03,静岡県高野連加盟校ページの西部エリア掲載順No.3。
SAM004268,PRG002533,ASM000051,AREA000069,2026,SRC000177,2026-10-03,静岡県高野連加盟校ページの西部エリア掲載順No.4。
SAM004269,PRG002534,ASM000051,AREA000069,2026,SRC000177,2026-10-03,静岡県高野連加盟校ページの西部エリア掲載順No.5。
SAM004270,PRG002535,ASM000051,AREA000069,2026,SRC000177,2026-10-03,静岡県高野連加盟校ページの西部エリア掲載順No.6。
SAM004271,PRG002536,ASM000051,AREA000069,2026,SRC000177,2026-10-03,静岡県高野連加盟校ページの西部エリア掲載順No.7。
SAM004272,PRG002537,ASM000051,AREA000069,2026,SRC000177,2026-10-03,静岡県高野連加盟校ページの西部エリア掲載順No.8。
SAM004273,PRG002538,ASM000051,AREA000069,2026,SRC000177,2026-10-03,静岡県高野連加盟校ページの西部エリア掲載順No.9。
SAM004274,PRG002539,ASM000051,AREA000069,2026,SRC000177,2026-10-03,静岡県高野連加盟校ページの西部エリア掲載順No.10。
SAM004275,PRG002540,ASM000051,AREA000069,2026,SRC000177,2026-10-03,静岡県高野連加盟校ページの西部エリア掲載順No.11。
SAM004276,PRG002541,ASM000051,AREA000069,2026,SRC000177,2026-10-03,静岡県高野連加盟校ページの西部エリア掲載順No.12。
SAM004277,PRG002542,ASM000051,AREA000069,2026,SRC000177,2026-10-03,静岡県高野連加盟校ページの西部エリア掲載順No.13。
SAM004278,PRG002543,ASM000051,AREA000069,2026,SRC000177,2026-10-03,静岡県高野連加盟校ページの西部エリア掲載順No.14。
SAM004279,PRG002544,ASM000051,AREA000069,2026,SRC000177,2026-10-03,静岡県高野連加盟校ページの西部エリア掲載順No.15。
SAM004280,PRG002545,ASM000051,AREA000069,2026,SRC000177,2026-10-03,静岡県高野連加盟校ページの西部エリア掲載順No.16。
SAM004281,PRG002546,ASM000051,AREA000069,2026,SRC000177,2026-10-03,静岡県高野連加盟校ページの西部エリア掲載順No.17。
SAM004282,PRG002547,ASM000051,AREA000069,2026,SRC000177,2026-10-03,静岡県高野連加盟校ページの西部エリア掲載順No.18。
SAM004283,PRG002548,ASM000051,AREA000069,2026,SRC000177,2026-10-03,静岡県高野連加盟校ページの西部エリア掲載順No.19。
SAM004284,PRG002549,ASM000051,AREA000069,2026,SRC000177,2026-10-03,静岡県高野連加盟校ページの西部エリア掲載順No.20。
SAM004285,PRG002550,ASM000051,AREA000069,2026,SRC000177,2026-10-03,静岡県高野連加盟校ページの西部エリア掲載順No.21。
SAM004286,PRG002551,ASM000051,AREA000069,2026,SRC000177,2026-10-03,静岡県高野連加盟校ページの西部エリア掲載順No.22。
SAM004287,PRG002552,ASM000051,AREA000069,2026,SRC000177,2026-10-03,静岡県高野連加盟校ページの西部エリア掲載順No.23。
SAM004288,PRG002553,ASM000051,AREA000069,2026,SRC000177,2026-10-03,静岡県高野連加盟校ページの西部エリア掲載順No.24。
SAM004289,PRG002554,ASM000051,AREA000069,2026,SRC000177,2026-10-03,静岡県高野連加盟校ページの西部エリア掲載順No.25。
SAM004290,PRG002555,ASM000051,AREA000069,2026,SRC000177,2026-10-03,静岡県高野連加盟校ページの西部エリア掲載順No.26。
SAM004291,PRG002556,ASM000051,AREA000069,2026,SRC000177,2026-10-03,静岡県高野連加盟校ページの西部エリア掲載順No.27。
SAM004292,PRG002557,ASM000051,AREA000069,2026,SRC000177,2026-10-03,静岡県高野連加盟校ページの西部エリア掲載順No.28。
SAM004293,PRG002558,ASM000051,AREA000069,2026,SRC000177,2026-10-03,静岡県高野連加盟校ページの西部エリア掲載順No.29。
SAM004294,PRG002559,ASM000051,AREA000069,2026,SRC000177,2026-10-03,静岡県高野連加盟校ページの西部エリア掲載順No.30。
SAM004295,PRG002560,ASM000051,AREA000069,2026,SRC000177,2026-10-03,静岡県高野連加盟校ページの西部エリア掲載順No.31。
SAM004296,PRG002561,ASM000051,AREA000069,2026,SRC000177,2026-10-03,静岡県高野連加盟校ページの西部エリア掲載順No.32。
SAM004297,PRG002562,ASM000051,AREA000069,2026,SRC000177,2026-10-03,静岡県高野連加盟校ページの西部エリア掲載順No.33。
SAM004298,PRG002563,ASM000051,AREA000069,2026,SRC000177,2026-10-03,静岡県高野連加盟校ページの西部エリア掲載順No.34。
SAM004299,PRG002564,ASM000051,AREA000069,2026,SRC000177,2026-10-03,静岡県高野連加盟校ページの西部エリア掲載順No.35。
SAM004300,PRG002565,ASM000051,AREA000069,2026,SRC000177,2026-10-03,静岡県高野連加盟校ページの西部エリア掲載順No.36。
SAM004301,PRG002566,ASM000051,AREA000069,2026,SRC000177,2026-10-03,静岡県高野連加盟校ページの西部エリア掲載順No.37。
SAM004302,PRG002567,ASM000051,AREA000069,2026,SRC000177,2026-10-03,静岡県高野連加盟校ページの西部エリア掲載順No.38。
SAM004303,PRG002568,ASM000051,AREA000069,2026,SRC000177,2026-10-03,静岡県高野連加盟校ページの西部エリア掲載順No.39。
SAM004304,PRG002569,ASM000051,AREA000069,2026,SRC000177,2026-10-03,静岡県高野連加盟校ページの西部エリア掲載順No.40。
SAM004305,PRG003397,ASM000052,AREA000070,2026,SRC000028,2026-10-03,2026現行公式5地区制に基づき、所在地「尼崎市」を公式地区構成へ照合。2024公式加盟校地区表を補助根拠として使用。
SAM004306,PRG003398,ASM000052,AREA000071,2026,SRC000028,2026-10-03,2026現行公式5地区制に基づき、所在地「神戸市」を公式地区構成へ照合。2024公式加盟校地区表を補助根拠として使用。
SAM004307,PRG003399,ASM000052,AREA000070,2026,SRC000028,2026-10-03,2026現行公式5地区制に基づき、所在地「尼崎市」を公式地区構成へ照合。2024公式加盟校地区表を補助根拠として使用。
SAM004308,PRG003400,ASM000052,AREA000071,2026,SRC000028,2026-10-03,2026現行公式5地区制に基づき、所在地「神戸市」を公式地区構成へ照合。2024公式加盟校地区表を補助根拠として使用。
SAM004309,PRG003401,ASM000052,AREA000072,2026,SRC000028,2026-10-03,2026現行公式5地区制に基づき、所在地「明石市」を公式地区構成へ照合。2024公式加盟校地区表を補助根拠として使用。
SAM004310,PRG003402,ASM000052,AREA000072,2026,SRC000028,2026-10-03,2026現行公式5地区制に基づき、所在地「加古川市」を公式地区構成へ照合。2024公式加盟校地区表を補助根拠として使用。
SAM004311,PRG003403,ASM000052,AREA000074,2026,SRC000028,2026-10-03,2026現行公式5地区制に基づき、所在地「美方郡新温泉町」を公式地区構成へ照合。2024公式加盟校地区表を補助根拠として使用。
SAM004312,PRG003404,ASM000052,AREA000071,2026,SRC000028,2026-10-03,2026現行公式5地区制に基づき、所在地「神戸市」を公式地区構成へ照合。2024公式加盟校地区表を補助根拠として使用。
SAM004313,PRG003405,ASM000052,AREA000073,2026,SRC000028,2026-10-03,2026現行公式5地区制に基づき、所在地「姫路市」を公式地区構成へ照合。2024公式加盟校地区表を補助根拠として使用。
SAM004314,PRG003406,ASM000052,AREA000071,2026,SRC000028,2026-10-03,2026現行公式5地区制に基づき、所在地「神戸市」を公式地区構成へ照合。2024公式加盟校地区表を補助根拠として使用。
SAM004315,PRG003407,ASM000052,AREA000072,2026,SRC000028,2026-10-03,2026現行公式5地区制に基づき、所在地「加古郡播磨町」を公式地区構成へ照合。2024公式加盟校地区表を補助根拠として使用。
SAM004316,PRG003408,ASM000052,AREA000070,2026,SRC000028,2026-10-03,2026現行公式5地区制に基づき、所在地「尼崎市」を公式地区構成へ照合。2024公式加盟校地区表を補助根拠として使用。
SAM004317,PRG003409,ASM000052,AREA000073,2026,SRC000028,2026-10-03,2026現行公式5地区制に基づき、所在地「姫路市」を公式地区構成へ照合。2024公式加盟校地区表を補助根拠として使用。
SAM004318,PRG003410,ASM000052,AREA000072,2026,SRC000028,2026-10-03,2026現行公式5地区制に基づき、所在地「小野市」を公式地区構成へ照合。2024公式加盟校地区表を補助根拠として使用。
SAM004319,PRG003411,ASM000052,AREA000072,2026,SRC000028,2026-10-03,2026現行公式5地区制に基づき、所在地「加古川市」を公式地区構成へ照合。2024公式加盟校地区表を補助根拠として使用。
SAM004320,PRG003412,ASM000052,AREA000073,2026,SRC000028,2026-10-03,2026現行公式5地区制に基づき、所在地「姫路市」を公式地区構成へ照合。2024公式加盟校地区表を補助根拠として使用。
SAM004321,PRG003413,ASM000052,AREA000074,2026,SRC000028,2026-10-03,2026現行公式5地区制に基づき、所在地「美方郡香美町」を公式地区構成へ照合。2024公式加盟校地区表を補助根拠として使用。
SAM004322,PRG003414,ASM000052,AREA000070,2026,SRC000028,2026-10-03,2026現行公式5地区制に基づき、所在地「川西市」を公式地区構成へ照合。2024公式加盟校地区表を補助根拠として使用。
SAM004323,PRG003415,ASM000052,AREA000072,2026,SRC000028,2026-10-03,2026現行公式5地区制に基づき、所在地「加東市」を公式地区構成へ照合。2024公式加盟校地区表を補助根拠として使用。
SAM004324,PRG003416,ASM000052,AREA000071,2026,SRC000028,2026-10-03,2026現行公式5地区制に基づき、所在地「神戸市」を公式地区構成へ照合。2024公式加盟校地区表を補助根拠として使用。
SAM004325,PRG003417,ASM000052,AREA000072,2026,SRC000028,2026-10-03,2026現行公式5地区制に基づき、所在地「明石市」を公式地区構成へ照合。2024公式加盟校地区表を補助根拠として使用。
SAM004326,PRG003418,ASM000052,AREA000074,2026,SRC000028,2026-10-03,2026現行公式5地区制に基づき、所在地「養父市」を公式地区構成へ照合。2024公式加盟校地区表を補助根拠として使用。
SAM004327,PRG003419,ASM000052,AREA000072,2026,SRC000028,2026-10-03,2026現行公式5地区制に基づき、所在地「加古川市」を公式地区構成へ照合。2024公式加盟校地区表を補助根拠として使用。
SAM004328,PRG003420,ASM000052,AREA000072,2026,SRC000028,2026-10-03,2026現行公式5地区制に基づき、所在地「明石市」を公式地区構成へ照合。2024公式加盟校地区表を補助根拠として使用。
SAM004329,PRG003421,ASM000052,AREA000073,2026,SRC000028,2026-10-03,2026現行公式5地区制に基づき、所在地「神崎郡市川町」を公式地区構成へ照合。2024公式加盟校地区表を補助根拠として使用。
SAM004330,PRG003422,ASM000052,AREA000071,2026,SRC000028,2026-10-03,2026現行公式5地区制に基づき、所在地「神戸市」を公式地区構成へ照合。2024公式加盟校地区表を補助根拠として使用。
SAM004331,PRG003423,ASM000052,AREA000071,2026,SRC000028,2026-10-03,2026現行公式5地区制に基づき、所在地「神戸市」を公式地区構成へ照合。2024公式加盟校地区表を補助根拠として使用。
SAM004332,PRG003424,ASM000052,AREA000074,2026,SRC000028,2026-10-03,2026現行公式5地区制に基づき、所在地「豊岡市」を公式地区構成へ照合。2024公式加盟校地区表を補助根拠として使用。
SAM004333,PRG003425,ASM000052,AREA000070,2026,SRC000028,2026-10-03,2026現行公式5地区制に基づき、所在地「西宮市」を公式地区構成へ照合。2024公式加盟校地区表を補助根拠として使用。
SAM004334,PRG003426,ASM000052,AREA000071,2026,SRC000028,2026-10-03,2026現行公式5地区制に基づき、所在地「神戸市」を公式地区構成へ照合。2024公式加盟校地区表を補助根拠として使用。
SAM004335,PRG003427,ASM000052,AREA000071,2026,SRC000028,2026-10-03,2026現行公式5地区制に基づき、所在地「神戸市」を公式地区構成へ照合。2024公式加盟校地区表を補助根拠として使用。
SAM004336,PRG003428,ASM000052,AREA000071,2026,SRC000028,2026-10-03,2026現行公式5地区制に基づき、所在地「神戸市」を公式地区構成へ照合。2024公式加盟校地区表を補助根拠として使用。
SAM004337,PRG003429,ASM000052,AREA000070,2026,SRC000028,2026-10-03,2026現行公式5地区制に基づき、所在地「川西市」を公式地区構成へ照合。2024公式加盟校地区表を補助根拠として使用。
SAM004338,PRG003430,ASM000052,AREA000072,2026,SRC000028,2026-10-03,2026現行公式5地区制に基づき、所在地「淡路市」を公式地区構成へ照合。2024公式加盟校地区表を補助根拠として使用。
SAM004339,PRG003431,ASM000052,AREA000070,2026,SRC000028,2026-10-03,2026現行公式5地区制に基づき、所在地「西宮市」を公式地区構成へ照合。2024公式加盟校地区表を補助根拠として使用。
SAM004340,PRG003432,ASM000052,AREA000073,2026,SRC000028,2026-10-03,2026現行公式5地区制に基づき、所在地「姫路市」を公式地区構成へ照合。2024公式加盟校地区表を補助根拠として使用。
SAM004341,PRG003433,ASM000052,AREA000071,2026,SRC000028,2026-10-03,2026現行公式5地区制に基づき、所在地「神戸市」を公式地区構成へ照合。2024公式加盟校地区表を補助根拠として使用。
SAM004342,PRG003434,ASM000052,AREA000070,2026,SRC000028,2026-10-03,2026現行公式5地区制に基づき、所在地「尼崎市」を公式地区構成へ照合。2024公式加盟校地区表を補助根拠として使用。
SAM004343,PRG003435,ASM000052,AREA000071,2026,SRC000028,2026-10-03,2026現行公式5地区制に基づき、所在地「神戸市」を公式地区構成へ照合。2024公式加盟校地区表を補助根拠として使用。
SAM004344,PRG003436,ASM000052,AREA000072,2026,SRC000028,2026-10-03,2026現行公式5地区制に基づき、所在地「西脇市」を公式地区構成へ照合。2024公式加盟校地区表を補助根拠として使用。
SAM004345,PRG003437,ASM000052,AREA000070,2026,SRC000028,2026-10-03,2026現行公式5地区制に基づき、所在地「芦屋市」を公式地区構成へ照合。2024公式加盟校地区表を補助根拠として使用。
SAM004346,PRG003438,ASM000052,AREA000073,2026,SRC000028,2026-10-03,2026現行公式5地区制に基づき、所在地「姫路市」を公式地区構成へ照合。2024公式加盟校地区表を補助根拠として使用。
SAM004347,PRG003439,ASM000052,AREA000071,2026,SRC000028,2026-10-03,2026現行公式5地区制に基づき、所在地「神戸市」を公式地区構成へ照合。2024公式加盟校地区表を補助根拠として使用。
SAM004348,PRG003440,ASM000052,AREA000073,2026,SRC000028,2026-10-03,2026現行公式5地区制に基づき、所在地「神崎郡福崎町」を公式地区構成へ照合。2024公式加盟校地区表を補助根拠として使用。
SAM004349,PRG003441,ASM000052,AREA000073,2026,SRC000028,2026-10-03,2026現行公式5地区制に基づき、所在地「姫路市」を公式地区構成へ照合。2024公式加盟校地区表を補助根拠として使用。
SAM004350,PRG003442,ASM000052,AREA000073,2026,SRC000028,2026-10-03,2026現行公式5地区制に基づき、所在地「神崎郡福崎町」を公式地区構成へ照合。2024公式加盟校地区表を補助根拠として使用。
SAM004351,PRG003443,ASM000052,AREA000071,2026,SRC000028,2026-10-03,2026現行公式5地区制に基づき、所在地「神戸市」を公式地区構成へ照合。2024公式加盟校地区表を補助根拠として使用。
SAM004352,PRG003444,ASM000052,AREA000074,2026,SRC000028,2026-10-03,2026現行公式5地区制に基づき、所在地「丹波篠山市」を公式地区構成へ照合。2024公式加盟校地区表を補助根拠として使用。
SAM004353,PRG003445,ASM000052,AREA000074,2026,SRC000028,2026-10-03,2026現行公式5地区制に基づき、所在地「丹波市」を公式地区構成へ照合。2024公式加盟校地区表を補助根拠として使用。
SAM004354,PRG003446,ASM000052,AREA000072,2026,SRC000028,2026-10-03,2026現行公式5地区制に基づき、所在地「加西市」を公式地区構成へ照合。2024公式加盟校地区表を補助根拠として使用。
SAM004355,PRG003447,ASM000052,AREA000072,2026,SRC000028,2026-10-03,2026現行公式5地区制に基づき、所在地「明石市」を公式地区構成へ照合。2024公式加盟校地区表を補助根拠として使用。
SAM004356,PRG003448,ASM000052,AREA000070,2026,SRC000028,2026-10-03,2026現行公式5地区制に基づき、所在地「西宮市」を公式地区構成へ照合。2024公式加盟校地区表を補助根拠として使用。
SAM004357,PRG003449,ASM000052,AREA000073,2026,SRC000028,2026-10-03,2026現行公式5地区制に基づき、所在地「姫路市」を公式地区構成へ照合。2024公式加盟校地区表を補助根拠として使用。
SAM004358,PRG003450,ASM000052,AREA000072,2026,SRC000028,2026-10-03,2026現行公式5地区制に基づき、所在地「三木市」を公式地区構成へ照合。2024公式加盟校地区表を補助根拠として使用。
SAM004359,PRG003451,ASM000052,AREA000070,2026,SRC000028,2026-10-03,2026現行公式5地区制に基づき、所在地「宝塚市」を公式地区構成へ照合。2024公式加盟校地区表を補助根拠として使用。
SAM004360,PRG003452,ASM000052,AREA000070,2026,SRC000028,2026-10-03,2026現行公式5地区制に基づき、所在地「川辺郡猪名川町」を公式地区構成へ照合。2024公式加盟校地区表を補助根拠として使用。
SAM004361,PRG003453,ASM000052,AREA000070,2026,SRC000028,2026-10-03,2026現行公式5地区制に基づき、所在地「西宮市」を公式地区構成へ照合。2024公式加盟校地区表を補助根拠として使用。
SAM004362,PRG003454,ASM000052,AREA000072,2026,SRC000028,2026-10-03,2026現行公式5地区制に基づき、所在地「三木市」を公式地区構成へ照合。2024公式加盟校地区表を補助根拠として使用。
SAM004363,PRG003455,ASM000052,AREA000072,2026,SRC000028,2026-10-03,2026現行公式5地区制に基づき、所在地「三木市」を公式地区構成へ照合。2024公式加盟校地区表を補助根拠として使用。
SAM004364,PRG003456,ASM000052,AREA000073,2026,SRC000028,2026-10-03,2026現行公式5地区制に基づき、所在地「赤穂郡上郡町」を公式地区構成へ照合。2024公式加盟校地区表を補助根拠として使用。
SAM004365,PRG003457,ASM000052,AREA000074,2026,SRC000028,2026-10-03,2026現行公式5地区制に基づき、所在地「朝来市」を公式地区構成へ照合。2024公式加盟校地区表を補助根拠として使用。
SAM004366,PRG003458,ASM000052,AREA000074,2026,SRC000028,2026-10-03,2026現行公式5地区制に基づき、所在地「三田市」を公式地区構成へ照合。2024公式加盟校地区表を補助根拠として使用。
SAM004367,PRG003459,ASM000052,AREA000073,2026,SRC000028,2026-10-03,2026現行公式5地区制に基づき、所在地「赤穂市」を公式地区構成へ照合。2024公式加盟校地区表を補助根拠として使用。
SAM004368,PRG003460,ASM000052,AREA000072,2026,SRC000028,2026-10-03,2026現行公式5地区制に基づき、所在地「高砂市」を公式地区構成へ照合。2024公式加盟校地区表を補助根拠として使用。
SAM004369,PRG003461,ASM000052,AREA000073,2026,SRC000028,2026-10-03,2026現行公式5地区制に基づき、所在地「姫路市」を公式地区構成へ照合。2024公式加盟校地区表を補助根拠として使用。
SAM004370,PRG003462,ASM000052,AREA000070,2026,SRC000028,2026-10-03,2026現行公式5地区制に基づき、所在地「西宮市」を公式地区構成へ照合。2024公式加盟校地区表を補助根拠として使用。
SAM004371,PRG003463,ASM000052,AREA000070,2026,SRC000028,2026-10-03,2026現行公式5地区制に基づき、所在地「宝塚市」を公式地区構成へ照合。2024公式加盟校地区表を補助根拠として使用。
SAM004372,PRG003464,ASM000052,AREA000070,2026,SRC000028,2026-10-03,2026現行公式5地区制に基づき、所在地「伊丹市」を公式地区構成へ照合。2024公式加盟校地区表を補助根拠として使用。
SAM004373,PRG003465,ASM000052,AREA000070,2026,SRC000028,2026-10-03,2026現行公式5地区制に基づき、所在地「芦屋市」を公式地区構成へ照合。2024公式加盟校地区表を補助根拠として使用。
SAM004374,PRG003466,ASM000052,AREA000072,2026,SRC000028,2026-10-03,2026現行公式5地区制に基づき、所在地「加古川市」を公式地区構成へ照合。2024公式加盟校地区表を補助根拠として使用。
SAM004375,PRG003467,ASM000052,AREA000073,2026,SRC000028,2026-10-03,2026現行公式5地区制に基づき、所在地「神崎郡神河町」を公式地区構成へ照合。2024公式加盟校地区表を補助根拠として使用。
SAM004376,PRG003468,ASM000052,AREA000074,2026,SRC000028,2026-10-03,2026現行公式5地区制に基づき、所在地「三田市」を公式地区構成へ照合。2024公式加盟校地区表を補助根拠として使用。
SAM004377,PRG003469,ASM000052,AREA000074,2026,SRC000028,2026-10-03,2026現行公式5地区制に基づき、所在地「三田市」を公式地区構成へ照合。2024公式加盟校地区表を補助根拠として使用。
SAM004378,PRG003470,ASM000052,AREA000074,2026,SRC000028,2026-10-03,2026現行公式5地区制に基づき、所在地「丹波篠山市」を公式地区構成へ照合。2024公式加盟校地区表を補助根拠として使用。
SAM004379,PRG003471,ASM000052,AREA000071,2026,SRC000028,2026-10-03,2026現行公式5地区制に基づき、所在地「神戸市」を公式地区構成へ照合。2024公式加盟校地区表を補助根拠として使用。
SAM004380,PRG003472,ASM000052,AREA000070,2026,SRC000028,2026-10-03,2026現行公式5地区制に基づき、所在地「西宮市」を公式地区構成へ照合。2024公式加盟校地区表を補助根拠として使用。
SAM004381,PRG003473,ASM000052,AREA000073,2026,SRC000028,2026-10-03,2026現行公式5地区制に基づき、所在地「相生市」を公式地区構成へ照合。2024公式加盟校地区表を補助根拠として使用。
SAM004382,PRG003474,ASM000052,AREA000073,2026,SRC000028,2026-10-03,2026現行公式5地区制に基づき、所在地「姫路市」を公式地区構成へ照合。2024公式加盟校地区表を補助根拠として使用。
SAM004383,PRG003475,ASM000052,AREA000072,2026,SRC000028,2026-10-03,2026現行公式5地区制に基づき、所在地「三木市」を公式地区構成へ照合。2024公式加盟校地区表を補助根拠として使用。
SAM004384,PRG003476,ASM000052,AREA000072,2026,SRC000028,2026-10-03,2026現行公式5地区制に基づき、所在地「三木市」を公式地区構成へ照合。2024公式加盟校地区表を補助根拠として使用。
SAM004385,PRG003477,ASM000052,AREA000072,2026,SRC000028,2026-10-03,2026現行公式5地区制に基づき、所在地「多可郡多可町」を公式地区構成へ照合。2024公式加盟校地区表を補助根拠として使用。
SAM004386,PRG003478,ASM000052,AREA000071,2026,SRC000028,2026-10-03,2026現行公式5地区制に基づき、所在地「神戸市」を公式地区構成へ照合。2024公式加盟校地区表を補助根拠として使用。
SAM004387,PRG003479,ASM000052,AREA000072,2026,SRC000028,2026-10-03,2026現行公式5地区制に基づき、所在地「洲本市」を公式地区構成へ照合。2024公式加盟校地区表を補助根拠として使用。
SAM004388,PRG003480,ASM000052,AREA000071,2026,SRC000028,2026-10-03,2026現行公式5地区制に基づき、所在地「神戸市」を公式地区構成へ照合。2024公式加盟校地区表を補助根拠として使用。
SAM004389,PRG003481,ASM000052,AREA000072,2026,SRC000028,2026-10-03,2026現行公式5地区制に基づき、所在地「西脇市」を公式地区構成へ照合。2024公式加盟校地区表を補助根拠として使用。
SAM004390,PRG003482,ASM000052,AREA000073,2026,SRC000028,2026-10-03,2026現行公式5地区制に基づき、所在地「姫路市」を公式地区構成へ照合。2024公式加盟校地区表を補助根拠として使用。
SAM004391,PRG003483,ASM000052,AREA000071,2026,SRC000028,2026-10-03,2026現行公式5地区制に基づき、所在地「神戸市」を公式地区構成へ照合。2024公式加盟校地区表を補助根拠として使用。
SAM004392,PRG003484,ASM000052,AREA000072,2026,SRC000028,2026-10-03,2026現行公式5地区制に基づき、所在地「高砂市」を公式地区構成へ照合。2024公式加盟校地区表を補助根拠として使用。
SAM004393,PRG003485,ASM000052,AREA000070,2026,SRC000028,2026-10-03,2026現行公式5地区制に基づき、所在地「尼崎市」を公式地区構成へ照合。2024公式加盟校地区表を補助根拠として使用。
SAM004394,PRG003486,ASM000052,AREA000071,2026,SRC000028,2026-10-03,2026現行公式5地区制に基づき、所在地「神戸市」を公式地区構成へ照合。2024公式加盟校地区表を補助根拠として使用。
SAM004395,PRG003487,ASM000052,AREA000071,2026,SRC000028,2026-10-03,2026現行公式5地区制に基づき、所在地「神戸市」を公式地区構成へ照合。2024公式加盟校地区表を補助根拠として使用。
SAM004396,PRG003488,ASM000052,AREA000072,2026,SRC000028,2026-10-03,2026現行公式5地区制に基づき、所在地「洲本市」を公式地区構成へ照合。2024公式加盟校地区表を補助根拠として使用。
SAM004397,PRG003489,ASM000052,AREA000070,2026,SRC000028,2026-10-03,2026現行公式5地区制に基づき、所在地「伊丹市」を公式地区構成へ照合。2024公式加盟校地区表を補助根拠として使用。
SAM004398,PRG003490,ASM000052,AREA000071,2026,SRC000028,2026-10-03,2026現行公式5地区制に基づき、所在地「神戸市」を公式地区構成へ照合。2024公式加盟校地区表を補助根拠として使用。
SAM004399,PRG003491,ASM000052,AREA000073,2026,SRC000028,2026-10-03,2026現行公式5地区制に基づき、所在地「相生市」を公式地区構成へ照合。2024公式加盟校地区表を補助根拠として使用。
SAM004400,PRG003492,ASM000052,AREA000072,2026,SRC000028,2026-10-03,2026現行公式5地区制に基づき、所在地「加古郡稲美町」を公式地区構成へ照合。2024公式加盟校地区表を補助根拠として使用。
SAM004401,PRG003493,ASM000052,AREA000074,2026,SRC000028,2026-10-03,2026現行公式5地区制に基づき、所在地「豊岡市」を公式地区構成へ照合。2024公式加盟校地区表を補助根拠として使用。
SAM004402,PRG003494,ASM000052,AREA000074,2026,SRC000028,2026-10-03,2026現行公式5地区制に基づき、所在地「美方郡香美町」を公式地区構成へ照合。2024公式加盟校地区表を補助根拠として使用。
SAM004403,PRG003495,ASM000052,AREA000070,2026,SRC000028,2026-10-03,2026現行公式5地区制に基づき、所在地「尼崎市」を公式地区構成へ照合。2024公式加盟校地区表を補助根拠として使用。
SAM004404,PRG003496,ASM000052,AREA000074,2026,SRC000028,2026-10-03,2026現行公式5地区制に基づき、所在地「豊岡市」を公式地区構成へ照合。2024公式加盟校地区表を補助根拠として使用。
SAM004405,PRG003497,ASM000052,AREA000072,2026,SRC000028,2026-10-03,2026現行公式5地区制に基づき、所在地「高砂市」を公式地区構成へ照合。2024公式加盟校地区表を補助根拠として使用。
SAM004406,PRG003498,ASM000052,AREA000074,2026,SRC000028,2026-10-03,2026現行公式5地区制に基づき、所在地「丹波市」を公式地区構成へ照合。2024公式加盟校地区表を補助根拠として使用。
SAM004407,PRG003499,ASM000052,AREA000074,2026,SRC000028,2026-10-03,2026現行公式5地区制に基づき、所在地「丹波市」を公式地区構成へ照合。2024公式加盟校地区表を補助根拠として使用。
SAM004408,PRG003500,ASM000052,AREA000071,2026,SRC000028,2026-10-03,2026現行公式5地区制に基づき、所在地「神戸市」を公式地区構成へ照合。2024公式加盟校地区表を補助根拠として使用。
SAM004409,PRG003501,ASM000052,AREA000071,2026,SRC000028,2026-10-03,2026現行公式5地区制に基づき、所在地「神戸市」を公式地区構成へ照合。2024公式加盟校地区表を補助根拠として使用。
SAM004410,PRG003502,ASM000052,AREA000071,2026,SRC000028,2026-10-03,2026現行公式5地区制に基づき、所在地「神戸市」を公式地区構成へ照合。2024公式加盟校地区表を補助根拠として使用。
SAM004411,PRG003503,ASM000052,AREA000070,2026,SRC000028,2026-10-03,2026現行公式5地区制に基づき、所在地「西宮市」を公式地区構成へ照合。2024公式加盟校地区表を補助根拠として使用。
SAM004412,PRG003504,ASM000052,AREA000070,2026,SRC000028,2026-10-03,2026現行公式5地区制に基づき、所在地「西宮市」を公式地区構成へ照合。2024公式加盟校地区表を補助根拠として使用。
SAM004413,PRG003505,ASM000052,AREA000071,2026,SRC000028,2026-10-03,2026現行公式5地区制に基づき、所在地「神戸市」を公式地区構成へ照合。2024公式加盟校地区表を補助根拠として使用。
SAM004414,PRG003506,ASM000052,AREA000070,2026,SRC000028,2026-10-03,2026現行公式5地区制に基づき、所在地「伊丹市」を公式地区構成へ照合。2024公式加盟校地区表を補助根拠として使用。
SAM004415,PRG003507,ASM000052,AREA000073,2026,SRC000028,2026-10-03,2026現行公式5地区制に基づき、所在地「佐用郡佐用町」を公式地区構成へ照合。2024公式加盟校地区表を補助根拠として使用。
SAM004416,PRG003508,ASM000052,AREA000073,2026,SRC000028,2026-10-03,2026現行公式5地区制に基づき、所在地「宍粟市」を公式地区構成へ照合。2024公式加盟校地区表を補助根拠として使用。
SAM004417,PRG003509,ASM000052,AREA000073,2026,SRC000028,2026-10-03,2026現行公式5地区制に基づき、所在地「姫路市」を公式地区構成へ照合。2024公式加盟校地区表を補助根拠として使用。
SAM004418,PRG003510,ASM000052,AREA000073,2026,SRC000028,2026-10-03,2026現行公式5地区制に基づき、所在地「揖保郡太子町」を公式地区構成へ照合。2024公式加盟校地区表を補助根拠として使用。
SAM004419,PRG003511,ASM000052,AREA000071,2026,SRC000028,2026-10-03,2026現行公式5地区制に基づき、所在地「神戸市」を公式地区構成へ照合。2024公式加盟校地区表を補助根拠として使用。
SAM004420,PRG003512,ASM000052,AREA000070,2026,SRC000028,2026-10-03,2026現行公式5地区制に基づき、所在地「伊丹市」を公式地区構成へ照合。2024公式加盟校地区表を補助根拠として使用。
SAM004421,PRG003513,ASM000052,AREA000072,2026,SRC000028,2026-10-03,2026現行公式5地区制に基づき、所在地「明石市」を公式地区構成へ照合。2024公式加盟校地区表を補助根拠として使用。
SAM004422,PRG003514,ASM000052,AREA000072,2026,SRC000028,2026-10-03,2026現行公式5地区制に基づき、所在地「加古川市」を公式地区構成へ照合。2024公式加盟校地区表を補助根拠として使用。
SAM004423,PRG003515,ASM000052,AREA000070,2026,SRC000028,2026-10-03,2026現行公式5地区制に基づき、所在地「西宮市」を公式地区構成へ照合。2024公式加盟校地区表を補助根拠として使用。
SAM004424,PRG003516,ASM000052,AREA000070,2026,SRC000028,2026-10-03,2026現行公式5地区制に基づき、所在地「尼崎市」を公式地区構成へ照合。2024公式加盟校地区表を補助根拠として使用。
SAM004425,PRG003517,ASM000052,AREA000070,2026,SRC000028,2026-10-03,2026現行公式5地区制に基づき、所在地「西宮市」を公式地区構成へ照合。2024公式加盟校地区表を補助根拠として使用。
SAM004426,PRG003518,ASM000052,AREA000071,2026,SRC000028,2026-10-03,2026現行公式5地区制に基づき、所在地「神戸市」を公式地区構成へ照合。2024公式加盟校地区表を補助根拠として使用。
SAM004427,PRG003519,ASM000052,AREA000073,2026,SRC000028,2026-10-03,2026現行公式5地区制に基づき、所在地「姫路市」を公式地区構成へ照合。2024公式加盟校地区表を補助根拠として使用。
SAM004428,PRG003520,ASM000052,AREA000071,2026,SRC000028,2026-10-03,2026現行公式5地区制に基づき、所在地「神戸市」を公式地区構成へ照合。2024公式加盟校地区表を補助根拠として使用。
SAM004429,PRG003521,ASM000052,AREA000073,2026,SRC000028,2026-10-03,2026現行公式5地区制に基づき、所在地「たつの市」を公式地区構成へ照合。2024公式加盟校地区表を補助根拠として使用。
SAM004430,PRG003522,ASM000052,AREA000070,2026,SRC000028,2026-10-03,2026現行公式5地区制に基づき、所在地「宝塚市」を公式地区構成へ照合。2024公式加盟校地区表を補助根拠として使用。
SAM004431,PRG003523,ASM000052,AREA000070,2026,SRC000028,2026-10-03,2026現行公式5地区制に基づき、所在地「宝塚市」を公式地区構成へ照合。2024公式加盟校地区表を補助根拠として使用。
SAM004432,PRG003524,ASM000052,AREA000070,2026,SRC000028,2026-10-03,2026現行公式5地区制に基づき、所在地「尼崎市」を公式地区構成へ照合。2024公式加盟校地区表を補助根拠として使用。
SAM004433,PRG003525,ASM000052,AREA000070,2026,SRC000028,2026-10-03,2026現行公式5地区制に基づき、所在地「西宮市」を公式地区構成へ照合。2024公式加盟校地区表を補助根拠として使用。
SAM004434,PRG003526,ASM000052,AREA000072,2026,SRC000028,2026-10-03,2026現行公式5地区制に基づき、所在地「小野市」を公式地区構成へ照合。2024公式加盟校地区表を補助根拠として使用。
SAM004435,PRG003527,ASM000052,AREA000072,2026,SRC000028,2026-10-03,2026現行公式5地区制に基づき、所在地「淡路市」を公式地区構成へ照合。2024公式加盟校地区表を補助根拠として使用。
SAM004436,PRG003528,ASM000052,AREA000073,2026,SRC000028,2026-10-03,2026現行公式5地区制に基づき、所在地「姫路市」を公式地区構成へ照合。2024公式加盟校地区表を補助根拠として使用。
SAM004437,PRG003529,ASM000052,AREA000073,2026,SRC000028,2026-10-03,2026現行公式5地区制に基づき、所在地「姫路市」を公式地区構成へ照合。2024公式加盟校地区表を補助根拠として使用。
SAM004438,PRG003530,ASM000052,AREA000073,2026,SRC000028,2026-10-03,2026現行公式5地区制に基づき、所在地「姫路市」を公式地区構成へ照合。2024公式加盟校地区表を補助根拠として使用。
SAM004439,PRG003531,ASM000052,AREA000070,2026,SRC000028,2026-10-03,2026現行公式5地区制に基づき、所在地「尼崎市」を公式地区構成へ照合。2024公式加盟校地区表を補助根拠として使用。
SAM004440,PRG003532,ASM000052,AREA000073,2026,SRC000028,2026-10-03,2026現行公式5地区制に基づき、所在地「姫路市」を公式地区構成へ照合。2024公式加盟校地区表を補助根拠として使用。
SAM004441,PRG003533,ASM000052,AREA000071,2026,SRC000028,2026-10-03,2026現行公式5地区制に基づき、所在地「神戸市」を公式地区構成へ照合。2024公式加盟校地区表を補助根拠として使用。
SAM004442,PRG003534,ASM000052,AREA000070,2026,SRC000028,2026-10-03,2026現行公式5地区制に基づき、所在地「尼崎市」を公式地区構成へ照合。2024公式加盟校地区表を補助根拠として使用。
SAM004443,PRG003535,ASM000052,AREA000071,2026,SRC000028,2026-10-03,2026現行公式5地区制に基づき、所在地「神戸市」を公式地区構成へ照合。2024公式加盟校地区表を補助根拠として使用。
SAM004444,PRG003536,ASM000052,AREA000074,2026,SRC000028,2026-10-03,2026現行公式5地区制に基づき、所在地「三田市」を公式地区構成へ照合。2024公式加盟校地区表を補助根拠として使用。
SAM004445,PRG003537,ASM000052,AREA000073,2026,SRC000028,2026-10-03,2026現行公式5地区制に基づき、所在地「姫路市」を公式地区構成へ照合。2024公式加盟校地区表を補助根拠として使用。
SAM004446,PRG003538,ASM000052,AREA000073,2026,SRC000028,2026-10-03,2026現行公式5地区制に基づき、所在地「赤穂郡上郡町」を公式地区構成へ照合。2024公式加盟校地区表を補助根拠として使用。
SAM004447,PRG003539,ASM000052,AREA000071,2026,SRC000028,2026-10-03,2026現行公式5地区制に基づき、所在地「神戸市」を公式地区構成へ照合。2024公式加盟校地区表を補助根拠として使用。
SAM004448,PRG003540,ASM000052,AREA000070,2026,SRC000028,2026-10-03,2026現行公式5地区制に基づき、所在地「西宮市」を公式地区構成へ照合。2024公式加盟校地区表を補助根拠として使用。
SAM004449,PRG003541,ASM000052,AREA000074,2026,SRC000028,2026-10-03,2026現行公式5地区制に基づき、所在地「三田市」を公式地区構成へ照合。2024公式加盟校地区表を補助根拠として使用。
SAM004450,PRG003542,ASM000052,AREA000072,2026,SRC000028,2026-10-03,2026現行公式5地区制に基づき、所在地「加古川市」を公式地区構成へ照合。2024公式加盟校地区表を補助根拠として使用。
SAM004451,PRG003543,ASM000052,AREA000071,2026,SRC000028,2026-10-03,2026現行公式5地区制に基づき、所在地「神戸市」を公式地区構成へ照合。2024公式加盟校地区表を補助根拠として使用。
SAM004452,PRG003544,ASM000052,AREA000073,2026,SRC000028,2026-10-03,2026現行公式5地区制に基づき、所在地「姫路市」を公式地区構成へ照合。2024公式加盟校地区表を補助根拠として使用。
SAM004453,PRG003545,ASM000052,AREA000072,2026,SRC000028,2026-10-03,2026現行公式5地区制に基づき、所在地「明石市」を公式地区構成へ照合。2024公式加盟校地区表を補助根拠として使用。
SAM004454,PRG003546,ASM000052,AREA000072,2026,SRC000028,2026-10-03,2026現行公式5地区制に基づき、所在地「南あわじ市」を公式地区構成へ照合。2024公式加盟校地区表を補助根拠として使用。
SAM004455,PRG003547,ASM000052,AREA000070,2026,SRC000028,2026-10-03,2026現行公式5地区制に基づき、所在地「西宮市」を公式地区構成へ照合。2024公式加盟校地区表を補助根拠として使用。
SAM004456,PRG003548,ASM000052,AREA000072,2026,SRC000028,2026-10-03,2026現行公式5地区制に基づき、所在地「明石市」を公式地区構成へ照合。2024公式加盟校地区表を補助根拠として使用。
SAM004457,PRG003549,ASM000052,AREA000072,2026,SRC000028,2026-10-03,2026現行公式5地区制に基づき、所在地「明石市」を公式地区構成へ照合。2024公式加盟校地区表を補助根拠として使用。
SAM004458,PRG003550,ASM000052,AREA000070,2026,SRC000028,2026-10-03,2026現行公式5地区制に基づき、所在地「川西市」を公式地区構成へ照合。2024公式加盟校地区表を補助根拠として使用。
SAM004459,PRG003551,ASM000052,AREA000073,2026,SRC000028,2026-10-03,2026現行公式5地区制に基づき、所在地「宍粟市」を公式地区構成へ照合。2024公式加盟校地区表を補助根拠として使用。
SAM004460,PRG003552,ASM000052,AREA000074,2026,SRC000028,2026-10-03,2026現行公式5地区制に基づき、所在地「三田市」を公式地区構成へ照合。2024公式加盟校地区表を補助根拠として使用。
SAM004461,PRG003553,ASM000052,AREA000071,2026,SRC000028,2026-10-03,2026現行公式5地区制に基づき、所在地「神戸市」を公式地区構成へ照合。2024公式加盟校地区表を補助根拠として使用。
SAM004462,PRG003554,ASM000052,AREA000071,2026,SRC000028,2026-10-03,2026現行公式5地区制に基づき、所在地「神戸市」を公式地区構成へ照合。2024公式加盟校地区表を補助根拠として使用。
SAM004463,PRG003555,ASM000052,AREA000070,2026,SRC000028,2026-10-03,2026現行公式5地区制に基づき、所在地「尼崎市」を公式地区構成へ照合。2024公式加盟校地区表を補助根拠として使用。
SAM004464,PRG003556,ASM000052,AREA000071,2026,SRC000028,2026-10-03,2026現行公式5地区制に基づき、所在地「神戸市」を公式地区構成へ照合。2024公式加盟校地区表を補助根拠として使用。
SAM004465,PRG003557,ASM000052,AREA000073,2026,SRC000028,2026-10-03,2026現行公式5地区制に基づき、所在地「たつの市」を公式地区構成へ照合。2024公式加盟校地区表を補助根拠として使用。
SAM004466,PRG003558,ASM000052,AREA000071,2026,SRC000028,2026-10-03,2026現行公式5地区制に基づき、所在地「神戸市」を公式地区構成へ照合。2024公式加盟校地区表を補助根拠として使用。
SAM004467,PRG003559,ASM000052,AREA000071,2026,SRC000028,2026-10-03,2026現行公式5地区制に基づき、所在地「神戸市」を公式地区構成へ照合。2024公式加盟校地区表を補助根拠として使用。
SAM004468,PRG003560,ASM000052,AREA000072,2026,SRC000028,2026-10-03,2026現行公式5地区制に基づき、所在地「高砂市」を公式地区構成へ照合。2024公式加盟校地区表を補助根拠として使用。
SAM004469,PRG003561,ASM000052,AREA000070,2026,SRC000028,2026-10-03,2026現行公式5地区制に基づき、所在地「宝塚市」を公式地区構成へ照合。2024公式加盟校地区表を補助根拠として使用。
SAM004470,PRG003562,ASM000052,AREA000071,2026,SRC000028,2026-10-03,2026現行公式5地区制に基づき、所在地「神戸市」を公式地区構成へ照合。2024公式加盟校地区表を補助根拠として使用。
SAM004471,PRG003563,ASM000052,AREA000074,2026,SRC000028,2026-10-03,2026現行公式5地区制に基づき、所在地「朝来市」を公式地区構成へ照合。2024公式加盟校地区表を補助根拠として使用。
SAM004472,PRG001636,ASM000053,AREA000075,2026,SRC000067,2026-10-03,長野県高野連2026年度公式加盟校名簿の支部別掲載順に基づく。
SAM004473,PRG001637,ASM000053,AREA000075,2026,SRC000067,2026-10-03,長野県高野連2026年度公式加盟校名簿の支部別掲載順に基づく。
SAM004474,PRG001638,ASM000053,AREA000075,2026,SRC000067,2026-10-03,長野県高野連2026年度公式加盟校名簿の支部別掲載順に基づく。
SAM004475,PRG001639,ASM000053,AREA000075,2026,SRC000067,2026-10-03,長野県高野連2026年度公式加盟校名簿の支部別掲載順に基づく。
SAM004476,PRG001640,ASM000053,AREA000075,2026,SRC000067,2026-10-03,長野県高野連2026年度公式加盟校名簿の支部別掲載順に基づく。
SAM004477,PRG001641,ASM000053,AREA000075,2026,SRC000067,2026-10-03,長野県高野連2026年度公式加盟校名簿の支部別掲載順に基づく。
SAM004478,PRG001642,ASM000053,AREA000075,2026,SRC000067,2026-10-03,長野県高野連2026年度公式加盟校名簿の支部別掲載順に基づく。
SAM004479,PRG001643,ASM000053,AREA000075,2026,SRC000067,2026-10-03,長野県高野連2026年度公式加盟校名簿の支部別掲載順に基づく。
SAM004480,PRG001644,ASM000053,AREA000075,2026,SRC000067,2026-10-03,長野県高野連2026年度公式加盟校名簿の支部別掲載順に基づく。
SAM004481,PRG001645,ASM000053,AREA000075,2026,SRC000067,2026-10-03,長野県高野連2026年度公式加盟校名簿の支部別掲載順に基づく。
SAM004482,PRG001646,ASM000053,AREA000075,2026,SRC000067,2026-10-03,長野県高野連2026年度公式加盟校名簿の支部別掲載順に基づく。
SAM004483,PRG001647,ASM000053,AREA000075,2026,SRC000067,2026-10-03,長野県高野連2026年度公式加盟校名簿の支部別掲載順に基づく。
SAM004484,PRG001648,ASM000053,AREA000075,2026,SRC000067,2026-10-03,長野県高野連2026年度公式加盟校名簿の支部別掲載順に基づく。
SAM004485,PRG001649,ASM000053,AREA000075,2026,SRC000067,2026-10-03,長野県高野連2026年度公式加盟校名簿の支部別掲載順に基づく。
SAM004486,PRG001650,ASM000053,AREA000075,2026,SRC000067,2026-10-03,長野県高野連2026年度公式加盟校名簿の支部別掲載順に基づく。
SAM004487,PRG001651,ASM000053,AREA000075,2026,SRC000067,2026-10-03,長野県高野連2026年度公式加盟校名簿の支部別掲載順に基づく。
SAM004488,PRG001652,ASM000053,AREA000075,2026,SRC000067,2026-10-03,長野県高野連2026年度公式加盟校名簿の支部別掲載順に基づく。
SAM004489,PRG001653,ASM000053,AREA000075,2026,SRC000067,2026-10-03,長野県高野連2026年度公式加盟校名簿の支部別掲載順に基づく。
SAM004490,PRG001654,ASM000053,AREA000075,2026,SRC000067,2026-10-03,長野県高野連2026年度公式加盟校名簿の支部別掲載順に基づく。
SAM004491,PRG001655,ASM000053,AREA000075,2026,SRC000067,2026-10-03,長野県高野連2026年度公式加盟校名簿の支部別掲載順に基づく。
SAM004492,PRG001656,ASM000053,AREA000075,2026,SRC000067,2026-10-03,長野県高野連2026年度公式加盟校名簿の支部別掲載順に基づく。
SAM004493,PRG001657,ASM000053,AREA000075,2026,SRC000067,2026-10-03,長野県高野連2026年度公式加盟校名簿の支部別掲載順に基づく。
SAM004494,PRG001658,ASM000053,AREA000076,2026,SRC000067,2026-10-03,長野県高野連2026年度公式加盟校名簿の支部別掲載順に基づく。
SAM004495,PRG001659,ASM000053,AREA000076,2026,SRC000067,2026-10-03,長野県高野連2026年度公式加盟校名簿の支部別掲載順に基づく。
SAM004496,PRG001660,ASM000053,AREA000076,2026,SRC000067,2026-10-03,長野県高野連2026年度公式加盟校名簿の支部別掲載順に基づく。
SAM004497,PRG001661,ASM000053,AREA000076,2026,SRC000067,2026-10-03,長野県高野連2026年度公式加盟校名簿の支部別掲載順に基づく。
SAM004498,PRG001662,ASM000053,AREA000076,2026,SRC000067,2026-10-03,長野県高野連2026年度公式加盟校名簿の支部別掲載順に基づく。
SAM004499,PRG001663,ASM000053,AREA000076,2026,SRC000067,2026-10-03,長野県高野連2026年度公式加盟校名簿の支部別掲載順に基づく。
SAM004500,PRG001664,ASM000053,AREA000076,2026,SRC000067,2026-10-03,長野県高野連2026年度公式加盟校名簿の支部別掲載順に基づく。
SAM004501,PRG001665,ASM000053,AREA000076,2026,SRC000067,2026-10-03,長野県高野連2026年度公式加盟校名簿の支部別掲載順に基づく。
SAM004502,PRG001666,ASM000053,AREA000076,2026,SRC000067,2026-10-03,長野県高野連2026年度公式加盟校名簿の支部別掲載順に基づく。
SAM004503,PRG001667,ASM000053,AREA000076,2026,SRC000067,2026-10-03,長野県高野連2026年度公式加盟校名簿の支部別掲載順に基づく。
SAM004504,PRG001668,ASM000053,AREA000076,2026,SRC000067,2026-10-03,長野県高野連2026年度公式加盟校名簿の支部別掲載順に基づく。
SAM004505,PRG001669,ASM000053,AREA000076,2026,SRC000067,2026-10-03,長野県高野連2026年度公式加盟校名簿の支部別掲載順に基づく。
SAM004506,PRG001670,ASM000053,AREA000076,2026,SRC000067,2026-10-03,長野県高野連2026年度公式加盟校名簿の支部別掲載順に基づく。
SAM004507,PRG001671,ASM000053,AREA000076,2026,SRC000067,2026-10-03,長野県高野連2026年度公式加盟校名簿の支部別掲載順に基づく。
SAM004508,PRG001672,ASM000053,AREA000076,2026,SRC000067,2026-10-03,長野県高野連2026年度公式加盟校名簿の支部別掲載順に基づく。
SAM004509,PRG001673,ASM000053,AREA000076,2026,SRC000067,2026-10-03,長野県高野連2026年度公式加盟校名簿の支部別掲載順に基づく。
SAM004510,PRG001674,ASM000053,AREA000078,2026,SRC000067,2026-10-03,長野県高野連2026年度公式加盟校名簿の支部別掲載順に基づく。
SAM004511,PRG001675,ASM000053,AREA000078,2026,SRC000067,2026-10-03,長野県高野連2026年度公式加盟校名簿の支部別掲載順に基づく。
SAM004512,PRG001676,ASM000053,AREA000078,2026,SRC000067,2026-10-03,長野県高野連2026年度公式加盟校名簿の支部別掲載順に基づく。
SAM004513,PRG001677,ASM000053,AREA000078,2026,SRC000067,2026-10-03,長野県高野連2026年度公式加盟校名簿の支部別掲載順に基づく。
SAM004514,PRG001678,ASM000053,AREA000078,2026,SRC000067,2026-10-03,長野県高野連2026年度公式加盟校名簿の支部別掲載順に基づく。
SAM004515,PRG001679,ASM000053,AREA000078,2026,SRC000067,2026-10-03,長野県高野連2026年度公式加盟校名簿の支部別掲載順に基づく。
SAM004516,PRG001680,ASM000053,AREA000078,2026,SRC000067,2026-10-03,長野県高野連2026年度公式加盟校名簿の支部別掲載順に基づく。
SAM004517,PRG001681,ASM000053,AREA000078,2026,SRC000067,2026-10-03,長野県高野連2026年度公式加盟校名簿の支部別掲載順に基づく。
SAM004518,PRG001682,ASM000053,AREA000078,2026,SRC000067,2026-10-03,長野県高野連2026年度公式加盟校名簿の支部別掲載順に基づく。
SAM004519,PRG001683,ASM000053,AREA000078,2026,SRC000067,2026-10-03,長野県高野連2026年度公式加盟校名簿の支部別掲載順に基づく。
SAM004520,PRG001684,ASM000053,AREA000078,2026,SRC000067,2026-10-03,長野県高野連2026年度公式加盟校名簿の支部別掲載順に基づく。
SAM004521,PRG001685,ASM000053,AREA000078,2026,SRC000067,2026-10-03,長野県高野連2026年度公式加盟校名簿の支部別掲載順に基づく。
SAM004522,PRG001686,ASM000053,AREA000078,2026,SRC000067,2026-10-03,長野県高野連2026年度公式加盟校名簿の支部別掲載順に基づく。
SAM004523,PRG001687,ASM000053,AREA000078,2026,SRC000067,2026-10-03,長野県高野連2026年度公式加盟校名簿の支部別掲載順に基づく。
SAM004524,PRG001688,ASM000053,AREA000078,2026,SRC000067,2026-10-03,長野県高野連2026年度公式加盟校名簿の支部別掲載順に基づく。
SAM004525,PRG001689,ASM000053,AREA000078,2026,SRC000067,2026-10-03,長野県高野連2026年度公式加盟校名簿の支部別掲載順に基づく。
SAM004526,PRG001690,ASM000053,AREA000078,2026,SRC000067,2026-10-03,長野県高野連2026年度公式加盟校名簿の支部別掲載順に基づく。
SAM004527,PRG001691,ASM000053,AREA000078,2026,SRC000067,2026-10-03,長野県高野連2026年度公式加盟校名簿の支部別掲載順に基づく。
SAM004528,PRG001692,ASM000053,AREA000078,2026,SRC000067,2026-10-03,長野県高野連2026年度公式加盟校名簿の支部別掲載順に基づく。
SAM004529,PRG001693,ASM000053,AREA000078,2026,SRC000067,2026-10-03,長野県高野連2026年度公式加盟校名簿の支部別掲載順に基づく。
SAM004530,PRG001694,ASM000053,AREA000078,2026,SRC000067,2026-10-03,長野県高野連2026年度公式加盟校名簿の支部別掲載順に基づく。
SAM004531,PRG001695,ASM000053,AREA000078,2026,SRC000067,2026-10-03,長野県高野連2026年度公式加盟校名簿の支部別掲載順に基づく。
SAM004532,PRG001696,ASM000053,AREA000078,2026,SRC000067,2026-10-03,長野県高野連2026年度公式加盟校名簿の支部別掲載順に基づく。
SAM004533,PRG001697,ASM000053,AREA000077,2026,SRC000067,2026-10-03,長野県高野連2026年度公式加盟校名簿の支部別掲載順に基づく。
SAM004534,PRG001698,ASM000053,AREA000077,2026,SRC000067,2026-10-03,長野県高野連2026年度公式加盟校名簿の支部別掲載順に基づく。
SAM004535,PRG001699,ASM000053,AREA000077,2026,SRC000067,2026-10-03,長野県高野連2026年度公式加盟校名簿の支部別掲載順に基づく。
SAM004536,PRG001700,ASM000053,AREA000077,2026,SRC000067,2026-10-03,長野県高野連2026年度公式加盟校名簿の支部別掲載順に基づく。
SAM004537,PRG001701,ASM000053,AREA000077,2026,SRC000067,2026-10-03,長野県高野連2026年度公式加盟校名簿の支部別掲載順に基づく。
SAM004538,PRG001702,ASM000053,AREA000077,2026,SRC000067,2026-10-03,長野県高野連2026年度公式加盟校名簿の支部別掲載順に基づく。
SAM004539,PRG001703,ASM000053,AREA000077,2026,SRC000067,2026-10-03,長野県高野連2026年度公式加盟校名簿の支部別掲載順に基づく。
SAM004540,PRG001704,ASM000053,AREA000077,2026,SRC000067,2026-10-03,長野県高野連2026年度公式加盟校名簿の支部別掲載順に基づく。
SAM004541,PRG001705,ASM000053,AREA000077,2026,SRC000067,2026-10-03,長野県高野連2026年度公式加盟校名簿の支部別掲載順に基づく。
SAM004542,PRG001706,ASM000053,AREA000077,2026,SRC000067,2026-10-03,長野県高野連2026年度公式加盟校名簿の支部別掲載順に基づく。
SAM004543,PRG001707,ASM000053,AREA000077,2026,SRC000067,2026-10-03,長野県高野連2026年度公式加盟校名簿の支部別掲載順に基づく。
SAM004544,PRG001708,ASM000053,AREA000077,2026,SRC000067,2026-10-03,長野県高野連2026年度公式加盟校名簿の支部別掲載順に基づく。
SAM004545,PRG001709,ASM000053,AREA000077,2026,SRC000067,2026-10-03,長野県高野連2026年度公式加盟校名簿の支部別掲載順に基づく。
SAM004546,PRG001710,ASM000053,AREA000077,2026,SRC000067,2026-10-03,長野県高野連2026年度公式加盟校名簿の支部別掲載順に基づく。
SAM004547,PRG001711,ASM000053,AREA000077,2026,SRC000067,2026-10-03,長野県高野連2026年度公式加盟校名簿の支部別掲載順に基づく。
SAM004548,PRG001712,ASM000053,AREA000077,2026,SRC000067,2026-10-03,長野県高野連2026年度公式加盟校名簿の支部別掲載順に基づく。
SAM004549,PRG001713,ASM000053,AREA000077,2026,SRC000067,2026-10-03,長野県高野連2026年度公式加盟校名簿の支部別掲載順に基づく。
SAM004550,PRG001714,ASM000053,AREA000077,2026,SRC000067,2026-10-03,長野県高野連2026年度公式加盟校名簿の支部別掲載順に基づく。
SAM004551,PRG001715,ASM000053,AREA000077,2026,SRC000067,2026-10-03,長野県高野連2026年度公式加盟校名簿の支部別掲載順に基づく。
SAM004552,PRG001716,ASM000053,AREA000077,2026,SRC000067,2026-10-03,長野県高野連2026年度公式加盟校名簿の支部別掲載順に基づく。
SAM004553,PRG001717,ASM000053,AREA000077,2026,SRC000067,2026-10-03,長野県高野連2026年度公式加盟校名簿の支部別掲載順に基づく。
SAM004554,PRG001206,ASM000054,AREA000079,2026,SRC000246,2026-10-03,愛媛県高野連公式連携加盟校ページの地区別掲載に基づく。
SAM004555,PRG001207,ASM000054,AREA000079,2026,SRC000246,2026-10-03,愛媛県高野連公式連携加盟校ページの地区別掲載に基づく。
SAM004556,PRG001208,ASM000054,AREA000079,2026,SRC000246,2026-10-03,愛媛県高野連公式連携加盟校ページの地区別掲載に基づく。
SAM004557,PRG001209,ASM000054,AREA000079,2026,SRC000246,2026-10-03,愛媛県高野連公式連携加盟校ページの地区別掲載に基づく。
SAM004558,PRG001210,ASM000054,AREA000079,2026,SRC000246,2026-10-03,愛媛県高野連公式連携加盟校ページの地区別掲載に基づく。
SAM004559,PRG001211,ASM000054,AREA000079,2026,SRC000246,2026-10-03,愛媛県高野連公式連携加盟校ページの地区別掲載に基づく。
SAM004560,PRG001212,ASM000054,AREA000079,2026,SRC000246,2026-10-03,愛媛県高野連公式連携加盟校ページの地区別掲載に基づく。
SAM004561,PRG001213,ASM000054,AREA000079,2026,SRC000246,2026-10-03,愛媛県高野連公式連携加盟校ページの地区別掲載に基づく。
SAM004562,PRG001214,ASM000054,AREA000079,2026,SRC000246,2026-10-03,愛媛県高野連公式連携加盟校ページの地区別掲載に基づく。
SAM004563,PRG001215,ASM000054,AREA000079,2026,SRC000246,2026-10-03,愛媛県高野連公式連携加盟校ページの地区別掲載に基づく。
SAM004564,PRG001216,ASM000054,AREA000079,2026,SRC000246,2026-10-03,愛媛県高野連公式連携加盟校ページの地区別掲載に基づく。
SAM004565,PRG001217,ASM000054,AREA000079,2026,SRC000246,2026-10-03,愛媛県高野連公式連携加盟校ページの地区別掲載に基づく。
SAM004566,PRG001218,ASM000054,AREA000079,2026,SRC000247,2026-10-03,2026学校再編移行校。所在地と2026地区別新人大会等の実績から、前身・併存校と同じ地区へ登録。
SAM004567,PRG001219,ASM000054,AREA000079,2026,SRC000246,2026-10-03,愛媛県高野連公式連携加盟校ページの地区別掲載に基づく。
SAM004568,PRG001220,ASM000054,AREA000079,2026,SRC000247,2026-10-03,2026学校再編移行校。所在地と2026地区別新人大会等の実績から、前身・併存校と同じ地区へ登録。
SAM004569,PRG001221,ASM000054,AREA000079,2026,SRC000246,2026-10-03,愛媛県高野連公式連携加盟校ページの地区別掲載に基づく。
SAM004570,PRG001222,ASM000054,AREA000079,2026,SRC000246,2026-10-03,愛媛県高野連公式連携加盟校ページの地区別掲載に基づく。
SAM004571,PRG001223,ASM000054,AREA000079,2026,SRC000246,2026-10-03,愛媛県高野連公式連携加盟校ページの地区別掲載に基づく。
SAM004572,PRG001224,ASM000054,AREA000079,2026,SRC000246,2026-10-03,愛媛県高野連公式連携加盟校ページの地区別掲載に基づく。
SAM004573,PRG001225,ASM000054,AREA000079,2026,SRC000246,2026-10-03,愛媛県高野連公式連携加盟校ページの地区別掲載に基づく。
SAM004574,PRG001226,ASM000054,AREA000079,2026,SRC000246,2026-10-03,愛媛県高野連公式連携加盟校ページの地区別掲載に基づく。
SAM004575,PRG001227,ASM000054,AREA000079,2026,SRC000247,2026-10-03,2026学校再編移行校。所在地と2026地区別新人大会等の実績から、前身・併存校と同じ地区へ登録。
SAM004576,PRG001228,ASM000054,AREA000079,2026,SRC000246,2026-10-03,愛媛県高野連公式連携加盟校ページの地区別掲載に基づく。
SAM004577,PRG001229,ASM000054,AREA000079,2026,SRC000246,2026-10-03,愛媛県高野連公式連携加盟校ページの地区別掲載に基づく。
SAM004578,PRG001230,ASM000054,AREA000080,2026,SRC000246,2026-10-03,愛媛県高野連公式連携加盟校ページの地区別掲載に基づく。
SAM004579,PRG001231,ASM000054,AREA000080,2026,SRC000247,2026-10-03,2026学校再編移行校。所在地と2026地区別新人大会等の実績から、前身・併存校と同じ地区へ登録。
SAM004580,PRG001232,ASM000054,AREA000080,2026,SRC000246,2026-10-03,愛媛県高野連公式連携加盟校ページの地区別掲載に基づく。
SAM004581,PRG001233,ASM000054,AREA000080,2026,SRC000246,2026-10-03,愛媛県高野連公式連携加盟校ページの地区別掲載に基づく。
SAM004582,PRG001234,ASM000054,AREA000080,2026,SRC000246,2026-10-03,愛媛県高野連公式連携加盟校ページの地区別掲載に基づく。
SAM004583,PRG001235,ASM000054,AREA000080,2026,SRC000246,2026-10-03,愛媛県高野連公式連携加盟校ページの地区別掲載に基づく。
SAM004584,PRG001236,ASM000054,AREA000080,2026,SRC000246,2026-10-03,愛媛県高野連公式連携加盟校ページの地区別掲載に基づく。
SAM004585,PRG001237,ASM000054,AREA000080,2026,SRC000246,2026-10-03,愛媛県高野連公式連携加盟校ページの地区別掲載に基づく。
SAM004586,PRG001238,ASM000054,AREA000080,2026,SRC000246,2026-10-03,愛媛県高野連公式連携加盟校ページの地区別掲載に基づく。
SAM004587,PRG001239,ASM000054,AREA000080,2026,SRC000246,2026-10-03,愛媛県高野連公式連携加盟校ページの地区別掲載に基づく。
SAM004588,PRG001240,ASM000054,AREA000080,2026,SRC000246,2026-10-03,愛媛県高野連公式連携加盟校ページの地区別掲載に基づく。
SAM004589,PRG001241,ASM000054,AREA000080,2026,SRC000246,2026-10-03,愛媛県高野連公式連携加盟校ページの地区別掲載に基づく。
SAM004590,PRG001242,ASM000054,AREA000080,2026,SRC000246,2026-10-03,愛媛県高野連公式連携加盟校ページの地区別掲載に基づく。
SAM004591,PRG001243,ASM000054,AREA000080,2026,SRC000246,2026-10-03,愛媛県高野連公式連携加盟校ページの地区別掲載に基づく。
SAM004592,PRG001244,ASM000054,AREA000080,2026,SRC000246,2026-10-03,愛媛県高野連公式連携加盟校ページの地区別掲載に基づく。
SAM004593,PRG001245,ASM000054,AREA000080,2026,SRC000246,2026-10-03,愛媛県高野連公式連携加盟校ページの地区別掲載に基づく。
SAM004594,PRG001246,ASM000054,AREA000080,2026,SRC000246,2026-10-03,愛媛県高野連公式連携加盟校ページの地区別掲載に基づく。
SAM004595,PRG001247,ASM000054,AREA000080,2026,SRC000246,2026-10-03,愛媛県高野連公式連携加盟校ページの地区別掲載に基づく。
SAM004596,PRG001248,ASM000054,AREA000080,2026,SRC000246,2026-10-03,愛媛県高野連公式連携加盟校ページの地区別掲載に基づく。
SAM004597,PRG001249,ASM000054,AREA000080,2026,SRC000246,2026-10-03,愛媛県高野連公式連携加盟校ページの地区別掲載に基づく。
SAM004598,PRG001250,ASM000054,AREA000080,2026,SRC000246,2026-10-03,愛媛県高野連公式連携加盟校ページの地区別掲載に基づく。
SAM004599,PRG001251,ASM000054,AREA000080,2026,SRC000246,2026-10-03,愛媛県高野連公式連携加盟校ページの地区別掲載に基づく。
SAM004600,PRG001252,ASM000054,AREA000081,2026,SRC000246,2026-10-03,愛媛県高野連公式連携加盟校ページの地区別掲載に基づく。
SAM004601,PRG001253,ASM000054,AREA000081,2026,SRC000246,2026-10-03,愛媛県高野連公式連携加盟校ページの地区別掲載に基づく。
SAM004602,PRG001254,ASM000054,AREA000081,2026,SRC000246,2026-10-03,愛媛県高野連公式連携加盟校ページの地区別掲載に基づく。
SAM004603,PRG001255,ASM000054,AREA000081,2026,SRC000246,2026-10-03,愛媛県高野連公式連携加盟校ページの地区別掲載に基づく。
SAM004604,PRG001256,ASM000054,AREA000081,2026,SRC000247,2026-10-03,2026学校再編移行校。所在地と2026地区別新人大会等の実績から、前身・併存校と同じ地区へ登録。
SAM004605,PRG001257,ASM000054,AREA000081,2026,SRC000246,2026-10-03,愛媛県高野連公式連携加盟校ページの地区別掲載に基づく。
SAM004606,PRG001258,ASM000054,AREA000081,2026,SRC000246,2026-10-03,愛媛県高野連公式連携加盟校ページの地区別掲載に基づく。
SAM004607,PRG001259,ASM000054,AREA000081,2026,SRC000246,2026-10-03,愛媛県高野連公式連携加盟校ページの地区別掲載に基づく。
SAM004608,PRG001260,ASM000054,AREA000081,2026,SRC000246,2026-10-03,愛媛県高野連公式連携加盟校ページの地区別掲載に基づく。
SAM004609,PRG001261,ASM000054,AREA000081,2026,SRC000246,2026-10-03,愛媛県高野連公式連携加盟校ページの地区別掲載に基づく。
SAM004610,PRG001262,ASM000054,AREA000081,2026,SRC000246,2026-10-03,愛媛県高野連公式連携加盟校ページの地区別掲載に基づく。
SAM004611,PRG001263,ASM000054,AREA000081,2026,SRC000246,2026-10-03,愛媛県高野連公式連携加盟校ページの地区別掲載に基づく。
SAM004612,PRG001264,ASM000054,AREA000081,2026,SRC000246,2026-10-03,愛媛県高野連公式連携加盟校ページの地区別掲載に基づく。
SAM004613,PRG001265,ASM000054,AREA000081,2026,SRC000246,2026-10-03,愛媛県高野連公式連携加盟校ページの地区別掲載に基づく。
SAM004614,PRG000498,ASM000055,AREA000082,2026,SRC000087,2026-10-03,2026福岡県高野連公式加盟校一覧No.1。No.1～64を北部として2026北部大会（SRC000248）で照合。
SAM004615,PRG000499,ASM000055,AREA000082,2026,SRC000087,2026-10-03,2026福岡県高野連公式加盟校一覧No.2。No.1～64を北部として2026北部大会（SRC000248）で照合。
SAM004616,PRG000500,ASM000055,AREA000082,2026,SRC000087,2026-10-03,2026福岡県高野連公式加盟校一覧No.3。No.1～64を北部として2026北部大会（SRC000248）で照合。
SAM004617,PRG000501,ASM000055,AREA000082,2026,SRC000087,2026-10-03,2026福岡県高野連公式加盟校一覧No.4。No.1～64を北部として2026北部大会（SRC000248）で照合。
SAM004618,PRG000502,ASM000055,AREA000082,2026,SRC000087,2026-10-03,2026福岡県高野連公式加盟校一覧No.5。No.1～64を北部として2026北部大会（SRC000248）で照合。
SAM004619,PRG000503,ASM000055,AREA000082,2026,SRC000087,2026-10-03,2026福岡県高野連公式加盟校一覧No.6。No.1～64を北部として2026北部大会（SRC000248）で照合。
SAM004620,PRG000504,ASM000055,AREA000082,2026,SRC000087,2026-10-03,2026福岡県高野連公式加盟校一覧No.7。No.1～64を北部として2026北部大会（SRC000248）で照合。
SAM004621,PRG000505,ASM000055,AREA000082,2026,SRC000087,2026-10-03,2026福岡県高野連公式加盟校一覧No.8。No.1～64を北部として2026北部大会（SRC000248）で照合。
SAM004622,PRG000506,ASM000055,AREA000082,2026,SRC000087,2026-10-03,2026福岡県高野連公式加盟校一覧No.9。No.1～64を北部として2026北部大会（SRC000248）で照合。
SAM004623,PRG000507,ASM000055,AREA000082,2026,SRC000087,2026-10-03,2026福岡県高野連公式加盟校一覧No.10。No.1～64を北部として2026北部大会（SRC000248）で照合。
SAM004624,PRG000508,ASM000055,AREA000082,2026,SRC000087,2026-10-03,2026福岡県高野連公式加盟校一覧No.11。No.1～64を北部として2026北部大会（SRC000248）で照合。
SAM004625,PRG000509,ASM000055,AREA000082,2026,SRC000087,2026-10-03,2026福岡県高野連公式加盟校一覧No.12。No.1～64を北部として2026北部大会（SRC000248）で照合。
SAM004626,PRG000510,ASM000055,AREA000082,2026,SRC000087,2026-10-03,2026福岡県高野連公式加盟校一覧No.13。No.1～64を北部として2026北部大会（SRC000248）で照合。
SAM004627,PRG000511,ASM000055,AREA000082,2026,SRC000087,2026-10-03,2026福岡県高野連公式加盟校一覧No.14。No.1～64を北部として2026北部大会（SRC000248）で照合。
SAM004628,PRG000512,ASM000055,AREA000082,2026,SRC000087,2026-10-03,2026福岡県高野連公式加盟校一覧No.15。No.1～64を北部として2026北部大会（SRC000248）で照合。
SAM004629,PRG000513,ASM000055,AREA000082,2026,SRC000087,2026-10-03,2026福岡県高野連公式加盟校一覧No.16。No.1～64を北部として2026北部大会（SRC000248）で照合。
SAM004630,PRG000514,ASM000055,AREA000082,2026,SRC000087,2026-10-03,2026福岡県高野連公式加盟校一覧No.17。No.1～64を北部として2026北部大会（SRC000248）で照合。
SAM004631,PRG000515,ASM000055,AREA000082,2026,SRC000087,2026-10-03,2026福岡県高野連公式加盟校一覧No.18。No.1～64を北部として2026北部大会（SRC000248）で照合。
SAM004632,PRG000516,ASM000055,AREA000082,2026,SRC000087,2026-10-03,2026福岡県高野連公式加盟校一覧No.19。No.1～64を北部として2026北部大会（SRC000248）で照合。
SAM004633,PRG000517,ASM000055,AREA000082,2026,SRC000087,2026-10-03,2026福岡県高野連公式加盟校一覧No.20。No.1～64を北部として2026北部大会（SRC000248）で照合。
SAM004634,PRG000518,ASM000055,AREA000082,2026,SRC000087,2026-10-03,2026福岡県高野連公式加盟校一覧No.21。No.1～64を北部として2026北部大会（SRC000248）で照合。
SAM004635,PRG000519,ASM000055,AREA000082,2026,SRC000087,2026-10-03,2026福岡県高野連公式加盟校一覧No.22。No.1～64を北部として2026北部大会（SRC000248）で照合。
SAM004636,PRG000520,ASM000055,AREA000082,2026,SRC000087,2026-10-03,2026福岡県高野連公式加盟校一覧No.23。No.1～64を北部として2026北部大会（SRC000248）で照合。
SAM004637,PRG000521,ASM000055,AREA000082,2026,SRC000087,2026-10-03,2026福岡県高野連公式加盟校一覧No.24。No.1～64を北部として2026北部大会（SRC000248）で照合。
SAM004638,PRG000522,ASM000055,AREA000082,2026,SRC000087,2026-10-03,2026福岡県高野連公式加盟校一覧No.25。No.1～64を北部として2026北部大会（SRC000248）で照合。
SAM004639,PRG000523,ASM000055,AREA000082,2026,SRC000087,2026-10-03,2026福岡県高野連公式加盟校一覧No.26。No.1～64を北部として2026北部大会（SRC000248）で照合。
SAM004640,PRG000524,ASM000055,AREA000082,2026,SRC000087,2026-10-03,2026福岡県高野連公式加盟校一覧No.27。No.1～64を北部として2026北部大会（SRC000248）で照合。
SAM004641,PRG000525,ASM000055,AREA000082,2026,SRC000087,2026-10-03,2026福岡県高野連公式加盟校一覧No.28。No.1～64を北部として2026北部大会（SRC000248）で照合。
SAM004642,PRG000526,ASM000055,AREA000082,2026,SRC000087,2026-10-03,2026福岡県高野連公式加盟校一覧No.29。No.1～64を北部として2026北部大会（SRC000248）で照合。
SAM004643,PRG000527,ASM000055,AREA000082,2026,SRC000087,2026-10-03,2026福岡県高野連公式加盟校一覧No.30。No.1～64を北部として2026北部大会（SRC000248）で照合。
SAM004644,PRG000528,ASM000055,AREA000082,2026,SRC000087,2026-10-03,2026福岡県高野連公式加盟校一覧No.31。No.1～64を北部として2026北部大会（SRC000248）で照合。
SAM004645,PRG000529,ASM000055,AREA000082,2026,SRC000087,2026-10-03,2026福岡県高野連公式加盟校一覧No.32。No.1～64を北部として2026北部大会（SRC000248）で照合。
SAM004646,PRG000530,ASM000055,AREA000082,2026,SRC000087,2026-10-03,2026福岡県高野連公式加盟校一覧No.33。No.1～64を北部として2026北部大会（SRC000248）で照合。
SAM004647,PRG000531,ASM000055,AREA000082,2026,SRC000087,2026-10-03,2026福岡県高野連公式加盟校一覧No.34。No.1～64を北部として2026北部大会（SRC000248）で照合。
SAM004648,PRG000532,ASM000055,AREA000082,2026,SRC000087,2026-10-03,2026福岡県高野連公式加盟校一覧No.35。No.1～64を北部として2026北部大会（SRC000248）で照合。
SAM004649,PRG000533,ASM000055,AREA000082,2026,SRC000087,2026-10-03,2026福岡県高野連公式加盟校一覧No.36。No.1～64を北部として2026北部大会（SRC000248）で照合。
SAM004650,PRG000534,ASM000055,AREA000082,2026,SRC000087,2026-10-03,2026福岡県高野連公式加盟校一覧No.37。No.1～64を北部として2026北部大会（SRC000248）で照合。
SAM004651,PRG000535,ASM000055,AREA000082,2026,SRC000087,2026-10-03,2026福岡県高野連公式加盟校一覧No.38。No.1～64を北部として2026北部大会（SRC000248）で照合。
SAM004652,PRG000536,ASM000055,AREA000082,2026,SRC000087,2026-10-03,2026福岡県高野連公式加盟校一覧No.39。No.1～64を北部として2026北部大会（SRC000248）で照合。
SAM004653,PRG000537,ASM000055,AREA000082,2026,SRC000087,2026-10-03,2026福岡県高野連公式加盟校一覧No.40。No.1～64を北部として2026北部大会（SRC000248）で照合。
SAM004654,PRG000538,ASM000055,AREA000082,2026,SRC000087,2026-10-03,2026福岡県高野連公式加盟校一覧No.41。No.1～64を北部として2026北部大会（SRC000248）で照合。
SAM004655,PRG000539,ASM000055,AREA000082,2026,SRC000087,2026-10-03,2026福岡県高野連公式加盟校一覧No.42。No.1～64を北部として2026北部大会（SRC000248）で照合。
SAM004656,PRG000540,ASM000055,AREA000082,2026,SRC000087,2026-10-03,2026福岡県高野連公式加盟校一覧No.43。No.1～64を北部として2026北部大会（SRC000248）で照合。
SAM004657,PRG000541,ASM000055,AREA000082,2026,SRC000087,2026-10-03,2026福岡県高野連公式加盟校一覧No.44。No.1～64を北部として2026北部大会（SRC000248）で照合。
SAM004658,PRG000542,ASM000055,AREA000082,2026,SRC000087,2026-10-03,2026福岡県高野連公式加盟校一覧No.45。No.1～64を北部として2026北部大会（SRC000248）で照合。
SAM004659,PRG000543,ASM000055,AREA000082,2026,SRC000087,2026-10-03,2026福岡県高野連公式加盟校一覧No.46。No.1～64を北部として2026北部大会（SRC000248）で照合。
SAM004660,PRG000544,ASM000055,AREA000082,2026,SRC000087,2026-10-03,2026福岡県高野連公式加盟校一覧No.47。No.1～64を北部として2026北部大会（SRC000248）で照合。
SAM004661,PRG000545,ASM000055,AREA000082,2026,SRC000087,2026-10-03,2026福岡県高野連公式加盟校一覧No.48。No.1～64を北部として2026北部大会（SRC000248）で照合。
SAM004662,PRG000546,ASM000055,AREA000082,2026,SRC000087,2026-10-03,2026福岡県高野連公式加盟校一覧No.49。No.1～64を北部として2026北部大会（SRC000248）で照合。
SAM004663,PRG000547,ASM000055,AREA000082,2026,SRC000087,2026-10-03,2026福岡県高野連公式加盟校一覧No.50。No.1～64を北部として2026北部大会（SRC000248）で照合。
SAM004664,PRG000548,ASM000055,AREA000082,2026,SRC000087,2026-10-03,2026福岡県高野連公式加盟校一覧No.51。No.1～64を北部として2026北部大会（SRC000248）で照合。
SAM004665,PRG000549,ASM000055,AREA000082,2026,SRC000087,2026-10-03,2026福岡県高野連公式加盟校一覧No.52。No.1～64を北部として2026北部大会（SRC000248）で照合。
SAM004666,PRG000550,ASM000055,AREA000082,2026,SRC000087,2026-10-03,2026福岡県高野連公式加盟校一覧No.53。No.1～64を北部として2026北部大会（SRC000248）で照合。
SAM004667,PRG000551,ASM000055,AREA000082,2026,SRC000087,2026-10-03,2026福岡県高野連公式加盟校一覧No.54。No.1～64を北部として2026北部大会（SRC000248）で照合。
SAM004668,PRG000552,ASM000055,AREA000082,2026,SRC000087,2026-10-03,2026福岡県高野連公式加盟校一覧No.55。No.1～64を北部として2026北部大会（SRC000248）で照合。
SAM004669,PRG000553,ASM000055,AREA000082,2026,SRC000087,2026-10-03,2026福岡県高野連公式加盟校一覧No.56。No.1～64を北部として2026北部大会（SRC000248）で照合。
SAM004670,PRG000554,ASM000055,AREA000082,2026,SRC000087,2026-10-03,2026福岡県高野連公式加盟校一覧No.57。No.1～64を北部として2026北部大会（SRC000248）で照合。
SAM004671,PRG000555,ASM000055,AREA000082,2026,SRC000087,2026-10-03,2026福岡県高野連公式加盟校一覧No.58。No.1～64を北部として2026北部大会（SRC000248）で照合。
SAM004672,PRG000556,ASM000055,AREA000082,2026,SRC000087,2026-10-03,2026福岡県高野連公式加盟校一覧No.59。No.1～64を北部として2026北部大会（SRC000248）で照合。
SAM004673,PRG000557,ASM000055,AREA000082,2026,SRC000087,2026-10-03,2026福岡県高野連公式加盟校一覧No.60。No.1～64を北部として2026北部大会（SRC000248）で照合。
SAM004674,PRG000558,ASM000055,AREA000082,2026,SRC000087,2026-10-03,2026福岡県高野連公式加盟校一覧No.61。No.1～64を北部として2026北部大会（SRC000248）で照合。
SAM004675,PRG000559,ASM000055,AREA000082,2026,SRC000087,2026-10-03,2026福岡県高野連公式加盟校一覧No.62。No.1～64を北部として2026北部大会（SRC000248）で照合。
SAM004676,PRG000560,ASM000055,AREA000082,2026,SRC000087,2026-10-03,2026福岡県高野連公式加盟校一覧No.63。No.1～64を北部として2026北部大会（SRC000248）で照合。
SAM004677,PRG000561,ASM000055,AREA000082,2026,SRC000087,2026-10-03,2026福岡県高野連公式加盟校一覧No.64。No.1～64を北部として2026北部大会（SRC000248）で照合。
SAM004678,PRG000562,ASM000055,AREA000083,2026,SRC000087,2026-10-03,2026福岡県高野連公式加盟校一覧No.65。No.65～137を南部として2026南部大会（SRC000249）で照合。
SAM004679,PRG000563,ASM000055,AREA000083,2026,SRC000087,2026-10-03,2026福岡県高野連公式加盟校一覧No.66。No.65～137を南部として2026南部大会（SRC000249）で照合。
SAM004680,PRG000564,ASM000055,AREA000083,2026,SRC000087,2026-10-03,2026福岡県高野連公式加盟校一覧No.67。No.65～137を南部として2026南部大会（SRC000249）で照合。
SAM004681,PRG000565,ASM000055,AREA000083,2026,SRC000087,2026-10-03,2026福岡県高野連公式加盟校一覧No.68。No.65～137を南部として2026南部大会（SRC000249）で照合。
SAM004682,PRG000566,ASM000055,AREA000083,2026,SRC000087,2026-10-03,2026福岡県高野連公式加盟校一覧No.69。No.65～137を南部として2026南部大会（SRC000249）で照合。
SAM004683,PRG000567,ASM000055,AREA000083,2026,SRC000087,2026-10-03,2026福岡県高野連公式加盟校一覧No.70。No.65～137を南部として2026南部大会（SRC000249）で照合。
SAM004684,PRG000568,ASM000055,AREA000083,2026,SRC000087,2026-10-03,2026福岡県高野連公式加盟校一覧No.71。No.65～137を南部として2026南部大会（SRC000249）で照合。
SAM004685,PRG000569,ASM000055,AREA000083,2026,SRC000087,2026-10-03,2026福岡県高野連公式加盟校一覧No.72。No.65～137を南部として2026南部大会（SRC000249）で照合。
SAM004686,PRG000570,ASM000055,AREA000083,2026,SRC000087,2026-10-03,2026福岡県高野連公式加盟校一覧No.73。No.65～137を南部として2026南部大会（SRC000249）で照合。
SAM004687,PRG000571,ASM000055,AREA000083,2026,SRC000087,2026-10-03,2026福岡県高野連公式加盟校一覧No.74。No.65～137を南部として2026南部大会（SRC000249）で照合。
SAM004688,PRG000572,ASM000055,AREA000083,2026,SRC000087,2026-10-03,2026福岡県高野連公式加盟校一覧No.75。No.65～137を南部として2026南部大会（SRC000249）で照合。
SAM004689,PRG000573,ASM000055,AREA000083,2026,SRC000087,2026-10-03,2026福岡県高野連公式加盟校一覧No.76。No.65～137を南部として2026南部大会（SRC000249）で照合。
SAM004690,PRG000574,ASM000055,AREA000083,2026,SRC000087,2026-10-03,2026福岡県高野連公式加盟校一覧No.77。No.65～137を南部として2026南部大会（SRC000249）で照合。
SAM004691,PRG000575,ASM000055,AREA000083,2026,SRC000087,2026-10-03,2026福岡県高野連公式加盟校一覧No.78。No.65～137を南部として2026南部大会（SRC000249）で照合。
SAM004692,PRG000576,ASM000055,AREA000083,2026,SRC000087,2026-10-03,2026福岡県高野連公式加盟校一覧No.79。No.65～137を南部として2026南部大会（SRC000249）で照合。
SAM004693,PRG000577,ASM000055,AREA000083,2026,SRC000087,2026-10-03,2026福岡県高野連公式加盟校一覧No.80。No.65～137を南部として2026南部大会（SRC000249）で照合。
SAM004694,PRG000578,ASM000055,AREA000083,2026,SRC000087,2026-10-03,2026福岡県高野連公式加盟校一覧No.81。No.65～137を南部として2026南部大会（SRC000249）で照合。
SAM004695,PRG000579,ASM000055,AREA000083,2026,SRC000087,2026-10-03,2026福岡県高野連公式加盟校一覧No.82。No.65～137を南部として2026南部大会（SRC000249）で照合。
SAM004696,PRG000580,ASM000055,AREA000083,2026,SRC000087,2026-10-03,2026福岡県高野連公式加盟校一覧No.83。No.65～137を南部として2026南部大会（SRC000249）で照合。
SAM004697,PRG000581,ASM000055,AREA000083,2026,SRC000087,2026-10-03,2026福岡県高野連公式加盟校一覧No.84。No.65～137を南部として2026南部大会（SRC000249）で照合。
SAM004698,PRG000582,ASM000055,AREA000083,2026,SRC000087,2026-10-03,2026福岡県高野連公式加盟校一覧No.85。No.65～137を南部として2026南部大会（SRC000249）で照合。
SAM004699,PRG000583,ASM000055,AREA000083,2026,SRC000087,2026-10-03,2026福岡県高野連公式加盟校一覧No.86。No.65～137を南部として2026南部大会（SRC000249）で照合。
SAM004700,PRG000584,ASM000055,AREA000083,2026,SRC000087,2026-10-03,2026福岡県高野連公式加盟校一覧No.87。No.65～137を南部として2026南部大会（SRC000249）で照合。
SAM004701,PRG000585,ASM000055,AREA000083,2026,SRC000087,2026-10-03,2026福岡県高野連公式加盟校一覧No.88。No.65～137を南部として2026南部大会（SRC000249）で照合。
SAM004702,PRG000586,ASM000055,AREA000083,2026,SRC000087,2026-10-03,2026福岡県高野連公式加盟校一覧No.89。No.65～137を南部として2026南部大会（SRC000249）で照合。
SAM004703,PRG000587,ASM000055,AREA000083,2026,SRC000087,2026-10-03,2026福岡県高野連公式加盟校一覧No.90。No.65～137を南部として2026南部大会（SRC000249）で照合。
SAM004704,PRG000588,ASM000055,AREA000083,2026,SRC000087,2026-10-03,2026福岡県高野連公式加盟校一覧No.91。No.65～137を南部として2026南部大会（SRC000249）で照合。
SAM004705,PRG000589,ASM000055,AREA000083,2026,SRC000087,2026-10-03,2026福岡県高野連公式加盟校一覧No.92。No.65～137を南部として2026南部大会（SRC000249）で照合。
SAM004706,PRG000590,ASM000055,AREA000083,2026,SRC000087,2026-10-03,2026福岡県高野連公式加盟校一覧No.93。No.65～137を南部として2026南部大会（SRC000249）で照合。
SAM004707,PRG000591,ASM000055,AREA000083,2026,SRC000087,2026-10-03,2026福岡県高野連公式加盟校一覧No.94。No.65～137を南部として2026南部大会（SRC000249）で照合。
SAM004708,PRG000592,ASM000055,AREA000083,2026,SRC000087,2026-10-03,2026福岡県高野連公式加盟校一覧No.95。No.65～137を南部として2026南部大会（SRC000249）で照合。
SAM004709,PRG000593,ASM000055,AREA000083,2026,SRC000087,2026-10-03,2026福岡県高野連公式加盟校一覧No.96。No.65～137を南部として2026南部大会（SRC000249）で照合。
SAM004710,PRG000594,ASM000055,AREA000083,2026,SRC000087,2026-10-03,2026福岡県高野連公式加盟校一覧No.97。No.65～137を南部として2026南部大会（SRC000249）で照合。
SAM004711,PRG000595,ASM000055,AREA000083,2026,SRC000087,2026-10-03,2026福岡県高野連公式加盟校一覧No.98。No.65～137を南部として2026南部大会（SRC000249）で照合。
SAM004712,PRG000596,ASM000055,AREA000083,2026,SRC000087,2026-10-03,2026福岡県高野連公式加盟校一覧No.99。No.65～137を南部として2026南部大会（SRC000249）で照合。
SAM004713,PRG000597,ASM000055,AREA000083,2026,SRC000087,2026-10-03,2026福岡県高野連公式加盟校一覧No.100。No.65～137を南部として2026南部大会（SRC000249）で照合。
SAM004714,PRG000598,ASM000055,AREA000083,2026,SRC000087,2026-10-03,2026福岡県高野連公式加盟校一覧No.101。No.65～137を南部として2026南部大会（SRC000249）で照合。
SAM004715,PRG000599,ASM000055,AREA000083,2026,SRC000087,2026-10-03,2026福岡県高野連公式加盟校一覧No.102。No.65～137を南部として2026南部大会（SRC000249）で照合。
SAM004716,PRG000600,ASM000055,AREA000083,2026,SRC000087,2026-10-03,2026福岡県高野連公式加盟校一覧No.103。No.65～137を南部として2026南部大会（SRC000249）で照合。
SAM004717,PRG000601,ASM000055,AREA000083,2026,SRC000087,2026-10-03,2026福岡県高野連公式加盟校一覧No.104。No.65～137を南部として2026南部大会（SRC000249）で照合。
SAM004718,PRG000602,ASM000055,AREA000083,2026,SRC000087,2026-10-03,2026福岡県高野連公式加盟校一覧No.105。No.65～137を南部として2026南部大会（SRC000249）で照合。
SAM004719,PRG000603,ASM000055,AREA000083,2026,SRC000087,2026-10-03,2026福岡県高野連公式加盟校一覧No.106。No.65～137を南部として2026南部大会（SRC000249）で照合。
SAM004720,PRG000604,ASM000055,AREA000083,2026,SRC000087,2026-10-03,2026福岡県高野連公式加盟校一覧No.107。No.65～137を南部として2026南部大会（SRC000249）で照合。
SAM004721,PRG000605,ASM000055,AREA000083,2026,SRC000087,2026-10-03,2026福岡県高野連公式加盟校一覧No.108。No.65～137を南部として2026南部大会（SRC000249）で照合。
SAM004722,PRG000606,ASM000055,AREA000083,2026,SRC000087,2026-10-03,2026福岡県高野連公式加盟校一覧No.109。No.65～137を南部として2026南部大会（SRC000249）で照合。
SAM004723,PRG000607,ASM000055,AREA000083,2026,SRC000087,2026-10-03,2026福岡県高野連公式加盟校一覧No.110。No.65～137を南部として2026南部大会（SRC000249）で照合。
SAM004724,PRG000608,ASM000055,AREA000083,2026,SRC000087,2026-10-03,2026福岡県高野連公式加盟校一覧No.111。No.65～137を南部として2026南部大会（SRC000249）で照合。
SAM004725,PRG000609,ASM000055,AREA000083,2026,SRC000087,2026-10-03,2026福岡県高野連公式加盟校一覧No.112。No.65～137を南部として2026南部大会（SRC000249）で照合。
SAM004726,PRG000610,ASM000055,AREA000083,2026,SRC000087,2026-10-03,2026福岡県高野連公式加盟校一覧No.113。No.65～137を南部として2026南部大会（SRC000249）で照合。
SAM004727,PRG000611,ASM000055,AREA000083,2026,SRC000087,2026-10-03,2026福岡県高野連公式加盟校一覧No.114。No.65～137を南部として2026南部大会（SRC000249）で照合。
SAM004728,PRG000612,ASM000055,AREA000083,2026,SRC000087,2026-10-03,2026福岡県高野連公式加盟校一覧No.115。No.65～137を南部として2026南部大会（SRC000249）で照合。
SAM004729,PRG000613,ASM000055,AREA000083,2026,SRC000087,2026-10-03,2026福岡県高野連公式加盟校一覧No.116。No.65～137を南部として2026南部大会（SRC000249）で照合。
SAM004730,PRG000614,ASM000055,AREA000083,2026,SRC000087,2026-10-03,2026福岡県高野連公式加盟校一覧No.117。No.65～137を南部として2026南部大会（SRC000249）で照合。
SAM004731,PRG000615,ASM000055,AREA000083,2026,SRC000087,2026-10-03,2026福岡県高野連公式加盟校一覧No.118。No.65～137を南部として2026南部大会（SRC000249）で照合。
SAM004732,PRG000616,ASM000055,AREA000083,2026,SRC000087,2026-10-03,2026福岡県高野連公式加盟校一覧No.119。No.65～137を南部として2026南部大会（SRC000249）で照合。
SAM004733,PRG000617,ASM000055,AREA000083,2026,SRC000087,2026-10-03,2026福岡県高野連公式加盟校一覧No.120。No.65～137を南部として2026南部大会（SRC000249）で照合。
SAM004734,PRG000618,ASM000055,AREA000083,2026,SRC000087,2026-10-03,2026福岡県高野連公式加盟校一覧No.121。No.65～137を南部として2026南部大会（SRC000249）で照合。
SAM004735,PRG000619,ASM000055,AREA000083,2026,SRC000087,2026-10-03,2026福岡県高野連公式加盟校一覧No.122。No.65～137を南部として2026南部大会（SRC000249）で照合。
SAM004736,PRG000620,ASM000055,AREA000083,2026,SRC000087,2026-10-03,2026福岡県高野連公式加盟校一覧No.123。No.65～137を南部として2026南部大会（SRC000249）で照合。
SAM004737,PRG000621,ASM000055,AREA000083,2026,SRC000087,2026-10-03,2026福岡県高野連公式加盟校一覧No.124。No.65～137を南部として2026南部大会（SRC000249）で照合。
SAM004738,PRG000622,ASM000055,AREA000083,2026,SRC000087,2026-10-03,2026福岡県高野連公式加盟校一覧No.125。No.65～137を南部として2026南部大会（SRC000249）で照合。
SAM004739,PRG000623,ASM000055,AREA000083,2026,SRC000087,2026-10-03,2026福岡県高野連公式加盟校一覧No.126。No.65～137を南部として2026南部大会（SRC000249）で照合。
SAM004740,PRG000624,ASM000055,AREA000083,2026,SRC000087,2026-10-03,2026福岡県高野連公式加盟校一覧No.127。No.65～137を南部として2026南部大会（SRC000249）で照合。
SAM004741,PRG000625,ASM000055,AREA000083,2026,SRC000087,2026-10-03,2026福岡県高野連公式加盟校一覧No.128。No.65～137を南部として2026南部大会（SRC000249）で照合。
SAM004742,PRG000626,ASM000055,AREA000083,2026,SRC000087,2026-10-03,2026福岡県高野連公式加盟校一覧No.129。No.65～137を南部として2026南部大会（SRC000249）で照合。
SAM004743,PRG000627,ASM000055,AREA000083,2026,SRC000087,2026-10-03,2026福岡県高野連公式加盟校一覧No.130。No.65～137を南部として2026南部大会（SRC000249）で照合。
SAM004744,PRG000628,ASM000055,AREA000083,2026,SRC000087,2026-10-03,2026福岡県高野連公式加盟校一覧No.131。No.65～137を南部として2026南部大会（SRC000249）で照合。
SAM004745,PRG000629,ASM000055,AREA000083,2026,SRC000087,2026-10-03,2026福岡県高野連公式加盟校一覧No.132。No.65～137を南部として2026南部大会（SRC000249）で照合。
SAM004746,PRG000630,ASM000055,AREA000083,2026,SRC000087,2026-10-03,2026福岡県高野連公式加盟校一覧No.133。No.65～137を南部として2026南部大会（SRC000249）で照合。
SAM004747,PRG000631,ASM000055,AREA000083,2026,SRC000087,2026-10-03,2026福岡県高野連公式加盟校一覧No.134。No.65～137を南部として2026南部大会（SRC000249）で照合。
SAM004748,PRG000632,ASM000055,AREA000083,2026,SRC000087,2026-10-03,2026福岡県高野連公式加盟校一覧No.135。No.65～137を南部として2026南部大会（SRC000249）で照合。
SAM004749,PRG000633,ASM000055,AREA000083,2026,SRC000087,2026-10-03,2026福岡県高野連公式加盟校一覧No.136。No.65～137を南部として2026南部大会（SRC000249）で照合。
SAM004750,PRG000634,ASM000055,AREA000083,2026,SRC000087,2026-10-03,2026福岡県高野連公式加盟校一覧No.137。No.65～137を南部として2026南部大会（SRC000249）で照合。
SAM004751,PRG002330,ASM000056,AREA000084,2026,SRC000253,2026-10-03,2026年の三神地区大会・予選で所属を照合。
SAM004752,PRG002331,ASM000056,AREA000084,2026,SRC000253,2026-10-03,2026年の三神地区大会・予選で所属を照合。
SAM004753,PRG002339,ASM000056,AREA000084,2026,SRC000253,2026-10-03,2026年の三神地区大会・予選で所属を照合。
SAM004754,PRG002341,ASM000056,AREA000084,2026,SRC000253,2026-10-03,2026年の三神地区大会・予選で所属を照合。
SAM004755,PRG002349,ASM000056,AREA000084,2026,SRC000253,2026-10-03,2026年の三神地区大会・予選で所属を照合。
SAM004756,PRG002350,ASM000056,AREA000084,2026,SRC000253,2026-10-03,2026年の三神地区大会・予選で所属を照合。
SAM004757,PRG002357,ASM000056,AREA000084,2026,SRC000253,2026-10-03,2026年の三神地区大会・予選で所属を照合。
SAM004758,PRG002327,ASM000056,AREA000085,2026,SRC000250,2026-10-03,2026年の佐賀地区大会・予選で所属を照合。
SAM004759,PRG002332,ASM000056,AREA000085,2026,SRC000250,2026-10-03,2026年の佐賀地区大会・予選で所属を照合。
SAM004760,PRG002334,ASM000056,AREA000085,2026,SRC000250,2026-10-03,2026年の佐賀地区大会・予選で所属を照合。
SAM004761,PRG002336,ASM000056,AREA000085,2026,SRC000250,2026-10-03,2026年の佐賀地区大会・予選で所属を照合。
SAM004762,PRG002342,ASM000056,AREA000085,2026,SRC000250,2026-10-03,2026年の佐賀地区大会・予選で所属を照合。
SAM004763,PRG002346,ASM000056,AREA000085,2026,SRC000250,2026-10-03,2026年の佐賀地区大会・予選で所属を照合。
SAM004764,PRG002352,ASM000056,AREA000085,2026,SRC000250,2026-10-03,2026年の佐賀地区大会・予選で所属を照合。
SAM004765,PRG002353,ASM000056,AREA000085,2026,SRC000250,2026-10-03,2026年の佐賀地区大会・予選で所属を照合。
SAM004766,PRG002356,ASM000056,AREA000085,2026,SRC000250,2026-10-03,2026年の佐賀地区大会・予選で所属を照合。
SAM004767,PRG002359,ASM000056,AREA000085,2026,SRC000250,2026-10-03,2026年の佐賀地区大会・予選で所属を照合。
SAM004768,PRG002328,ASM000056,AREA000086,2026,SRC000251,2026-10-03,2026年の唐松地区大会・予選で所属を照合。
SAM004769,PRG002335,ASM000056,AREA000086,2026,SRC000251,2026-10-03,2026年の唐松地区大会・予選で所属を照合。
SAM004770,PRG002337,ASM000056,AREA000086,2026,SRC000251,2026-10-03,2026年の唐松地区大会・予選で所属を照合。
SAM004771,PRG002340,ASM000056,AREA000086,2026,SRC000251,2026-10-03,2026年の唐松地区大会・予選で所属を照合。
SAM004772,PRG002343,ASM000056,AREA000086,2026,SRC000251,2026-10-03,2026年の唐松地区大会・予選で所属を照合。
SAM004773,PRG002345,ASM000056,AREA000086,2026,SRC000251,2026-10-03,2026年の唐松地区大会・予選で所属を照合。
SAM004774,PRG002347,ASM000056,AREA000086,2026,SRC000251,2026-10-03,2026年の唐松地区大会・予選で所属を照合。
SAM004775,PRG002354,ASM000056,AREA000086,2026,SRC000251,2026-10-03,2026年の唐松地区大会・予選で所属を照合。
SAM004776,PRG002360,ASM000056,AREA000086,2026,SRC000251,2026-10-03,2026年の唐松地区大会・予選で所属を照合。
SAM004777,PRG002333,ASM000056,AREA000087,2026,SRC000252,2026-10-03,2026年の杵藤地区大会・予選で所属を照合。
SAM004778,PRG002338,ASM000056,AREA000087,2026,SRC000252,2026-10-03,2026年の杵藤地区大会・予選で所属を照合。
SAM004779,PRG002351,ASM000056,AREA000087,2026,SRC000252,2026-10-03,2026年の杵藤地区大会・予選で所属を照合。
SAM004780,PRG002358,ASM000056,AREA000087,2026,SRC000252,2026-10-03,2026年の杵藤地区大会・予選で所属を照合。
SAM004781,PRG002361,ASM000056,AREA000087,2026,SRC000252,2026-10-03,2026年の杵藤地区大会・予選で所属を照合。
SAM004782,PRG002355,ASM000056,AREA000087,2026,SRC000252,2026-10-03,2026年の杵藤地区大会・予選で所属を照合。
SAM004783,PRG002329,ASM000056,AREA000088,2026,SRC000254,2026-10-03,2026年の伊西地区大会・予選で所属を照合。
SAM004784,PRG002344,ASM000056,AREA000088,2026,SRC000254,2026-10-03,2026年の伊西地区大会・予選で所属を照合。
SAM004785,PRG002348,ASM000056,AREA000088,2026,SRC000254,2026-10-03,2026年の伊西地区大会・予選で所属を照合。
SAM004786,PRG002362,ASM000056,AREA000088,2026,SRC000254,2026-10-03,2026年の伊西地区大会・予選で所属を照合。
SAM004787,PRG002667,ASM000057,AREA000090,2026,SRC000258,2026-10-04,2026年度 中地区所属。2026地区予選の参加校を学校単位で照合。
SAM004788,PRG002668,ASM000057,AREA000090,2026,SRC000258,2026-10-04,2026年度 中地区所属。2026地区予選の参加校を学校単位で照合。
SAM004789,PRG002669,ASM000057,AREA000089,2026,SRC000257,2026-10-04,2026年度 長崎地区所属。2026地区予選の参加校を学校単位で照合。
SAM004790,PRG002670,ASM000057,AREA000091,2026,SRC000260,2026-10-04,2026年度 佐世保地区所属。2026地区予選の参加校を学校単位で照合。
SAM004791,PRG002671,ASM000057,AREA000090,2026,SRC000258,2026-10-04,2026年度 中地区所属。2026地区予選の参加校を学校単位で照合。
SAM004792,PRG002672,ASM000057,AREA000091,2026,SRC000260,2026-10-04,2026年度 佐世保地区所属。2026地区予選の参加校を学校単位で照合。
SAM004793,PRG002673,ASM000057,AREA000090,2026,SRC000258,2026-10-04,2026年度 中地区所属。2026地区予選の参加校を学校単位で照合。
SAM004794,PRG002674,ASM000057,AREA000089,2026,SRC000257,2026-10-04,2026年度 長崎地区所属。2026地区予選の参加校を学校単位で照合。
SAM004795,PRG002675,ASM000057,AREA000091,2026,SRC000260,2026-10-04,2026年度 佐世保地区所属。2026地区予選の参加校を学校単位で照合。
SAM004796,PRG002676,ASM000057,AREA000090,2026,SRC000258,2026-10-04,2026年度 中地区所属。2026地区予選の参加校を学校単位で照合。
SAM004797,PRG002677,ASM000057,AREA000091,2026,SRC000260,2026-10-04,2026年度 佐世保地区所属。2026地区予選の参加校を学校単位で照合。
SAM004798,PRG002678,ASM000057,AREA000089,2026,SRC000257,2026-10-04,2026年度 長崎地区所属。2026地区予選の参加校を学校単位で照合。
SAM004799,PRG002679,ASM000057,AREA000091,2026,SRC000260,2026-10-04,2026年度 佐世保地区所属。2026地区予選の参加校を学校単位で照合。
SAM004800,PRG002680,ASM000057,AREA000089,2026,SRC000257,2026-10-04,2026年度 長崎地区所属。2026地区予選の参加校を学校単位で照合。
SAM004801,PRG002681,ASM000057,AREA000090,2026,SRC000258,2026-10-04,2026年度 中地区所属。2026地区予選の参加校を学校単位で照合。
SAM004802,PRG002682,ASM000057,AREA000089,2026,SRC000257,2026-10-04,2026年度 長崎地区所属。2026地区予選の参加校を学校単位で照合。
SAM004803,PRG002683,ASM000057,AREA000089,2026,SRC000257,2026-10-04,2026年度 長崎地区所属。2026地区予選の参加校を学校単位で照合。
SAM004804,PRG002684,ASM000057,AREA000090,2026,SRC000258,2026-10-04,2026年度 中地区所属。2026地区予選の参加校を学校単位で照合。
SAM004805,PRG002685,ASM000057,AREA000091,2026,SRC000260,2026-10-04,2026年度 佐世保地区所属。2026地区予選の参加校を学校単位で照合。
SAM004806,PRG002686,ASM000057,AREA000089,2026,SRC000257,2026-10-04,2026年度 長崎地区所属。2026地区予選の参加校を学校単位で照合。
SAM004807,PRG002687,ASM000057,AREA000090,2026,SRC000258,2026-10-04,2026年度 中地区所属。2026地区予選の参加校を学校単位で照合。
SAM004808,PRG002688,ASM000057,AREA000089,2026,SRC000257,2026-10-04,2026年度 長崎地区所属。2026地区予選の参加校を学校単位で照合。
SAM004809,PRG002689,ASM000057,AREA000091,2026,SRC000260,2026-10-04,2026年度 佐世保地区所属。2026地区予選の参加校を学校単位で照合。
SAM004810,PRG002690,ASM000057,AREA000090,2026,SRC000258,2026-10-04,2026年度 中地区所属。2026地区予選の参加校を学校単位で照合。
SAM004811,PRG002691,ASM000057,AREA000090,2026,SRC000258,2026-10-04,2026年度 中地区所属。2026地区予選の参加校を学校単位で照合。
SAM004812,PRG002692,ASM000057,AREA000091,2026,SRC000260,2026-10-04,2026年度 佐世保地区所属。2026地区予選の参加校を学校単位で照合。
SAM004813,PRG002693,ASM000057,AREA000090,2026,SRC000258,2026-10-04,2026年度 中地区所属。2026地区予選の参加校を学校単位で照合。
SAM004814,PRG002694,ASM000057,AREA000089,2026,SRC000257,2026-10-04,2026年度 長崎地区所属。2026地区予選の参加校を学校単位で照合。
SAM004815,PRG002695,ASM000057,AREA000091,2026,SRC000260,2026-10-04,2026年度 佐世保地区所属。2026地区予選の参加校を学校単位で照合。
SAM004816,PRG002696,ASM000057,AREA000090,2026,SRC000258,2026-10-04,2026年度 中地区所属。2026地区予選の参加校を学校単位で照合。
SAM004817,PRG002697,ASM000057,AREA000091,2026,SRC000260,2026-10-04,2026年度 佐世保地区所属。2026地区予選の参加校を学校単位で照合。
SAM004818,PRG002698,ASM000057,AREA000089,2026,SRC000257,2026-10-04,2026年度 長崎地区所属。2026地区予選の参加校を学校単位で照合。
SAM004819,PRG002699,ASM000057,AREA000090,2026,SRC000258,2026-10-04,2026年度 中地区所属。2026地区予選の参加校を学校単位で照合。
SAM004820,PRG002700,ASM000057,AREA000090,2026,SRC000258,2026-10-04,2026年度 中地区所属。2026地区予選の参加校を学校単位で照合。
SAM004821,PRG002701,ASM000057,AREA000089,2026,SRC000257,2026-10-04,2026年度 長崎地区所属。2026地区予選の参加校を学校単位で照合。
SAM004822,PRG002702,ASM000057,AREA000091,2026,SRC000260,2026-10-04,2026年度 佐世保地区所属。2026地区予選の参加校を学校単位で照合。
SAM004823,PRG002703,ASM000057,AREA000089,2026,SRC000257,2026-10-04,2026年度 長崎地区所属。2026地区予選の参加校を学校単位で照合。
SAM004824,PRG002704,ASM000057,AREA000091,2026,SRC000260,2026-10-04,2026年度 佐世保地区所属。2026地区予選の参加校を学校単位で照合。
SAM004825,PRG002705,ASM000057,AREA000089,2026,SRC000257,2026-10-04,2026年度 長崎地区所属。2026地区予選の参加校を学校単位で照合。
SAM004826,PRG002706,ASM000057,AREA000091,2026,SRC000260,2026-10-04,2026年度 佐世保地区所属。2026地区予選の参加校を学校単位で照合。
SAM004827,PRG002707,ASM000057,AREA000090,2026,SRC000258,2026-10-04,2026年度 中地区所属。2026地区予選の参加校を学校単位で照合。
SAM004828,PRG002708,ASM000057,AREA000089,2026,SRC000257,2026-10-04,2026年度 長崎地区所属。2026地区予選の参加校を学校単位で照合。
SAM004829,PRG002709,ASM000057,AREA000089,2026,SRC000257,2026-10-04,2026年度 長崎地区所属。2026地区予選の参加校を学校単位で照合。
SAM004830,PRG002710,ASM000057,AREA000091,2026,SRC000260,2026-10-04,2026年度 佐世保地区所属。2026地区予選の参加校を学校単位で照合。
SAM004831,PRG002711,ASM000057,AREA000091,2026,SRC000260,2026-10-04,2026年度 佐世保地区所属。2026地区予選の参加校を学校単位で照合。
SAM004832,PRG002712,ASM000057,AREA000091,2026,SRC000260,2026-10-04,2026年度 佐世保地区所属。2026地区予選の参加校を学校単位で照合。
SAM004833,PRG002713,ASM000057,AREA000090,2026,SRC000258,2026-10-04,2026年度 中地区所属。2026地区予選の参加校を学校単位で照合。
SAM004834,PRG002714,ASM000057,AREA000091,2026,SRC000260,2026-10-04,2026年度 佐世保地区所属。2026地区予選の参加校を学校単位で照合。
SAM004835,PRG002715,ASM000057,AREA000090,2026,SRC000258,2026-10-04,2026年度 中地区所属。2026地区予選の参加校を学校単位で照合。
SAM004836,PRG002716,ASM000057,AREA000089,2026,SRC000257,2026-10-04,2026年度 長崎地区所属。2026地区予選の参加校を学校単位で照合。
SAM004837,PRG002717,ASM000057,AREA000089,2026,SRC000257,2026-10-04,2026年度 長崎地区所属。2026地区予選の参加校を学校単位で照合。
SAM004838,PRG002718,ASM000057,AREA000089,2026,SRC000257,2026-10-04,2026年度 長崎地区所属。2026地区予選の参加校を学校単位で照合。
SAM004839,PRG002719,ASM000057,AREA000090,2026,SRC000259,2026-10-04,2026年度 中地区所属。2026会長杯不参加のため、2025会長杯中地区予選の合同出場実績で補完。
SAM004840,PRG002161,ASM000058,AREA000092,2026,SRC000262,2026-10-04,2026年度 熊本市内所属。2026地区予選の参加校を学校単位で照合。
SAM004841,PRG002162,ASM000058,AREA000093,2026,SRC000263,2026-10-04,2026年度 城北地区所属。2026地区予選の参加校を学校単位で照合。
SAM004842,PRG002163,ASM000058,AREA000094,2026,SRC000264,2026-10-04,2026年度 城南地区所属。2026地区予選の参加校を学校単位で照合。
SAM004843,PRG002164,ASM000058,AREA000094,2026,SRC000264,2026-10-04,2026年度 城南地区所属。2026地区予選の参加校を学校単位で照合。
SAM004844,PRG002165,ASM000058,AREA000093,2026,SRC000263,2026-10-04,2026年度 城北地区所属。2026地区予選の参加校を学校単位で照合。
SAM004845,PRG002166,ASM000058,AREA000094,2026,SRC000264,2026-10-04,2026年度 城南地区所属。2026地区予選の参加校を学校単位で照合。
SAM004846,PRG002167,ASM000058,AREA000092,2026,SRC000262,2026-10-04,2026年度 熊本市内所属。2026地区予選の参加校を学校単位で照合。
SAM004847,PRG002168,ASM000058,AREA000092,2026,SRC000262,2026-10-04,2026年度 熊本市内所属。2026地区予選の参加校を学校単位で照合。
SAM004848,PRG002169,ASM000058,AREA000092,2026,SRC000262,2026-10-04,2026年度 熊本市内所属。2026地区予選の参加校を学校単位で照合。
SAM004849,PRG002170,ASM000058,AREA000094,2026,SRC000264,2026-10-04,2026年度 城南地区所属。2026地区予選の参加校を学校単位で照合。
SAM004850,PRG002171,ASM000058,AREA000093,2026,SRC000263,2026-10-04,2026年度 城北地区所属。2026地区予選の参加校を学校単位で照合。
SAM004851,PRG002172,ASM000058,AREA000094,2026,SRC000264,2026-10-04,2026年度 城南地区所属。2026地区予選の参加校を学校単位で照合。
SAM004852,PRG002173,ASM000058,AREA000094,2026,SRC000264,2026-10-04,2026年度 城南地区所属。2026地区予選の参加校を学校単位で照合。
SAM004853,PRG002174,ASM000058,AREA000092,2026,SRC000262,2026-10-04,2026年度 熊本市内所属。2026地区予選の参加校を学校単位で照合。
SAM004854,PRG002175,ASM000058,AREA000093,2026,SRC000263,2026-10-04,2026年度 城北地区所属。2026地区予選の参加校を学校単位で照合。
SAM004855,PRG002176,ASM000058,AREA000094,2026,SRC000264,2026-10-04,2026年度 城南地区所属。2026地区予選の参加校を学校単位で照合。
SAM004856,PRG002177,ASM000058,AREA000092,2026,SRC000262,2026-10-04,2026年度 熊本市内所属。2026地区予選の参加校を学校単位で照合。
SAM004857,PRG002178,ASM000058,AREA000092,2026,SRC000262,2026-10-04,2026年度 熊本市内所属。2026地区予選の参加校を学校単位で照合。
SAM004858,PRG002179,ASM000058,AREA000092,2026,SRC000262,2026-10-04,2026年度 熊本市内所属。2026地区予選の参加校を学校単位で照合。
SAM004859,PRG002180,ASM000058,AREA000094,2026,SRC000264,2026-10-04,2026年度 城南地区所属。2026地区予選の参加校を学校単位で照合。
SAM004860,PRG002181,ASM000058,AREA000094,2026,SRC000264,2026-10-04,2026年度 城南地区所属。2026地区予選の参加校を学校単位で照合。
SAM004861,PRG002182,ASM000058,AREA000094,2026,SRC000264,2026-10-04,2026年度 城南地区所属。2026城南地区予選で矢部・八代農との合同出場を確認し、所在地（熊本市）より大会所属を優先。
SAM004862,PRG002183,ASM000058,AREA000094,2026,SRC000264,2026-10-04,2026年度 城南地区所属。2026地区予選の参加校を学校単位で照合。
SAM004863,PRG002184,ASM000058,AREA000094,2026,SRC000264,2026-10-04,2026年度 城南地区所属。2026地区予選の参加校を学校単位で照合。
SAM004864,PRG002185,ASM000058,AREA000093,2026,SRC000263,2026-10-04,2026年度 城北地区所属。2026地区予選の参加校を学校単位で照合。
SAM004865,PRG002186,ASM000058,AREA000093,2026,SRC000263,2026-10-04,2026年度 城北地区所属。2026地区予選の参加校を学校単位で照合。
SAM004866,PRG002187,ASM000058,AREA000092,2026,SRC000262,2026-10-04,2026年度 熊本市内所属。2026地区予選の参加校を学校単位で照合。
SAM004867,PRG002188,ASM000058,AREA000092,2026,SRC000262,2026-10-04,2026年度 熊本市内所属。2026地区予選の参加校を学校単位で照合。
SAM004868,PRG002189,ASM000058,AREA000093,2026,SRC000263,2026-10-04,2026年度 城北地区所属。2026地区予選の参加校を学校単位で照合。
SAM004869,PRG002190,ASM000058,AREA000094,2026,SRC000264,2026-10-04,2026年度 城南地区所属。2026地区予選の参加校を学校単位で照合。
SAM004870,PRG002191,ASM000058,AREA000092,2026,SRC000262,2026-10-04,2026年度 熊本市内所属。2026地区予選の参加校を学校単位で照合。
SAM004871,PRG002192,ASM000058,AREA000094,2026,SRC000264,2026-10-04,2026年度 城南地区所属。2026地区予選の参加校を学校単位で照合。
SAM004872,PRG002193,ASM000058,AREA000094,2026,SRC000264,2026-10-04,2026年度 城南地区所属。2026地区予選の参加校を学校単位で照合。
SAM004873,PRG002194,ASM000058,AREA000094,2026,SRC000264,2026-10-04,2026年度 城南地区所属。2026地区予選の参加校を学校単位で照合。
SAM004874,PRG002195,ASM000058,AREA000092,2026,SRC000262,2026-10-04,2026年度 熊本市内所属。2026地区予選の参加校を学校単位で照合。
SAM004875,PRG002196,ASM000058,AREA000094,2026,SRC000264,2026-10-04,2026年度 城南地区所属。2026地区予選の参加校を学校単位で照合。
SAM004876,PRG002197,ASM000058,AREA000092,2026,SRC000262,2026-10-04,2026年度 熊本市内所属。2026地区予選の参加校を学校単位で照合。
SAM004877,PRG002198,ASM000058,AREA000092,2026,SRC000262,2026-10-04,2026年度 熊本市内所属。2026地区予選の参加校を学校単位で照合。
SAM004878,PRG002199,ASM000058,AREA000092,2026,SRC000262,2026-10-04,2026年度 熊本市内所属。2026地区予選の参加校を学校単位で照合。
SAM004879,PRG002200,ASM000058,AREA000094,2026,SRC000264,2026-10-04,2026年度 城南地区所属。2026地区予選の参加校を学校単位で照合。
SAM004880,PRG002201,ASM000058,AREA000094,2026,SRC000264,2026-10-04,2026年度 城南地区所属。2026地区予選の参加校を学校単位で照合。
SAM004881,PRG002202,ASM000058,AREA000093,2026,SRC000263,2026-10-04,2026年度 城北地区所属。2026地区予選の参加校を学校単位で照合。
SAM004882,PRG002203,ASM000058,AREA000093,2026,SRC000263,2026-10-04,2026年度 城北地区所属。2026地区予選の参加校を学校単位で照合。
SAM004883,PRG002204,ASM000058,AREA000093,2026,SRC000263,2026-10-04,2026年度 城北地区所属。2026地区予選の参加校を学校単位で照合。
SAM004884,PRG002205,ASM000058,AREA000092,2026,SRC000262,2026-10-04,2026年度 熊本市内所属。2026地区予選の参加校を学校単位で照合。
SAM004885,PRG002206,ASM000058,AREA000093,2026,SRC000263,2026-10-04,2026年度 城北地区所属。2026地区予選の参加校を学校単位で照合。
SAM004886,PRG002207,ASM000058,AREA000092,2026,SRC000262,2026-10-04,2026年度 熊本市内所属。2026地区予選の参加校を学校単位で照合。
SAM004887,PRG002208,ASM000058,AREA000092,2026,SRC000262,2026-10-04,2026年度 熊本市内所属。2026地区予選の参加校を学校単位で照合。
SAM004888,PRG002209,ASM000058,AREA000093,2026,SRC000263,2026-10-04,2026年度 城北地区所属。2026地区予選の参加校を学校単位で照合。
SAM004889,PRG002210,ASM000058,AREA000094,2026,SRC000264,2026-10-04,2026年度 城南地区所属。2026地区予選の参加校を学校単位で照合。
SAM004890,PRG002211,ASM000058,AREA000094,2026,SRC000264,2026-10-04,2026年度 城南地区所属。2026地区予選の参加校を学校単位で照合。
SAM004891,PRG002212,ASM000058,AREA000093,2026,SRC000263,2026-10-04,2026年度 城北地区所属。2026地区予選の参加校を学校単位で照合。
SAM004892,PRG002213,ASM000058,AREA000092,2026,SRC000262,2026-10-04,2026年度 熊本市内所属。2026地区予選の参加校を学校単位で照合。
SAM004893,PRG002214,ASM000058,AREA000092,2026,SRC000262,2026-10-04,2026年度 熊本市内所属。2026地区予選の参加校を学校単位で照合。
SAM004894,PRG002215,ASM000058,AREA000092,2026,SRC000262,2026-10-04,2026年度 熊本市内所属。2026地区予選の参加校を学校単位で照合。
SAM004895,PRG002216,ASM000058,AREA000094,2026,SRC000264,2026-10-04,2026年度 城南地区所属。2026地区予選の参加校を学校単位で照合。
SAM004896,PRG002217,ASM000058,AREA000093,2026,SRC000263,2026-10-04,2026年度 城北地区所属。2026地区予選の参加校を学校単位で照合。
SAM004897,PRG002218,ASM000058,AREA000093,2026,SRC000263,2026-10-04,2026年度 城北地区所属。2026地区予選の参加校を学校単位で照合。
SAM004898,PRG002219,ASM000058,AREA000094,2026,SRC000264,2026-10-04,2026年度 城南地区所属。2026地区予選の参加校を学校単位で照合。
SAM004899,PRG001266,ASM000059,AREA000095,2026,SRC000265,2026-10-04,2026支部制度＋所在地で学校単位を照合
SAM004900,PRG001267,ASM000059,AREA000095,2026,SRC000265,2026-10-04,2026支部制度＋所在地で学校単位を照合
SAM004901,PRG001268,ASM000059,AREA000095,2026,SRC000265,2026-10-04,2026支部制度＋所在地で学校単位を照合
SAM004902,PRG001269,ASM000059,AREA000095,2026,SRC000265,2026-10-04,2026支部制度＋所在地で学校単位を照合
SAM004903,PRG001270,ASM000059,AREA000095,2026,SRC000265,2026-10-04,2026支部制度＋所在地で学校単位を照合
SAM004904,PRG001271,ASM000059,AREA000095,2026,SRC000265,2026-10-04,2026支部制度＋所在地で学校単位を照合
SAM004905,PRG001272,ASM000059,AREA000095,2026,SRC000265,2026-10-04,2026支部制度＋所在地で学校単位を照合
SAM004906,PRG001273,ASM000059,AREA000095,2026,SRC000265,2026-10-04,2026支部制度＋所在地で学校単位を照合
SAM004907,PRG001274,ASM000059,AREA000095,2026,SRC000265,2026-10-04,2026支部制度＋所在地で学校単位を照合
SAM004908,PRG001275,ASM000059,AREA000095,2026,SRC000265,2026-10-04,2026支部制度＋所在地で学校単位を照合
SAM004909,PRG001276,ASM000059,AREA000095,2026,SRC000265,2026-10-04,2026支部制度＋所在地で学校単位を照合
SAM004910,PRG001277,ASM000059,AREA000095,2026,SRC000265,2026-10-04,2026支部制度＋所在地で学校単位を照合
SAM004911,PRG001278,ASM000059,AREA000095,2026,SRC000265,2026-10-04,2026支部制度＋所在地で学校単位を照合
SAM004912,PRG001279,ASM000059,AREA000096,2026,SRC000265,2026-10-04,2026支部制度＋所在地で学校単位を照合
SAM004913,PRG001280,ASM000059,AREA000096,2026,SRC000265,2026-10-04,2026支部制度＋所在地で学校単位を照合
SAM004914,PRG001281,ASM000059,AREA000096,2026,SRC000265,2026-10-04,2026支部制度＋所在地で学校単位を照合
SAM004915,PRG001282,ASM000059,AREA000096,2026,SRC000265,2026-10-04,2026支部制度＋所在地で学校単位を照合
SAM004916,PRG001283,ASM000059,AREA000096,2026,SRC000265,2026-10-04,2026支部制度＋所在地で学校単位を照合
SAM004917,PRG001284,ASM000059,AREA000096,2026,SRC000265,2026-10-04,2026支部制度＋所在地で学校単位を照合
SAM004918,PRG001285,ASM000059,AREA000097,2026,SRC000265,2026-10-04,2026支部制度＋所在地で学校単位を照合
SAM004919,PRG001286,ASM000059,AREA000097,2026,SRC000265,2026-10-04,2026支部制度＋所在地で学校単位を照合
SAM004920,PRG001287,ASM000059,AREA000097,2026,SRC000265,2026-10-04,2026支部制度＋所在地で学校単位を照合
SAM004921,PRG001288,ASM000059,AREA000097,2026,SRC000265,2026-10-04,2026支部制度＋所在地で学校単位を照合
SAM004922,PRG001289,ASM000059,AREA000097,2026,SRC000265,2026-10-04,2026支部制度＋所在地で学校単位を照合
SAM004923,PRG001290,ASM000059,AREA000097,2026,SRC000265,2026-10-04,2026支部制度＋所在地で学校単位を照合
SAM004924,PRG001291,ASM000059,AREA000097,2026,SRC000265,2026-10-04,2026支部制度＋所在地で学校単位を照合
SAM004925,PRG001292,ASM000059,AREA000097,2026,SRC000265,2026-10-04,2026支部制度＋所在地で学校単位を照合
SAM004926,PRG001293,ASM000059,AREA000097,2026,SRC000265,2026-10-04,2026支部制度＋所在地で学校単位を照合
SAM004927,PRG001294,ASM000059,AREA000097,2026,SRC000266,2026-10-04,独立出場時の大分支部所属を優先（2026合同チームの越境出場は恒常所属に反映しない）
SAM004928,PRG001295,ASM000059,AREA000097,2026,SRC000265,2026-10-04,2026支部制度＋所在地で学校単位を照合
SAM004929,PRG001296,ASM000059,AREA000097,2026,SRC000265,2026-10-04,2026支部制度＋所在地で学校単位を照合
SAM004930,PRG001297,ASM000059,AREA000097,2026,SRC000265,2026-10-04,2026支部制度＋所在地で学校単位を照合
SAM004931,PRG001298,ASM000059,AREA000097,2026,SRC000265,2026-10-04,2026支部制度＋所在地で学校単位を照合
SAM004932,PRG001299,ASM000059,AREA000097,2026,SRC000265,2026-10-04,2026支部制度＋所在地で学校単位を照合
SAM004933,PRG001300,ASM000059,AREA000097,2026,SRC000265,2026-10-04,2026支部制度＋所在地で学校単位を照合
SAM004934,PRG001301,ASM000059,AREA000097,2026,SRC000265,2026-10-04,2026支部制度＋所在地で学校単位を照合
SAM004935,PRG001302,ASM000059,AREA000097,2026,SRC000265,2026-10-04,2026支部制度＋所在地で学校単位を照合
SAM004936,PRG001303,ASM000059,AREA000098,2026,SRC000265,2026-10-04,2026支部制度＋所在地で学校単位を照合
SAM004937,PRG001304,ASM000059,AREA000098,2026,SRC000265,2026-10-04,2026支部制度＋所在地で学校単位を照合
SAM004938,PRG001305,ASM000059,AREA000098,2026,SRC000265,2026-10-04,2026支部制度＋所在地で学校単位を照合
SAM004939,PRG001306,ASM000059,AREA000098,2026,SRC000265,2026-10-04,2026支部制度＋所在地で学校単位を照合
SAM004940,PRG001307,ASM000059,AREA000098,2026,SRC000265,2026-10-04,2026支部制度＋所在地で学校単位を照合
SAM004941,PRG001308,ASM000059,AREA000098,2026,SRC000265,2026-10-04,2026支部制度＋所在地で学校単位を照合
SAM004942,PRG001309,ASM000059,AREA000098,2026,SRC000265,2026-10-04,2026支部制度＋所在地で学校単位を照合
SAM004943,PRG002363,ASM000060,AREA000099,2026,SRC000268,2026-10-04,2026地区予選の参加校＋所在地で学校単位を照合
SAM004944,PRG002364,ASM000060,AREA000099,2026,SRC000268,2026-10-04,2026地区予選の参加校＋所在地で学校単位を照合
SAM004945,PRG002365,ASM000060,AREA000099,2026,SRC000268,2026-10-04,2026地区予選の参加校＋所在地で学校単位を照合
SAM004946,PRG002366,ASM000060,AREA000099,2026,SRC000268,2026-10-04,2026地区予選の参加校＋所在地で学校単位を照合
SAM004947,PRG002367,ASM000060,AREA000099,2026,SRC000268,2026-10-04,2026地区予選の参加校＋所在地で学校単位を照合
SAM004948,PRG002368,ASM000060,AREA000099,2026,SRC000268,2026-10-04,2026地区予選の参加校＋所在地で学校単位を照合
SAM004949,PRG002369,ASM000060,AREA000099,2026,SRC000268,2026-10-04,2026地区予選の参加校＋所在地で学校単位を照合
SAM004950,PRG002370,ASM000060,AREA000099,2026,SRC000268,2026-10-04,2026地区予選の参加校＋所在地で学校単位を照合
SAM004951,PRG002371,ASM000060,AREA000099,2026,SRC000268,2026-10-04,2026地区予選の参加校＋所在地で学校単位を照合
SAM004952,PRG002372,ASM000060,AREA000099,2026,SRC000268,2026-10-04,2026地区予選の参加校＋所在地で学校単位を照合
SAM004953,PRG002373,ASM000060,AREA000099,2026,SRC000268,2026-10-04,2026地区予選の参加校＋所在地で学校単位を照合
SAM004954,PRG002374,ASM000060,AREA000100,2026,SRC000269,2026-10-04,2026地区予選の参加校＋所在地で学校単位を照合
SAM004955,PRG002375,ASM000060,AREA000100,2026,SRC000269,2026-10-04,2026地区予選の参加校＋所在地で学校単位を照合
SAM004956,PRG002376,ASM000060,AREA000100,2026,SRC000269,2026-10-04,2026地区予選の参加校＋所在地で学校単位を照合
SAM004957,PRG002377,ASM000060,AREA000100,2026,SRC000269,2026-10-04,2026地区予選の参加校＋所在地で学校単位を照合
SAM004958,PRG002378,ASM000060,AREA000100,2026,SRC000269,2026-10-04,2026地区予選の参加校＋所在地で学校単位を照合
SAM004959,PRG002379,ASM000060,AREA000100,2026,SRC000269,2026-10-04,2026地区予選の参加校＋所在地で学校単位を照合
SAM004960,PRG002380,ASM000060,AREA000100,2026,SRC000269,2026-10-04,2026地区予選の参加校＋所在地で学校単位を照合
SAM004961,PRG002381,ASM000060,AREA000100,2026,SRC000269,2026-10-04,2026地区予選の参加校＋所在地で学校単位を照合
SAM004962,PRG002382,ASM000060,AREA000100,2026,SRC000269,2026-10-04,2026地区予選の参加校＋所在地で学校単位を照合
SAM004963,PRG002383,ASM000060,AREA000100,2026,SRC000269,2026-10-04,2026地区予選の参加校＋所在地で学校単位を照合
SAM004964,PRG002384,ASM000060,AREA000100,2026,SRC000269,2026-10-04,2026地区予選の参加校＋所在地で学校単位を照合
SAM004965,PRG002385,ASM000060,AREA000100,2026,SRC000269,2026-10-04,2026地区予選の参加校＋所在地で学校単位を照合
SAM004966,PRG002386,ASM000060,AREA000100,2026,SRC000269,2026-10-04,2026地区予選の参加校＋所在地で学校単位を照合
SAM004967,PRG002387,ASM000060,AREA000100,2026,SRC000269,2026-10-04,2026地区予選の参加校＋所在地で学校単位を照合
SAM004968,PRG002388,ASM000060,AREA000100,2026,SRC000269,2026-10-04,2026地区予選の参加校＋所在地で学校単位を照合
SAM004969,PRG002389,ASM000060,AREA000100,2026,SRC000269,2026-10-04,2026地区予選の参加校＋所在地で学校単位を照合
SAM004970,PRG002390,ASM000060,AREA000100,2026,SRC000269,2026-10-04,2026地区予選の参加校＋所在地で学校単位を照合
SAM004971,PRG002391,ASM000060,AREA000100,2026,SRC000269,2026-10-04,2026地区予選の参加校＋所在地で学校単位を照合
SAM004972,PRG002392,ASM000060,AREA000100,2026,SRC000269,2026-10-04,2026地区予選の参加校＋所在地で学校単位を照合
SAM004973,PRG002393,ASM000060,AREA000101,2026,SRC000270,2026-10-04,2026地区予選の参加校＋所在地で学校単位を照合
SAM004974,PRG002394,ASM000060,AREA000101,2026,SRC000270,2026-10-04,2026地区予選の参加校＋所在地で学校単位を照合
SAM004975,PRG002395,ASM000060,AREA000101,2026,SRC000270,2026-10-04,2026地区予選の参加校＋所在地で学校単位を照合
SAM004976,PRG002396,ASM000060,AREA000101,2026,SRC000270,2026-10-04,2026地区予選の参加校＋所在地で学校単位を照合
SAM004977,PRG002397,ASM000060,AREA000101,2026,SRC000270,2026-10-04,2026地区予選の参加校＋所在地で学校単位を照合
SAM004978,PRG002398,ASM000060,AREA000101,2026,SRC000270,2026-10-04,2026地区予選の参加校＋所在地で学校単位を照合
SAM004979,PRG002399,ASM000060,AREA000101,2026,SRC000270,2026-10-04,2026地区予選の参加校＋所在地で学校単位を照合
SAM004980,PRG002400,ASM000060,AREA000101,2026,SRC000270,2026-10-04,2026地区予選の参加校＋所在地で学校単位を照合
SAM004981,PRG002401,ASM000060,AREA000101,2026,SRC000270,2026-10-04,2026地区予選の参加校＋所在地で学校単位を照合
SAM004982,PRG002402,ASM000060,AREA000101,2026,SRC000270,2026-10-04,2026地区予選の参加校＋所在地で学校単位を照合
SAM004983,PRG002403,ASM000060,AREA000101,2026,SRC000270,2026-10-04,2026地区予選の参加校＋所在地で学校単位を照合
SAM004984,PRG002404,ASM000060,AREA000101,2026,SRC000270,2026-10-04,2026地区予選の参加校＋所在地で学校単位を照合
SAM004985,PRG002405,ASM000060,AREA000101,2026,SRC000270,2026-10-04,2026地区予選の参加校＋所在地で学校単位を照合
SAM004986,PRG002406,ASM000060,AREA000101,2026,SRC000270,2026-10-04,2026地区予選の参加校＋所在地で学校単位を照合
SAM004987,PRG002407,ASM000060,AREA000101,2026,SRC000270,2026-10-04,2026地区予選の参加校＋所在地で学校単位を照合
SAM004988,PRG002408,ASM000060,AREA000101,2026,SRC000270,2026-10-04,2026地区予選の参加校＋所在地で学校単位を照合
SAM004989,PRG002409,ASM000060,AREA000101,2026,SRC000270,2026-10-04,2026地区予選の参加校＋所在地で学校単位を照合
SAM004990,PRG000423,ASM000061,AREA000102,2026,SRC000271,2026-10-04,2026春秋地区大会＋所在地で学校単位を照合（越境合同は恒常所属に反映しない）
SAM004991,PRG000424,ASM000061,AREA000102,2026,SRC000271,2026-10-04,2026春秋地区大会＋所在地で学校単位を照合（越境合同は恒常所属に反映しない）
SAM004992,PRG000425,ASM000061,AREA000102,2026,SRC000271,2026-10-04,2026春秋地区大会＋所在地で学校単位を照合（越境合同は恒常所属に反映しない）
SAM004993,PRG000426,ASM000061,AREA000102,2026,SRC000271,2026-10-04,2026春秋地区大会＋所在地で学校単位を照合（越境合同は恒常所属に反映しない）
SAM004994,PRG000427,ASM000061,AREA000102,2026,SRC000271,2026-10-04,2026春秋地区大会＋所在地で学校単位を照合（越境合同は恒常所属に反映しない）
SAM004995,PRG000428,ASM000061,AREA000102,2026,SRC000271,2026-10-04,2026春秋地区大会＋所在地で学校単位を照合（越境合同は恒常所属に反映しない）
SAM004996,PRG000429,ASM000061,AREA000102,2026,SRC000271,2026-10-04,2026春秋地区大会＋所在地で学校単位を照合（越境合同は恒常所属に反映しない）
SAM004997,PRG000430,ASM000061,AREA000102,2026,SRC000271,2026-10-04,2026春秋地区大会＋所在地で学校単位を照合（越境合同は恒常所属に反映しない）
SAM004998,PRG000431,ASM000061,AREA000102,2026,SRC000271,2026-10-04,2026春秋地区大会＋所在地で学校単位を照合（越境合同は恒常所属に反映しない）
SAM004999,PRG000432,ASM000061,AREA000102,2026,SRC000271,2026-10-04,2026春秋地区大会＋所在地で学校単位を照合（越境合同は恒常所属に反映しない）
SAM005000,PRG000433,ASM000061,AREA000102,2026,SRC000271,2026-10-04,2026春秋地区大会＋所在地で学校単位を照合（越境合同は恒常所属に反映しない）
SAM005001,PRG000434,ASM000061,AREA000102,2026,SRC000271,2026-10-04,2026春秋地区大会＋所在地で学校単位を照合（越境合同は恒常所属に反映しない）
SAM005002,PRG000435,ASM000061,AREA000102,2026,SRC000271,2026-10-04,2026春秋地区大会＋所在地で学校単位を照合（越境合同は恒常所属に反映しない）
SAM005003,PRG000436,ASM000061,AREA000102,2026,SRC000271,2026-10-04,2026春秋地区大会＋所在地で学校単位を照合（越境合同は恒常所属に反映しない）
SAM005004,PRG000437,ASM000061,AREA000102,2026,SRC000271,2026-10-04,2026春秋地区大会＋所在地で学校単位を照合（越境合同は恒常所属に反映しない）
SAM005005,PRG000438,ASM000061,AREA000102,2026,SRC000271,2026-10-04,2026春秋地区大会＋所在地で学校単位を照合（越境合同は恒常所属に反映しない）
SAM005006,PRG000439,ASM000061,AREA000102,2026,SRC000271,2026-10-04,2026春秋地区大会＋所在地で学校単位を照合（越境合同は恒常所属に反映しない）
SAM005007,PRG000440,ASM000061,AREA000102,2026,SRC000271,2026-10-04,2026春秋地区大会＋所在地で学校単位を照合（越境合同は恒常所属に反映しない）
SAM005008,PRG000441,ASM000061,AREA000102,2026,SRC000271,2026-10-04,2026春秋地区大会＋所在地で学校単位を照合（越境合同は恒常所属に反映しない）
SAM005009,PRG000442,ASM000061,AREA000102,2026,SRC000271,2026-10-04,2026春秋地区大会＋所在地で学校単位を照合（越境合同は恒常所属に反映しない）
SAM005010,PRG000443,ASM000061,AREA000102,2026,SRC000271,2026-10-04,2026春秋地区大会＋所在地で学校単位を照合（越境合同は恒常所属に反映しない）
SAM005011,PRG000444,ASM000061,AREA000103,2026,SRC000271,2026-10-04,2026春秋地区大会＋所在地で学校単位を照合（越境合同は恒常所属に反映しない）
SAM005012,PRG000445,ASM000061,AREA000103,2026,SRC000271,2026-10-04,2026春秋地区大会＋所在地で学校単位を照合（越境合同は恒常所属に反映しない）
SAM005013,PRG000446,ASM000061,AREA000103,2026,SRC000271,2026-10-04,2026春秋地区大会＋所在地で学校単位を照合（越境合同は恒常所属に反映しない）
SAM005014,PRG000447,ASM000061,AREA000103,2026,SRC000271,2026-10-04,2026春秋地区大会＋所在地で学校単位を照合（越境合同は恒常所属に反映しない）
SAM005015,PRG000448,ASM000061,AREA000103,2026,SRC000271,2026-10-04,2026春秋地区大会＋所在地で学校単位を照合（越境合同は恒常所属に反映しない）
SAM005016,PRG000449,ASM000061,AREA000103,2026,SRC000271,2026-10-04,2026春秋地区大会＋所在地で学校単位を照合（越境合同は恒常所属に反映しない）
SAM005017,PRG000450,ASM000061,AREA000103,2026,SRC000271,2026-10-04,2026春秋地区大会＋所在地で学校単位を照合（越境合同は恒常所属に反映しない）
SAM005018,PRG000452,ASM000061,AREA000103,2026,SRC000271,2026-10-04,2026春秋地区大会＋所在地で学校単位を照合（越境合同は恒常所属に反映しない）
SAM005019,PRG000453,ASM000061,AREA000103,2026,SRC000271,2026-10-04,2026春秋地区大会＋所在地で学校単位を照合（越境合同は恒常所属に反映しない）
SAM005020,PRG000454,ASM000061,AREA000103,2026,SRC000271,2026-10-04,2026春秋地区大会＋所在地で学校単位を照合（越境合同は恒常所属に反映しない）
SAM005021,PRG000455,ASM000061,AREA000103,2026,SRC000271,2026-10-04,2026春秋地区大会＋所在地で学校単位を照合（越境合同は恒常所属に反映しない）
SAM005022,PRG000456,ASM000061,AREA000103,2026,SRC000271,2026-10-04,2026春秋地区大会＋所在地で学校単位を照合（越境合同は恒常所属に反映しない）
SAM005023,PRG000457,ASM000061,AREA000103,2026,SRC000271,2026-10-04,2026春秋地区大会＋所在地で学校単位を照合（越境合同は恒常所属に反映しない）
SAM005024,PRG000459,ASM000061,AREA000103,2026,SRC000271,2026-10-04,2026春秋地区大会＋所在地で学校単位を照合（越境合同は恒常所属に反映しない）
SAM005025,PRG000460,ASM000061,AREA000104,2026,SRC000271,2026-10-04,2026春秋地区大会＋所在地で学校単位を照合（越境合同は恒常所属に反映しない）
SAM005026,PRG000461,ASM000061,AREA000104,2026,SRC000271,2026-10-04,2026春秋地区大会＋所在地で学校単位を照合（越境合同は恒常所属に反映しない）
SAM005027,PRG000462,ASM000061,AREA000104,2026,SRC000271,2026-10-04,2026春秋地区大会＋所在地で学校単位を照合（越境合同は恒常所属に反映しない）
SAM005028,PRG000463,ASM000061,AREA000104,2026,SRC000271,2026-10-04,2026春秋地区大会＋所在地で学校単位を照合（越境合同は恒常所属に反映しない）
SAM005029,PRG000464,ASM000061,AREA000104,2026,SRC000271,2026-10-04,2026春秋地区大会＋所在地で学校単位を照合（越境合同は恒常所属に反映しない）
SAM005030,PRG000465,ASM000061,AREA000104,2026,SRC000271,2026-10-04,2026春秋地区大会＋所在地で学校単位を照合（越境合同は恒常所属に反映しない）
SAM005031,PRG000466,ASM000061,AREA000104,2026,SRC000271,2026-10-04,2026春秋地区大会＋所在地で学校単位を照合（越境合同は恒常所属に反映しない）
SAM005032,PRG000467,ASM000061,AREA000104,2026,SRC000271,2026-10-04,2026春秋地区大会＋所在地で学校単位を照合（越境合同は恒常所属に反映しない）
SAM005033,PRG000469,ASM000061,AREA000104,2026,SRC000271,2026-10-04,2026春秋地区大会＋所在地で学校単位を照合（越境合同は恒常所属に反映しない）
SAM005034,PRG000470,ASM000061,AREA000105,2026,SRC000271,2026-10-04,2026春秋地区大会＋所在地で学校単位を照合（越境合同は恒常所属に反映しない）
SAM005035,PRG000471,ASM000061,AREA000105,2026,SRC000271,2026-10-04,2026春秋地区大会＋所在地で学校単位を照合（越境合同は恒常所属に反映しない）
SAM005036,PRG000472,ASM000061,AREA000105,2026,SRC000271,2026-10-04,2026春秋地区大会＋所在地で学校単位を照合（越境合同は恒常所属に反映しない）
SAM005037,PRG000473,ASM000061,AREA000105,2026,SRC000271,2026-10-04,2026春秋地区大会＋所在地で学校単位を照合（越境合同は恒常所属に反映しない）
SAM005038,PRG000474,ASM000061,AREA000105,2026,SRC000271,2026-10-04,2026春秋地区大会＋所在地で学校単位を照合（越境合同は恒常所属に反映しない）
SAM005039,PRG000475,ASM000061,AREA000105,2026,SRC000271,2026-10-04,2026春秋地区大会＋所在地で学校単位を照合（越境合同は恒常所属に反映しない）
SAM005040,PRG000476,ASM000061,AREA000105,2026,SRC000271,2026-10-04,2026春秋地区大会＋所在地で学校単位を照合（越境合同は恒常所属に反映しない）
SAM005041,PRG000477,ASM000061,AREA000105,2026,SRC000271,2026-10-04,2026春秋地区大会＋所在地で学校単位を照合（越境合同は恒常所属に反映しない）
SAM005042,PRG000478,ASM000061,AREA000105,2026,SRC000271,2026-10-04,2026春秋地区大会＋所在地で学校単位を照合（越境合同は恒常所属に反映しない）
SAM005043,PRG000479,ASM000061,AREA000105,2026,SRC000271,2026-10-04,2026春秋地区大会＋所在地で学校単位を照合（越境合同は恒常所属に反映しない）
SAM005044,PRG000480,ASM000061,AREA000106,2026,SRC000271,2026-10-04,2026春秋地区大会＋所在地で学校単位を照合（越境合同は恒常所属に反映しない）
SAM005045,PRG000481,ASM000061,AREA000106,2026,SRC000271,2026-10-04,2026春秋地区大会＋所在地で学校単位を照合（越境合同は恒常所属に反映しない）
SAM005046,PRG000482,ASM000061,AREA000106,2026,SRC000271,2026-10-04,2026春秋地区大会＋所在地で学校単位を照合（越境合同は恒常所属に反映しない）
SAM005047,PRG000483,ASM000061,AREA000106,2026,SRC000271,2026-10-04,2026春秋地区大会＋所在地で学校単位を照合（越境合同は恒常所属に反映しない）
SAM005048,PRG000484,ASM000061,AREA000106,2026,SRC000271,2026-10-04,2026春秋地区大会＋所在地で学校単位を照合（越境合同は恒常所属に反映しない）
SAM005049,PRG000485,ASM000061,AREA000106,2026,SRC000271,2026-10-04,2026春秋地区大会＋所在地で学校単位を照合（越境合同は恒常所属に反映しない）
SAM005050,PRG000486,ASM000061,AREA000106,2026,SRC000271,2026-10-04,2026春秋地区大会＋所在地で学校単位を照合（越境合同は恒常所属に反映しない）
SAM005051,PRG000487,ASM000061,AREA000106,2026,SRC000271,2026-10-04,2026春秋地区大会＋所在地で学校単位を照合（越境合同は恒常所属に反映しない）
SAM005052,PRG000488,ASM000061,AREA000107,2026,SRC000271,2026-10-04,2026春秋地区大会＋所在地で学校単位を照合（越境合同は恒常所属に反映しない）
SAM005053,PRG000489,ASM000061,AREA000107,2026,SRC000271,2026-10-04,2026春秋地区大会＋所在地で学校単位を照合（越境合同は恒常所属に反映しない）
SAM005054,PRG000490,ASM000061,AREA000107,2026,SRC000271,2026-10-04,2026春秋地区大会＋所在地で学校単位を照合（越境合同は恒常所属に反映しない）
SAM005055,PRG000491,ASM000061,AREA000108,2026,SRC000271,2026-10-04,2026春秋地区大会＋所在地で学校単位を照合（越境合同は恒常所属に反映しない）
SAM005056,PRG000492,ASM000061,AREA000108,2026,SRC000271,2026-10-04,2026春秋地区大会＋所在地で学校単位を照合（越境合同は恒常所属に反映しない）
SAM005057,PRG000494,ASM000061,AREA000108,2026,SRC000271,2026-10-04,2026春秋地区大会＋所在地で学校単位を照合（越境合同は恒常所属に反映しない）
SAM005058,PRG000495,ASM000061,AREA000108,2026,SRC000271,2026-10-04,2026春秋地区大会＋所在地で学校単位を照合（越境合同は恒常所属に反映しない）
SAM005059,PRG000496,ASM000061,AREA000108,2026,SRC000271,2026-10-04,2026春秋地区大会＋所在地で学校単位を照合（越境合同は恒常所属に反映しない）
SAM005060,PRG000497,ASM000061,AREA000108,2026,SRC000271,2026-10-04,2026春秋地区大会＋所在地で学校単位を照合（越境合同は恒常所属に反映しない）
SAM005061,PRG002720,ASM000062,AREA000111,2026,SRC000094,2026-10-04,県高野連公式加盟校一覧の地区欄を2026加盟校マスターへ照合
SAM005062,PRG002721,ASM000062,AREA000110,2026,SRC000094,2026-10-04,県高野連公式加盟校一覧の地区欄を2026加盟校マスターへ照合
SAM005063,PRG002722,ASM000062,AREA000109,2026,SRC000094,2026-10-04,県高野連公式加盟校一覧の地区欄を2026加盟校マスターへ照合
SAM005064,PRG002723,ASM000062,AREA000114,2026,SRC000094,2026-10-04,県高野連公式加盟校一覧の地区欄を2026加盟校マスターへ照合
SAM005065,PRG002724,ASM000062,AREA000114,2026,SRC000094,2026-10-04,県高野連公式加盟校一覧の地区欄を2026加盟校マスターへ照合
SAM005066,PRG002725,ASM000062,AREA000113,2026,SRC000094,2026-10-04,県高野連公式加盟校一覧の地区欄を2026加盟校マスターへ照合
SAM005067,PRG002726,ASM000062,AREA000113,2026,SRC000094,2026-10-04,県高野連公式加盟校一覧の地区欄を2026加盟校マスターへ照合
SAM005068,PRG002727,ASM000062,AREA000109,2026,SRC000094,2026-10-04,県高野連公式加盟校一覧の地区欄を2026加盟校マスターへ照合
SAM005069,PRG002728,ASM000062,AREA000114,2026,SRC000094,2026-10-04,県高野連公式加盟校一覧の地区欄を2026加盟校マスターへ照合
SAM005070,PRG002729,ASM000062,AREA000109,2026,SRC000094,2026-10-04,県高野連公式加盟校一覧の地区欄を2026加盟校マスターへ照合
SAM005071,PRG002730,ASM000062,AREA000110,2026,SRC000094,2026-10-04,県高野連公式加盟校一覧の地区欄を2026加盟校マスターへ照合
SAM005072,PRG002731,ASM000062,AREA000112,2026,SRC000094,2026-10-04,県高野連公式加盟校一覧の地区欄を2026加盟校マスターへ照合
SAM005073,PRG002732,ASM000062,AREA000111,2026,SRC000094,2026-10-04,県高野連公式加盟校一覧の地区欄を2026加盟校マスターへ照合
SAM005074,PRG002733,ASM000062,AREA000111,2026,SRC000094,2026-10-04,県高野連公式加盟校一覧の地区欄を2026加盟校マスターへ照合
SAM005075,PRG002734,ASM000062,AREA000113,2026,SRC000094,2026-10-04,県高野連公式加盟校一覧の地区欄を2026加盟校マスターへ照合
SAM005076,PRG002735,ASM000062,AREA000110,2026,SRC000094,2026-10-04,県高野連公式加盟校一覧の地区欄を2026加盟校マスターへ照合
SAM005077,PRG002736,ASM000062,AREA000111,2026,SRC000094,2026-10-04,県高野連公式加盟校一覧の地区欄を2026加盟校マスターへ照合
SAM005078,PRG002737,ASM000062,AREA000111,2026,SRC000094,2026-10-04,県高野連公式加盟校一覧の地区欄を2026加盟校マスターへ照合
SAM005079,PRG002738,ASM000062,AREA000110,2026,SRC000094,2026-10-04,県高野連公式加盟校一覧の地区欄を2026加盟校マスターへ照合
SAM005080,PRG002739,ASM000062,AREA000112,2026,SRC000094,2026-10-04,県高野連公式加盟校一覧の地区欄を2026加盟校マスターへ照合
SAM005081,PRG002740,ASM000062,AREA000116,2026,SRC000094,2026-10-04,県高野連公式加盟校一覧の地区欄を2026加盟校マスターへ照合
SAM005082,PRG002741,ASM000062,AREA000110,2026,SRC000094,2026-10-04,県高野連公式加盟校一覧の地区欄を2026加盟校マスターへ照合
SAM005083,PRG002742,ASM000062,AREA000111,2026,SRC000094,2026-10-04,県高野連公式加盟校一覧の地区欄を2026加盟校マスターへ照合
SAM005084,PRG002743,ASM000062,AREA000110,2026,SRC000094,2026-10-04,県高野連公式加盟校一覧の地区欄を2026加盟校マスターへ照合
SAM005085,PRG002744,ASM000062,AREA000109,2026,SRC000094,2026-10-04,県高野連公式加盟校一覧の地区欄を2026加盟校マスターへ照合
SAM005086,PRG002745,ASM000062,AREA000113,2026,SRC000094,2026-10-04,県高野連公式加盟校一覧の地区欄を2026加盟校マスターへ照合
SAM005087,PRG002746,ASM000062,AREA000112,2026,SRC000094,2026-10-04,県高野連公式加盟校一覧の地区欄を2026加盟校マスターへ照合
SAM005088,PRG002747,ASM000062,AREA000113,2026,SRC000094,2026-10-04,県高野連公式加盟校一覧の地区欄を2026加盟校マスターへ照合
SAM005089,PRG002748,ASM000062,AREA000110,2026,SRC000094,2026-10-04,県高野連公式加盟校一覧の地区欄を2026加盟校マスターへ照合
SAM005090,PRG002749,ASM000062,AREA000113,2026,SRC000094,2026-10-04,県高野連公式加盟校一覧の地区欄を2026加盟校マスターへ照合
SAM005091,PRG002750,ASM000062,AREA000116,2026,SRC000094,2026-10-04,県高野連公式加盟校一覧の地区欄を2026加盟校マスターへ照合
SAM005092,PRG002751,ASM000062,AREA000111,2026,SRC000094,2026-10-04,県高野連公式加盟校一覧の地区欄を2026加盟校マスターへ照合
SAM005093,PRG002752,ASM000062,AREA000114,2026,SRC000094,2026-10-04,県高野連公式加盟校一覧の地区欄を2026加盟校マスターへ照合
SAM005094,PRG002753,ASM000062,AREA000114,2026,SRC000094,2026-10-04,県高野連公式加盟校一覧の地区欄を2026加盟校マスターへ照合
SAM005095,PRG002754,ASM000062,AREA000110,2026,SRC000094,2026-10-04,県高野連公式加盟校一覧の地区欄を2026加盟校マスターへ照合
SAM005096,PRG002755,ASM000062,AREA000112,2026,SRC000094,2026-10-04,県高野連公式加盟校一覧の地区欄を2026加盟校マスターへ照合
SAM005097,PRG002756,ASM000062,AREA000115,2026,SRC000094,2026-10-04,県高野連公式加盟校一覧の地区欄を2026加盟校マスターへ照合
SAM005098,PRG002757,ASM000062,AREA000112,2026,SRC000094,2026-10-04,県高野連公式加盟校一覧の地区欄を2026加盟校マスターへ照合
SAM005099,PRG002758,ASM000062,AREA000116,2026,SRC000094,2026-10-04,県高野連公式加盟校一覧の地区欄を2026加盟校マスターへ照合
SAM005100,PRG002759,ASM000062,AREA000111,2026,SRC000094,2026-10-04,県高野連公式加盟校一覧の地区欄を2026加盟校マスターへ照合
SAM005101,PRG002760,ASM000062,AREA000112,2026,SRC000094,2026-10-04,県高野連公式加盟校一覧の地区欄を2026加盟校マスターへ照合
SAM005102,PRG002761,ASM000062,AREA000110,2026,SRC000094,2026-10-04,県高野連公式加盟校一覧の地区欄を2026加盟校マスターへ照合
SAM005103,PRG002762,ASM000062,AREA000109,2026,SRC000094,2026-10-04,県高野連公式加盟校一覧の地区欄を2026加盟校マスターへ照合
SAM005104,PRG002763,ASM000062,AREA000112,2026,SRC000094,2026-10-04,県高野連公式加盟校一覧の地区欄を2026加盟校マスターへ照合
SAM005105,PRG002764,ASM000062,AREA000111,2026,SRC000094,2026-10-04,県高野連公式加盟校一覧の地区欄を2026加盟校マスターへ照合
SAM005106,PRG002765,ASM000062,AREA000112,2026,SRC000094,2026-10-04,県高野連公式加盟校一覧の地区欄を2026加盟校マスターへ照合
SAM005107,PRG002766,ASM000062,AREA000112,2026,SRC000094,2026-10-04,県高野連公式加盟校一覧の地区欄を2026加盟校マスターへ照合
SAM005108,PRG002767,ASM000062,AREA000113,2026,SRC000094,2026-10-04,県高野連公式加盟校一覧の地区欄を2026加盟校マスターへ照合
SAM005109,PRG002768,ASM000062,AREA000113,2026,SRC000094,2026-10-04,県高野連公式加盟校一覧の地区欄を2026加盟校マスターへ照合
SAM005110,PRG002769,ASM000062,AREA000115,2026,SRC000094,2026-10-04,県高野連公式加盟校一覧の地区欄を2026加盟校マスターへ照合
SAM005111,PRG002770,ASM000062,AREA000115,2026,SRC000094,2026-10-04,県高野連公式加盟校一覧の地区欄を2026加盟校マスターへ照合
SAM005112,PRG002771,ASM000062,AREA000110,2026,SRC000094,2026-10-04,県高野連公式加盟校一覧の地区欄を2026加盟校マスターへ照合
SAM005113,PRG002772,ASM000062,AREA000113,2026,SRC000094,2026-10-04,県高野連公式加盟校一覧の地区欄を2026加盟校マスターへ照合
SAM005114,PRG002773,ASM000062,AREA000111,2026,SRC000094,2026-10-04,県高野連公式加盟校一覧の地区欄を2026加盟校マスターへ照合
SAM005115,PRG002774,ASM000062,AREA000109,2026,SRC000094,2026-10-04,県高野連公式加盟校一覧の地区欄を2026加盟校マスターへ照合
SAM005116,PRG002775,ASM000062,AREA000109,2026,SRC000094,2026-10-04,県高野連公式加盟校一覧の地区欄を2026加盟校マスターへ照合
SAM005117,PRG002776,ASM000062,AREA000109,2026,SRC000094,2026-10-04,県高野連公式加盟校一覧の地区欄を2026加盟校マスターへ照合
SAM005118,PRG002777,ASM000062,AREA000114,2026,SRC000094,2026-10-04,県高野連公式加盟校一覧の地区欄を2026加盟校マスターへ照合
SAM005119,PRG002778,ASM000062,AREA000114,2026,SRC000094,2026-10-04,県高野連公式加盟校一覧の地区欄を2026加盟校マスターへ照合
SAM005120,PRG002779,ASM000062,AREA000114,2026,SRC000094,2026-10-04,県高野連公式加盟校一覧の地区欄を2026加盟校マスターへ照合
SAM005121,PRG002780,ASM000062,AREA000112,2026,SRC000094,2026-10-04,県高野連公式加盟校一覧の地区欄を2026加盟校マスターへ照合
SAM005122,PRG002781,ASM000062,AREA000109,2026,SRC000094,2026-10-04,県高野連公式加盟校一覧の地区欄を2026加盟校マスターへ照合
SAM005123,PRG000001,ASM000063,AREA000117,2026,SRC000049,2026-10-04,2026年度の公式地区制度・地区大会を基に青森地区所属として登録。
SAM005124,PRG000002,ASM000063,AREA000117,2026,SRC000049,2026-10-04,2026年度の公式地区制度・地区大会を基に青森地区所属として登録。
SAM005125,PRG000003,ASM000063,AREA000117,2026,SRC000049,2026-10-04,2026年度の公式地区制度・地区大会を基に青森地区所属として登録。
SAM005126,PRG000004,ASM000063,AREA000117,2026,SRC000049,2026-10-04,2026年度の公式地区制度・地区大会を基に青森地区所属として登録。
SAM005127,PRG000005,ASM000063,AREA000117,2026,SRC000049,2026-10-04,2026年度の公式地区制度・地区大会を基に青森地区所属として登録。
SAM005128,PRG000006,ASM000063,AREA000117,2026,SRC000049,2026-10-04,2026年度の公式地区制度・地区大会を基に青森地区所属として登録。
SAM005129,PRG000007,ASM000063,AREA000117,2026,SRC000049,2026-10-04,2026年度の公式地区制度・地区大会を基に青森地区所属として登録。
SAM005130,PRG000008,ASM000063,AREA000117,2026,SRC000049,2026-10-04,2026年度の公式地区制度・地区大会を基に青森地区所属として登録。
SAM005131,PRG000009,ASM000063,AREA000117,2026,SRC000049,2026-10-04,2026年度の公式地区制度・地区大会を基に青森地区所属として登録。
SAM005132,PRG000010,ASM000063,AREA000117,2026,SRC000049,2026-10-04,2026年度の公式地区制度・地区大会を基に青森地区所属として登録。
SAM005133,PRG000011,ASM000063,AREA000117,2026,SRC000049,2026-10-04,2026年度の公式地区制度・地区大会を基に青森地区所属として登録。
SAM005134,PRG000012,ASM000063,AREA000117,2026,SRC000049,2026-10-04,2026年度の公式地区制度・地区大会を基に青森地区所属として登録。
SAM005135,PRG000013,ASM000063,AREA000118,2026,SRC000049,2026-10-04,2026年度の公式地区制度・地区大会を基に弘前地区所属として登録。
SAM005136,PRG000014,ASM000063,AREA000118,2026,SRC000049,2026-10-04,2026年度の公式地区制度・地区大会を基に弘前地区所属として登録。
SAM005137,PRG000015,ASM000063,AREA000118,2026,SRC000049,2026-10-04,2026年度の公式地区制度・地区大会を基に弘前地区所属として登録。
SAM005138,PRG000016,ASM000063,AREA000118,2026,SRC000049,2026-10-04,2026年度の公式地区制度・地区大会を基に弘前地区所属として登録。
SAM005139,PRG000017,ASM000063,AREA000118,2026,SRC000049,2026-10-04,2026年度の公式地区制度・地区大会を基に弘前地区所属として登録。
SAM005140,PRG000018,ASM000063,AREA000118,2026,SRC000049,2026-10-04,2026年度の公式地区制度・地区大会を基に弘前地区所属として登録。
SAM005141,PRG000019,ASM000063,AREA000118,2026,SRC000049,2026-10-04,2026年度の公式地区制度・地区大会を基に弘前地区所属として登録。
SAM005142,PRG000020,ASM000063,AREA000118,2026,SRC000049,2026-10-04,2026年度の公式地区制度・地区大会を基に弘前地区所属として登録。
SAM005143,PRG000021,ASM000063,AREA000118,2026,SRC000049,2026-10-04,2026年度の公式地区制度・地区大会を基に弘前地区所属として登録。
SAM005144,PRG000022,ASM000063,AREA000118,2026,SRC000049,2026-10-04,2026年度の公式地区制度・地区大会を基に弘前地区所属として登録。
SAM005145,PRG000023,ASM000063,AREA000119,2026,SRC000049,2026-10-04,2026年度の公式地区制度・地区大会を基に八戸地区所属として登録。
SAM005146,PRG000024,ASM000063,AREA000119,2026,SRC000049,2026-10-04,2026年度の公式地区制度・地区大会を基に八戸地区所属として登録。
SAM005147,PRG000025,ASM000063,AREA000119,2026,SRC000049,2026-10-04,2026年度の公式地区制度・地区大会を基に八戸地区所属として登録。
SAM005148,PRG000026,ASM000063,AREA000119,2026,SRC000049,2026-10-04,2026年度の公式地区制度・地区大会を基に八戸地区所属として登録。
SAM005149,PRG000027,ASM000063,AREA000119,2026,SRC000049,2026-10-04,2026年度の公式地区制度・地区大会を基に八戸地区所属として登録。
SAM005150,PRG000028,ASM000063,AREA000119,2026,SRC000049,2026-10-04,2026年度の公式地区制度・地区大会を基に八戸地区所属として登録。
SAM005151,PRG000029,ASM000063,AREA000119,2026,SRC000049,2026-10-04,2026年度の公式地区制度・地区大会を基に八戸地区所属として登録。
SAM005152,PRG000030,ASM000063,AREA000119,2026,SRC000049,2026-10-04,2026年度の公式地区制度・地区大会を基に八戸地区所属として登録。
SAM005153,PRG000031,ASM000063,AREA000119,2026,SRC000049,2026-10-04,2026年度の公式地区制度・地区大会を基に八戸地区所属として登録。
SAM005154,PRG000032,ASM000063,AREA000119,2026,SRC000049,2026-10-04,2026年度の公式地区制度・地区大会を基に八戸地区所属として登録。
SAM005155,PRG000033,ASM000063,AREA000119,2026,SRC000049,2026-10-04,2026年度の公式地区制度・地区大会を基に八戸地区所属として登録。
SAM005156,PRG000034,ASM000063,AREA000119,2026,SRC000049,2026-10-04,2026年度の公式地区制度・地区大会を基に八戸地区所属として登録。
SAM005157,PRG000035,ASM000063,AREA000119,2026,SRC000049,2026-10-04,2026年度の公式地区制度・地区大会を基に八戸地区所属として登録。
SAM005158,PRG000036,ASM000063,AREA000120,2026,SRC000049,2026-10-04,2026年度の公式地区制度・地区大会を基に五所川原地区所属として登録。
SAM005159,PRG000037,ASM000063,AREA000120,2026,SRC000049,2026-10-04,2026年度の公式地区制度・地区大会を基に五所川原地区所属として登録。
SAM005160,PRG000038,ASM000063,AREA000120,2026,SRC000049,2026-10-04,2026年度の公式地区制度・地区大会を基に五所川原地区所属として登録。
SAM005161,PRG000039,ASM000063,AREA000120,2026,SRC000049,2026-10-04,2026年度の公式地区制度・地区大会を基に五所川原地区所属として登録。
SAM005162,PRG000040,ASM000063,AREA000120,2026,SRC000049,2026-10-04,2026年度の公式地区制度・地区大会を基に五所川原地区所属として登録。
SAM005163,PRG000041,ASM000063,AREA000121,2026,SRC000049,2026-10-04,2026年度の公式地区制度・地区大会を基に十和田地区所属として登録。
SAM005164,PRG000042,ASM000063,AREA000121,2026,SRC000049,2026-10-04,2026年度の公式地区制度・地区大会を基に十和田地区所属として登録。
SAM005165,PRG000043,ASM000063,AREA000121,2026,SRC000049,2026-10-04,2026年度の公式地区制度・地区大会を基に十和田地区所属として登録。
SAM005166,PRG000044,ASM000063,AREA000121,2026,SRC000049,2026-10-04,2026年度の公式地区制度・地区大会を基に十和田地区所属として登録。
SAM005167,PRG000045,ASM000063,AREA000121,2026,SRC000049,2026-10-04,2026年度の公式地区制度・地区大会を基に十和田地区所属として登録。
SAM005168,PRG000046,ASM000063,AREA000121,2026,SRC000049,2026-10-04,2026年度の公式地区制度・地区大会を基に十和田地区所属として登録。
SAM005169,PRG000047,ASM000063,AREA000121,2026,SRC000049,2026-10-04,2026年度の公式地区制度・地区大会を基に十和田地区所属として登録。
SAM005170,PRG000048,ASM000063,AREA000121,2026,SRC000049,2026-10-04,2026年度の公式地区制度・地区大会を基に十和田地区所属として登録。
SAM005171,PRG000049,ASM000063,AREA000121,2026,SRC000049,2026-10-04,2026年度の公式地区制度・地区大会を基に十和田地区所属として登録。
SAM005172,PRG000050,ASM000063,AREA000122,2026,SRC000049,2026-10-04,2026年度の公式地区制度・地区大会を基にむつ地区所属として登録。
SAM005173,PRG000051,ASM000063,AREA000122,2026,SRC000049,2026-10-04,2026年度の公式地区制度・地区大会を基にむつ地区所属として登録。
SAM005174,PRG000052,ASM000063,AREA000122,2026,SRC000049,2026-10-04,2026年度の公式地区制度・地区大会を基にむつ地区所属として登録。
SAM005175,PRG000053,ASM000063,AREA000122,2026,SRC000049,2026-10-04,2026年度の公式地区制度・地区大会を基にむつ地区所属として登録。
SAM005176,PRG002783,ASM000064,AREA000123,2026,SRC000273,2026-10-04,2026年度の公式地区制度・地区大会を基に盛岡地区所属として登録。
SAM005177,PRG002794,ASM000064,AREA000123,2026,SRC000273,2026-10-04,2026年度の公式地区制度・地区大会を基に盛岡地区所属として登録。
SAM005178,PRG002801,ASM000064,AREA000123,2026,SRC000273,2026-10-04,2026年度の公式地区制度・地区大会を基に盛岡地区所属として登録。
SAM005179,PRG002802,ASM000064,AREA000123,2026,SRC000273,2026-10-04,2026年度の公式地区制度・地区大会を基に盛岡地区所属として登録。
SAM005180,PRG002806,ASM000064,AREA000123,2026,SRC000273,2026-10-04,2026年度の公式地区制度・地区大会を基に盛岡地区所属として登録。
SAM005181,PRG002809,ASM000064,AREA000123,2026,SRC000273,2026-10-04,2026年度の公式地区制度・地区大会を基に盛岡地区所属として登録。
SAM005182,PRG002824,ASM000064,AREA000123,2026,SRC000273,2026-10-04,2026年度の公式地区制度・地区大会を基に盛岡地区所属として登録。
SAM005183,PRG002816,ASM000064,AREA000123,2026,SRC000273,2026-10-04,2026年度の公式地区制度・地区大会を基に盛岡地区所属として登録。
SAM005184,PRG002830,ASM000064,AREA000123,2026,SRC000273,2026-10-04,2026春季沿岸地区で合同参加したが、学校所在地に基づく恒常支部は盛岡支部として維持。
SAM005185,PRG002833,ASM000064,AREA000123,2026,SRC000273,2026-10-04,2026年度の公式地区制度・地区大会を基に盛岡地区所属として登録。
SAM005186,PRG002834,ASM000064,AREA000123,2026,SRC000273,2026-10-04,2026年度の公式地区制度・地区大会を基に盛岡地区所属として登録。
SAM005187,PRG002835,ASM000064,AREA000123,2026,SRC000273,2026-10-04,2026年度の公式地区制度・地区大会を基に盛岡地区所属として登録。
SAM005188,PRG002837,ASM000064,AREA000123,2026,SRC000273,2026-10-04,2026年度の公式地区制度・地区大会を基に盛岡地区所属として登録。
SAM005189,PRG002838,ASM000064,AREA000123,2026,SRC000273,2026-10-04,2026年度の公式地区制度・地区大会を基に盛岡地区所属として登録。
SAM005190,PRG002839,ASM000064,AREA000123,2026,SRC000273,2026-10-04,2026年度の公式地区制度・地区大会を基に盛岡地区所属として登録。
SAM005191,PRG002841,ASM000064,AREA000124,2026,SRC000291,2026-10-04,2025年公式花北地区予選の「緑峰・紫波」合同参加を根拠に、恒常所属を花北地区として登録。
SAM005192,PRG002782,ASM000064,AREA000124,2026,SRC000274,2026-10-04,2026年度の公式地区制度・地区大会を基に花北地区所属として登録。
SAM005193,PRG002785,ASM000064,AREA000124,2026,SRC000274,2026-10-04,2026年度の公式地区制度・地区大会を基に花北地区所属として登録。
SAM005194,PRG002792,ASM000064,AREA000124,2026,SRC000274,2026-10-04,2026年度の公式地区制度・地区大会を基に花北地区所属として登録。
SAM005195,PRG002798,ASM000064,AREA000124,2026,SRC000274,2026-10-04,2026年度の公式地区制度・地区大会を基に花北地区所属として登録。
SAM005196,PRG002800,ASM000064,AREA000124,2026,SRC000274,2026-10-04,2026年度の公式地区制度・地区大会を基に花北地区所属として登録。
SAM005197,PRG002807,ASM000064,AREA000124,2026,SRC000274,2026-10-04,2026年度の公式地区制度・地区大会を基に花北地区所属として登録。
SAM005198,PRG002811,ASM000064,AREA000124,2026,SRC000274,2026-10-04,2026年度の公式地区制度・地区大会を基に花北地区所属として登録。
SAM005199,PRG002812,ASM000064,AREA000124,2026,SRC000274,2026-10-04,2026年度の公式地区制度・地区大会を基に花北地区所属として登録。
SAM005200,PRG002817,ASM000064,AREA000124,2026,SRC000274,2026-10-04,2026年度の公式地区制度・地区大会を基に花北地区所属として登録。
SAM005201,PRG002820,ASM000064,AREA000124,2026,SRC000274,2026-10-04,2026年度の公式地区制度・地区大会を基に花北地区所属として登録。
SAM005202,PRG002831,ASM000064,AREA000124,2026,SRC000274,2026-10-04,2026春季沿岸地区で合同参加したが、学校所在地・通常の地域区分に基づく恒常支部は花北支部として維持。
SAM005203,PRG002790,ASM000064,AREA000125,2026,SRC000275,2026-10-04,2026年度の公式地区制度・地区大会を基に県南地区所属として登録。
SAM005204,PRG002791,ASM000064,AREA000125,2026,SRC000275,2026-10-04,2026年度の公式地区制度・地区大会を基に県南地区所属として登録。
SAM005205,PRG002795,ASM000064,AREA000125,2026,SRC000275,2026-10-04,2026年度の公式地区制度・地区大会を基に県南地区所属として登録。
SAM005206,PRG002797,ASM000064,AREA000125,2026,SRC000275,2026-10-04,2026年度の公式地区制度・地区大会を基に県南地区所属として登録。
SAM005207,PRG002804,ASM000064,AREA000125,2026,SRC000275,2026-10-04,2026年度の公式地区制度・地区大会を基に県南地区所属として登録。
SAM005208,PRG002805,ASM000064,AREA000125,2026,SRC000275,2026-10-04,2026年度の公式地区制度・地区大会を基に県南地区所属として登録。
SAM005209,PRG002813,ASM000064,AREA000125,2026,SRC000275,2026-10-04,2026年度の公式地区制度・地区大会を基に県南地区所属として登録。
SAM005210,PRG002814,ASM000064,AREA000125,2026,SRC000275,2026-10-04,2026年度の公式地区制度・地区大会を基に県南地区所属として登録。
SAM005211,PRG002815,ASM000064,AREA000125,2026,SRC000275,2026-10-04,2026年度の公式地区制度・地区大会を基に県南地区所属として登録。
SAM005212,PRG002819,ASM000064,AREA000125,2026,SRC000275,2026-10-04,2026年度の公式地区制度・地区大会を基に県南地区所属として登録。
SAM005213,PRG002821,ASM000064,AREA000125,2026,SRC000275,2026-10-04,2026年度の公式地区制度・地区大会を基に県南地区所属として登録。
SAM005214,PRG002822,ASM000064,AREA000125,2026,SRC000275,2026-10-04,2026年度の公式地区制度・地区大会を基に県南地区所属として登録。
SAM005215,PRG002826,ASM000064,AREA000125,2026,SRC000275,2026-10-04,2026年度の公式地区制度・地区大会を基に県南地区所属として登録。
SAM005216,PRG002832,ASM000064,AREA000125,2026,SRC000275,2026-10-04,2026春季沿岸地区で合同参加したが、学校所在地・通常の地域区分に基づく恒常支部は県南支部として維持。
SAM005217,PRG002836,ASM000064,AREA000125,2026,SRC000275,2026-10-04,2026年度の公式地区制度・地区大会を基に県南地区所属として登録。
SAM005218,PRG002840,ASM000064,AREA000125,2026,SRC000275,2026-10-04,2026年度の公式地区制度・地区大会を基に県南地区所属として登録。
SAM005219,PRG002784,ASM000064,AREA000126,2026,SRC000276,2026-10-04,2026年度の公式地区制度・地区大会を基に沿岸地区所属として登録。
SAM005220,PRG002799,ASM000064,AREA000126,2026,SRC000276,2026-10-04,2026年度の公式地区制度・地区大会を基に沿岸地区所属として登録。
SAM005221,PRG002808,ASM000064,AREA000126,2026,SRC000276,2026-10-04,2026年度の公式地区制度・地区大会を基に沿岸地区所属として登録。
SAM005222,PRG002810,ASM000064,AREA000126,2026,SRC000276,2026-10-04,2026年度の公式地区制度・地区大会を基に沿岸地区所属として登録。
SAM005223,PRG002818,ASM000064,AREA000126,2026,SRC000276,2026-10-04,2026年度の公式地区制度・地区大会を基に沿岸地区所属として登録。
SAM005224,PRG002823,ASM000064,AREA000126,2026,SRC000276,2026-10-04,2026年度の公式地区制度・地区大会を基に沿岸地区所属として登録。
SAM005225,PRG002825,ASM000064,AREA000126,2026,SRC000276,2026-10-04,2026年度の公式地区制度・地区大会を基に沿岸地区所属として登録。
SAM005226,PRG002827,ASM000064,AREA000126,2026,SRC000276,2026-10-04,2026年度の公式地区制度・地区大会を基に沿岸地区所属として登録。
SAM005227,PRG002828,ASM000064,AREA000126,2026,SRC000276,2026-10-04,2026年度の公式地区制度・地区大会を基に沿岸地区所属として登録。
SAM005228,PRG002829,ASM000064,AREA000126,2026,SRC000276,2026-10-04,2026年度の公式地区制度・地区大会を基に沿岸地区所属として登録。
SAM005229,PRG002786,ASM000064,AREA000127,2026,SRC000277,2026-10-04,2026年度の公式地区制度・地区大会を基に県北地区所属として登録。
SAM005230,PRG002787,ASM000064,AREA000127,2026,SRC000277,2026-10-04,2026年度の公式地区制度・地区大会を基に県北地区所属として登録。
SAM005231,PRG002788,ASM000064,AREA000127,2026,SRC000277,2026-10-04,2026年度の公式地区制度・地区大会を基に県北地区所属として登録。
SAM005232,PRG002789,ASM000064,AREA000127,2026,SRC000277,2026-10-04,2026年度の公式地区制度・地区大会を基に県北地区所属として登録。
SAM005233,PRG002793,ASM000064,AREA000127,2026,SRC000277,2026-10-04,2026年度の公式地区制度・地区大会を基に県北地区所属として登録。
SAM005234,PRG002796,ASM000064,AREA000127,2026,SRC000277,2026-10-04,2026年度の公式地区制度・地区大会を基に県北地区所属として登録。
SAM005235,PRG002803,ASM000064,AREA000127,2026,SRC000277,2026-10-04,2026年度の公式地区制度・地区大会を基に県北地区所属として登録。
SAM005236,PRG002842,ASM000064,AREA000127,2026,SRC000277,2026-10-04,2026年度の公式地区制度・地区大会を基に県北地区所属として登録。
SAM005237,PRG001905,ASM000065,AREA000128,2026,SRC000279,2026-10-04,2026年度の公式地区制度・地区大会を基に中部地区所属として登録。
SAM005238,PRG001881,ASM000065,AREA000128,2026,SRC000279,2026-10-04,2026年度の公式地区制度・地区大会を基に中部地区所属として登録。
SAM005239,PRG001885,ASM000065,AREA000128,2026,SRC000279,2026-10-04,2026年度の公式地区制度・地区大会を基に中部地区所属として登録。
SAM005240,PRG001915,ASM000065,AREA000128,2026,SRC000279,2026-10-04,2026年度の公式地区制度・地区大会を基に中部地区所属として登録。
SAM005241,PRG001901,ASM000065,AREA000128,2026,SRC000279,2026-10-04,2026年度の公式地区制度・地区大会を基に中部地区所属として登録。
SAM005242,PRG001889,ASM000065,AREA000128,2026,SRC000279,2026-10-04,2026年度の公式地区制度・地区大会を基に中部地区所属として登録。
SAM005243,PRG001863,ASM000065,AREA000128,2026,SRC000279,2026-10-04,2026年度の公式地区制度・地区大会を基に中部地区所属として登録。
SAM005244,PRG001910,ASM000065,AREA000128,2026,SRC000279,2026-10-04,2026年度の公式地区制度・地区大会を基に中部地区所属として登録。
SAM005245,PRG001870,ASM000065,AREA000128,2026,SRC000279,2026-10-04,2026年度の公式地区制度・地区大会を基に中部地区所属として登録。
SAM005246,PRG001893,ASM000065,AREA000128,2026,SRC000279,2026-10-04,2026年度の公式地区制度・地区大会を基に中部地区所属として登録。
SAM005247,PRG001922,ASM000065,AREA000128,2026,SRC000279,2026-10-04,2026年度の公式地区制度・地区大会を基に中部地区所属として登録。
SAM005248,PRG001866,ASM000065,AREA000128,2026,SRC000279,2026-10-04,2026年度の公式地区制度・地区大会を基に中部地区所属として登録。
SAM005249,PRG001897,ASM000065,AREA000128,2026,SRC000279,2026-10-04,2026年度の公式地区制度・地区大会を基に中部地区所属として登録。
SAM005250,PRG001919,ASM000065,AREA000128,2026,SRC000279,2026-10-04,2026年度の公式地区制度・地区大会を基に中部地区所属として登録。
SAM005251,PRG001909,ASM000065,AREA000128,2026,SRC000279,2026-10-04,2026年度の公式地区制度・地区大会を基に中部地区所属として登録。
SAM005252,PRG001878,ASM000065,AREA000128,2026,SRC000279,2026-10-04,2026年度の公式地区制度・地区大会を基に中部地区所属として登録。
SAM005253,PRG001874,ASM000065,AREA000128,2026,SRC000279,2026-10-04,2026年度の公式地区制度・地区大会を基に中部地区所属として登録。
SAM005254,PRG001896,ASM000065,AREA000129,2026,SRC000280,2026-10-04,2026年度の公式地区制度・地区大会を基に南部地区所属として登録。
SAM005255,PRG001918,ASM000065,AREA000129,2026,SRC000280,2026-10-04,2026年度の公式地区制度・地区大会を基に南部地区所属として登録。
SAM005256,PRG001914,ASM000065,AREA000129,2026,SRC000280,2026-10-04,2026年度の公式地区制度・地区大会を基に南部地区所属として登録。
SAM005257,PRG001924,ASM000065,AREA000129,2026,SRC000280,2026-10-04,2026年度の公式地区制度・地区大会を基に南部地区所属として登録。
SAM005258,PRG001869,ASM000065,AREA000129,2026,SRC000280,2026-10-04,2026年度の公式地区制度・地区大会を基に南部地区所属として登録。
SAM005259,PRG001908,ASM000065,AREA000129,2026,SRC000280,2026-10-04,2026年度の公式地区制度・地区大会を基に南部地区所属として登録。
SAM005260,PRG001900,ASM000065,AREA000129,2026,SRC000280,2026-10-04,2026年度の公式地区制度・地区大会を基に南部地区所属として登録。
SAM005261,PRG001921,ASM000065,AREA000129,2026,SRC000280,2026-10-04,2026年度の公式地区制度・地区大会を基に南部地区所属として登録。
SAM005262,PRG001873,ASM000065,AREA000129,2026,SRC000280,2026-10-04,2026年度の公式地区制度・地区大会を基に南部地区所属として登録。
SAM005263,PRG001892,ASM000065,AREA000129,2026,SRC000280,2026-10-04,2026年度の公式地区制度・地区大会を基に南部地区所属として登録。
SAM005264,PRG001862,ASM000065,AREA000129,2026,SRC000280,2026-10-04,2026年度の公式地区制度・地区大会を基に南部地区所属として登録。
SAM005265,PRG001904,ASM000065,AREA000129,2026,SRC000280,2026-10-04,2026年度の公式地区制度・地区大会を基に南部地区所属として登録。
SAM005266,PRG001877,ASM000065,AREA000129,2026,SRC000280,2026-10-04,2026年度の公式地区制度・地区大会を基に南部地区所属として登録。
SAM005267,PRG001888,ASM000065,AREA000129,2026,SRC000280,2026-10-04,2026年度の公式地区制度・地区大会を基に南部地区所属として登録。
SAM005268,PRG001884,ASM000065,AREA000129,2026,SRC000280,2026-10-04,2026春季地区大会に単独出場していないが、所在地・従来の南部地区構成から南部地区の恒常所属として登録。
SAM005269,PRG001894,ASM000065,AREA000130,2026,SRC000281,2026-10-04,2026年度の公式地区制度・地区大会を基に東部地区所属として登録。
SAM005270,PRG001920,ASM000065,AREA000130,2026,SRC000281,2026-10-04,2026年度の公式地区制度・地区大会を基に東部地区所属として登録。
SAM005271,PRG001890,ASM000065,AREA000130,2026,SRC000281,2026-10-04,2026年度の公式地区制度・地区大会を基に東部地区所属として登録。
SAM005272,PRG001898,ASM000065,AREA000130,2026,SRC000281,2026-10-04,2026春季東部地区大会の合同チーム構成に含まれるため、東部地区の恒常所属として登録。
SAM005273,PRG001902,ASM000065,AREA000130,2026,SRC000281,2026-10-04,2026春季東部地区大会の合同チーム構成に含まれるため、東部地区の恒常所属として登録。
SAM005274,PRG001875,ASM000065,AREA000130,2026,SRC000281,2026-10-04,2026春季東部地区大会の合同チーム構成に含まれるため、東部地区の恒常所属として登録。
SAM005275,PRG001926,ASM000065,AREA000130,2026,SRC000281,2026-10-04,2026年度の公式地区制度・地区大会を基に東部地区所属として登録。
SAM005276,PRG001925,ASM000065,AREA000130,2026,SRC000281,2026-10-04,2026年度の公式地区制度・地区大会を基に東部地区所属として登録。
SAM005277,PRG001871,ASM000065,AREA000130,2026,SRC000281,2026-10-04,2026年度の公式地区制度・地区大会を基に東部地区所属として登録。
SAM005278,PRG001911,ASM000065,AREA000130,2026,SRC000281,2026-10-04,2026年度の公式地区制度・地区大会を基に東部地区所属として登録。
SAM005279,PRG001923,ASM000065,AREA000130,2026,SRC000281,2026-10-04,2026年度の公式地区制度・地区大会を基に東部地区所属として登録。
SAM005280,PRG001916,ASM000065,AREA000130,2026,SRC000281,2026-10-04,2026春季東部地区大会の合同チーム構成に含まれるため、東部地区の恒常所属として登録。
SAM005281,PRG001879,ASM000065,AREA000130,2026,SRC000281,2026-10-04,2026春季東部地区大会の合同チーム構成に含まれるため、東部地区の恒常所属として登録。
SAM005282,PRG001882,ASM000065,AREA000130,2026,SRC000281,2026-10-04,2026春季東部地区大会の合同チーム構成に含まれるため、東部地区の恒常所属として登録。
SAM005283,PRG001886,ASM000065,AREA000130,2026,SRC000281,2026-10-04,2026年度の公式地区制度・地区大会を基に東部地区所属として登録。
SAM005284,PRG001864,ASM000065,AREA000130,2026,SRC000281,2026-10-04,2026年度の公式地区制度・地区大会を基に東部地区所属として登録。
SAM005285,PRG001906,ASM000065,AREA000130,2026,SRC000281,2026-10-04,2026年度の公式地区制度・地区大会を基に東部地区所属として登録。
SAM005286,PRG001867,ASM000065,AREA000130,2026,SRC000281,2026-10-04,2026春季地区大会に単独出場していないが、石巻地域の公式東部地区構成に基づき東部地区の恒常所属として登録。
SAM005287,PRG001917,ASM000065,AREA000131,2026,SRC000282,2026-10-04,2026年度の公式地区制度・地区大会を基に北部地区所属として登録。
SAM005288,PRG001891,ASM000065,AREA000131,2026,SRC000282,2026-10-04,2026年度の公式地区制度・地区大会を基に北部地区所属として登録。
SAM005289,PRG001880,ASM000065,AREA000131,2026,SRC000282,2026-10-04,2026年度の公式地区制度・地区大会を基に北部地区所属として登録。
SAM005290,PRG001883,ASM000065,AREA000131,2026,SRC000282,2026-10-04,2026春季北部地区大会の「北部連合」構成校として北部地区所属を直接確認。
SAM005291,PRG001872,ASM000065,AREA000131,2026,SRC000282,2026-10-04,2026春季北部地区大会の「北部連合」構成校として北部地区所属を直接確認。
SAM005292,PRG001903,ASM000065,AREA000131,2026,SRC000282,2026-10-04,2026春季北部地区大会の「北部連合」構成校として北部地区所属を直接確認。
SAM005293,PRG001899,ASM000065,AREA000131,2026,SRC000282,2026-10-04,2026春季北部地区大会の「北部連合」構成校として北部地区所属を直接確認。
SAM005294,PRG001913,ASM000065,AREA000131,2026,SRC000282,2026-10-04,2026春季北部地区大会の「北部連合」構成校として北部地区所属を直接確認。
SAM005295,PRG001895,ASM000065,AREA000131,2026,SRC000282,2026-10-04,2026年度の公式地区制度・地区大会を基に北部地区所属として登録。
SAM005296,PRG001887,ASM000065,AREA000131,2026,SRC000282,2026-10-04,2026年度の公式地区制度・地区大会を基に北部地区所属として登録。
SAM005297,PRG001912,ASM000065,AREA000131,2026,SRC000282,2026-10-04,2026年度の公式地区制度・地区大会を基に北部地区所属として登録。
SAM005298,PRG001876,ASM000065,AREA000131,2026,SRC000282,2026-10-04,2026年度の公式地区制度・地区大会を基に北部地区所属として登録。
SAM005299,PRG001868,ASM000065,AREA000131,2026,SRC000282,2026-10-04,2026年度の公式地区制度・地区大会を基に北部地区所属として登録。
SAM005300,PRG001865,ASM000065,AREA000131,2026,SRC000282,2026-10-04,2026年度の公式地区制度・地区大会を基に北部地区所属として登録。
SAM005301,PRG001907,ASM000065,AREA000131,2026,SRC000282,2026-10-04,2026年度の公式地区制度・地区大会を基に北部地区所属として登録。
SAM005302,PRG001927,ASM000066,AREA000132,2026,SRC000149,2026-10-04,2026年度の公式地区制度・地区大会を基に県北地区所属として登録。
SAM005303,PRG001928,ASM000066,AREA000132,2026,SRC000149,2026-10-04,2026年度の公式地区制度・地区大会を基に県北地区所属として登録。
SAM005304,PRG001929,ASM000066,AREA000132,2026,SRC000149,2026-10-04,2026年度の公式地区制度・地区大会を基に県北地区所属として登録。
SAM005305,PRG001930,ASM000066,AREA000132,2026,SRC000149,2026-10-04,2026年度の公式地区制度・地区大会を基に県北地区所属として登録。
SAM005306,PRG001931,ASM000066,AREA000132,2026,SRC000149,2026-10-04,2026年度の公式地区制度・地区大会を基に県北地区所属として登録。
SAM005307,PRG001932,ASM000066,AREA000132,2026,SRC000149,2026-10-04,2026年度の公式地区制度・地区大会を基に県北地区所属として登録。
SAM005308,PRG001933,ASM000066,AREA000132,2026,SRC000149,2026-10-04,2026年度の公式地区制度・地区大会を基に県北地区所属として登録。
SAM005309,PRG001934,ASM000066,AREA000132,2026,SRC000149,2026-10-04,2026年度の公式地区制度・地区大会を基に県北地区所属として登録。
SAM005310,PRG001935,ASM000066,AREA000133,2026,SRC000150,2026-10-04,2026年度の公式地区制度・地区大会を基に中央地区所属として登録。
SAM005311,PRG001936,ASM000066,AREA000133,2026,SRC000150,2026-10-04,2026年度の公式地区制度・地区大会を基に中央地区所属として登録。
SAM005312,PRG001937,ASM000066,AREA000133,2026,SRC000150,2026-10-04,2026年度の公式地区制度・地区大会を基に中央地区所属として登録。
SAM005313,PRG001938,ASM000066,AREA000133,2026,SRC000150,2026-10-04,2026年度の公式地区制度・地区大会を基に中央地区所属として登録。
SAM005314,PRG001939,ASM000066,AREA000133,2026,SRC000150,2026-10-04,2026年度の公式地区制度・地区大会を基に中央地区所属として登録。
SAM005315,PRG001940,ASM000066,AREA000133,2026,SRC000150,2026-10-04,2026年度の公式地区制度・地区大会を基に中央地区所属として登録。
SAM005316,PRG001941,ASM000066,AREA000133,2026,SRC000150,2026-10-04,2026年度の公式地区制度・地区大会を基に中央地区所属として登録。
SAM005317,PRG001942,ASM000066,AREA000133,2026,SRC000150,2026-10-04,2026年度の公式地区制度・地区大会を基に中央地区所属として登録。
SAM005318,PRG001943,ASM000066,AREA000133,2026,SRC000150,2026-10-04,2026年度の公式地区制度・地区大会を基に中央地区所属として登録。
SAM005319,PRG001944,ASM000066,AREA000133,2026,SRC000150,2026-10-04,2026年度の公式地区制度・地区大会を基に中央地区所属として登録。
SAM005320,PRG001945,ASM000066,AREA000133,2026,SRC000150,2026-10-04,2026年度の公式地区制度・地区大会を基に中央地区所属として登録。
SAM005321,PRG001946,ASM000066,AREA000133,2026,SRC000150,2026-10-04,2026年度の公式地区制度・地区大会を基に中央地区所属として登録。
SAM005322,PRG001947,ASM000066,AREA000133,2026,SRC000150,2026-10-04,2026年度の公式地区制度・地区大会を基に中央地区所属として登録。
SAM005323,PRG001948,ASM000066,AREA000133,2026,SRC000150,2026-10-04,2026年度の公式地区制度・地区大会を基に中央地区所属として登録。
SAM005324,PRG001949,ASM000066,AREA000133,2026,SRC000150,2026-10-04,2026年度の公式地区制度・地区大会を基に中央地区所属として登録。
SAM005325,PRG001950,ASM000066,AREA000133,2026,SRC000150,2026-10-04,2026年度の公式地区制度・地区大会を基に中央地区所属として登録。
SAM005326,PRG001951,ASM000066,AREA000133,2026,SRC000150,2026-10-04,2026年度の公式地区制度・地区大会を基に中央地区所属として登録。
SAM005327,PRG001952,ASM000066,AREA000133,2026,SRC000150,2026-10-04,2026年度の公式地区制度・地区大会を基に中央地区所属として登録。
SAM005328,PRG001953,ASM000066,AREA000134,2026,SRC000283,2026-10-04,2026年度の公式地区制度・地区大会を基に県南地区所属として登録。
SAM005329,PRG001954,ASM000066,AREA000134,2026,SRC000283,2026-10-04,2026年度の公式地区制度・地区大会を基に県南地区所属として登録。
SAM005330,PRG001955,ASM000066,AREA000134,2026,SRC000283,2026-10-04,2026年度の公式地区制度・地区大会を基に県南地区所属として登録。
SAM005331,PRG001956,ASM000066,AREA000134,2026,SRC000283,2026-10-04,2026年度の公式地区制度・地区大会を基に県南地区所属として登録。
SAM005332,PRG001957,ASM000066,AREA000134,2026,SRC000283,2026-10-04,2026年度の公式地区制度・地区大会を基に県南地区所属として登録。
SAM005333,PRG001958,ASM000066,AREA000134,2026,SRC000283,2026-10-04,2026年度の公式地区制度・地区大会を基に県南地区所属として登録。
SAM005334,PRG001959,ASM000066,AREA000134,2026,SRC000283,2026-10-04,2026年度の公式地区制度・地区大会を基に県南地区所属として登録。
SAM005335,PRG001960,ASM000066,AREA000134,2026,SRC000283,2026-10-04,2026年度の公式地区制度・地区大会を基に県南地区所属として登録。
SAM005336,PRG001961,ASM000066,AREA000134,2026,SRC000283,2026-10-04,2026年度の公式地区制度・地区大会を基に県南地区所属として登録。
SAM005337,PRG001962,ASM000066,AREA000134,2026,SRC000283,2026-10-04,2026年度の公式地区制度・地区大会を基に県南地区所属として登録。
SAM005338,PRG001963,ASM000066,AREA000134,2026,SRC000283,2026-10-04,2026年度の公式地区制度・地区大会を基に県南地区所属として登録。
SAM005339,PRG001964,ASM000066,AREA000134,2026,SRC000283,2026-10-04,2026年度の公式地区制度・地区大会を基に県南地区所属として登録。
SAM005340,PRG001965,ASM000066,AREA000134,2026,SRC000283,2026-10-04,2026年度の公式地区制度・地区大会を基に県南地区所属として登録。
SAM005341,PRG001966,ASM000066,AREA000134,2026,SRC000283,2026-10-04,2026年度の公式地区制度・地区大会を基に県南地区所属として登録。
SAM005342,PRG001967,ASM000066,AREA000134,2026,SRC000283,2026-10-04,2026年度の公式地区制度・地区大会を基に県南地区所属として登録。
SAM005343,PRG001968,ASM000066,AREA000134,2026,SRC000283,2026-10-04,2026年度の公式地区制度・地区大会を基に県南地区所属として登録。
SAM005344,PRG001569,ASM000067,AREA000135,2026,SRC000285,2026-10-04,2026年度の公式地区制度・地区大会を基に県北支部所属として登録。
SAM005345,PRG001570,ASM000067,AREA000135,2026,SRC000285,2026-10-04,2026年度の公式地区制度・地区大会を基に県北支部所属として登録。
SAM005346,PRG001571,ASM000067,AREA000135,2026,SRC000285,2026-10-04,2026年度の公式地区制度・地区大会を基に県北支部所属として登録。
SAM005347,PRG001572,ASM000067,AREA000135,2026,SRC000285,2026-10-04,2026年度の公式地区制度・地区大会を基に県北支部所属として登録。
SAM005348,PRG001573,ASM000067,AREA000135,2026,SRC000285,2026-10-04,2026年度の公式地区制度・地区大会を基に県北支部所属として登録。
SAM005349,PRG001574,ASM000067,AREA000135,2026,SRC000285,2026-10-04,2026年度の公式地区制度・地区大会を基に県北支部所属として登録。
SAM005350,PRG001575,ASM000067,AREA000135,2026,SRC000285,2026-10-04,2026年度の公式地区制度・地区大会を基に県北支部所属として登録。
SAM005351,PRG001576,ASM000067,AREA000135,2026,SRC000285,2026-10-04,2026年度の公式地区制度・地区大会を基に県北支部所属として登録。
SAM005352,PRG001577,ASM000067,AREA000135,2026,SRC000285,2026-10-04,2026年度の公式地区制度・地区大会を基に県北支部所属として登録。
SAM005353,PRG001578,ASM000067,AREA000135,2026,SRC000285,2026-10-04,2026年度の公式地区制度・地区大会を基に県北支部所属として登録。
SAM005354,PRG001579,ASM000067,AREA000135,2026,SRC000285,2026-10-04,2026年度の公式地区制度・地区大会を基に県北支部所属として登録。
SAM005355,PRG001580,ASM000067,AREA000135,2026,SRC000285,2026-10-04,2026年度の公式地区制度・地区大会を基に県北支部所属として登録。
SAM005356,PRG001581,ASM000067,AREA000135,2026,SRC000285,2026-10-04,2026年度の公式地区制度・地区大会を基に県北支部所属として登録。
SAM005357,PRG001582,ASM000067,AREA000135,2026,SRC000285,2026-10-04,2026年度の公式地区制度・地区大会を基に県北支部所属として登録。
SAM005358,PRG001583,ASM000067,AREA000135,2026,SRC000285,2026-10-04,2026年度の公式地区制度・地区大会を基に県北支部所属として登録。
SAM005359,PRG001584,ASM000067,AREA000136,2026,SRC000286,2026-10-04,2026年度の公式地区制度・地区大会を基に県中支部所属として登録。
SAM005360,PRG001585,ASM000067,AREA000136,2026,SRC000286,2026-10-04,2026年度の公式地区制度・地区大会を基に県中支部所属として登録。
SAM005361,PRG001586,ASM000067,AREA000136,2026,SRC000286,2026-10-04,2026年度の公式地区制度・地区大会を基に県中支部所属として登録。
SAM005362,PRG001587,ASM000067,AREA000136,2026,SRC000286,2026-10-04,2026年度の公式地区制度・地区大会を基に県中支部所属として登録。
SAM005363,PRG001588,ASM000067,AREA000136,2026,SRC000286,2026-10-04,2026年度の公式地区制度・地区大会を基に県中支部所属として登録。
SAM005364,PRG001589,ASM000067,AREA000136,2026,SRC000286,2026-10-04,2026年度の公式地区制度・地区大会を基に県中支部所属として登録。
SAM005365,PRG001590,ASM000067,AREA000136,2026,SRC000286,2026-10-04,2026年度の公式地区制度・地区大会を基に県中支部所属として登録。
SAM005366,PRG001592,ASM000067,AREA000136,2026,SRC000286,2026-10-04,2026年度の公式地区制度・地区大会を基に県中支部所属として登録。
SAM005367,PRG001593,ASM000067,AREA000136,2026,SRC000286,2026-10-04,2026年度の公式地区制度・地区大会を基に県中支部所属として登録。
SAM005368,PRG001594,ASM000067,AREA000136,2026,SRC000286,2026-10-04,2026年度の公式地区制度・地区大会を基に県中支部所属として登録。
SAM005369,PRG001591,ASM000067,AREA000137,2026,SRC000287,2026-10-04,田村市所在だが、2026春季・秋季の県南支部予選で白河旭・石川等との合同チームとして出場しており、野球連盟上は県南支部所属として登録。
SAM005370,PRG001595,ASM000067,AREA000137,2026,SRC000287,2026-10-04,2026年度の公式地区制度・地区大会を基に県南支部所属として登録。
SAM005371,PRG001596,ASM000067,AREA000137,2026,SRC000287,2026-10-04,2026年度の公式地区制度・地区大会を基に県南支部所属として登録。
SAM005372,PRG001597,ASM000067,AREA000137,2026,SRC000287,2026-10-04,2026年度の公式地区制度・地区大会を基に県南支部所属として登録。
SAM005373,PRG001598,ASM000067,AREA000137,2026,SRC000287,2026-10-04,2026年度の公式地区制度・地区大会を基に県南支部所属として登録。
SAM005374,PRG001599,ASM000067,AREA000137,2026,SRC000287,2026-10-04,2026年度の公式地区制度・地区大会を基に県南支部所属として登録。
SAM005375,PRG001600,ASM000067,AREA000137,2026,SRC000287,2026-10-04,2026年度の公式地区制度・地区大会を基に県南支部所属として登録。
SAM005376,PRG001601,ASM000067,AREA000137,2026,SRC000287,2026-10-04,2026年度の公式地区制度・地区大会を基に県南支部所属として登録。
SAM005377,PRG001602,ASM000067,AREA000137,2026,SRC000287,2026-10-04,2026年度の公式地区制度・地区大会を基に県南支部所属として登録。
SAM005378,PRG001603,ASM000067,AREA000137,2026,SRC000287,2026-10-04,2026年度の公式地区制度・地区大会を基に県南支部所属として登録。
SAM005379,PRG001604,ASM000067,AREA000137,2026,SRC000287,2026-10-04,2026年度の公式地区制度・地区大会を基に県南支部所属として登録。
SAM005380,PRG001605,ASM000067,AREA000137,2026,SRC000287,2026-10-04,2026年度の公式地区制度・地区大会を基に県南支部所属として登録。
SAM005381,PRG001606,ASM000067,AREA000138,2026,SRC000289,2026-10-04,2026年度の公式地区制度・地区大会を基に会津支部所属として登録。
SAM005382,PRG001607,ASM000067,AREA000138,2026,SRC000289,2026-10-04,2026年度の公式地区制度・地区大会を基に会津支部所属として登録。
SAM005383,PRG001608,ASM000067,AREA000138,2026,SRC000289,2026-10-04,2026年度の公式地区制度・地区大会を基に会津支部所属として登録。
SAM005384,PRG001609,ASM000067,AREA000138,2026,SRC000289,2026-10-04,2026年度の公式地区制度・地区大会を基に会津支部所属として登録。
SAM005385,PRG001610,ASM000067,AREA000138,2026,SRC000289,2026-10-04,2026年度の公式地区制度・地区大会を基に会津支部所属として登録。
SAM005386,PRG001611,ASM000067,AREA000138,2026,SRC000289,2026-10-04,2026年度の公式地区制度・地区大会を基に会津支部所属として登録。
SAM005387,PRG001612,ASM000067,AREA000138,2026,SRC000289,2026-10-04,2026年度の公式地区制度・地区大会を基に会津支部所属として登録。
SAM005388,PRG001613,ASM000067,AREA000138,2026,SRC000289,2026-10-04,2026年度の公式地区制度・地区大会を基に会津支部所属として登録。
SAM005389,PRG001614,ASM000067,AREA000138,2026,SRC000289,2026-10-04,2026年度の公式地区制度・地区大会を基に会津支部所属として登録。
SAM005390,PRG001615,ASM000067,AREA000138,2026,SRC000289,2026-10-04,2026年度の公式地区制度・地区大会を基に会津支部所属として登録。
SAM005391,PRG001616,ASM000067,AREA000138,2026,SRC000289,2026-10-04,2026年度の公式地区制度・地区大会を基に会津支部所属として登録。
SAM005392,PRG001617,ASM000067,AREA000138,2026,SRC000289,2026-10-04,2026年度の公式地区制度・地区大会を基に会津支部所属として登録。
SAM005393,PRG001618,ASM000067,AREA000139,2026,SRC000288,2026-10-04,2026年度の公式地区制度・地区大会を基にいわき支部所属として登録。
SAM005394,PRG001619,ASM000067,AREA000139,2026,SRC000288,2026-10-04,2026年度の公式地区制度・地区大会を基にいわき支部所属として登録。
SAM005395,PRG001620,ASM000067,AREA000139,2026,SRC000288,2026-10-04,2026年度の公式地区制度・地区大会を基にいわき支部所属として登録。
SAM005396,PRG001621,ASM000067,AREA000139,2026,SRC000288,2026-10-04,2026年度の公式地区制度・地区大会を基にいわき支部所属として登録。
SAM005397,PRG001622,ASM000067,AREA000139,2026,SRC000288,2026-10-04,2026年度の公式地区制度・地区大会を基にいわき支部所属として登録。
SAM005398,PRG001623,ASM000067,AREA000139,2026,SRC000288,2026-10-04,2026年度の公式地区制度・地区大会を基にいわき支部所属として登録。
SAM005399,PRG001624,ASM000067,AREA000139,2026,SRC000288,2026-10-04,2026年度の公式地区制度・地区大会を基にいわき支部所属として登録。
SAM005400,PRG001625,ASM000067,AREA000139,2026,SRC000288,2026-10-04,2026年度の公式地区制度・地区大会を基にいわき支部所属として登録。
SAM005401,PRG001626,ASM000067,AREA000139,2026,SRC000288,2026-10-04,2026年度の公式地区制度・地区大会を基にいわき支部所属として登録。
SAM005402,PRG001627,ASM000067,AREA000139,2026,SRC000288,2026-10-04,2026年度の公式地区制度・地区大会を基にいわき支部所属として登録。
SAM005403,PRG001628,ASM000067,AREA000139,2026,SRC000288,2026-10-04,2026年度の公式地区制度・地区大会を基にいわき支部所属として登録。
SAM005404,PRG001629,ASM000067,AREA000139,2026,SRC000288,2026-10-04,2026年度の公式地区制度・地区大会を基にいわき支部所属として登録。
SAM005405,PRG001630,ASM000067,AREA000140,2026,SRC000290,2026-10-04,2026年度の公式地区制度・地区大会を基に相双支部所属として登録。
SAM005406,PRG001631,ASM000067,AREA000140,2026,SRC000290,2026-10-04,2026年度の公式地区制度・地区大会を基に相双支部所属として登録。
SAM005407,PRG001632,ASM000067,AREA000140,2026,SRC000290,2026-10-04,2026年度の公式地区制度・地区大会を基に相双支部所属として登録。
SAM005408,PRG001633,ASM000067,AREA000140,2026,SRC000290,2026-10-04,2026年度の公式地区制度・地区大会を基に相双支部所属として登録。
SAM005409,PRG001634,ASM000067,AREA000140,2026,SRC000290,2026-10-04,2026年度の公式地区制度・地区大会を基に相双支部所属として登録。
SAM005410,PRG001635,ASM000067,AREA000140,2026,SRC000290,2026-10-04,2026年度の公式地区制度・地区大会を基に相双支部所属として登録。
SAM005411,PRG002843,ASM000068,AREA000141,2026,SRC000292,2026-10-04,2026年度の公式地区制度・加盟校情報を基に県北地区所属として登録。
SAM005412,PRG002844,ASM000068,AREA000141,2026,SRC000292,2026-10-04,2026年度の公式地区制度・加盟校情報を基に県北地区所属として登録。
SAM005413,PRG002845,ASM000068,AREA000141,2026,SRC000292,2026-10-04,2026年度の公式地区制度・加盟校情報を基に県北地区所属として登録。
SAM005414,PRG002846,ASM000068,AREA000141,2026,SRC000292,2026-10-04,2026年度の公式地区制度・加盟校情報を基に県北地区所属として登録。
SAM005415,PRG002847,ASM000068,AREA000141,2026,SRC000292,2026-10-04,2026年度の公式地区制度・加盟校情報を基に県北地区所属として登録。
SAM005416,PRG002848,ASM000068,AREA000141,2026,SRC000292,2026-10-04,2026年度の公式地区制度・加盟校情報を基に県北地区所属として登録。
SAM005417,PRG002849,ASM000068,AREA000141,2026,SRC000292,2026-10-04,2026年度の公式地区制度・加盟校情報を基に県北地区所属として登録。
SAM005418,PRG002850,ASM000068,AREA000141,2026,SRC000292,2026-10-04,2026年度の公式地区制度・加盟校情報を基に県北地区所属として登録。
SAM005419,PRG002851,ASM000068,AREA000141,2026,SRC000292,2026-10-04,2026年度の公式地区制度・加盟校情報を基に県北地区所属として登録。
SAM005420,PRG002852,ASM000068,AREA000141,2026,SRC000292,2026-10-04,2026年度の公式地区制度・加盟校情報を基に県北地区所属として登録。
SAM005421,PRG002853,ASM000068,AREA000141,2026,SRC000292,2026-10-04,2026年度の公式地区制度・加盟校情報を基に県北地区所属として登録。
SAM005422,PRG002854,ASM000068,AREA000141,2026,SRC000292,2026-10-04,2026年度の公式地区制度・加盟校情報を基に県北地区所属として登録。
SAM005423,PRG002855,ASM000068,AREA000141,2026,SRC000292,2026-10-04,2026年度の公式地区制度・加盟校情報を基に県北地区所属として登録。
SAM005424,PRG002856,ASM000068,AREA000141,2026,SRC000292,2026-10-04,2026年度の公式地区制度・加盟校情報を基に県北地区所属として登録。
SAM005425,PRG002857,ASM000068,AREA000141,2026,SRC000292,2026-10-04,2026年度の公式地区制度・加盟校情報を基に県北地区所属として登録。
SAM005426,PRG002858,ASM000068,AREA000141,2026,SRC000292,2026-10-04,2026年度の公式地区制度・加盟校情報を基に県北地区所属として登録。
SAM005427,PRG002859,ASM000068,AREA000141,2026,SRC000292,2026-10-04,2026年度の公式地区制度・加盟校情報を基に県北地区所属として登録。
SAM005428,PRG002860,ASM000068,AREA000141,2026,SRC000292,2026-10-04,2026年度の公式地区制度・加盟校情報を基に県北地区所属として登録。
SAM005429,PRG002861,ASM000068,AREA000141,2026,SRC000292,2026-10-04,2026年度の公式地区制度・加盟校情報を基に県北地区所属として登録。
SAM005430,PRG002862,ASM000068,AREA000141,2026,SRC000292,2026-10-04,2026年度の公式地区制度・加盟校情報を基に県北地区所属として登録。
SAM005431,PRG002863,ASM000068,AREA000141,2026,SRC000292,2026-10-04,2026年度の公式地区制度・加盟校情報を基に県北地区所属として登録。
SAM005432,PRG002864,ASM000068,AREA000142,2026,SRC000292,2026-10-04,2026年度の公式地区制度・加盟校情報を基に水戸地区所属として登録。
SAM005433,PRG002865,ASM000068,AREA000142,2026,SRC000292,2026-10-04,2026年度の公式地区制度・加盟校情報を基に水戸地区所属として登録。
SAM005434,PRG002866,ASM000068,AREA000142,2026,SRC000292,2026-10-04,2026年度の公式地区制度・加盟校情報を基に水戸地区所属として登録。
SAM005435,PRG002867,ASM000068,AREA000142,2026,SRC000292,2026-10-04,2026年度の公式地区制度・加盟校情報を基に水戸地区所属として登録。
SAM005436,PRG002868,ASM000068,AREA000142,2026,SRC000292,2026-10-04,2026年度の公式地区制度・加盟校情報を基に水戸地区所属として登録。
SAM005437,PRG002869,ASM000068,AREA000142,2026,SRC000292,2026-10-04,2026年度の公式地区制度・加盟校情報を基に水戸地区所属として登録。
SAM005438,PRG002870,ASM000068,AREA000142,2026,SRC000292,2026-10-04,2026年度の公式地区制度・加盟校情報を基に水戸地区所属として登録。
SAM005439,PRG002871,ASM000068,AREA000142,2026,SRC000292,2026-10-04,2026年度の公式地区制度・加盟校情報を基に水戸地区所属として登録。
SAM005440,PRG002872,ASM000068,AREA000142,2026,SRC000292,2026-10-04,2026年度の公式地区制度・加盟校情報を基に水戸地区所属として登録。
SAM005441,PRG002873,ASM000068,AREA000142,2026,SRC000292,2026-10-04,2026年度の公式地区制度・加盟校情報を基に水戸地区所属として登録。
SAM005442,PRG002874,ASM000068,AREA000142,2026,SRC000292,2026-10-04,2026年度の公式地区制度・加盟校情報を基に水戸地区所属として登録。
SAM005443,PRG002875,ASM000068,AREA000142,2026,SRC000292,2026-10-04,2026年度の公式地区制度・加盟校情報を基に水戸地区所属として登録。
SAM005444,PRG002876,ASM000068,AREA000142,2026,SRC000292,2026-10-04,2026年度の公式地区制度・加盟校情報を基に水戸地区所属として登録。
SAM005445,PRG002877,ASM000068,AREA000142,2026,SRC000292,2026-10-04,2026年度の公式地区制度・加盟校情報を基に水戸地区所属として登録。
SAM005446,PRG002878,ASM000068,AREA000142,2026,SRC000292,2026-10-04,2026年度の公式地区制度・加盟校情報を基に水戸地区所属として登録。
SAM005447,PRG002879,ASM000068,AREA000142,2026,SRC000292,2026-10-04,2026年度の公式地区制度・加盟校情報を基に水戸地区所属として登録。
SAM005448,PRG002880,ASM000068,AREA000142,2026,SRC000292,2026-10-04,2026年度の公式地区制度・加盟校情報を基に水戸地区所属として登録。
SAM005449,PRG002881,ASM000068,AREA000142,2026,SRC000292,2026-10-04,2026年度の公式地区制度・加盟校情報を基に水戸地区所属として登録。
SAM005450,PRG002882,ASM000068,AREA000142,2026,SRC000292,2026-10-04,2026年度の公式地区制度・加盟校情報を基に水戸地区所属として登録。
SAM005451,PRG002883,ASM000068,AREA000142,2026,SRC000292,2026-10-04,2026年度の公式地区制度・加盟校情報を基に水戸地区所属として登録。
SAM005452,PRG002884,ASM000068,AREA000142,2026,SRC000292,2026-10-04,2026年度の公式地区制度・加盟校情報を基に水戸地区所属として登録。
SAM005453,PRG002885,ASM000068,AREA000142,2026,SRC000292,2026-10-04,2026年度の公式地区制度・加盟校情報を基に水戸地区所属として登録。
SAM005454,PRG002886,ASM000068,AREA000142,2026,SRC000292,2026-10-04,2026年度の公式地区制度・加盟校情報を基に水戸地区所属として登録。
SAM005455,PRG002887,ASM000068,AREA000142,2026,SRC000292,2026-10-04,2026年度の公式地区制度・加盟校情報を基に水戸地区所属として登録。
SAM005456,PRG002888,ASM000068,AREA000142,2026,SRC000292,2026-10-04,2026年度の公式地区制度・加盟校情報を基に水戸地区所属として登録。
SAM005457,PRG002889,ASM000068,AREA000142,2026,SRC000292,2026-10-04,2026年度の公式地区制度・加盟校情報を基に水戸地区所属として登録。
SAM005458,PRG002890,ASM000068,AREA000143,2026,SRC000292,2026-10-04,2026年度の公式地区制度・加盟校情報を基に県南地区所属として登録。
SAM005459,PRG002891,ASM000068,AREA000143,2026,SRC000292,2026-10-04,2026年度の公式地区制度・加盟校情報を基に県南地区所属として登録。
SAM005460,PRG002892,ASM000068,AREA000143,2026,SRC000292,2026-10-04,2026年度の公式地区制度・加盟校情報を基に県南地区所属として登録。
SAM005461,PRG002893,ASM000068,AREA000143,2026,SRC000292,2026-10-04,2026年度の公式地区制度・加盟校情報を基に県南地区所属として登録。
SAM005462,PRG002894,ASM000068,AREA000143,2026,SRC000292,2026-10-04,2026年度の公式地区制度・加盟校情報を基に県南地区所属として登録。
SAM005463,PRG002895,ASM000068,AREA000143,2026,SRC000292,2026-10-04,2026年度の公式地区制度・加盟校情報を基に県南地区所属として登録。
SAM005464,PRG002896,ASM000068,AREA000143,2026,SRC000292,2026-10-04,2026年度の公式地区制度・加盟校情報を基に県南地区所属として登録。
SAM005465,PRG002897,ASM000068,AREA000143,2026,SRC000292,2026-10-04,2026年度の公式地区制度・加盟校情報を基に県南地区所属として登録。
SAM005466,PRG002898,ASM000068,AREA000143,2026,SRC000292,2026-10-04,2026年度の公式地区制度・加盟校情報を基に県南地区所属として登録。
SAM005467,PRG002899,ASM000068,AREA000143,2026,SRC000292,2026-10-04,2026年度の公式地区制度・加盟校情報を基に県南地区所属として登録。
SAM005468,PRG002900,ASM000068,AREA000143,2026,SRC000292,2026-10-04,2026年度の公式地区制度・加盟校情報を基に県南地区所属として登録。
SAM005469,PRG002901,ASM000068,AREA000143,2026,SRC000292,2026-10-04,2026年度の公式地区制度・加盟校情報を基に県南地区所属として登録。
SAM005470,PRG002902,ASM000068,AREA000143,2026,SRC000292,2026-10-04,2026年度の公式地区制度・加盟校情報を基に県南地区所属として登録。
SAM005471,PRG002903,ASM000068,AREA000143,2026,SRC000292,2026-10-04,2026年度の公式地区制度・加盟校情報を基に県南地区所属として登録。
SAM005472,PRG002904,ASM000068,AREA000143,2026,SRC000292,2026-10-04,2026年度の公式地区制度・加盟校情報を基に県南地区所属として登録。
SAM005473,PRG002905,ASM000068,AREA000143,2026,SRC000292,2026-10-04,2026年度の公式地区制度・加盟校情報を基に県南地区所属として登録。
SAM005474,PRG002906,ASM000068,AREA000143,2026,SRC000292,2026-10-04,2026年度の公式地区制度・加盟校情報を基に県南地区所属として登録。
SAM005475,PRG002907,ASM000068,AREA000143,2026,SRC000292,2026-10-04,2026年度の公式地区制度・加盟校情報を基に県南地区所属として登録。
SAM005476,PRG002908,ASM000068,AREA000143,2026,SRC000292,2026-10-04,2026年度の公式地区制度・加盟校情報を基に県南地区所属として登録。
SAM005477,PRG002909,ASM000068,AREA000143,2026,SRC000292,2026-10-04,2026年度の公式地区制度・加盟校情報を基に県南地区所属として登録。
SAM005478,PRG002910,ASM000068,AREA000143,2026,SRC000292,2026-10-04,2026年度の公式地区制度・加盟校情報を基に県南地区所属として登録。
SAM005479,PRG002911,ASM000068,AREA000143,2026,SRC000292,2026-10-04,2026年度の公式地区制度・加盟校情報を基に県南地区所属として登録。
SAM005480,PRG002912,ASM000068,AREA000143,2026,SRC000292,2026-10-04,2026年度の公式地区制度・加盟校情報を基に県南地区所属として登録。
SAM005481,PRG002913,ASM000068,AREA000143,2026,SRC000292,2026-10-04,2026年度の公式地区制度・加盟校情報を基に県南地区所属として登録。
SAM005482,PRG002914,ASM000068,AREA000143,2026,SRC000292,2026-10-04,2026年度の公式地区制度・加盟校情報を基に県南地区所属として登録。
SAM005483,PRG002915,ASM000068,AREA000144,2026,SRC000292,2026-10-04,2026年度の公式地区制度・加盟校情報を基に県西地区所属として登録。
SAM005484,PRG002916,ASM000068,AREA000144,2026,SRC000292,2026-10-04,2026年度の公式地区制度・加盟校情報を基に県西地区所属として登録。
SAM005485,PRG002917,ASM000068,AREA000144,2026,SRC000292,2026-10-04,2026年度の公式地区制度・加盟校情報を基に県西地区所属として登録。
SAM005486,PRG002918,ASM000068,AREA000144,2026,SRC000292,2026-10-04,2026年度の公式地区制度・加盟校情報を基に県西地区所属として登録。
SAM005487,PRG002919,ASM000068,AREA000144,2026,SRC000292,2026-10-04,2026年度の公式地区制度・加盟校情報を基に県西地区所属として登録。
SAM005488,PRG002920,ASM000068,AREA000144,2026,SRC000292,2026-10-04,2026年度の公式地区制度・加盟校情報を基に県西地区所属として登録。
SAM005489,PRG002921,ASM000068,AREA000144,2026,SRC000292,2026-10-04,2026年度の公式地区制度・加盟校情報を基に県西地区所属として登録。
SAM005490,PRG002922,ASM000068,AREA000144,2026,SRC000292,2026-10-04,2026年度の公式地区制度・加盟校情報を基に県西地区所属として登録。
SAM005491,PRG002923,ASM000068,AREA000144,2026,SRC000292,2026-10-04,2026年度の公式地区制度・加盟校情報を基に県西地区所属として登録。
SAM005492,PRG002924,ASM000068,AREA000144,2026,SRC000292,2026-10-04,2026年度の公式地区制度・加盟校情報を基に県西地区所属として登録。
SAM005493,PRG002925,ASM000068,AREA000144,2026,SRC000292,2026-10-04,2026年度の公式地区制度・加盟校情報を基に県西地区所属として登録。
SAM005494,PRG002926,ASM000068,AREA000144,2026,SRC000292,2026-10-04,2026年度の公式地区制度・加盟校情報を基に県西地区所属として登録。
SAM005495,PRG002927,ASM000068,AREA000144,2026,SRC000292,2026-10-04,2026年度の公式地区制度・加盟校情報を基に県西地区所属として登録。
SAM005496,PRG002928,ASM000068,AREA000144,2026,SRC000292,2026-10-04,2026年度の公式地区制度・加盟校情報を基に県西地区所属として登録。
SAM005497,PRG002929,ASM000068,AREA000144,2026,SRC000292,2026-10-04,2026年度の公式地区制度・加盟校情報を基に県西地区所属として登録。
SAM005498,PRG002930,ASM000068,AREA000144,2026,SRC000292,2026-10-04,2026年度の公式地区制度・加盟校情報を基に県西地区所属として登録。
SAM005499,PRG002931,ASM000068,AREA000144,2026,SRC000292,2026-10-04,2026年度の公式地区制度・加盟校情報を基に県西地区所属として登録。
SAM005500,PRG002932,ASM000068,AREA000144,2026,SRC000292,2026-10-04,2026年度の公式地区制度・加盟校情報を基に県西地区所属として登録。
SAM005501,PRG002933,ASM000068,AREA000144,2026,SRC000292,2026-10-04,2026年度の公式地区制度・加盟校情報を基に県西地区所属として登録。
SAM005502,PRG002934,ASM000068,AREA000144,2026,SRC000292,2026-10-04,2026年度の公式地区制度・加盟校情報を基に県西地区所属として登録。
SAM005503,PRG002935,ASM000068,AREA000144,2026,SRC000292,2026-10-04,2026年度の公式地区制度・加盟校情報を基に県西地区所属として登録。
SAM005504,PRG002936,ASM000068,AREA000144,2026,SRC000292,2026-10-04,2026年度の公式地区制度・加盟校情報を基に県西地区所属として登録。
SAM005505,PRG002937,ASM000068,AREA000144,2026,SRC000292,2026-10-04,2026年度の公式地区制度・加盟校情報を基に県西地区所属として登録。
SAM005506,PRG002938,ASM000068,AREA000144,2026,SRC000292,2026-10-04,2026年度の公式地区制度・加盟校情報を基に県西地区所属として登録。
SAM005507,PRG002939,ASM000068,AREA000144,2026,SRC000292,2026-10-04,2026年度の公式地区制度・加盟校情報を基に県西地区所属として登録。
SAM005508,PRG002940,ASM000068,AREA000144,2026,SRC000292,2026-10-04,2026年度の公式地区制度・加盟校情報を基に県西地区所属として登録。
SAM005509,PRG002941,ASM000068,AREA000144,2026,SRC000292,2026-10-04,2026年度の公式地区制度・加盟校情報を基に県西地区所属として登録。
SAM005510,PRG002942,ASM000068,AREA000144,2026,SRC000292,2026-10-04,2026年度の公式地区制度・加盟校情報を基に県西地区所属として登録。
SAM005511,PRG000054,ASM000069,AREA000146,2026,SRC000293,2026-10-04,中部地区を恒常地域ブロックとして登録。2026春季県大会の方式とは分離。
SAM005512,PRG000055,ASM000069,AREA000146,2026,SRC000293,2026-10-04,中部地区を恒常地域ブロックとして登録。2026春季県大会の方式とは分離。
SAM005513,PRG000056,ASM000069,AREA000146,2026,SRC000293,2026-10-04,中部地区を恒常地域ブロックとして登録。2026春季県大会の方式とは分離。
SAM005514,PRG000057,ASM000069,AREA000146,2026,SRC000293,2026-10-04,中部地区を恒常地域ブロックとして登録。2026春季県大会の方式とは分離。
SAM005515,PRG000058,ASM000069,AREA000146,2026,SRC000293,2026-10-04,中部地区を恒常地域ブロックとして登録。2026春季県大会の方式とは分離。
SAM005516,PRG000059,ASM000069,AREA000146,2026,SRC000293,2026-10-04,中部地区を恒常地域ブロックとして登録。2026春季県大会の方式とは分離。
SAM005517,PRG000060,ASM000069,AREA000146,2026,SRC000293,2026-10-04,中部地区を恒常地域ブロックとして登録。2026春季県大会の方式とは分離。
SAM005518,PRG000061,ASM000069,AREA000146,2026,SRC000293,2026-10-04,中部地区を恒常地域ブロックとして登録。2026春季県大会の方式とは分離。
SAM005519,PRG000062,ASM000069,AREA000146,2026,SRC000293,2026-10-04,中部地区を恒常地域ブロックとして登録。2026春季県大会の方式とは分離。
SAM005520,PRG000063,ASM000069,AREA000146,2026,SRC000293,2026-10-04,中部地区を恒常地域ブロックとして登録。2026春季県大会の方式とは分離。
SAM005521,PRG000064,ASM000069,AREA000146,2026,SRC000293,2026-10-04,中部地区を恒常地域ブロックとして登録。2026春季県大会の方式とは分離。
SAM005522,PRG000065,ASM000069,AREA000146,2026,SRC000293,2026-10-04,中部地区を恒常地域ブロックとして登録。2026春季県大会の方式とは分離。
SAM005523,PRG000066,ASM000069,AREA000146,2026,SRC000293,2026-10-04,中部地区を恒常地域ブロックとして登録。2026春季県大会の方式とは分離。
SAM005524,PRG000067,ASM000069,AREA000146,2026,SRC000293,2026-10-04,中部地区を恒常地域ブロックとして登録。2026春季県大会の方式とは分離。
SAM005525,PRG000068,ASM000069,AREA000146,2026,SRC000293,2026-10-04,中部地区を恒常地域ブロックとして登録。2026春季県大会の方式とは分離。
SAM005526,PRG000069,ASM000069,AREA000146,2026,SRC000293,2026-10-04,中部地区を恒常地域ブロックとして登録。2026春季県大会の方式とは分離。
SAM005527,PRG000070,ASM000069,AREA000146,2026,SRC000293,2026-10-04,中部地区を恒常地域ブロックとして登録。2026春季県大会の方式とは分離。
SAM005528,PRG000071,ASM000069,AREA000146,2026,SRC000293,2026-10-04,中部地区を恒常地域ブロックとして登録。2026春季県大会の方式とは分離。
SAM005529,PRG000073,ASM000069,AREA000146,2026,SRC000293,2026-10-04,中部地区を恒常地域ブロックとして登録。2026春季県大会の方式とは分離。
SAM005530,PRG000074,ASM000069,AREA000146,2026,SRC000293,2026-10-04,中部地区を恒常地域ブロックとして登録。2026春季県大会の方式とは分離。
SAM005531,PRG000075,ASM000069,AREA000146,2026,SRC000293,2026-10-04,中部地区を恒常地域ブロックとして登録。2026春季県大会の方式とは分離。
SAM005532,PRG000076,ASM000069,AREA000146,2026,SRC000293,2026-10-04,中部地区を恒常地域ブロックとして登録。2026春季県大会の方式とは分離。
SAM005533,PRG000077,ASM000069,AREA000146,2026,SRC000293,2026-10-04,中部地区を恒常地域ブロックとして登録。2026春季県大会の方式とは分離。
SAM005534,PRG000078,ASM000069,AREA000146,2026,SRC000293,2026-10-04,中部地区を恒常地域ブロックとして登録。2026春季県大会の方式とは分離。
SAM005535,PRG000079,ASM000069,AREA000146,2026,SRC000293,2026-10-04,中部地区を恒常地域ブロックとして登録。2026春季県大会の方式とは分離。
SAM005536,PRG000080,ASM000069,AREA000146,2026,SRC000293,2026-10-04,中部地区を恒常地域ブロックとして登録。2026春季県大会の方式とは分離。
SAM005537,PRG000081,ASM000069,AREA000146,2026,SRC000293,2026-10-04,中部地区を恒常地域ブロックとして登録。2026春季県大会の方式とは分離。
SAM005538,PRG000082,ASM000069,AREA000147,2026,SRC000293,2026-10-04,南部地区を恒常地域ブロックとして登録。2026春季県大会の方式とは分離。
SAM005539,PRG000083,ASM000069,AREA000147,2026,SRC000293,2026-10-04,南部地区を恒常地域ブロックとして登録。2026春季県大会の方式とは分離。
SAM005540,PRG000084,ASM000069,AREA000147,2026,SRC000293,2026-10-04,南部地区を恒常地域ブロックとして登録。2026春季県大会の方式とは分離。
SAM005541,PRG000085,ASM000069,AREA000147,2026,SRC000293,2026-10-04,南部地区を恒常地域ブロックとして登録。2026春季県大会の方式とは分離。
SAM005542,PRG000086,ASM000069,AREA000147,2026,SRC000293,2026-10-04,南部地区を恒常地域ブロックとして登録。2026春季県大会の方式とは分離。
SAM005543,PRG000087,ASM000069,AREA000147,2026,SRC000293,2026-10-04,南部地区を恒常地域ブロックとして登録。2026春季県大会の方式とは分離。
SAM005544,PRG000088,ASM000069,AREA000147,2026,SRC000293,2026-10-04,南部地区を恒常地域ブロックとして登録。2026春季県大会の方式とは分離。
SAM005545,PRG000089,ASM000069,AREA000147,2026,SRC000293,2026-10-04,南部地区を恒常地域ブロックとして登録。2026春季県大会の方式とは分離。
SAM005546,PRG000090,ASM000069,AREA000147,2026,SRC000293,2026-10-04,南部地区を恒常地域ブロックとして登録。2026春季県大会の方式とは分離。
SAM005547,PRG000091,ASM000069,AREA000147,2026,SRC000293,2026-10-04,南部地区を恒常地域ブロックとして登録。2026春季県大会の方式とは分離。
SAM005548,PRG000092,ASM000069,AREA000147,2026,SRC000293,2026-10-04,南部地区を恒常地域ブロックとして登録。2026春季県大会の方式とは分離。
SAM005549,PRG000093,ASM000069,AREA000147,2026,SRC000293,2026-10-04,南部地区を恒常地域ブロックとして登録。2026春季県大会の方式とは分離。
SAM005550,PRG000094,ASM000069,AREA000147,2026,SRC000293,2026-10-04,南部地区を恒常地域ブロックとして登録。2026春季県大会の方式とは分離。
SAM005551,PRG000095,ASM000069,AREA000147,2026,SRC000293,2026-10-04,南部地区を恒常地域ブロックとして登録。2026春季県大会の方式とは分離。
SAM005552,PRG000096,ASM000069,AREA000147,2026,SRC000293,2026-10-04,南部地区を恒常地域ブロックとして登録。2026春季県大会の方式とは分離。
SAM005553,PRG000097,ASM000069,AREA000147,2026,SRC000293,2026-10-04,南部地区を恒常地域ブロックとして登録。2026春季県大会の方式とは分離。
SAM005554,PRG000098,ASM000069,AREA000147,2026,SRC000293,2026-10-04,南部地区を恒常地域ブロックとして登録。2026春季県大会の方式とは分離。
SAM005555,PRG000099,ASM000069,AREA000147,2026,SRC000293,2026-10-04,南部地区を恒常地域ブロックとして登録。2026春季県大会の方式とは分離。
SAM005556,PRG000100,ASM000069,AREA000147,2026,SRC000293,2026-10-04,南部地区を恒常地域ブロックとして登録。2026春季県大会の方式とは分離。
SAM005557,PRG000101,ASM000069,AREA000147,2026,SRC000293,2026-10-04,南部地区を恒常地域ブロックとして登録。2026春季県大会の方式とは分離。
SAM005558,PRG000102,ASM000069,AREA000147,2026,SRC000293,2026-10-04,南部地区を恒常地域ブロックとして登録。2026春季県大会の方式とは分離。
SAM005559,PRG000103,ASM000069,AREA000147,2026,SRC000293,2026-10-04,南部地区を恒常地域ブロックとして登録。2026春季県大会の方式とは分離。
SAM005560,PRG000104,ASM000069,AREA000145,2026,SRC000293,2026-10-04,北部地区を恒常地域ブロックとして登録。2026春季県大会の方式とは分離。
SAM005561,PRG000106,ASM000069,AREA000145,2026,SRC000293,2026-10-04,北部地区を恒常地域ブロックとして登録。2026春季県大会の方式とは分離。
SAM005562,PRG000107,ASM000069,AREA000145,2026,SRC000293,2026-10-04,北部地区を恒常地域ブロックとして登録。2026春季県大会の方式とは分離。
SAM005563,PRG000108,ASM000069,AREA000145,2026,SRC000293,2026-10-04,北部地区を恒常地域ブロックとして登録。2026春季県大会の方式とは分離。
SAM005564,PRG000109,ASM000069,AREA000145,2026,SRC000293,2026-10-04,北部地区を恒常地域ブロックとして登録。2026春季県大会の方式とは分離。
SAM005565,PRG000110,ASM000069,AREA000145,2026,SRC000293,2026-10-04,北部地区を恒常地域ブロックとして登録。2026春季県大会の方式とは分離。
SAM005566,PRG000111,ASM000069,AREA000145,2026,SRC000293,2026-10-04,北部地区を恒常地域ブロックとして登録。2026春季県大会の方式とは分離。
SAM005567,PRG000112,ASM000069,AREA000145,2026,SRC000293,2026-10-04,北部地区を恒常地域ブロックとして登録。2026春季県大会の方式とは分離。
SAM005568,PRG000113,ASM000069,AREA000145,2026,SRC000293,2026-10-04,北部地区を恒常地域ブロックとして登録。2026春季県大会の方式とは分離。
SAM005569,PRG000114,ASM000069,AREA000145,2026,SRC000293,2026-10-04,北部地区を恒常地域ブロックとして登録。2026春季県大会の方式とは分離。
SAM005570,PRG000115,ASM000069,AREA000145,2026,SRC000293,2026-10-04,北部地区を恒常地域ブロックとして登録。2026春季県大会の方式とは分離。
SAM005571,PRG000116,ASM000069,AREA000145,2026,SRC000293,2026-10-04,北部地区を恒常地域ブロックとして登録。2026春季県大会の方式とは分離。
SAM005572,PRG000117,ASM000069,AREA000145,2026,SRC000293,2026-10-04,北部地区を恒常地域ブロックとして登録。2026春季県大会の方式とは分離。
SAM005573,PRG001969,ASM000070,AREA000150,2026,SRC000155,2026-10-04,2026年度の公式地区制度・加盟校情報を基に南部地区所属として登録。 地区をまたぐ合同チームの一時的な大会所属は反映しない。
SAM005574,PRG001970,ASM000070,AREA000151,2026,SRC000155,2026-10-04,2026年度の公式地区制度・加盟校情報を基に北部地区所属として登録。 地区をまたぐ合同チームの一時的な大会所属は反映しない。
SAM005575,PRG001971,ASM000070,AREA000149,2026,SRC000155,2026-10-04,2026年度の公式地区制度・加盟校情報を基に西部地区所属として登録。 地区をまたぐ合同チームの一時的な大会所属は反映しない。
SAM005576,PRG001972,ASM000070,AREA000149,2026,SRC000155,2026-10-04,2026年度の公式地区制度・加盟校情報を基に西部地区所属として登録。 地区をまたぐ合同チームの一時的な大会所属は反映しない。
SAM005577,PRG001973,ASM000070,AREA000149,2026,SRC000155,2026-10-04,2026年度の公式地区制度・加盟校情報を基に西部地区所属として登録。 地区をまたぐ合同チームの一時的な大会所属は反映しない。
SAM005578,PRG001974,ASM000070,AREA000149,2026,SRC000155,2026-10-04,2026年度の公式地区制度・加盟校情報を基に西部地区所属として登録。 地区をまたぐ合同チームの一時的な大会所属は反映しない。
SAM005579,PRG001975,ASM000070,AREA000149,2026,SRC000155,2026-10-04,2026年度の公式地区制度・加盟校情報を基に西部地区所属として登録。 地区をまたぐ合同チームの一時的な大会所属は反映しない。
SAM005580,PRG001976,ASM000070,AREA000150,2026,SRC000155,2026-10-04,2026年度の公式地区制度・加盟校情報を基に南部地区所属として登録。 地区をまたぐ合同チームの一時的な大会所属は反映しない。
SAM005581,PRG001977,ASM000070,AREA000149,2026,SRC000155,2026-10-04,2026年度の公式地区制度・加盟校情報を基に西部地区所属として登録。 地区をまたぐ合同チームの一時的な大会所属は反映しない。
SAM005582,PRG001978,ASM000070,AREA000151,2026,SRC000155,2026-10-04,2026年度の公式地区制度・加盟校情報を基に北部地区所属として登録。 地区をまたぐ合同チームの一時的な大会所属は反映しない。
SAM005583,PRG001979,ASM000070,AREA000150,2026,SRC000155,2026-10-04,2026年度の公式地区制度・加盟校情報を基に南部地区所属として登録。 地区をまたぐ合同チームの一時的な大会所属は反映しない。
SAM005584,PRG001980,ASM000070,AREA000149,2026,SRC000155,2026-10-04,2026年度の公式地区制度・加盟校情報を基に西部地区所属として登録。 地区をまたぐ合同チームの一時的な大会所属は反映しない。
SAM005585,PRG001981,ASM000070,AREA000149,2026,SRC000155,2026-10-04,2026年度の公式地区制度・加盟校情報を基に西部地区所属として登録。 地区をまたぐ合同チームの一時的な大会所属は反映しない。
SAM005586,PRG001982,ASM000070,AREA000148,2026,SRC000155,2026-10-04,2026年度の公式地区制度・加盟校情報を基に東部地区所属として登録。 地区をまたぐ合同チームの一時的な大会所属は反映しない。
SAM005587,PRG001983,ASM000070,AREA000148,2026,SRC000155,2026-10-04,2026年度の公式地区制度・加盟校情報を基に東部地区所属として登録。 地区をまたぐ合同チームの一時的な大会所属は反映しない。
SAM005588,PRG001984,ASM000070,AREA000151,2026,SRC000155,2026-10-04,2026年度の公式地区制度・加盟校情報を基に北部地区所属として登録。 地区をまたぐ合同チームの一時的な大会所属は反映しない。
SAM005589,PRG001985,ASM000070,AREA000148,2026,SRC000155,2026-10-04,2026年度の公式地区制度・加盟校情報を基に東部地区所属として登録。 地区をまたぐ合同チームの一時的な大会所属は反映しない。
SAM005590,PRG001986,ASM000070,AREA000151,2026,SRC000155,2026-10-04,2026年度の公式地区制度・加盟校情報を基に北部地区所属として登録。 地区をまたぐ合同チームの一時的な大会所属は反映しない。
SAM005591,PRG001987,ASM000070,AREA000151,2026,SRC000155,2026-10-04,2026年度の公式地区制度・加盟校情報を基に北部地区所属として登録。 地区をまたぐ合同チームの一時的な大会所属は反映しない。
SAM005592,PRG001988,ASM000070,AREA000150,2026,SRC000155,2026-10-04,2026年度の公式地区制度・加盟校情報を基に南部地区所属として登録。 地区をまたぐ合同チームの一時的な大会所属は反映しない。
SAM005593,PRG001989,ASM000070,AREA000151,2026,SRC000155,2026-10-04,2026年度の公式地区制度・加盟校情報を基に北部地区所属として登録。 地区をまたぐ合同チームの一時的な大会所属は反映しない。
SAM005594,PRG001990,ASM000070,AREA000148,2026,SRC000155,2026-10-04,2026年度の公式地区制度・加盟校情報を基に東部地区所属として登録。 地区をまたぐ合同チームの一時的な大会所属は反映しない。
SAM005595,PRG001991,ASM000070,AREA000149,2026,SRC000155,2026-10-04,2026年度の公式地区制度・加盟校情報を基に西部地区所属として登録。 地区をまたぐ合同チームの一時的な大会所属は反映しない。
SAM005596,PRG001992,ASM000070,AREA000150,2026,SRC000155,2026-10-04,2026年度の公式地区制度・加盟校情報を基に南部地区所属として登録。 地区をまたぐ合同チームの一時的な大会所属は反映しない。
SAM005597,PRG001993,ASM000070,AREA000151,2026,SRC000155,2026-10-04,2026年度の公式地区制度・加盟校情報を基に北部地区所属として登録。 地区をまたぐ合同チームの一時的な大会所属は反映しない。
SAM005598,PRG001994,ASM000070,AREA000151,2026,SRC000155,2026-10-04,2026年度の公式地区制度・加盟校情報を基に北部地区所属として登録。 地区をまたぐ合同チームの一時的な大会所属は反映しない。
SAM005599,PRG001995,ASM000070,AREA000148,2026,SRC000155,2026-10-04,2026年度の公式地区制度・加盟校情報を基に東部地区所属として登録。 地区をまたぐ合同チームの一時的な大会所属は反映しない。
SAM005600,PRG001996,ASM000070,AREA000148,2026,SRC000155,2026-10-04,2026年度の公式地区制度・加盟校情報を基に東部地区所属として登録。 地区をまたぐ合同チームの一時的な大会所属は反映しない。
SAM005601,PRG001997,ASM000070,AREA000150,2026,SRC000155,2026-10-04,2026年度の公式地区制度・加盟校情報を基に南部地区所属として登録。 地区をまたぐ合同チームの一時的な大会所属は反映しない。
SAM005602,PRG001998,ASM000070,AREA000148,2026,SRC000155,2026-10-04,2026年度の公式地区制度・加盟校情報を基に東部地区所属として登録。 地区をまたぐ合同チームの一時的な大会所属は反映しない。
SAM005603,PRG001999,ASM000070,AREA000148,2026,SRC000155,2026-10-04,2026年度の公式地区制度・加盟校情報を基に東部地区所属として登録。 地区をまたぐ合同チームの一時的な大会所属は反映しない。
SAM005604,PRG002000,ASM000070,AREA000148,2026,SRC000155,2026-10-04,2026年度の公式地区制度・加盟校情報を基に東部地区所属として登録。 地区をまたぐ合同チームの一時的な大会所属は反映しない。
SAM005605,PRG002001,ASM000070,AREA000150,2026,SRC000155,2026-10-04,2026年度の公式地区制度・加盟校情報を基に南部地区所属として登録。 地区をまたぐ合同チームの一時的な大会所属は反映しない。
SAM005606,PRG002002,ASM000070,AREA000150,2026,SRC000155,2026-10-04,2026年度の公式地区制度・加盟校情報を基に南部地区所属として登録。 地区をまたぐ合同チームの一時的な大会所属は反映しない。
SAM005607,PRG002003,ASM000070,AREA000151,2026,SRC000155,2026-10-04,2026年度の公式地区制度・加盟校情報を基に北部地区所属として登録。 地区をまたぐ合同チームの一時的な大会所属は反映しない。
SAM005608,PRG002004,ASM000070,AREA000151,2026,SRC000155,2026-10-04,2026年度の公式地区制度・加盟校情報を基に北部地区所属として登録。 地区をまたぐ合同チームの一時的な大会所属は反映しない。
SAM005609,PRG002005,ASM000070,AREA000149,2026,SRC000155,2026-10-04,2026年度の公式地区制度・加盟校情報を基に西部地区所属として登録。 地区をまたぐ合同チームの一時的な大会所属は反映しない。
SAM005610,PRG002006,ASM000070,AREA000151,2026,SRC000155,2026-10-04,2026年度の公式地区制度・加盟校情報を基に北部地区所属として登録。 地区をまたぐ合同チームの一時的な大会所属は反映しない。
SAM005611,PRG002007,ASM000070,AREA000150,2026,SRC000155,2026-10-04,2026年度の公式地区制度・加盟校情報を基に南部地区所属として登録。 地区をまたぐ合同チームの一時的な大会所属は反映しない。
SAM005612,PRG002008,ASM000070,AREA000148,2026,SRC000155,2026-10-04,2026年度の公式地区制度・加盟校情報を基に東部地区所属として登録。 地区をまたぐ合同チームの一時的な大会所属は反映しない。
SAM005613,PRG002009,ASM000070,AREA000148,2026,SRC000155,2026-10-04,2026年度の公式地区制度・加盟校情報を基に東部地区所属として登録。 地区をまたぐ合同チームの一時的な大会所属は反映しない。
SAM005614,PRG002010,ASM000070,AREA000151,2026,SRC000155,2026-10-04,2026年度の公式地区制度・加盟校情報を基に北部地区所属として登録。 地区をまたぐ合同チームの一時的な大会所属は反映しない。
SAM005615,PRG002011,ASM000070,AREA000148,2026,SRC000155,2026-10-04,2026年度の公式地区制度・加盟校情報を基に東部地区所属として登録。 地区をまたぐ合同チームの一時的な大会所属は反映しない。
SAM005616,PRG002012,ASM000070,AREA000151,2026,SRC000155,2026-10-04,2026年度の公式地区制度・加盟校情報を基に北部地区所属として登録。 地区をまたぐ合同チームの一時的な大会所属は反映しない。
SAM005617,PRG002013,ASM000070,AREA000149,2026,SRC000155,2026-10-04,2026年度の公式地区制度・加盟校情報を基に西部地区所属として登録。 地区をまたぐ合同チームの一時的な大会所属は反映しない。
SAM005618,PRG002014,ASM000070,AREA000148,2026,SRC000155,2026-10-04,2026年度の公式地区制度・加盟校情報を基に東部地区所属として登録。 地区をまたぐ合同チームの一時的な大会所属は反映しない。
SAM005619,PRG002015,ASM000070,AREA000150,2026,SRC000155,2026-10-04,2026年度の公式地区制度・加盟校情報を基に南部地区所属として登録。 地区をまたぐ合同チームの一時的な大会所属は反映しない。
SAM005620,PRG002016,ASM000070,AREA000150,2026,SRC000155,2026-10-04,2026年度の公式地区制度・加盟校情報を基に南部地区所属として登録。 地区をまたぐ合同チームの一時的な大会所属は反映しない。
SAM005621,PRG002017,ASM000070,AREA000148,2026,SRC000155,2026-10-04,2026年度の公式地区制度・加盟校情報を基に東部地区所属として登録。 地区をまたぐ合同チームの一時的な大会所属は反映しない。
SAM005622,PRG002018,ASM000070,AREA000149,2026,SRC000155,2026-10-04,2026年度の公式地区制度・加盟校情報を基に西部地区所属として登録。 地区をまたぐ合同チームの一時的な大会所属は反映しない。
SAM005623,PRG002019,ASM000070,AREA000148,2026,SRC000155,2026-10-04,2026年度の公式地区制度・加盟校情報を基に東部地区所属として登録。 地区をまたぐ合同チームの一時的な大会所属は反映しない。
SAM005624,PRG002020,ASM000070,AREA000149,2026,SRC000155,2026-10-04,2026年度の公式地区制度・加盟校情報を基に西部地区所属として登録。 地区をまたぐ合同チームの一時的な大会所属は反映しない。
SAM005625,PRG002021,ASM000070,AREA000149,2026,SRC000155,2026-10-04,2026年度の公式地区制度・加盟校情報を基に西部地区所属として登録。 地区をまたぐ合同チームの一時的な大会所属は反映しない。
SAM005626,PRG002022,ASM000070,AREA000151,2026,SRC000155,2026-10-04,2026年度の公式地区制度・加盟校情報を基に北部地区所属として登録。 地区をまたぐ合同チームの一時的な大会所属は反映しない。
SAM005627,PRG002023,ASM000070,AREA000148,2026,SRC000155,2026-10-04,2026年度の公式地区制度・加盟校情報を基に東部地区所属として登録。 地区をまたぐ合同チームの一時的な大会所属は反映しない。
SAM005628,PRG002024,ASM000070,AREA000150,2026,SRC000155,2026-10-04,2026年度の公式地区制度・加盟校情報を基に南部地区所属として登録。 地区をまたぐ合同チームの一時的な大会所属は反映しない。
SAM005629,PRG002025,ASM000070,AREA000150,2026,SRC000155,2026-10-04,2026年度の公式地区制度・加盟校情報を基に南部地区所属として登録。 地区をまたぐ合同チームの一時的な大会所属は反映しない。
SAM005630,PRG002026,ASM000070,AREA000150,2026,SRC000155,2026-10-04,2026年度の公式地区制度・加盟校情報を基に南部地区所属として登録。 地区をまたぐ合同チームの一時的な大会所属は反映しない。
SAM005631,PRG002027,ASM000070,AREA000149,2026,SRC000155,2026-10-04,2026年度の公式地区制度・加盟校情報を基に西部地区所属として登録。 地区をまたぐ合同チームの一時的な大会所属は反映しない。
SAM005632,PRG002028,ASM000070,AREA000150,2026,SRC000155,2026-10-04,2026年度の公式地区制度・加盟校情報を基に南部地区所属として登録。 地区をまたぐ合同チームの一時的な大会所属は反映しない。
SAM005633,PRG002029,ASM000070,AREA000148,2026,SRC000155,2026-10-04,2026年度の公式地区制度・加盟校情報を基に東部地区所属として登録。 地区をまたぐ合同チームの一時的な大会所属は反映しない。
SAM005634,PRG002030,ASM000070,AREA000150,2026,SRC000155,2026-10-04,2026年度の公式地区制度・加盟校情報を基に南部地区所属として登録。 地区をまたぐ合同チームの一時的な大会所属は反映しない。
SAM005635,PRG002031,ASM000070,AREA000149,2026,SRC000155,2026-10-04,2026年度の公式地区制度・加盟校情報を基に西部地区所属として登録。 地区をまたぐ合同チームの一時的な大会所属は反映しない。
SAM005636,PRG002032,ASM000070,AREA000151,2026,SRC000155,2026-10-04,2026年度の公式地区制度・加盟校情報を基に北部地区所属として登録。 地区をまたぐ合同チームの一時的な大会所属は反映しない。
SAM005637,PRG002033,ASM000070,AREA000150,2026,SRC000155,2026-10-04,2026年度の公式地区制度・加盟校情報を基に南部地区所属として登録。 地区をまたぐ合同チームの一時的な大会所属は反映しない。
SAM005638,PRG002034,ASM000070,AREA000149,2026,SRC000155,2026-10-04,2026年度の公式地区制度・加盟校情報を基に西部地区所属として登録。 地区をまたぐ合同チームの一時的な大会所属は反映しない。
SAM005639,PRG002035,ASM000070,AREA000148,2026,SRC000155,2026-10-04,2026年度の公式地区制度・加盟校情報を基に東部地区所属として登録。 地区をまたぐ合同チームの一時的な大会所属は反映しない。
SAM005640,PRG002036,ASM000070,AREA000151,2026,SRC000155,2026-10-04,2026年度の公式地区制度・加盟校情報を基に北部地区所属として登録。 地区をまたぐ合同チームの一時的な大会所属は反映しない。
SAM005641,PRG002037,ASM000070,AREA000149,2026,SRC000155,2026-10-04,2026年度の公式地区制度・加盟校情報を基に西部地区所属として登録。 地区をまたぐ合同チームの一時的な大会所属は反映しない。
SAM005642,PRG002038,ASM000070,AREA000150,2026,SRC000155,2026-10-04,2026年度の公式地区制度・加盟校情報を基に南部地区所属として登録。 地区をまたぐ合同チームの一時的な大会所属は反映しない。
SAM005643,PRG002039,ASM000070,AREA000148,2026,SRC000155,2026-10-04,2026年度の公式地区制度・加盟校情報を基に東部地区所属として登録。 地区をまたぐ合同チームの一時的な大会所属は反映しない。
SAM005644,PRG002040,ASM000070,AREA000150,2026,SRC000155,2026-10-04,2026年度の公式地区制度・加盟校情報を基に南部地区所属として登録。 地区をまたぐ合同チームの一時的な大会所属は反映しない。
SAM005645,PRG002041,ASM000070,AREA000150,2026,SRC000155,2026-10-04,2026年度の公式地区制度・加盟校情報を基に南部地区所属として登録。 地区をまたぐ合同チームの一時的な大会所属は反映しない。
SAM005646,PRG002042,ASM000070,AREA000148,2026,SRC000155,2026-10-04,2026年度の公式地区制度・加盟校情報を基に東部地区所属として登録。 地区をまたぐ合同チームの一時的な大会所属は反映しない。
SAM005647,PRG002043,ASM000070,AREA000149,2026,SRC000155,2026-10-04,2026年度の公式地区制度・加盟校情報を基に西部地区所属として登録。 地区をまたぐ合同チームの一時的な大会所属は反映しない。
SAM005648,PRG002044,ASM000070,AREA000150,2026,SRC000155,2026-10-04,2026年度の公式地区制度・加盟校情報を基に南部地区所属として登録。 地区をまたぐ合同チームの一時的な大会所属は反映しない。
SAM005649,PRG002045,ASM000070,AREA000150,2026,SRC000155,2026-10-04,2026年度の公式地区制度・加盟校情報を基に南部地区所属として登録。 地区をまたぐ合同チームの一時的な大会所属は反映しない。
SAM005650,PRG002046,ASM000070,AREA000150,2026,SRC000155,2026-10-04,2026年度の公式地区制度・加盟校情報を基に南部地区所属として登録。 地区をまたぐ合同チームの一時的な大会所属は反映しない。
SAM005651,PRG002047,ASM000070,AREA000149,2026,SRC000155,2026-10-04,2026年度の公式地区制度・加盟校情報を基に西部地区所属として登録。 地区をまたぐ合同チームの一時的な大会所属は反映しない。
SAM005652,PRG002048,ASM000070,AREA000149,2026,SRC000155,2026-10-04,2026年度の公式地区制度・加盟校情報を基に西部地区所属として登録。 地区をまたぐ合同チームの一時的な大会所属は反映しない。
SAM005653,PRG002049,ASM000070,AREA000149,2026,SRC000155,2026-10-04,2026年度の公式地区制度・加盟校情報を基に西部地区所属として登録。 地区をまたぐ合同チームの一時的な大会所属は反映しない。
SAM005654,PRG002050,ASM000070,AREA000151,2026,SRC000155,2026-10-04,2026年度の公式地区制度・加盟校情報を基に北部地区所属として登録。 地区をまたぐ合同チームの一時的な大会所属は反映しない。
SAM005655,PRG002051,ASM000070,AREA000151,2026,SRC000155,2026-10-04,2026年度の公式地区制度・加盟校情報を基に北部地区所属として登録。 地区をまたぐ合同チームの一時的な大会所属は反映しない。
SAM005656,PRG002052,ASM000070,AREA000149,2026,SRC000155,2026-10-04,2026年度の公式地区制度・加盟校情報を基に西部地区所属として登録。 地区をまたぐ合同チームの一時的な大会所属は反映しない。
SAM005657,PRG002053,ASM000070,AREA000151,2026,SRC000155,2026-10-04,2026年度の公式地区制度・加盟校情報を基に北部地区所属として登録。 地区をまたぐ合同チームの一時的な大会所属は反映しない。
SAM005658,PRG002054,ASM000070,AREA000150,2026,SRC000155,2026-10-04,2026年度の公式地区制度・加盟校情報を基に南部地区所属として登録。 地区をまたぐ合同チームの一時的な大会所属は反映しない。
SAM005659,PRG002055,ASM000070,AREA000149,2026,SRC000155,2026-10-04,2026年度の公式地区制度・加盟校情報を基に西部地区所属として登録。 地区をまたぐ合同チームの一時的な大会所属は反映しない。
SAM005660,PRG002056,ASM000070,AREA000151,2026,SRC000155,2026-10-04,2026年度の公式地区制度・加盟校情報を基に北部地区所属として登録。 地区をまたぐ合同チームの一時的な大会所属は反映しない。
SAM005661,PRG002057,ASM000070,AREA000148,2026,SRC000155,2026-10-04,2026年度の公式地区制度・加盟校情報を基に東部地区所属として登録。 地区をまたぐ合同チームの一時的な大会所属は反映しない。
SAM005662,PRG002058,ASM000070,AREA000150,2026,SRC000155,2026-10-04,2026年度の公式地区制度・加盟校情報を基に南部地区所属として登録。 地区をまたぐ合同チームの一時的な大会所属は反映しない。
SAM005663,PRG002059,ASM000070,AREA000150,2026,SRC000155,2026-10-04,2026年度の公式地区制度・加盟校情報を基に南部地区所属として登録。 地区をまたぐ合同チームの一時的な大会所属は反映しない。
SAM005664,PRG002060,ASM000070,AREA000149,2026,SRC000155,2026-10-04,2026年度の公式地区制度・加盟校情報を基に西部地区所属として登録。 地区をまたぐ合同チームの一時的な大会所属は反映しない。
SAM005665,PRG002061,ASM000070,AREA000150,2026,SRC000155,2026-10-04,2026年度の公式地区制度・加盟校情報を基に南部地区所属として登録。 地区をまたぐ合同チームの一時的な大会所属は反映しない。
SAM005666,PRG002062,ASM000070,AREA000151,2026,SRC000155,2026-10-04,2026年度の公式地区制度・加盟校情報を基に北部地区所属として登録。 地区をまたぐ合同チームの一時的な大会所属は反映しない。
SAM005667,PRG002063,ASM000070,AREA000151,2026,SRC000155,2026-10-04,2026年度の公式地区制度・加盟校情報を基に北部地区所属として登録。 地区をまたぐ合同チームの一時的な大会所属は反映しない。
SAM005668,PRG002064,ASM000070,AREA000148,2026,SRC000155,2026-10-04,2026年度の公式地区制度・加盟校情報を基に東部地区所属として登録。 地区をまたぐ合同チームの一時的な大会所属は反映しない。
SAM005669,PRG002065,ASM000070,AREA000148,2026,SRC000155,2026-10-04,2026年度の公式地区制度・加盟校情報を基に東部地区所属として登録。 地区をまたぐ合同チームの一時的な大会所属は反映しない。
SAM005670,PRG002066,ASM000070,AREA000149,2026,SRC000155,2026-10-04,2026年度の公式地区制度・加盟校情報を基に西部地区所属として登録。 地区をまたぐ合同チームの一時的な大会所属は反映しない。
SAM005671,PRG002067,ASM000070,AREA000150,2026,SRC000155,2026-10-04,2026年度の公式地区制度・加盟校情報を基に南部地区所属として登録。 地区をまたぐ合同チームの一時的な大会所属は反映しない。
SAM005672,PRG002068,ASM000070,AREA000149,2026,SRC000155,2026-10-04,2026年度の公式地区制度・加盟校情報を基に西部地区所属として登録。 地区をまたぐ合同チームの一時的な大会所属は反映しない。
SAM005673,PRG002069,ASM000070,AREA000151,2026,SRC000155,2026-10-04,2026年度の公式地区制度・加盟校情報を基に北部地区所属として登録。 地区をまたぐ合同チームの一時的な大会所属は反映しない。
SAM005674,PRG002070,ASM000070,AREA000151,2026,SRC000155,2026-10-04,2026年度の公式地区制度・加盟校情報を基に北部地区所属として登録。 地区をまたぐ合同チームの一時的な大会所属は反映しない。
SAM005675,PRG002071,ASM000070,AREA000151,2026,SRC000155,2026-10-04,2026年度の公式地区制度・加盟校情報を基に北部地区所属として登録。 地区をまたぐ合同チームの一時的な大会所属は反映しない。
SAM005676,PRG002072,ASM000070,AREA000149,2026,SRC000155,2026-10-04,2026年度の公式地区制度・加盟校情報を基に西部地区所属として登録。 地区をまたぐ合同チームの一時的な大会所属は反映しない。
SAM005677,PRG002073,ASM000070,AREA000150,2026,SRC000155,2026-10-04,2026年度の公式地区制度・加盟校情報を基に南部地区所属として登録。 地区をまたぐ合同チームの一時的な大会所属は反映しない。
SAM005678,PRG002074,ASM000070,AREA000150,2026,SRC000155,2026-10-04,2026年度の公式地区制度・加盟校情報を基に南部地区所属として登録。 地区をまたぐ合同チームの一時的な大会所属は反映しない。
SAM005679,PRG002075,ASM000070,AREA000151,2026,SRC000155,2026-10-04,2026年度の公式地区制度・加盟校情報を基に北部地区所属として登録。 地区をまたぐ合同チームの一時的な大会所属は反映しない。
SAM005680,PRG002076,ASM000070,AREA000148,2026,SRC000155,2026-10-04,2026年度の公式地区制度・加盟校情報を基に東部地区所属として登録。 地区をまたぐ合同チームの一時的な大会所属は反映しない。
SAM005681,PRG002077,ASM000070,AREA000149,2026,SRC000155,2026-10-04,2026年度の公式地区制度・加盟校情報を基に西部地区所属として登録。 地区をまたぐ合同チームの一時的な大会所属は反映しない。
SAM005682,PRG002078,ASM000070,AREA000151,2026,SRC000155,2026-10-04,2026年度の公式地区制度・加盟校情報を基に北部地区所属として登録。 地区をまたぐ合同チームの一時的な大会所属は反映しない。
SAM005683,PRG002079,ASM000070,AREA000150,2026,SRC000155,2026-10-04,2026年度の公式地区制度・加盟校情報を基に南部地区所属として登録。 地区をまたぐ合同チームの一時的な大会所属は反映しない。
SAM005684,PRG002080,ASM000070,AREA000149,2026,SRC000155,2026-10-04,2026年度の公式地区制度・加盟校情報を基に西部地区所属として登録。 地区をまたぐ合同チームの一時的な大会所属は反映しない。
SAM005685,PRG002081,ASM000070,AREA000151,2026,SRC000155,2026-10-04,2026年度の公式地区制度・加盟校情報を基に北部地区所属として登録。 地区をまたぐ合同チームの一時的な大会所属は反映しない。
SAM005686,PRG002082,ASM000070,AREA000150,2026,SRC000155,2026-10-04,2026年度の公式地区制度・加盟校情報を基に南部地区所属として登録。 地区をまたぐ合同チームの一時的な大会所属は反映しない。
SAM005687,PRG002083,ASM000070,AREA000149,2026,SRC000155,2026-10-04,2026年度の公式地区制度・加盟校情報を基に西部地区所属として登録。 地区をまたぐ合同チームの一時的な大会所属は反映しない。
SAM005688,PRG002084,ASM000070,AREA000150,2026,SRC000155,2026-10-04,2026年度の公式地区制度・加盟校情報を基に南部地区所属として登録。 地区をまたぐ合同チームの一時的な大会所属は反映しない。
SAM005689,PRG002085,ASM000070,AREA000151,2026,SRC000155,2026-10-04,2026年度の公式地区制度・加盟校情報を基に北部地区所属として登録。 地区をまたぐ合同チームの一時的な大会所属は反映しない。
SAM005690,PRG002086,ASM000070,AREA000151,2026,SRC000155,2026-10-04,2026年度の公式地区制度・加盟校情報を基に北部地区所属として登録。 地区をまたぐ合同チームの一時的な大会所属は反映しない。
SAM005691,PRG002087,ASM000070,AREA000148,2026,SRC000155,2026-10-04,2026年度の公式地区制度・加盟校情報を基に東部地区所属として登録。 地区をまたぐ合同チームの一時的な大会所属は反映しない。
SAM005692,PRG002088,ASM000070,AREA000151,2026,SRC000155,2026-10-04,2026年度の公式地区制度・加盟校情報を基に北部地区所属として登録。 地区をまたぐ合同チームの一時的な大会所属は反映しない。
SAM005693,PRG002089,ASM000070,AREA000148,2026,SRC000155,2026-10-04,2026年度の公式地区制度・加盟校情報を基に東部地区所属として登録。 地区をまたぐ合同チームの一時的な大会所属は反映しない。
SAM005694,PRG002090,ASM000070,AREA000151,2026,SRC000155,2026-10-04,2026年度の公式地区制度・加盟校情報を基に北部地区所属として登録。 地区をまたぐ合同チームの一時的な大会所属は反映しない。
SAM005695,PRG002091,ASM000070,AREA000149,2026,SRC000155,2026-10-04,2026年度の公式地区制度・加盟校情報を基に西部地区所属として登録。 地区をまたぐ合同チームの一時的な大会所属は反映しない。
SAM005696,PRG002092,ASM000070,AREA000149,2026,SRC000155,2026-10-04,2026年度の公式地区制度・加盟校情報を基に西部地区所属として登録。 地区をまたぐ合同チームの一時的な大会所属は反映しない。
SAM005697,PRG002093,ASM000070,AREA000149,2026,SRC000155,2026-10-04,2026年度の公式地区制度・加盟校情報を基に西部地区所属として登録。 地区をまたぐ合同チームの一時的な大会所属は反映しない。
SAM005698,PRG002094,ASM000070,AREA000148,2026,SRC000155,2026-10-04,2026年度の公式地区制度・加盟校情報を基に東部地区所属として登録。 地区をまたぐ合同チームの一時的な大会所属は反映しない。
SAM005699,PRG002095,ASM000070,AREA000148,2026,SRC000155,2026-10-04,2026年度の公式地区制度・加盟校情報を基に東部地区所属として登録。 地区をまたぐ合同チームの一時的な大会所属は反映しない。
SAM005700,PRG002096,ASM000070,AREA000149,2026,SRC000155,2026-10-04,2026年度の公式地区制度・加盟校情報を基に西部地区所属として登録。 地区をまたぐ合同チームの一時的な大会所属は反映しない。
SAM005701,PRG002097,ASM000070,AREA000149,2026,SRC000155,2026-10-04,2026年度の公式地区制度・加盟校情報を基に西部地区所属として登録。 地区をまたぐ合同チームの一時的な大会所属は反映しない。
SAM005702,PRG002098,ASM000070,AREA000150,2026,SRC000155,2026-10-04,2026年度の公式地区制度・加盟校情報を基に南部地区所属として登録。 地区をまたぐ合同チームの一時的な大会所属は反映しない。
SAM005703,PRG002099,ASM000070,AREA000150,2026,SRC000155,2026-10-04,2026年度の公式地区制度・加盟校情報を基に南部地区所属として登録。 地区をまたぐ合同チームの一時的な大会所属は反映しない。
SAM005704,PRG002100,ASM000070,AREA000149,2026,SRC000155,2026-10-04,2026年度の公式地区制度・加盟校情報を基に西部地区所属として登録。 地区をまたぐ合同チームの一時的な大会所属は反映しない。
SAM005705,PRG002101,ASM000070,AREA000150,2026,SRC000155,2026-10-04,2026年度の公式地区制度・加盟校情報を基に南部地区所属として登録。 地区をまたぐ合同チームの一時的な大会所属は反映しない。
SAM005706,PRG002102,ASM000070,AREA000151,2026,SRC000155,2026-10-04,2026年度の公式地区制度・加盟校情報を基に北部地区所属として登録。 地区をまたぐ合同チームの一時的な大会所属は反映しない。
SAM005707,PRG002103,ASM000070,AREA000148,2026,SRC000155,2026-10-04,2026年度の公式地区制度・加盟校情報を基に東部地区所属として登録。 地区をまたぐ合同チームの一時的な大会所属は反映しない。
SAM005708,PRG002104,ASM000070,AREA000149,2026,SRC000155,2026-10-04,2026年度の公式地区制度・加盟校情報を基に西部地区所属として登録。 地区をまたぐ合同チームの一時的な大会所属は反映しない。
SAM005709,PRG002105,ASM000070,AREA000149,2026,SRC000155,2026-10-04,2026年度の公式地区制度・加盟校情報を基に西部地区所属として登録。 地区をまたぐ合同チームの一時的な大会所属は反映しない。
SAM005710,PRG002106,ASM000070,AREA000148,2026,SRC000155,2026-10-04,2026年度の公式地区制度・加盟校情報を基に東部地区所属として登録。 地区をまたぐ合同チームの一時的な大会所属は反映しない。
SAM005711,PRG002107,ASM000070,AREA000148,2026,SRC000155,2026-10-04,2026年度の公式地区制度・加盟校情報を基に東部地区所属として登録。 地区をまたぐ合同チームの一時的な大会所属は反映しない。
SAM005712,PRG002108,ASM000070,AREA000150,2026,SRC000155,2026-10-04,2026年度の公式地区制度・加盟校情報を基に南部地区所属として登録。 地区をまたぐ合同チームの一時的な大会所属は反映しない。
SAM005713,PRG002109,ASM000070,AREA000150,2026,SRC000155,2026-10-04,2026年度の公式地区制度・加盟校情報を基に南部地区所属として登録。 地区をまたぐ合同チームの一時的な大会所属は反映しない。
SAM005714,PRG002110,ASM000070,AREA000149,2026,SRC000155,2026-10-04,2026年度の公式地区制度・加盟校情報を基に西部地区所属として登録。 地区をまたぐ合同チームの一時的な大会所属は反映しない。
SAM005715,PRG002111,ASM000070,AREA000150,2026,SRC000155,2026-10-04,2026年度の公式地区制度・加盟校情報を基に南部地区所属として登録。 地区をまたぐ合同チームの一時的な大会所属は反映しない。
SAM005716,PRG002112,ASM000070,AREA000150,2026,SRC000155,2026-10-04,2026年度の公式地区制度・加盟校情報を基に南部地区所属として登録。 地区をまたぐ合同チームの一時的な大会所属は反映しない。
SAM005717,PRG002113,ASM000070,AREA000150,2026,SRC000155,2026-10-04,2026年度の公式地区制度・加盟校情報を基に南部地区所属として登録。 地区をまたぐ合同チームの一時的な大会所属は反映しない。
SAM005718,PRG002114,ASM000070,AREA000148,2026,SRC000155,2026-10-04,2026年度の公式地区制度・加盟校情報を基に東部地区所属として登録。 地区をまたぐ合同チームの一時的な大会所属は反映しない。
SAM005719,PRG002115,ASM000070,AREA000148,2026,SRC000155,2026-10-04,2026年度の公式地区制度・加盟校情報を基に東部地区所属として登録。 地区をまたぐ合同チームの一時的な大会所属は反映しない。
SAM005720,PRG002116,ASM000070,AREA000148,2026,SRC000155,2026-10-04,2026年度の公式地区制度・加盟校情報を基に東部地区所属として登録。 地区をまたぐ合同チームの一時的な大会所属は反映しない。
SAM005721,PRG002117,ASM000070,AREA000148,2026,SRC000155,2026-10-04,2026年度の公式地区制度・加盟校情報を基に東部地区所属として登録。 地区をまたぐ合同チームの一時的な大会所属は反映しない。
SAM005722,PRG002118,ASM000070,AREA000148,2026,SRC000155,2026-10-04,2026年度の公式地区制度・加盟校情報を基に東部地区所属として登録。 地区をまたぐ合同チームの一時的な大会所属は反映しない。
SAM005723,PRG002119,ASM000070,AREA000148,2026,SRC000155,2026-10-04,2026年度の公式地区制度・加盟校情報を基に東部地区所属として登録。 地区をまたぐ合同チームの一時的な大会所属は反映しない。
SAM005724,PRG002120,ASM000070,AREA000148,2026,SRC000155,2026-10-04,2026年度の公式地区制度・加盟校情報を基に東部地区所属として登録。 地区をまたぐ合同チームの一時的な大会所属は反映しない。
SAM005725,PRG002121,ASM000070,AREA000148,2026,SRC000155,2026-10-04,2026年度の公式地区制度・加盟校情報を基に東部地区所属として登録。 地区をまたぐ合同チームの一時的な大会所属は反映しない。
SAM005726,PRG000904,ASM000071,AREA000152,2026,SRC000059,2026-10-04,2026年度の公式地区制度・加盟校情報を基に第1ブロック所属として登録。
SAM005727,PRG000905,ASM000071,AREA000152,2026,SRC000059,2026-10-04,2026年度の公式地区制度・加盟校情報を基に第1ブロック所属として登録。
SAM005728,PRG000906,ASM000071,AREA000152,2026,SRC000059,2026-10-04,2026年度の公式地区制度・加盟校情報を基に第1ブロック所属として登録。
SAM005729,PRG000907,ASM000071,AREA000152,2026,SRC000059,2026-10-04,2026年度の公式地区制度・加盟校情報を基に第1ブロック所属として登録。
SAM005730,PRG000908,ASM000071,AREA000152,2026,SRC000059,2026-10-04,2026年度の公式地区制度・加盟校情報を基に第1ブロック所属として登録。
SAM005731,PRG000909,ASM000071,AREA000152,2026,SRC000059,2026-10-04,2026年度の公式地区制度・加盟校情報を基に第1ブロック所属として登録。
SAM005732,PRG000910,ASM000071,AREA000152,2026,SRC000059,2026-10-04,2026年度の公式地区制度・加盟校情報を基に第1ブロック所属として登録。
SAM005733,PRG000911,ASM000071,AREA000152,2026,SRC000059,2026-10-04,2026年度の公式地区制度・加盟校情報を基に第1ブロック所属として登録。
SAM005734,PRG000912,ASM000071,AREA000152,2026,SRC000059,2026-10-04,2026年度の公式地区制度・加盟校情報を基に第1ブロック所属として登録。
SAM005735,PRG000913,ASM000071,AREA000152,2026,SRC000059,2026-10-04,2026年度の公式地区制度・加盟校情報を基に第1ブロック所属として登録。
SAM005736,PRG000914,ASM000071,AREA000152,2026,SRC000059,2026-10-04,2026年度の公式地区制度・加盟校情報を基に第1ブロック所属として登録。
SAM005737,PRG000915,ASM000071,AREA000152,2026,SRC000059,2026-10-04,2026年度の公式地区制度・加盟校情報を基に第1ブロック所属として登録。
SAM005738,PRG000916,ASM000071,AREA000152,2026,SRC000059,2026-10-04,2026年度の公式地区制度・加盟校情報を基に第1ブロック所属として登録。
SAM005739,PRG000917,ASM000071,AREA000152,2026,SRC000059,2026-10-04,2026年度の公式地区制度・加盟校情報を基に第1ブロック所属として登録。
SAM005740,PRG000918,ASM000071,AREA000152,2026,SRC000059,2026-10-04,2026年度の公式地区制度・加盟校情報を基に第1ブロック所属として登録。
SAM005741,PRG000919,ASM000071,AREA000152,2026,SRC000059,2026-10-04,2026年度の公式地区制度・加盟校情報を基に第1ブロック所属として登録。
SAM005742,PRG000920,ASM000071,AREA000152,2026,SRC000059,2026-10-04,2026年度の公式地区制度・加盟校情報を基に第1ブロック所属として登録。
SAM005743,PRG000921,ASM000071,AREA000152,2026,SRC000059,2026-10-04,2026年度の公式地区制度・加盟校情報を基に第1ブロック所属として登録。
SAM005744,PRG000922,ASM000071,AREA000152,2026,SRC000059,2026-10-04,2026年度の公式地区制度・加盟校情報を基に第1ブロック所属として登録。
SAM005745,PRG000923,ASM000071,AREA000152,2026,SRC000059,2026-10-04,2026年度の公式地区制度・加盟校情報を基に第1ブロック所属として登録。
SAM005746,PRG000924,ASM000071,AREA000152,2026,SRC000059,2026-10-04,2026年度の公式地区制度・加盟校情報を基に第1ブロック所属として登録。
SAM005747,PRG000925,ASM000071,AREA000152,2026,SRC000059,2026-10-04,2026年度の公式地区制度・加盟校情報を基に第1ブロック所属として登録。
SAM005748,PRG000926,ASM000071,AREA000152,2026,SRC000059,2026-10-04,2026年度の公式地区制度・加盟校情報を基に第1ブロック所属として登録。
SAM005749,PRG000927,ASM000071,AREA000152,2026,SRC000059,2026-10-04,2026年度の公式地区制度・加盟校情報を基に第1ブロック所属として登録。
SAM005750,PRG000928,ASM000071,AREA000152,2026,SRC000059,2026-10-04,2026年度の公式地区制度・加盟校情報を基に第1ブロック所属として登録。
SAM005751,PRG000929,ASM000071,AREA000152,2026,SRC000059,2026-10-04,2026年度の公式地区制度・加盟校情報を基に第1ブロック所属として登録。
SAM005752,PRG000930,ASM000071,AREA000152,2026,SRC000059,2026-10-04,2026年度の公式地区制度・加盟校情報を基に第1ブロック所属として登録。
SAM005753,PRG000931,ASM000071,AREA000152,2026,SRC000059,2026-10-04,2026年度の公式地区制度・加盟校情報を基に第1ブロック所属として登録。
SAM005754,PRG000932,ASM000071,AREA000152,2026,SRC000059,2026-10-04,2026年度の公式地区制度・加盟校情報を基に第1ブロック所属として登録。
SAM005755,PRG000933,ASM000071,AREA000153,2026,SRC000059,2026-10-04,2026年度の公式地区制度・加盟校情報を基に第2ブロック所属として登録。
SAM005756,PRG000934,ASM000071,AREA000153,2026,SRC000059,2026-10-04,2026年度の公式地区制度・加盟校情報を基に第2ブロック所属として登録。
SAM005757,PRG000935,ASM000071,AREA000153,2026,SRC000059,2026-10-04,2026年度の公式地区制度・加盟校情報を基に第2ブロック所属として登録。
SAM005758,PRG000936,ASM000071,AREA000153,2026,SRC000059,2026-10-04,2026年度の公式地区制度・加盟校情報を基に第2ブロック所属として登録。
SAM005759,PRG000937,ASM000071,AREA000153,2026,SRC000059,2026-10-04,2026年度の公式地区制度・加盟校情報を基に第2ブロック所属として登録。
SAM005760,PRG000938,ASM000071,AREA000153,2026,SRC000059,2026-10-04,2026年度の公式地区制度・加盟校情報を基に第2ブロック所属として登録。
SAM005761,PRG000939,ASM000071,AREA000153,2026,SRC000059,2026-10-04,2026年度の公式地区制度・加盟校情報を基に第2ブロック所属として登録。
SAM005762,PRG000940,ASM000071,AREA000153,2026,SRC000059,2026-10-04,2026年度の公式地区制度・加盟校情報を基に第2ブロック所属として登録。
SAM005763,PRG000941,ASM000071,AREA000153,2026,SRC000059,2026-10-04,2026年度の公式地区制度・加盟校情報を基に第2ブロック所属として登録。
SAM005764,PRG000942,ASM000071,AREA000153,2026,SRC000059,2026-10-04,2026年度の公式地区制度・加盟校情報を基に第2ブロック所属として登録。
SAM005765,PRG000943,ASM000071,AREA000153,2026,SRC000059,2026-10-04,2026年度の公式地区制度・加盟校情報を基に第2ブロック所属として登録。
SAM005766,PRG000944,ASM000071,AREA000153,2026,SRC000059,2026-10-04,2026年度の公式地区制度・加盟校情報を基に第2ブロック所属として登録。
SAM005767,PRG000945,ASM000071,AREA000153,2026,SRC000059,2026-10-04,2026年度の公式地区制度・加盟校情報を基に第2ブロック所属として登録。
SAM005768,PRG000946,ASM000071,AREA000153,2026,SRC000059,2026-10-04,2026年度の公式地区制度・加盟校情報を基に第2ブロック所属として登録。
SAM005769,PRG000947,ASM000071,AREA000153,2026,SRC000059,2026-10-04,2026年度の公式地区制度・加盟校情報を基に第2ブロック所属として登録。
SAM005770,PRG000948,ASM000071,AREA000153,2026,SRC000059,2026-10-04,2026年度の公式地区制度・加盟校情報を基に第2ブロック所属として登録。
SAM005771,PRG000949,ASM000071,AREA000153,2026,SRC000059,2026-10-04,2026年度の公式地区制度・加盟校情報を基に第2ブロック所属として登録。
SAM005772,PRG000950,ASM000071,AREA000153,2026,SRC000059,2026-10-04,2026年度の公式地区制度・加盟校情報を基に第2ブロック所属として登録。
SAM005773,PRG000951,ASM000071,AREA000153,2026,SRC000059,2026-10-04,2026年度の公式地区制度・加盟校情報を基に第2ブロック所属として登録。
SAM005774,PRG000952,ASM000071,AREA000153,2026,SRC000059,2026-10-04,2026年度の公式地区制度・加盟校情報を基に第2ブロック所属として登録。
SAM005775,PRG000953,ASM000071,AREA000153,2026,SRC000059,2026-10-04,2026年度の公式地区制度・加盟校情報を基に第2ブロック所属として登録。
SAM005776,PRG000954,ASM000071,AREA000154,2026,SRC000059,2026-10-04,2026年度の公式地区制度・加盟校情報を基に第3ブロック所属として登録。
SAM005777,PRG000955,ASM000071,AREA000154,2026,SRC000059,2026-10-04,2026年度の公式地区制度・加盟校情報を基に第3ブロック所属として登録。
SAM005778,PRG000956,ASM000071,AREA000154,2026,SRC000059,2026-10-04,2026年度の公式地区制度・加盟校情報を基に第3ブロック所属として登録。
SAM005779,PRG000957,ASM000071,AREA000154,2026,SRC000059,2026-10-04,2026年度の公式地区制度・加盟校情報を基に第3ブロック所属として登録。
SAM005780,PRG000958,ASM000071,AREA000154,2026,SRC000059,2026-10-04,2026年度の公式地区制度・加盟校情報を基に第3ブロック所属として登録。
SAM005781,PRG000959,ASM000071,AREA000154,2026,SRC000059,2026-10-04,2026年度の公式地区制度・加盟校情報を基に第3ブロック所属として登録。
SAM005782,PRG000960,ASM000071,AREA000154,2026,SRC000059,2026-10-04,2026年度の公式地区制度・加盟校情報を基に第3ブロック所属として登録。
SAM005783,PRG000961,ASM000071,AREA000154,2026,SRC000059,2026-10-04,2026年度の公式地区制度・加盟校情報を基に第3ブロック所属として登録。
SAM005784,PRG000962,ASM000071,AREA000154,2026,SRC000059,2026-10-04,2026年度の公式地区制度・加盟校情報を基に第3ブロック所属として登録。
SAM005785,PRG000963,ASM000071,AREA000154,2026,SRC000059,2026-10-04,2026年度の公式地区制度・加盟校情報を基に第3ブロック所属として登録。
SAM005786,PRG000964,ASM000071,AREA000154,2026,SRC000059,2026-10-04,2026年度の公式地区制度・加盟校情報を基に第3ブロック所属として登録。
SAM005787,PRG000965,ASM000071,AREA000154,2026,SRC000059,2026-10-04,2026年度の公式地区制度・加盟校情報を基に第3ブロック所属として登録。
SAM005788,PRG000966,ASM000071,AREA000154,2026,SRC000059,2026-10-04,2026年度の公式地区制度・加盟校情報を基に第3ブロック所属として登録。
SAM005789,PRG000967,ASM000071,AREA000154,2026,SRC000059,2026-10-04,2026年度の公式地区制度・加盟校情報を基に第3ブロック所属として登録。
SAM005790,PRG000968,ASM000071,AREA000154,2026,SRC000059,2026-10-04,2026年度の公式地区制度・加盟校情報を基に第3ブロック所属として登録。
SAM005791,PRG000969,ASM000071,AREA000154,2026,SRC000059,2026-10-04,2026年度の公式地区制度・加盟校情報を基に第3ブロック所属として登録。
SAM005792,PRG000970,ASM000071,AREA000154,2026,SRC000059,2026-10-04,2026年度の公式地区制度・加盟校情報を基に第3ブロック所属として登録。
SAM005793,PRG000971,ASM000071,AREA000154,2026,SRC000059,2026-10-04,2026年度の公式地区制度・加盟校情報を基に第3ブロック所属として登録。
SAM005794,PRG000972,ASM000071,AREA000154,2026,SRC000059,2026-10-04,2026年度の公式地区制度・加盟校情報を基に第3ブロック所属として登録。
SAM005795,PRG000973,ASM000071,AREA000154,2026,SRC000059,2026-10-04,2026年度の公式地区制度・加盟校情報を基に第3ブロック所属として登録。
SAM005796,PRG000974,ASM000071,AREA000154,2026,SRC000059,2026-10-04,2026年度の公式地区制度・加盟校情報を基に第3ブロック所属として登録。
SAM005797,PRG000975,ASM000071,AREA000154,2026,SRC000059,2026-10-04,2026年度の公式地区制度・加盟校情報を基に第3ブロック所属として登録。
SAM005798,PRG000976,ASM000071,AREA000154,2026,SRC000059,2026-10-04,2026年度の公式地区制度・加盟校情報を基に第3ブロック所属として登録。
SAM005799,PRG000977,ASM000071,AREA000155,2026,SRC000059,2026-10-04,2026年度の公式地区制度・加盟校情報を基に第4ブロック所属として登録。
SAM005800,PRG000978,ASM000071,AREA000155,2026,SRC000059,2026-10-04,2026年度の公式地区制度・加盟校情報を基に第4ブロック所属として登録。
SAM005801,PRG000979,ASM000071,AREA000155,2026,SRC000059,2026-10-04,2026年度の公式地区制度・加盟校情報を基に第4ブロック所属として登録。
SAM005802,PRG000980,ASM000071,AREA000155,2026,SRC000059,2026-10-04,2026年度の公式地区制度・加盟校情報を基に第4ブロック所属として登録。
SAM005803,PRG000981,ASM000071,AREA000155,2026,SRC000059,2026-10-04,2026年度の公式地区制度・加盟校情報を基に第4ブロック所属として登録。
SAM005804,PRG000982,ASM000071,AREA000155,2026,SRC000059,2026-10-04,2026年度の公式地区制度・加盟校情報を基に第4ブロック所属として登録。
SAM005805,PRG000983,ASM000071,AREA000155,2026,SRC000059,2026-10-04,2026年度の公式地区制度・加盟校情報を基に第4ブロック所属として登録。
SAM005806,PRG000984,ASM000071,AREA000155,2026,SRC000059,2026-10-04,2026年度の公式地区制度・加盟校情報を基に第4ブロック所属として登録。
SAM005807,PRG000985,ASM000071,AREA000155,2026,SRC000059,2026-10-04,2026年度の公式地区制度・加盟校情報を基に第4ブロック所属として登録。
SAM005808,PRG000986,ASM000071,AREA000155,2026,SRC000059,2026-10-04,2026年度の公式地区制度・加盟校情報を基に第4ブロック所属として登録。
SAM005809,PRG000987,ASM000071,AREA000155,2026,SRC000059,2026-10-04,2026年度の公式地区制度・加盟校情報を基に第4ブロック所属として登録。
SAM005810,PRG000988,ASM000071,AREA000155,2026,SRC000059,2026-10-04,2026年度の公式地区制度・加盟校情報を基に第4ブロック所属として登録。
SAM005811,PRG000989,ASM000071,AREA000155,2026,SRC000059,2026-10-04,2026年度の公式地区制度・加盟校情報を基に第4ブロック所属として登録。
SAM005812,PRG000990,ASM000071,AREA000155,2026,SRC000059,2026-10-04,2026年度の公式地区制度・加盟校情報を基に第4ブロック所属として登録。
SAM005813,PRG000991,ASM000071,AREA000155,2026,SRC000059,2026-10-04,2026年度の公式地区制度・加盟校情報を基に第4ブロック所属として登録。
SAM005814,PRG000992,ASM000071,AREA000155,2026,SRC000059,2026-10-04,2026年度の公式地区制度・加盟校情報を基に第4ブロック所属として登録。
SAM005815,PRG000993,ASM000071,AREA000155,2026,SRC000059,2026-10-04,2026年度の公式地区制度・加盟校情報を基に第4ブロック所属として登録。
SAM005816,PRG000994,ASM000071,AREA000155,2026,SRC000059,2026-10-04,2026年度の公式地区制度・加盟校情報を基に第4ブロック所属として登録。
SAM005817,PRG000995,ASM000071,AREA000155,2026,SRC000059,2026-10-04,2026年度の公式地区制度・加盟校情報を基に第4ブロック所属として登録。
SAM005818,PRG000996,ASM000071,AREA000155,2026,SRC000059,2026-10-04,2026年度の公式地区制度・加盟校情報を基に第4ブロック所属として登録。
SAM005819,PRG000997,ASM000071,AREA000155,2026,SRC000059,2026-10-04,2026年度の公式地区制度・加盟校情報を基に第4ブロック所属として登録。
SAM005820,PRG000998,ASM000071,AREA000155,2026,SRC000059,2026-10-04,2026年度の公式地区制度・加盟校情報を基に第4ブロック所属として登録。
SAM005821,PRG000999,ASM000071,AREA000156,2026,SRC000059,2026-10-04,2026年度の公式地区制度・加盟校情報を基に第5ブロック所属として登録。
SAM005822,PRG001000,ASM000071,AREA000156,2026,SRC000059,2026-10-04,2026年度の公式地区制度・加盟校情報を基に第5ブロック所属として登録。
SAM005823,PRG001001,ASM000071,AREA000156,2026,SRC000059,2026-10-04,2026年度の公式地区制度・加盟校情報を基に第5ブロック所属として登録。
SAM005824,PRG001002,ASM000071,AREA000156,2026,SRC000059,2026-10-04,2026年度の公式地区制度・加盟校情報を基に第5ブロック所属として登録。
SAM005825,PRG001003,ASM000071,AREA000156,2026,SRC000059,2026-10-04,2026年度の公式地区制度・加盟校情報を基に第5ブロック所属として登録。
SAM005826,PRG001004,ASM000071,AREA000156,2026,SRC000059,2026-10-04,2026年度の公式地区制度・加盟校情報を基に第5ブロック所属として登録。
SAM005827,PRG001005,ASM000071,AREA000156,2026,SRC000059,2026-10-04,2026年度の公式地区制度・加盟校情報を基に第5ブロック所属として登録。
SAM005828,PRG001006,ASM000071,AREA000156,2026,SRC000059,2026-10-04,2026年度の公式地区制度・加盟校情報を基に第5ブロック所属として登録。
SAM005829,PRG001007,ASM000071,AREA000156,2026,SRC000059,2026-10-04,2026年度の公式地区制度・加盟校情報を基に第5ブロック所属として登録。
SAM005830,PRG001008,ASM000071,AREA000156,2026,SRC000059,2026-10-04,2026年度の公式地区制度・加盟校情報を基に第5ブロック所属として登録。
SAM005831,PRG001009,ASM000071,AREA000156,2026,SRC000059,2026-10-04,2026年度の公式地区制度・加盟校情報を基に第5ブロック所属として登録。
SAM005832,PRG001010,ASM000071,AREA000156,2026,SRC000059,2026-10-04,2026年度の公式地区制度・加盟校情報を基に第5ブロック所属として登録。
SAM005833,PRG001011,ASM000071,AREA000156,2026,SRC000059,2026-10-04,2026年度の公式地区制度・加盟校情報を基に第5ブロック所属として登録。
SAM005834,PRG001012,ASM000071,AREA000156,2026,SRC000059,2026-10-04,2026年度の公式地区制度・加盟校情報を基に第5ブロック所属として登録。
SAM005835,PRG001013,ASM000071,AREA000156,2026,SRC000059,2026-10-04,2026年度の公式地区制度・加盟校情報を基に第5ブロック所属として登録。
SAM005836,PRG001014,ASM000071,AREA000156,2026,SRC000059,2026-10-04,2026年度の公式地区制度・加盟校情報を基に第5ブロック所属として登録。
SAM005837,PRG001015,ASM000071,AREA000156,2026,SRC000059,2026-10-04,2026年度の公式地区制度・加盟校情報を基に第5ブロック所属として登録。
SAM005838,PRG001016,ASM000071,AREA000156,2026,SRC000059,2026-10-04,2026年度の公式地区制度・加盟校情報を基に第5ブロック所属として登録。
SAM005839,PRG001017,ASM000071,AREA000156,2026,SRC000059,2026-10-04,2026年度の公式地区制度・加盟校情報を基に第5ブロック所属として登録。
SAM005840,PRG001018,ASM000071,AREA000157,2026,SRC000059,2026-10-04,2026年度の公式地区制度・加盟校情報を基に第6ブロック所属として登録。
SAM005841,PRG001019,ASM000071,AREA000157,2026,SRC000059,2026-10-04,2026年度の公式地区制度・加盟校情報を基に第6ブロック所属として登録。
SAM005842,PRG001020,ASM000071,AREA000157,2026,SRC000059,2026-10-04,2026年度の公式地区制度・加盟校情報を基に第6ブロック所属として登録。
SAM005843,PRG001021,ASM000071,AREA000157,2026,SRC000059,2026-10-04,2026年度の公式地区制度・加盟校情報を基に第6ブロック所属として登録。
SAM005844,PRG001022,ASM000071,AREA000157,2026,SRC000059,2026-10-04,2026年度の公式地区制度・加盟校情報を基に第6ブロック所属として登録。
SAM005845,PRG001023,ASM000071,AREA000157,2026,SRC000059,2026-10-04,2026年度の公式地区制度・加盟校情報を基に第6ブロック所属として登録。
SAM005846,PRG001024,ASM000071,AREA000157,2026,SRC000059,2026-10-04,2026年度の公式地区制度・加盟校情報を基に第6ブロック所属として登録。
SAM005847,PRG001025,ASM000071,AREA000157,2026,SRC000059,2026-10-04,2026年度の公式地区制度・加盟校情報を基に第6ブロック所属として登録。
SAM005848,PRG001026,ASM000071,AREA000157,2026,SRC000059,2026-10-04,2026年度の公式地区制度・加盟校情報を基に第6ブロック所属として登録。
SAM005849,PRG001027,ASM000071,AREA000157,2026,SRC000059,2026-10-04,2026年度の公式地区制度・加盟校情報を基に第6ブロック所属として登録。
SAM005850,PRG001028,ASM000071,AREA000157,2026,SRC000059,2026-10-04,2026年度の公式地区制度・加盟校情報を基に第6ブロック所属として登録。
SAM005851,PRG001029,ASM000071,AREA000157,2026,SRC000059,2026-10-04,2026年度の公式地区制度・加盟校情報を基に第6ブロック所属として登録。
SAM005852,PRG001030,ASM000071,AREA000157,2026,SRC000059,2026-10-04,2026年度の公式地区制度・加盟校情報を基に第6ブロック所属として登録。
SAM005853,PRG001031,ASM000071,AREA000157,2026,SRC000059,2026-10-04,2026年度の公式地区制度・加盟校情報を基に第6ブロック所属として登録。
SAM005854,PRG001032,ASM000071,AREA000157,2026,SRC000059,2026-10-04,2026年度の公式地区制度・加盟校情報を基に第6ブロック所属として登録。
SAM005855,PRG001033,ASM000071,AREA000157,2026,SRC000059,2026-10-04,2026年度の公式地区制度・加盟校情報を基に第6ブロック所属として登録。
SAM005856,PRG001034,ASM000071,AREA000157,2026,SRC000059,2026-10-04,2026年度の公式地区制度・加盟校情報を基に第6ブロック所属として登録。
SAM005857,PRG001035,ASM000071,AREA000157,2026,SRC000059,2026-10-04,2026年度の公式地区制度・加盟校情報を基に第6ブロック所属として登録。
SAM005858,PRG001036,ASM000071,AREA000157,2026,SRC000059,2026-10-04,2026年度の公式地区制度・加盟校情報を基に第6ブロック所属として登録。
SAM005859,PRG001037,ASM000071,AREA000157,2026,SRC000059,2026-10-04,2026年度の公式地区制度・加盟校情報を基に第6ブロック所属として登録。
SAM005860,PRG001038,ASM000071,AREA000157,2026,SRC000059,2026-10-04,2026年度の公式地区制度・加盟校情報を基に第6ブロック所属として登録。
SAM005861,PRG001039,ASM000071,AREA000157,2026,SRC000059,2026-10-04,2026年度の公式地区制度・加盟校情報を基に第6ブロック所属として登録。
SAM005862,PRG001040,ASM000071,AREA000157,2026,SRC000059,2026-10-04,2026年度の公式地区制度・加盟校情報を基に第6ブロック所属として登録。
SAM005863,PRG001041,ASM000071,AREA000158,2026,SRC000059,2026-10-04,2026年度の公式地区制度・加盟校情報を基に第7ブロック所属として登録。
SAM005864,PRG001042,ASM000071,AREA000158,2026,SRC000059,2026-10-04,2026年度の公式地区制度・加盟校情報を基に第7ブロック所属として登録。
SAM005865,PRG001043,ASM000071,AREA000158,2026,SRC000059,2026-10-04,2026年度の公式地区制度・加盟校情報を基に第7ブロック所属として登録。
SAM005866,PRG001044,ASM000071,AREA000158,2026,SRC000059,2026-10-04,2026年度の公式地区制度・加盟校情報を基に第7ブロック所属として登録。
SAM005867,PRG001045,ASM000071,AREA000158,2026,SRC000059,2026-10-04,2026年度の公式地区制度・加盟校情報を基に第7ブロック所属として登録。
SAM005868,PRG001046,ASM000071,AREA000158,2026,SRC000059,2026-10-04,2026年度の公式地区制度・加盟校情報を基に第7ブロック所属として登録。
SAM005869,PRG001047,ASM000071,AREA000158,2026,SRC000059,2026-10-04,2026年度の公式地区制度・加盟校情報を基に第7ブロック所属として登録。
SAM005870,PRG001048,ASM000071,AREA000158,2026,SRC000059,2026-10-04,2026年度の公式地区制度・加盟校情報を基に第7ブロック所属として登録。
SAM005871,PRG001049,ASM000071,AREA000158,2026,SRC000059,2026-10-04,2026年度の公式地区制度・加盟校情報を基に第7ブロック所属として登録。
SAM005872,PRG001050,ASM000071,AREA000158,2026,SRC000059,2026-10-04,2026年度の公式地区制度・加盟校情報を基に第7ブロック所属として登録。
SAM005873,PRG001051,ASM000071,AREA000158,2026,SRC000059,2026-10-04,2026年度の公式地区制度・加盟校情報を基に第7ブロック所属として登録。
SAM005874,PRG001052,ASM000071,AREA000158,2026,SRC000059,2026-10-04,2026年度の公式地区制度・加盟校情報を基に第7ブロック所属として登録。
SAM005875,PRG001053,ASM000071,AREA000158,2026,SRC000059,2026-10-04,2026年度の公式地区制度・加盟校情報を基に第7ブロック所属として登録。
SAM005876,PRG001054,ASM000071,AREA000158,2026,SRC000059,2026-10-04,2026年度の公式地区制度・加盟校情報を基に第7ブロック所属として登録。
SAM005877,PRG001055,ASM000071,AREA000158,2026,SRC000059,2026-10-04,2026年度の公式地区制度・加盟校情報を基に第7ブロック所属として登録。
SAM005878,PRG001056,ASM000071,AREA000158,2026,SRC000059,2026-10-04,2026年度の公式地区制度・加盟校情報を基に第7ブロック所属として登録。
SAM005879,PRG001057,ASM000071,AREA000158,2026,SRC000059,2026-10-04,2026年度の公式地区制度・加盟校情報を基に第7ブロック所属として登録。
SAM005880,PRG001058,ASM000071,AREA000158,2026,SRC000059,2026-10-04,2026年度の公式地区制度・加盟校情報を基に第7ブロック所属として登録。
SAM005881,PRG001059,ASM000071,AREA000159,2026,SRC000059,2026-10-04,2026年度の公式地区制度・加盟校情報を基に第8ブロック所属として登録。
SAM005882,PRG001060,ASM000071,AREA000159,2026,SRC000059,2026-10-04,2026年度の公式地区制度・加盟校情報を基に第8ブロック所属として登録。
SAM005883,PRG001061,ASM000071,AREA000159,2026,SRC000059,2026-10-04,2026年度の公式地区制度・加盟校情報を基に第8ブロック所属として登録。
SAM005884,PRG001062,ASM000071,AREA000159,2026,SRC000059,2026-10-04,2026年度の公式地区制度・加盟校情報を基に第8ブロック所属として登録。
SAM005885,PRG001063,ASM000071,AREA000159,2026,SRC000059,2026-10-04,2026年度の公式地区制度・加盟校情報を基に第8ブロック所属として登録。
SAM005886,PRG001064,ASM000071,AREA000159,2026,SRC000059,2026-10-04,2026年度の公式地区制度・加盟校情報を基に第8ブロック所属として登録。
SAM005887,PRG001065,ASM000071,AREA000159,2026,SRC000059,2026-10-04,2026年度の公式地区制度・加盟校情報を基に第8ブロック所属として登録。
SAM005888,PRG001066,ASM000071,AREA000159,2026,SRC000059,2026-10-04,2026年度の公式地区制度・加盟校情報を基に第8ブロック所属として登録。
SAM005889,PRG001067,ASM000071,AREA000159,2026,SRC000059,2026-10-04,2026年度の公式地区制度・加盟校情報を基に第8ブロック所属として登録。
SAM005890,PRG001068,ASM000071,AREA000159,2026,SRC000059,2026-10-04,2026年度の公式地区制度・加盟校情報を基に第8ブロック所属として登録。
SAM005891,PRG001069,ASM000071,AREA000159,2026,SRC000059,2026-10-04,2026年度の公式地区制度・加盟校情報を基に第8ブロック所属として登録。
SAM005892,PRG001070,ASM000071,AREA000159,2026,SRC000059,2026-10-04,2026年度の公式地区制度・加盟校情報を基に第8ブロック所属として登録。
SAM005893,PRG001071,ASM000071,AREA000159,2026,SRC000059,2026-10-04,2026年度の公式地区制度・加盟校情報を基に第8ブロック所属として登録。
SAM005894,PRG001072,ASM000071,AREA000159,2026,SRC000059,2026-10-04,2026年度の公式地区制度・加盟校情報を基に第8ブロック所属として登録。
SAM005895,PRG001073,ASM000071,AREA000159,2026,SRC000059,2026-10-04,2026年度の公式地区制度・加盟校情報を基に第8ブロック所属として登録。
SAM005896,PRG001074,ASM000071,AREA000159,2026,SRC000059,2026-10-04,2026年度の公式地区制度・加盟校情報を基に第8ブロック所属として登録。
SAM005897,PRG001075,ASM000071,AREA000159,2026,SRC000059,2026-10-04,2026年度の公式地区制度・加盟校情報を基に第8ブロック所属として登録。
SAM005898,PRG001076,ASM000071,AREA000159,2026,SRC000059,2026-10-04,2026年度の公式地区制度・加盟校情報を基に第8ブロック所属として登録。
SAM005899,PRG001077,ASM000071,AREA000159,2026,SRC000059,2026-10-04,2026年度の公式地区制度・加盟校情報を基に第8ブロック所属として登録。
SAM005900,PRG003211,ASM000072,AREA000161,2026,SRC000214,2026-10-04,2026年度の公式地区制度・加盟校情報を基に横浜南・横須賀地区所属として登録。 地区をまたぐ合同チームの一時的な大会所属は反映しない。
SAM005901,PRG003212,ASM000072,AREA000160,2026,SRC000214,2026-10-04,2026年度の公式地区制度・加盟校情報を基に川崎・横浜北地区所属として登録。 地区をまたぐ合同チームの一時的な大会所属は反映しない。
SAM005902,PRG003213,ASM000072,AREA000163,2026,SRC000214,2026-10-04,2026年度の公式地区制度・加盟校情報を基に北相地区所属として登録。 地区をまたぐ合同チームの一時的な大会所属は反映しない。
SAM005903,PRG003214,ASM000072,AREA000163,2026,SRC000214,2026-10-04,2026年度の公式地区制度・加盟校情報を基に北相地区所属として登録。 地区をまたぐ合同チームの一時的な大会所属は反映しない。
SAM005904,PRG003215,ASM000072,AREA000160,2026,SRC000214,2026-10-04,2026年度の公式地区制度・加盟校情報を基に川崎・横浜北地区所属として登録。 地区をまたぐ合同チームの一時的な大会所属は反映しない。
SAM005905,PRG003216,ASM000072,AREA000160,2026,SRC000214,2026-10-04,2026年度の公式地区制度・加盟校情報を基に川崎・横浜北地区所属として登録。 地区をまたぐ合同チームの一時的な大会所属は反映しない。
SAM005906,PRG003217,ASM000072,AREA000161,2026,SRC000214,2026-10-04,2026年度の公式地区制度・加盟校情報を基に横浜南・横須賀地区所属として登録。 地区をまたぐ合同チームの一時的な大会所属は反映しない。
SAM005907,PRG003218,ASM000072,AREA000160,2026,SRC000214,2026-10-04,2026年度の公式地区制度・加盟校情報を基に川崎・横浜北地区所属として登録。 地区をまたぐ合同チームの一時的な大会所属は反映しない。
SAM005908,PRG003219,ASM000072,AREA000160,2026,SRC000214,2026-10-04,2026年度の公式地区制度・加盟校情報を基に川崎・横浜北地区所属として登録。 地区をまたぐ合同チームの一時的な大会所属は反映しない。
SAM005909,PRG003220,ASM000072,AREA000160,2026,SRC000214,2026-10-04,2026年度の公式地区制度・加盟校情報を基に川崎・横浜北地区所属として登録。 地区をまたぐ合同チームの一時的な大会所属は反映しない。
SAM005910,PRG003221,ASM000072,AREA000160,2026,SRC000214,2026-10-04,2026年度の公式地区制度・加盟校情報を基に川崎・横浜北地区所属として登録。 地区をまたぐ合同チームの一時的な大会所属は反映しない。
SAM005911,PRG003222,ASM000072,AREA000160,2026,SRC000214,2026-10-04,2026年度の公式地区制度・加盟校情報を基に川崎・横浜北地区所属として登録。 地区をまたぐ合同チームの一時的な大会所属は反映しない。
SAM005912,PRG003223,ASM000072,AREA000162,2026,SRC000214,2026-10-04,2026年度の公式地区制度・加盟校情報を基に湘南・西湘地区所属として登録。 地区をまたぐ合同チームの一時的な大会所属は反映しない。
SAM005913,PRG003224,ASM000072,AREA000162,2026,SRC000214,2026-10-04,2026年度の公式地区制度・加盟校情報を基に湘南・西湘地区所属として登録。 地区をまたぐ合同チームの一時的な大会所属は反映しない。
SAM005914,PRG003225,ASM000072,AREA000160,2026,SRC000214,2026-10-04,2026年度の公式地区制度・加盟校情報を基に川崎・横浜北地区所属として登録。 地区をまたぐ合同チームの一時的な大会所属は反映しない。
SAM005915,PRG003226,ASM000072,AREA000162,2026,SRC000214,2026-10-04,2026年度の公式地区制度・加盟校情報を基に湘南・西湘地区所属として登録。 地区をまたぐ合同チームの一時的な大会所属は反映しない。
SAM005916,PRG003227,ASM000072,AREA000160,2026,SRC000214,2026-10-04,2026年度の公式地区制度・加盟校情報を基に川崎・横浜北地区所属として登録。 地区をまたぐ合同チームの一時的な大会所属は反映しない。
SAM005917,PRG003228,ASM000072,AREA000162,2026,SRC000214,2026-10-04,2026年度の公式地区制度・加盟校情報を基に湘南・西湘地区所属として登録。 地区をまたぐ合同チームの一時的な大会所属は反映しない。
SAM005918,PRG003229,ASM000072,AREA000162,2026,SRC000214,2026-10-04,2026年度の公式地区制度・加盟校情報を基に湘南・西湘地区所属として登録。 地区をまたぐ合同チームの一時的な大会所属は反映しない。
SAM005919,PRG003230,ASM000072,AREA000163,2026,SRC000214,2026-10-04,2026年度の公式地区制度・加盟校情報を基に北相地区所属として登録。 地区をまたぐ合同チームの一時的な大会所属は反映しない。
SAM005920,PRG003231,ASM000072,AREA000163,2026,SRC000214,2026-10-04,2026年度の公式地区制度・加盟校情報を基に北相地区所属として登録。 地区をまたぐ合同チームの一時的な大会所属は反映しない。
SAM005921,PRG003232,ASM000072,AREA000160,2026,SRC000214,2026-10-04,2026年度の公式地区制度・加盟校情報を基に川崎・横浜北地区所属として登録。 地区をまたぐ合同チームの一時的な大会所属は反映しない。
SAM005922,PRG003233,ASM000072,AREA000160,2026,SRC000214,2026-10-04,2026年度の公式地区制度・加盟校情報を基に川崎・横浜北地区所属として登録。 地区をまたぐ合同チームの一時的な大会所属は反映しない。
SAM005923,PRG003234,ASM000072,AREA000161,2026,SRC000214,2026-10-04,2026年度の公式地区制度・加盟校情報を基に横浜南・横須賀地区所属として登録。 地区をまたぐ合同チームの一時的な大会所属は反映しない。
SAM005924,PRG003235,ASM000072,AREA000161,2026,SRC000214,2026-10-04,2026年度の公式地区制度・加盟校情報を基に横浜南・横須賀地区所属として登録。 地区をまたぐ合同チームの一時的な大会所属は反映しない。
SAM005925,PRG003236,ASM000072,AREA000161,2026,SRC000214,2026-10-04,2026年度の公式地区制度・加盟校情報を基に横浜南・横須賀地区所属として登録。 地区をまたぐ合同チームの一時的な大会所属は反映しない。
SAM005926,PRG003237,ASM000072,AREA000161,2026,SRC000214,2026-10-04,2026年度の公式地区制度・加盟校情報を基に横浜南・横須賀地区所属として登録。 地区をまたぐ合同チームの一時的な大会所属は反映しない。
SAM005927,PRG003238,ASM000072,AREA000161,2026,SRC000214,2026-10-04,2026年度の公式地区制度・加盟校情報を基に横浜南・横須賀地区所属として登録。 地区をまたぐ合同チームの一時的な大会所属は反映しない。
SAM005928,PRG003239,ASM000072,AREA000160,2026,SRC000214,2026-10-04,2026年度の公式地区制度・加盟校情報を基に川崎・横浜北地区所属として登録。 地区をまたぐ合同チームの一時的な大会所属は反映しない。
SAM005929,PRG003240,ASM000072,AREA000161,2026,SRC000214,2026-10-04,2026年度の公式地区制度・加盟校情報を基に横浜南・横須賀地区所属として登録。 地区をまたぐ合同チームの一時的な大会所属は反映しない。
SAM005930,PRG003241,ASM000072,AREA000161,2026,SRC000214,2026-10-04,2026年度の公式地区制度・加盟校情報を基に横浜南・横須賀地区所属として登録。 地区をまたぐ合同チームの一時的な大会所属は反映しない。
SAM005931,PRG003242,ASM000072,AREA000160,2026,SRC000214,2026-10-04,2026年度の公式地区制度・加盟校情報を基に川崎・横浜北地区所属として登録。 地区をまたぐ合同チームの一時的な大会所属は反映しない。
SAM005932,PRG003243,ASM000072,AREA000161,2026,SRC000214,2026-10-04,2026年度の公式地区制度・加盟校情報を基に横浜南・横須賀地区所属として登録。 地区をまたぐ合同チームの一時的な大会所属は反映しない。
SAM005933,PRG003244,ASM000072,AREA000160,2026,SRC000214,2026-10-04,2026年度の公式地区制度・加盟校情報を基に川崎・横浜北地区所属として登録。 地区をまたぐ合同チームの一時的な大会所属は反映しない。
SAM005934,PRG003245,ASM000072,AREA000161,2026,SRC000214,2026-10-04,2026年度の公式地区制度・加盟校情報を基に横浜南・横須賀地区所属として登録。 地区をまたぐ合同チームの一時的な大会所属は反映しない。
SAM005935,PRG003246,ASM000072,AREA000161,2026,SRC000214,2026-10-04,2026年度の公式地区制度・加盟校情報を基に横浜南・横須賀地区所属として登録。 地区をまたぐ合同チームの一時的な大会所属は反映しない。
SAM005936,PRG003247,ASM000072,AREA000161,2026,SRC000214,2026-10-04,2026年度の公式地区制度・加盟校情報を基に横浜南・横須賀地区所属として登録。 地区をまたぐ合同チームの一時的な大会所属は反映しない。
SAM005937,PRG003248,ASM000072,AREA000161,2026,SRC000214,2026-10-04,2026年度の公式地区制度・加盟校情報を基に横浜南・横須賀地区所属として登録。 地区をまたぐ合同チームの一時的な大会所属は反映しない。
SAM005938,PRG003249,ASM000072,AREA000160,2026,SRC000214,2026-10-04,2026年度の公式地区制度・加盟校情報を基に川崎・横浜北地区所属として登録。 地区をまたぐ合同チームの一時的な大会所属は反映しない。
SAM005939,PRG003250,ASM000072,AREA000160,2026,SRC000214,2026-10-04,2026年度の公式地区制度・加盟校情報を基に川崎・横浜北地区所属として登録。 地区をまたぐ合同チームの一時的な大会所属は反映しない。
SAM005940,PRG003251,ASM000072,AREA000160,2026,SRC000214,2026-10-04,2026年度の公式地区制度・加盟校情報を基に川崎・横浜北地区所属として登録。 地区をまたぐ合同チームの一時的な大会所属は反映しない。
SAM005941,PRG003252,ASM000072,AREA000160,2026,SRC000214,2026-10-04,2026年度の公式地区制度・加盟校情報を基に川崎・横浜北地区所属として登録。 地区をまたぐ合同チームの一時的な大会所属は反映しない。
SAM005942,PRG003253,ASM000072,AREA000162,2026,SRC000214,2026-10-04,2026年度の公式地区制度・加盟校情報を基に湘南・西湘地区所属として登録。 地区をまたぐ合同チームの一時的な大会所属は反映しない。
SAM005943,PRG003254,ASM000072,AREA000161,2026,SRC000214,2026-10-04,2026年度の公式地区制度・加盟校情報を基に横浜南・横須賀地区所属として登録。 地区をまたぐ合同チームの一時的な大会所属は反映しない。
SAM005944,PRG003255,ASM000072,AREA000162,2026,SRC000214,2026-10-04,2026年度の公式地区制度・加盟校情報を基に湘南・西湘地区所属として登録。 地区をまたぐ合同チームの一時的な大会所属は反映しない。
SAM005945,PRG003256,ASM000072,AREA000162,2026,SRC000214,2026-10-04,2026年度の公式地区制度・加盟校情報を基に湘南・西湘地区所属として登録。 地区をまたぐ合同チームの一時的な大会所属は反映しない。
SAM005946,PRG003257,ASM000072,AREA000162,2026,SRC000214,2026-10-04,2026年度の公式地区制度・加盟校情報を基に湘南・西湘地区所属として登録。 地区をまたぐ合同チームの一時的な大会所属は反映しない。
SAM005947,PRG003258,ASM000072,AREA000160,2026,SRC000214,2026-10-04,2026年度の公式地区制度・加盟校情報を基に川崎・横浜北地区所属として登録。 地区をまたぐ合同チームの一時的な大会所属は反映しない。
SAM005948,PRG003259,ASM000072,AREA000162,2026,SRC000214,2026-10-04,2026年度の公式地区制度・加盟校情報を基に湘南・西湘地区所属として登録。 地区をまたぐ合同チームの一時的な大会所属は反映しない。
SAM005949,PRG003260,ASM000072,AREA000163,2026,SRC000214,2026-10-04,2026年度の公式地区制度・加盟校情報を基に北相地区所属として登録。 地区をまたぐ合同チームの一時的な大会所属は反映しない。
SAM005950,PRG003261,ASM000072,AREA000163,2026,SRC000214,2026-10-04,2026年度の公式地区制度・加盟校情報を基に北相地区所属として登録。 地区をまたぐ合同チームの一時的な大会所属は反映しない。
SAM005951,PRG003262,ASM000072,AREA000161,2026,SRC000214,2026-10-04,2026年度の公式地区制度・加盟校情報を基に横浜南・横須賀地区所属として登録。 地区をまたぐ合同チームの一時的な大会所属は反映しない。
SAM005952,PRG003263,ASM000072,AREA000163,2026,SRC000214,2026-10-04,2026年度の公式地区制度・加盟校情報を基に北相地区所属として登録。 地区をまたぐ合同チームの一時的な大会所属は反映しない。
SAM005953,PRG003264,ASM000072,AREA000163,2026,SRC000214,2026-10-04,2026年度の公式地区制度・加盟校情報を基に北相地区所属として登録。 地区をまたぐ合同チームの一時的な大会所属は反映しない。
SAM005954,PRG003265,ASM000072,AREA000162,2026,SRC000214,2026-10-04,2026年度の公式地区制度・加盟校情報を基に湘南・西湘地区所属として登録。 地区をまたぐ合同チームの一時的な大会所属は反映しない。
SAM005955,PRG003266,ASM000072,AREA000163,2026,SRC000214,2026-10-04,2026年度の公式地区制度・加盟校情報を基に北相地区所属として登録。 地区をまたぐ合同チームの一時的な大会所属は反映しない。
SAM005956,PRG003267,ASM000072,AREA000163,2026,SRC000214,2026-10-04,2026年度の公式地区制度・加盟校情報を基に北相地区所属として登録。 地区をまたぐ合同チームの一時的な大会所属は反映しない。
SAM005957,PRG003268,ASM000072,AREA000160,2026,SRC000214,2026-10-04,2026年度の公式地区制度・加盟校情報を基に川崎・横浜北地区所属として登録。 地区をまたぐ合同チームの一時的な大会所属は反映しない。
SAM005958,PRG003269,ASM000072,AREA000161,2026,SRC000214,2026-10-04,2026年度の公式地区制度・加盟校情報を基に横浜南・横須賀地区所属として登録。 地区をまたぐ合同チームの一時的な大会所属は反映しない。
SAM005959,PRG003270,ASM000072,AREA000160,2026,SRC000214,2026-10-04,2026年度の公式地区制度・加盟校情報を基に川崎・横浜北地区所属として登録。 地区をまたぐ合同チームの一時的な大会所属は反映しない。
SAM005960,PRG003271,ASM000072,AREA000161,2026,SRC000214,2026-10-04,2026年度の公式地区制度・加盟校情報を基に横浜南・横須賀地区所属として登録。 地区をまたぐ合同チームの一時的な大会所属は反映しない。
SAM005961,PRG003272,ASM000072,AREA000163,2026,SRC000214,2026-10-04,2026年度の公式地区制度・加盟校情報を基に北相地区所属として登録。 地区をまたぐ合同チームの一時的な大会所属は反映しない。
SAM005962,PRG003273,ASM000072,AREA000163,2026,SRC000214,2026-10-04,2026年度の公式地区制度・加盟校情報を基に北相地区所属として登録。 地区をまたぐ合同チームの一時的な大会所属は反映しない。
SAM005963,PRG003274,ASM000072,AREA000163,2026,SRC000214,2026-10-04,2026年度の公式地区制度・加盟校情報を基に北相地区所属として登録。 地区をまたぐ合同チームの一時的な大会所属は反映しない。
SAM005964,PRG003275,ASM000072,AREA000163,2026,SRC000214,2026-10-04,2026年度の公式地区制度・加盟校情報を基に北相地区所属として登録。 地区をまたぐ合同チームの一時的な大会所属は反映しない。
SAM005965,PRG003276,ASM000072,AREA000162,2026,SRC000214,2026-10-04,2026年度の公式地区制度・加盟校情報を基に湘南・西湘地区所属として登録。 地区をまたぐ合同チームの一時的な大会所属は反映しない。
SAM005966,PRG003277,ASM000072,AREA000160,2026,SRC000214,2026-10-04,2026年度の公式地区制度・加盟校情報を基に川崎・横浜北地区所属として登録。 地区をまたぐ合同チームの一時的な大会所属は反映しない。
SAM005967,PRG003278,ASM000072,AREA000161,2026,SRC000214,2026-10-04,2026年度の公式地区制度・加盟校情報を基に横浜南・横須賀地区所属として登録。 地区をまたぐ合同チームの一時的な大会所属は反映しない。
SAM005968,PRG003279,ASM000072,AREA000160,2026,SRC000214,2026-10-04,2026年度の公式地区制度・加盟校情報を基に川崎・横浜北地区所属として登録。 地区をまたぐ合同チームの一時的な大会所属は反映しない。
SAM005969,PRG003280,ASM000072,AREA000160,2026,SRC000214,2026-10-04,2026年度の公式地区制度・加盟校情報を基に川崎・横浜北地区所属として登録。 地区をまたぐ合同チームの一時的な大会所属は反映しない。
SAM005970,PRG003281,ASM000072,AREA000163,2026,SRC000214,2026-10-04,2026年度の公式地区制度・加盟校情報を基に北相地区所属として登録。 地区をまたぐ合同チームの一時的な大会所属は反映しない。
SAM005971,PRG003282,ASM000072,AREA000163,2026,SRC000214,2026-10-04,2026年度の公式地区制度・加盟校情報を基に北相地区所属として登録。 地区をまたぐ合同チームの一時的な大会所属は反映しない。
SAM005972,PRG003283,ASM000072,AREA000163,2026,SRC000214,2026-10-04,2026年度の公式地区制度・加盟校情報を基に北相地区所属として登録。 地区をまたぐ合同チームの一時的な大会所属は反映しない。
SAM005973,PRG003284,ASM000072,AREA000163,2026,SRC000214,2026-10-04,2026年度の公式地区制度・加盟校情報を基に北相地区所属として登録。 地区をまたぐ合同チームの一時的な大会所属は反映しない。
SAM005974,PRG003285,ASM000072,AREA000160,2026,SRC000214,2026-10-04,2026年度の公式地区制度・加盟校情報を基に川崎・横浜北地区所属として登録。 地区をまたぐ合同チームの一時的な大会所属は反映しない。
SAM005975,PRG003286,ASM000072,AREA000162,2026,SRC000214,2026-10-04,2026年度の公式地区制度・加盟校情報を基に湘南・西湘地区所属として登録。 地区をまたぐ合同チームの一時的な大会所属は反映しない。
SAM005976,PRG003287,ASM000072,AREA000162,2026,SRC000214,2026-10-04,2026年度の公式地区制度・加盟校情報を基に湘南・西湘地区所属として登録。 地区をまたぐ合同チームの一時的な大会所属は反映しない。
SAM005977,PRG003288,ASM000072,AREA000162,2026,SRC000214,2026-10-04,2026年度の公式地区制度・加盟校情報を基に湘南・西湘地区所属として登録。 地区をまたぐ合同チームの一時的な大会所属は反映しない。
SAM005978,PRG003289,ASM000072,AREA000162,2026,SRC000214,2026-10-04,2026年度の公式地区制度・加盟校情報を基に湘南・西湘地区所属として登録。 地区をまたぐ合同チームの一時的な大会所属は反映しない。
SAM005979,PRG003290,ASM000072,AREA000162,2026,SRC000214,2026-10-04,2026年度の公式地区制度・加盟校情報を基に湘南・西湘地区所属として登録。 地区をまたぐ合同チームの一時的な大会所属は反映しない。
SAM005980,PRG003291,ASM000072,AREA000160,2026,SRC000214,2026-10-04,2026年度の公式地区制度・加盟校情報を基に川崎・横浜北地区所属として登録。 地区をまたぐ合同チームの一時的な大会所属は反映しない。
SAM005981,PRG003292,ASM000072,AREA000160,2026,SRC000214,2026-10-04,2026年度の公式地区制度・加盟校情報を基に川崎・横浜北地区所属として登録。 地区をまたぐ合同チームの一時的な大会所属は反映しない。
SAM005982,PRG003293,ASM000072,AREA000160,2026,SRC000214,2026-10-04,2026年度の公式地区制度・加盟校情報を基に川崎・横浜北地区所属として登録。 地区をまたぐ合同チームの一時的な大会所属は反映しない。
SAM005983,PRG003294,ASM000072,AREA000160,2026,SRC000214,2026-10-04,2026年度の公式地区制度・加盟校情報を基に川崎・横浜北地区所属として登録。 地区をまたぐ合同チームの一時的な大会所属は反映しない。
SAM005984,PRG003295,ASM000072,AREA000160,2026,SRC000214,2026-10-04,2026年度の公式地区制度・加盟校情報を基に川崎・横浜北地区所属として登録。 地区をまたぐ合同チームの一時的な大会所属は反映しない。
SAM005985,PRG003296,ASM000072,AREA000160,2026,SRC000214,2026-10-04,2026年度の公式地区制度・加盟校情報を基に川崎・横浜北地区所属として登録。 地区をまたぐ合同チームの一時的な大会所属は反映しない。
SAM005986,PRG003297,ASM000072,AREA000161,2026,SRC000214,2026-10-04,2026年度の公式地区制度・加盟校情報を基に横浜南・横須賀地区所属として登録。 地区をまたぐ合同チームの一時的な大会所属は反映しない。
SAM005987,PRG003298,ASM000072,AREA000162,2026,SRC000214,2026-10-04,2026年度の公式地区制度・加盟校情報を基に湘南・西湘地区所属として登録。 地区をまたぐ合同チームの一時的な大会所属は反映しない。
SAM005988,PRG003299,ASM000072,AREA000162,2026,SRC000214,2026-10-04,2026年度の公式地区制度・加盟校情報を基に湘南・西湘地区所属として登録。 地区をまたぐ合同チームの一時的な大会所属は反映しない。
SAM005989,PRG003300,ASM000072,AREA000162,2026,SRC000214,2026-10-04,2026年度の公式地区制度・加盟校情報を基に湘南・西湘地区所属として登録。 地区をまたぐ合同チームの一時的な大会所属は反映しない。
SAM005990,PRG003301,ASM000072,AREA000163,2026,SRC000214,2026-10-04,2026年度の公式地区制度・加盟校情報を基に北相地区所属として登録。 地区をまたぐ合同チームの一時的な大会所属は反映しない。
SAM005991,PRG003302,ASM000072,AREA000163,2026,SRC000214,2026-10-04,2026年度の公式地区制度・加盟校情報を基に北相地区所属として登録。 地区をまたぐ合同チームの一時的な大会所属は反映しない。
SAM005992,PRG003303,ASM000072,AREA000163,2026,SRC000214,2026-10-04,2026年度の公式地区制度・加盟校情報を基に北相地区所属として登録。 地区をまたぐ合同チームの一時的な大会所属は反映しない。
SAM005993,PRG003304,ASM000072,AREA000160,2026,SRC000214,2026-10-04,2026年度の公式地区制度・加盟校情報を基に川崎・横浜北地区所属として登録。 地区をまたぐ合同チームの一時的な大会所属は反映しない。
SAM005994,PRG003305,ASM000072,AREA000160,2026,SRC000214,2026-10-04,2026年度の公式地区制度・加盟校情報を基に川崎・横浜北地区所属として登録。 地区をまたぐ合同チームの一時的な大会所属は反映しない。
SAM005995,PRG003306,ASM000072,AREA000160,2026,SRC000214,2026-10-04,2026年度の公式地区制度・加盟校情報を基に川崎・横浜北地区所属として登録。 地区をまたぐ合同チームの一時的な大会所属は反映しない。
SAM005996,PRG003307,ASM000072,AREA000161,2026,SRC000214,2026-10-04,2026年度の公式地区制度・加盟校情報を基に横浜南・横須賀地区所属として登録。 地区をまたぐ合同チームの一時的な大会所属は反映しない。
SAM005997,PRG003308,ASM000072,AREA000163,2026,SRC000214,2026-10-04,2026年度の公式地区制度・加盟校情報を基に北相地区所属として登録。 地区をまたぐ合同チームの一時的な大会所属は反映しない。
SAM005998,PRG003309,ASM000072,AREA000161,2026,SRC000214,2026-10-04,2026年度の公式地区制度・加盟校情報を基に横浜南・横須賀地区所属として登録。 地区をまたぐ合同チームの一時的な大会所属は反映しない。
SAM005999,PRG003310,ASM000072,AREA000161,2026,SRC000214,2026-10-04,2026年度の公式地区制度・加盟校情報を基に横浜南・横須賀地区所属として登録。 地区をまたぐ合同チームの一時的な大会所属は反映しない。
SAM006000,PRG003311,ASM000072,AREA000161,2026,SRC000214,2026-10-04,2026年度の公式地区制度・加盟校情報を基に横浜南・横須賀地区所属として登録。 地区をまたぐ合同チームの一時的な大会所属は反映しない。
SAM006001,PRG003312,ASM000072,AREA000161,2026,SRC000214,2026-10-04,2026年度の公式地区制度・加盟校情報を基に横浜南・横須賀地区所属として登録。 地区をまたぐ合同チームの一時的な大会所属は反映しない。
SAM006002,PRG003313,ASM000072,AREA000161,2026,SRC000214,2026-10-04,2026年度の公式地区制度・加盟校情報を基に横浜南・横須賀地区所属として登録。 地区をまたぐ合同チームの一時的な大会所属は反映しない。
SAM006003,PRG003314,ASM000072,AREA000161,2026,SRC000214,2026-10-04,2026年度の公式地区制度・加盟校情報を基に横浜南・横須賀地区所属として登録。 地区をまたぐ合同チームの一時的な大会所属は反映しない。
SAM006004,PRG003315,ASM000072,AREA000161,2026,SRC000214,2026-10-04,2026年度の公式地区制度・加盟校情報を基に横浜南・横須賀地区所属として登録。 地区をまたぐ合同チームの一時的な大会所属は反映しない。
SAM006005,PRG003316,ASM000072,AREA000161,2026,SRC000214,2026-10-04,2026年度の公式地区制度・加盟校情報を基に横浜南・横須賀地区所属として登録。 地区をまたぐ合同チームの一時的な大会所属は反映しない。
SAM006006,PRG003317,ASM000072,AREA000161,2026,SRC000214,2026-10-04,2026年度の公式地区制度・加盟校情報を基に横浜南・横須賀地区所属として登録。 地区をまたぐ合同チームの一時的な大会所属は反映しない。
SAM006007,PRG003318,ASM000072,AREA000161,2026,SRC000214,2026-10-04,2026年度の公式地区制度・加盟校情報を基に横浜南・横須賀地区所属として登録。 地区をまたぐ合同チームの一時的な大会所属は反映しない。
SAM006008,PRG003319,ASM000072,AREA000161,2026,SRC000214,2026-10-04,2026年度の公式地区制度・加盟校情報を基に横浜南・横須賀地区所属として登録。 地区をまたぐ合同チームの一時的な大会所属は反映しない。
SAM006009,PRG003320,ASM000072,AREA000161,2026,SRC000214,2026-10-04,2026年度の公式地区制度・加盟校情報を基に横浜南・横須賀地区所属として登録。 地区をまたぐ合同チームの一時的な大会所属は反映しない。
SAM006010,PRG003321,ASM000072,AREA000161,2026,SRC000214,2026-10-04,2026年度の公式地区制度・加盟校情報を基に横浜南・横須賀地区所属として登録。 地区をまたぐ合同チームの一時的な大会所属は反映しない。
SAM006011,PRG003322,ASM000072,AREA000160,2026,SRC000214,2026-10-04,2026年度の公式地区制度・加盟校情報を基に川崎・横浜北地区所属として登録。 地区をまたぐ合同チームの一時的な大会所属は反映しない。
SAM006012,PRG003323,ASM000072,AREA000161,2026,SRC000214,2026-10-04,2026年度の公式地区制度・加盟校情報を基に横浜南・横須賀地区所属として登録。 地区をまたぐ合同チームの一時的な大会所属は反映しない。
SAM006013,PRG003324,ASM000072,AREA000161,2026,SRC000214,2026-10-04,2026年度の公式地区制度・加盟校情報を基に横浜南・横須賀地区所属として登録。 地区をまたぐ合同チームの一時的な大会所属は反映しない。
SAM006014,PRG003325,ASM000072,AREA000161,2026,SRC000214,2026-10-04,2026年度の公式地区制度・加盟校情報を基に横浜南・横須賀地区所属として登録。 地区をまたぐ合同チームの一時的な大会所属は反映しない。
SAM006015,PRG003326,ASM000072,AREA000161,2026,SRC000214,2026-10-04,2026年度の公式地区制度・加盟校情報を基に横浜南・横須賀地区所属として登録。 地区をまたぐ合同チームの一時的な大会所属は反映しない。
SAM006016,PRG003327,ASM000072,AREA000163,2026,SRC000214,2026-10-04,2026年度の公式地区制度・加盟校情報を基に北相地区所属として登録。 地区をまたぐ合同チームの一時的な大会所属は反映しない。
SAM006017,PRG003328,ASM000072,AREA000161,2026,SRC000214,2026-10-04,2026年度の公式地区制度・加盟校情報を基に横浜南・横須賀地区所属として登録。 地区をまたぐ合同チームの一時的な大会所属は反映しない。
SAM006018,PRG003329,ASM000072,AREA000161,2026,SRC000214,2026-10-04,2026年度の公式地区制度・加盟校情報を基に横浜南・横須賀地区所属として登録。 地区をまたぐ合同チームの一時的な大会所属は反映しない。
SAM006019,PRG003330,ASM000072,AREA000163,2026,SRC000214,2026-10-04,2026年度の公式地区制度・加盟校情報を基に北相地区所属として登録。 地区をまたぐ合同チームの一時的な大会所属は反映しない。
SAM006020,PRG003331,ASM000072,AREA000161,2026,SRC000214,2026-10-04,2026年度の公式地区制度・加盟校情報を基に横浜南・横須賀地区所属として登録。 地区をまたぐ合同チームの一時的な大会所属は反映しない。
SAM006021,PRG003332,ASM000072,AREA000163,2026,SRC000214,2026-10-04,2026年度の公式地区制度・加盟校情報を基に北相地区所属として登録。 地区をまたぐ合同チームの一時的な大会所属は反映しない。
SAM006022,PRG003333,ASM000072,AREA000162,2026,SRC000214,2026-10-04,2026年度の公式地区制度・加盟校情報を基に湘南・西湘地区所属として登録。 地区をまたぐ合同チームの一時的な大会所属は反映しない。
SAM006023,PRG003334,ASM000072,AREA000160,2026,SRC000214,2026-10-04,2026年度の公式地区制度・加盟校情報を基に川崎・横浜北地区所属として登録。 地区をまたぐ合同チームの一時的な大会所属は反映しない。
SAM006024,PRG003335,ASM000072,AREA000162,2026,SRC000214,2026-10-04,2026年度の公式地区制度・加盟校情報を基に湘南・西湘地区所属として登録。 地区をまたぐ合同チームの一時的な大会所属は反映しない。
SAM006025,PRG003336,ASM000072,AREA000162,2026,SRC000214,2026-10-04,2026年度の公式地区制度・加盟校情報を基に湘南・西湘地区所属として登録。 地区をまたぐ合同チームの一時的な大会所属は反映しない。
SAM006026,PRG003337,ASM000072,AREA000160,2026,SRC000214,2026-10-04,2026年度の公式地区制度・加盟校情報を基に川崎・横浜北地区所属として登録。 地区をまたぐ合同チームの一時的な大会所属は反映しない。
SAM006027,PRG003338,ASM000072,AREA000160,2026,SRC000214,2026-10-04,2026年度の公式地区制度・加盟校情報を基に川崎・横浜北地区所属として登録。 地区をまたぐ合同チームの一時的な大会所属は反映しない。
SAM006028,PRG003339,ASM000072,AREA000160,2026,SRC000214,2026-10-04,2026年度の公式地区制度・加盟校情報を基に川崎・横浜北地区所属として登録。 地区をまたぐ合同チームの一時的な大会所属は反映しない。
SAM006029,PRG003340,ASM000072,AREA000160,2026,SRC000214,2026-10-04,2026年度の公式地区制度・加盟校情報を基に川崎・横浜北地区所属として登録。 地区をまたぐ合同チームの一時的な大会所属は反映しない。
SAM006030,PRG003341,ASM000072,AREA000163,2026,SRC000214,2026-10-04,2026年度の公式地区制度・加盟校情報を基に北相地区所属として登録。 地区をまたぐ合同チームの一時的な大会所属は反映しない。
SAM006031,PRG003342,ASM000072,AREA000163,2026,SRC000214,2026-10-04,2026年度の公式地区制度・加盟校情報を基に北相地区所属として登録。 地区をまたぐ合同チームの一時的な大会所属は反映しない。
SAM006032,PRG003343,ASM000072,AREA000163,2026,SRC000214,2026-10-04,2026年度の公式地区制度・加盟校情報を基に北相地区所属として登録。 地区をまたぐ合同チームの一時的な大会所属は反映しない。
SAM006033,PRG003344,ASM000072,AREA000163,2026,SRC000214,2026-10-04,2026年度の公式地区制度・加盟校情報を基に北相地区所属として登録。 地区をまたぐ合同チームの一時的な大会所属は反映しない。
SAM006034,PRG003345,ASM000072,AREA000163,2026,SRC000214,2026-10-04,2026年度の公式地区制度・加盟校情報を基に北相地区所属として登録。 地区をまたぐ合同チームの一時的な大会所属は反映しない。
SAM006035,PRG003346,ASM000072,AREA000163,2026,SRC000214,2026-10-04,2026年度の公式地区制度・加盟校情報を基に北相地区所属として登録。 地区をまたぐ合同チームの一時的な大会所属は反映しない。
SAM006036,PRG003347,ASM000072,AREA000163,2026,SRC000214,2026-10-04,2026年度の公式地区制度・加盟校情報を基に北相地区所属として登録。 地区をまたぐ合同チームの一時的な大会所属は反映しない。
SAM006037,PRG003348,ASM000072,AREA000161,2026,SRC000214,2026-10-04,2026年度の公式地区制度・加盟校情報を基に横浜南・横須賀地区所属として登録。 地区をまたぐ合同チームの一時的な大会所属は反映しない。
SAM006038,PRG003349,ASM000072,AREA000160,2026,SRC000214,2026-10-04,2026年度の公式地区制度・加盟校情報を基に川崎・横浜北地区所属として登録。 地区をまたぐ合同チームの一時的な大会所属は反映しない。
SAM006039,PRG003350,ASM000072,AREA000163,2026,SRC000214,2026-10-04,2026年度の公式地区制度・加盟校情報を基に北相地区所属として登録。 地区をまたぐ合同チームの一時的な大会所属は反映しない。
SAM006040,PRG003351,ASM000072,AREA000163,2026,SRC000214,2026-10-04,2026年度の公式地区制度・加盟校情報を基に北相地区所属として登録。 地区をまたぐ合同チームの一時的な大会所属は反映しない。
SAM006041,PRG003352,ASM000072,AREA000163,2026,SRC000214,2026-10-04,2026年度の公式地区制度・加盟校情報を基に北相地区所属として登録。 地区をまたぐ合同チームの一時的な大会所属は反映しない。
SAM006042,PRG003353,ASM000072,AREA000163,2026,SRC000214,2026-10-04,2026年度の公式地区制度・加盟校情報を基に北相地区所属として登録。 地区をまたぐ合同チームの一時的な大会所属は反映しない。
SAM006043,PRG003354,ASM000072,AREA000163,2026,SRC000214,2026-10-04,2026年度の公式地区制度・加盟校情報を基に北相地区所属として登録。 地区をまたぐ合同チームの一時的な大会所属は反映しない。
SAM006044,PRG003355,ASM000072,AREA000163,2026,SRC000214,2026-10-04,2026年度の公式地区制度・加盟校情報を基に北相地区所属として登録。 地区をまたぐ合同チームの一時的な大会所属は反映しない。
SAM006045,PRG003356,ASM000072,AREA000161,2026,SRC000214,2026-10-04,2026年度の公式地区制度・加盟校情報を基に横浜南・横須賀地区所属として登録。 地区をまたぐ合同チームの一時的な大会所属は反映しない。
SAM006046,PRG003357,ASM000072,AREA000162,2026,SRC000214,2026-10-04,2026年度の公式地区制度・加盟校情報を基に湘南・西湘地区所属として登録。 地区をまたぐ合同チームの一時的な大会所属は反映しない。
SAM006047,PRG003358,ASM000072,AREA000162,2026,SRC000214,2026-10-04,2026年度の公式地区制度・加盟校情報を基に湘南・西湘地区所属として登録。 地区をまたぐ合同チームの一時的な大会所属は反映しない。
SAM006048,PRG003359,ASM000072,AREA000162,2026,SRC000214,2026-10-04,2026年度の公式地区制度・加盟校情報を基に湘南・西湘地区所属として登録。 地区をまたぐ合同チームの一時的な大会所属は反映しない。
SAM006049,PRG003360,ASM000072,AREA000160,2026,SRC000214,2026-10-04,2026年度の公式地区制度・加盟校情報を基に川崎・横浜北地区所属として登録。 地区をまたぐ合同チームの一時的な大会所属は反映しない。
SAM006050,PRG003361,ASM000072,AREA000160,2026,SRC000214,2026-10-04,2026年度の公式地区制度・加盟校情報を基に川崎・横浜北地区所属として登録。 地区をまたぐ合同チームの一時的な大会所属は反映しない。
SAM006051,PRG003362,ASM000072,AREA000162,2026,SRC000214,2026-10-04,2026年度の公式地区制度・加盟校情報を基に湘南・西湘地区所属として登録。 地区をまたぐ合同チームの一時的な大会所属は反映しない。
SAM006052,PRG003363,ASM000072,AREA000162,2026,SRC000214,2026-10-04,2026年度の公式地区制度・加盟校情報を基に湘南・西湘地区所属として登録。 地区をまたぐ合同チームの一時的な大会所属は反映しない。
SAM006053,PRG003364,ASM000072,AREA000162,2026,SRC000214,2026-10-04,2026年度の公式地区制度・加盟校情報を基に湘南・西湘地区所属として登録。 地区をまたぐ合同チームの一時的な大会所属は反映しない。
SAM006054,PRG003365,ASM000072,AREA000162,2026,SRC000214,2026-10-04,2026年度の公式地区制度・加盟校情報を基に湘南・西湘地区所属として登録。 地区をまたぐ合同チームの一時的な大会所属は反映しない。
SAM006055,PRG003366,ASM000072,AREA000162,2026,SRC000214,2026-10-04,2026年度の公式地区制度・加盟校情報を基に湘南・西湘地区所属として登録。 地区をまたぐ合同チームの一時的な大会所属は反映しない。
SAM006056,PRG003367,ASM000072,AREA000162,2026,SRC000214,2026-10-04,2026年度の公式地区制度・加盟校情報を基に湘南・西湘地区所属として登録。 地区をまたぐ合同チームの一時的な大会所属は反映しない。
SAM006057,PRG003368,ASM000072,AREA000161,2026,SRC000214,2026-10-04,2026年度の公式地区制度・加盟校情報を基に横浜南・横須賀地区所属として登録。 地区をまたぐ合同チームの一時的な大会所属は反映しない。
SAM006058,PRG003369,ASM000072,AREA000161,2026,SRC000214,2026-10-04,2026年度の公式地区制度・加盟校情報を基に横浜南・横須賀地区所属として登録。 地区をまたぐ合同チームの一時的な大会所属は反映しない。
SAM006059,PRG003370,ASM000072,AREA000161,2026,SRC000214,2026-10-04,2026年度の公式地区制度・加盟校情報を基に横浜南・横須賀地区所属として登録。 地区をまたぐ合同チームの一時的な大会所属は反映しない。
SAM006060,PRG003371,ASM000072,AREA000161,2026,SRC000214,2026-10-04,2026年度の公式地区制度・加盟校情報を基に横浜南・横須賀地区所属として登録。 地区をまたぐ合同チームの一時的な大会所属は反映しない。
SAM006061,PRG003372,ASM000072,AREA000161,2026,SRC000214,2026-10-04,2026年度の公式地区制度・加盟校情報を基に横浜南・横須賀地区所属として登録。 地区をまたぐ合同チームの一時的な大会所属は反映しない。
SAM006062,PRG003373,ASM000072,AREA000162,2026,SRC000214,2026-10-04,2026年度の公式地区制度・加盟校情報を基に湘南・西湘地区所属として登録。 地区をまたぐ合同チームの一時的な大会所属は反映しない。
SAM006063,PRG003374,ASM000072,AREA000160,2026,SRC000214,2026-10-04,2026年度の公式地区制度・加盟校情報を基に川崎・横浜北地区所属として登録。 地区をまたぐ合同チームの一時的な大会所属は反映しない。
SAM006064,PRG003375,ASM000072,AREA000162,2026,SRC000214,2026-10-04,2026年度の公式地区制度・加盟校情報を基に湘南・西湘地区所属として登録。 地区をまたぐ合同チームの一時的な大会所属は反映しない。
SAM006065,PRG003376,ASM000072,AREA000162,2026,SRC000214,2026-10-04,2026年度の公式地区制度・加盟校情報を基に湘南・西湘地区所属として登録。 地区をまたぐ合同チームの一時的な大会所属は反映しない。
SAM006066,PRG003377,ASM000072,AREA000160,2026,SRC000214,2026-10-04,2026年度の公式地区制度・加盟校情報を基に川崎・横浜北地区所属として登録。 地区をまたぐ合同チームの一時的な大会所属は反映しない。
SAM006067,PRG003378,ASM000072,AREA000160,2026,SRC000214,2026-10-04,2026年度の公式地区制度・加盟校情報を基に川崎・横浜北地区所属として登録。 地区をまたぐ合同チームの一時的な大会所属は反映しない。
SAM006068,PRG003379,ASM000072,AREA000163,2026,SRC000214,2026-10-04,2026年度の公式地区制度・加盟校情報を基に北相地区所属として登録。 地区をまたぐ合同チームの一時的な大会所属は反映しない。
SAM006069,PRG003380,ASM000072,AREA000160,2026,SRC000214,2026-10-04,2026年度の公式地区制度・加盟校情報を基に川崎・横浜北地区所属として登録。 地区をまたぐ合同チームの一時的な大会所属は反映しない。
SAM006070,PRG003381,ASM000072,AREA000161,2026,SRC000214,2026-10-04,2026年度の公式地区制度・加盟校情報を基に横浜南・横須賀地区所属として登録。 地区をまたぐ合同チームの一時的な大会所属は反映しない。
SAM006071,PRG003382,ASM000072,AREA000162,2026,SRC000214,2026-10-04,2026年度の公式地区制度・加盟校情報を基に湘南・西湘地区所属として登録。 地区をまたぐ合同チームの一時的な大会所属は反映しない。
SAM006072,PRG003383,ASM000072,AREA000162,2026,SRC000214,2026-10-04,2026年度の公式地区制度・加盟校情報を基に湘南・西湘地区所属として登録。 地区をまたぐ合同チームの一時的な大会所属は反映しない。
SAM006073,PRG003384,ASM000072,AREA000162,2026,SRC000214,2026-10-04,2026年度の公式地区制度・加盟校情報を基に湘南・西湘地区所属として登録。 地区をまたぐ合同チームの一時的な大会所属は反映しない。
SAM006074,PRG003385,ASM000072,AREA000161,2026,SRC000214,2026-10-04,2026年度の公式地区制度・加盟校情報を基に横浜南・横須賀地区所属として登録。 地区をまたぐ合同チームの一時的な大会所属は反映しない。
SAM006075,PRG003386,ASM000072,AREA000162,2026,SRC000214,2026-10-04,2026年度の公式地区制度・加盟校情報を基に湘南・西湘地区所属として登録。 地区をまたぐ合同チームの一時的な大会所属は反映しない。
SAM006076,PRG003387,ASM000072,AREA000161,2026,SRC000214,2026-10-04,2026年度の公式地区制度・加盟校情報を基に横浜南・横須賀地区所属として登録。 地区をまたぐ合同チームの一時的な大会所属は反映しない。
SAM006077,PRG003388,ASM000072,AREA000161,2026,SRC000214,2026-10-04,2026年度の公式地区制度・加盟校情報を基に横浜南・横須賀地区所属として登録。 地区をまたぐ合同チームの一時的な大会所属は反映しない。
SAM006078,PRG003389,ASM000072,AREA000160,2026,SRC000214,2026-10-04,2026年度の公式地区制度・加盟校情報を基に川崎・横浜北地区所属として登録。 地区をまたぐ合同チームの一時的な大会所属は反映しない。
SAM006079,PRG003390,ASM000072,AREA000163,2026,SRC000214,2026-10-04,2026年度の公式地区制度・加盟校情報を基に北相地区所属として登録。 地区をまたぐ合同チームの一時的な大会所属は反映しない。
SAM006080,PRG003391,ASM000072,AREA000163,2026,SRC000214,2026-10-04,2026年度の公式地区制度・加盟校情報を基に北相地区所属として登録。 地区をまたぐ合同チームの一時的な大会所属は反映しない。
SAM006081,PRG003392,ASM000072,AREA000162,2026,SRC000214,2026-10-04,2026年度の公式地区制度・加盟校情報を基に湘南・西湘地区所属として登録。 地区をまたぐ合同チームの一時的な大会所属は反映しない。
SAM006082,PRG003393,ASM000072,AREA000162,2026,SRC000214,2026-10-04,2026年度の公式地区制度・加盟校情報を基に湘南・西湘地区所属として登録。 地区をまたぐ合同チームの一時的な大会所属は反映しない。
SAM006083,PRG003394,ASM000072,AREA000160,2026,SRC000214,2026-10-04,2026年度の公式地区制度・加盟校情報を基に川崎・横浜北地区所属として登録。 地区をまたぐ合同チームの一時的な大会所属は反映しない。
SAM006084,PRG003395,ASM000072,AREA000161,2026,SRC000214,2026-10-04,2026年度の公式地区制度・加盟校情報を基に横浜南・横須賀地区所属として登録。 地区をまたぐ合同チームの一時的な大会所属は反映しない。
SAM006085,PRG003396,ASM000072,AREA000161,2026,SRC000214,2026-10-04,2026年度の公式地区制度・加盟校情報を基に横浜南・横須賀地区所属として登録。 地区をまたぐ合同チームの一時的な大会所属は反映しない。
SAM006086,PRG000229,ASM000073,AREA000164,2026,SRC000068,2026-10-04,公式4支部と学校所在地を照合。2026地区大会で支部運用を確認。
SAM006087,PRG000230,ASM000073,AREA000164,2026,SRC000068,2026-10-04,公式4支部と学校所在地を照合。2026地区大会で支部運用を確認。
SAM006088,PRG000231,ASM000073,AREA000164,2026,SRC000068,2026-10-04,公式4支部と学校所在地を照合。2026地区大会で支部運用を確認。
SAM006089,PRG000232,ASM000073,AREA000164,2026,SRC000068,2026-10-04,公式4支部と学校所在地を照合。2026地区大会で支部運用を確認。
SAM006090,PRG000233,ASM000073,AREA000164,2026,SRC000068,2026-10-04,公式4支部と学校所在地を照合。2026地区大会で支部運用を確認。
SAM006091,PRG000234,ASM000073,AREA000164,2026,SRC000068,2026-10-04,公式4支部と学校所在地を照合。2026地区大会で支部運用を確認。
SAM006092,PRG000235,ASM000073,AREA000164,2026,SRC000068,2026-10-04,公式4支部と学校所在地を照合。2026地区大会で支部運用を確認。
SAM006093,PRG000236,ASM000073,AREA000164,2026,SRC000068,2026-10-04,公式4支部と学校所在地を照合。2026地区大会で支部運用を確認。
SAM006094,PRG000237,ASM000073,AREA000164,2026,SRC000068,2026-10-04,公式4支部と学校所在地を照合。2026地区大会で支部運用を確認。
SAM006095,PRG000238,ASM000073,AREA000164,2026,SRC000068,2026-10-04,公式4支部と学校所在地を照合。2026地区大会で支部運用を確認。
SAM006096,PRG000239,ASM000073,AREA000164,2026,SRC000068,2026-10-04,公式4支部と学校所在地を照合。2026地区大会で支部運用を確認。
SAM006097,PRG000240,ASM000073,AREA000164,2026,SRC000068,2026-10-04,公式4支部と学校所在地を照合。2026地区大会で支部運用を確認。
SAM006098,PRG000241,ASM000073,AREA000164,2026,SRC000068,2026-10-04,公式4支部と学校所在地を照合。2026地区大会で支部運用を確認。
SAM006099,PRG000242,ASM000073,AREA000164,2026,SRC000068,2026-10-04,公式4支部と学校所在地を照合。2026地区大会で支部運用を確認。
SAM006100,PRG000243,ASM000073,AREA000164,2026,SRC000068,2026-10-04,公式4支部と学校所在地を照合。2026地区大会で支部運用を確認。
SAM006101,PRG000244,ASM000073,AREA000164,2026,SRC000068,2026-10-04,公式4支部と学校所在地を照合。2026地区大会で支部運用を確認。
SAM006102,PRG000245,ASM000073,AREA000164,2026,SRC000068,2026-10-04,公式4支部と学校所在地を照合。2026地区大会で支部運用を確認。
SAM006103,PRG000246,ASM000073,AREA000164,2026,SRC000068,2026-10-04,公式4支部と学校所在地を照合。2026地区大会で支部運用を確認。
SAM006104,PRG000247,ASM000073,AREA000164,2026,SRC000068,2026-10-04,公式4支部と学校所在地を照合。2026地区大会で支部運用を確認。
SAM006105,PRG000248,ASM000073,AREA000164,2026,SRC000068,2026-10-04,公式4支部と学校所在地を照合。2026地区大会で支部運用を確認。
SAM006106,PRG000249,ASM000073,AREA000164,2026,SRC000068,2026-10-04,公式4支部と学校所在地を照合。2026地区大会で支部運用を確認。
SAM006107,PRG000250,ASM000073,AREA000164,2026,SRC000068,2026-10-04,公式4支部と学校所在地を照合。2026地区大会で支部運用を確認。
SAM006108,PRG000251,ASM000073,AREA000164,2026,SRC000068,2026-10-04,公式4支部と学校所在地を照合。2026地区大会で支部運用を確認。
SAM006109,PRG000252,ASM000073,AREA000164,2026,SRC000068,2026-10-04,公式4支部と学校所在地を照合。2026地区大会で支部運用を確認。
SAM006110,PRG000253,ASM000073,AREA000165,2026,SRC000068,2026-10-04,公式4支部と学校所在地を照合。2026地区大会で支部運用を確認。
SAM006111,PRG000254,ASM000073,AREA000165,2026,SRC000068,2026-10-04,公式4支部と学校所在地を照合。2026地区大会で支部運用を確認。
SAM006112,PRG000255,ASM000073,AREA000165,2026,SRC000068,2026-10-04,公式4支部と学校所在地を照合。2026地区大会で支部運用を確認。
SAM006113,PRG000256,ASM000073,AREA000165,2026,SRC000068,2026-10-04,公式4支部と学校所在地を照合。2026地区大会で支部運用を確認。
SAM006114,PRG000257,ASM000073,AREA000165,2026,SRC000068,2026-10-04,公式4支部と学校所在地を照合。2026地区大会で支部運用を確認。
SAM006115,PRG000258,ASM000073,AREA000165,2026,SRC000068,2026-10-04,公式4支部と学校所在地を照合。2026地区大会で支部運用を確認。
SAM006116,PRG000259,ASM000073,AREA000165,2026,SRC000068,2026-10-04,公式4支部と学校所在地を照合。2026地区大会で支部運用を確認。
SAM006117,PRG000260,ASM000073,AREA000165,2026,SRC000068,2026-10-04,公式4支部と学校所在地を照合。2026地区大会で支部運用を確認。
SAM006118,PRG000261,ASM000073,AREA000165,2026,SRC000068,2026-10-04,公式4支部と学校所在地を照合。2026地区大会で支部運用を確認。
SAM006119,PRG000262,ASM000073,AREA000165,2026,SRC000068,2026-10-04,公式4支部と学校所在地を照合。2026地区大会で支部運用を確認。
SAM006120,PRG000263,ASM000073,AREA000165,2026,SRC000068,2026-10-04,公式4支部と学校所在地を照合。2026地区大会で支部運用を確認。
SAM006121,PRG000264,ASM000073,AREA000165,2026,SRC000068,2026-10-04,公式4支部と学校所在地を照合。2026地区大会で支部運用を確認。
SAM006122,PRG000265,ASM000073,AREA000166,2026,SRC000068,2026-10-04,公式4支部と学校所在地を照合。2026地区大会で支部運用を確認。
SAM006123,PRG000266,ASM000073,AREA000166,2026,SRC000068,2026-10-04,公式4支部と学校所在地を照合。2026地区大会で支部運用を確認。
SAM006124,PRG000267,ASM000073,AREA000166,2026,SRC000068,2026-10-04,公式4支部と学校所在地を照合。2026地区大会で支部運用を確認。
SAM006125,PRG000268,ASM000073,AREA000166,2026,SRC000068,2026-10-04,公式4支部と学校所在地を照合。2026地区大会で支部運用を確認。
SAM006126,PRG000269,ASM000073,AREA000166,2026,SRC000068,2026-10-04,公式4支部と学校所在地を照合。2026地区大会で支部運用を確認。
SAM006127,PRG000270,ASM000073,AREA000166,2026,SRC000068,2026-10-04,公式4支部と学校所在地を照合。2026地区大会で支部運用を確認。
SAM006128,PRG000271,ASM000073,AREA000166,2026,SRC000068,2026-10-04,公式4支部と学校所在地を照合。2026地区大会で支部運用を確認。
SAM006129,PRG000272,ASM000073,AREA000166,2026,SRC000068,2026-10-04,公式4支部と学校所在地を照合。2026地区大会で支部運用を確認。
SAM006130,PRG000273,ASM000073,AREA000166,2026,SRC000068,2026-10-04,公式4支部と学校所在地を照合。2026地区大会で支部運用を確認。
SAM006131,PRG000274,ASM000073,AREA000166,2026,SRC000068,2026-10-04,公式4支部と学校所在地を照合。2026地区大会で支部運用を確認。
SAM006132,PRG000275,ASM000073,AREA000166,2026,SRC000068,2026-10-04,公式4支部と学校所在地を照合。2026地区大会で支部運用を確認。
SAM006133,PRG000276,ASM000073,AREA000166,2026,SRC000068,2026-10-04,公式4支部と学校所在地を照合。2026地区大会で支部運用を確認。
SAM006134,PRG000277,ASM000073,AREA000166,2026,SRC000068,2026-10-04,公式4支部と学校所在地を照合。2026地区大会で支部運用を確認。
SAM006135,PRG000278,ASM000073,AREA000166,2026,SRC000068,2026-10-04,公式4支部と学校所在地を照合。2026地区大会で支部運用を確認。
SAM006136,PRG000279,ASM000073,AREA000166,2026,SRC000068,2026-10-04,公式4支部と学校所在地を照合。2026地区大会で支部運用を確認。
SAM006137,PRG000280,ASM000073,AREA000166,2026,SRC000068,2026-10-04,公式4支部と学校所在地を照合。2026地区大会で支部運用を確認。
SAM006138,PRG000281,ASM000073,AREA000166,2026,SRC000068,2026-10-04,公式4支部と学校所在地を照合。2026地区大会で支部運用を確認。
SAM006139,PRG000282,ASM000073,AREA000166,2026,SRC000068,2026-10-04,公式4支部と学校所在地を照合。2026地区大会で支部運用を確認。
SAM006140,PRG000283,ASM000073,AREA000166,2026,SRC000068,2026-10-04,公式4支部と学校所在地を照合。2026地区大会で支部運用を確認。
SAM006141,PRG000284,ASM000073,AREA000166,2026,SRC000068,2026-10-04,公式4支部と学校所在地を照合。2026地区大会で支部運用を確認。
SAM006142,PRG000285,ASM000073,AREA000167,2026,SRC000068,2026-10-04,公式4支部と学校所在地を照合。2026地区大会で支部運用を確認。
SAM006143,PRG000286,ASM000073,AREA000167,2026,SRC000068,2026-10-04,公式4支部と学校所在地を照合。2026地区大会で支部運用を確認。
SAM006144,PRG000287,ASM000073,AREA000167,2026,SRC000068,2026-10-04,公式4支部と学校所在地を照合。2026地区大会で支部運用を確認。
SAM006145,PRG000288,ASM000073,AREA000167,2026,SRC000068,2026-10-04,公式4支部と学校所在地を照合。2026地区大会で支部運用を確認。
SAM006146,PRG000289,ASM000073,AREA000167,2026,SRC000068,2026-10-04,公式4支部と学校所在地を照合。2026地区大会で支部運用を確認。
SAM006147,PRG000290,ASM000073,AREA000167,2026,SRC000068,2026-10-04,公式4支部と学校所在地を照合。2026地区大会で支部運用を確認。
SAM006148,PRG000291,ASM000073,AREA000167,2026,SRC000068,2026-10-04,公式4支部と学校所在地を照合。2026地区大会で支部運用を確認。
SAM006149,PRG000292,ASM000073,AREA000167,2026,SRC000068,2026-10-04,公式4支部と学校所在地を照合。2026地区大会で支部運用を確認。
SAM006150,PRG000293,ASM000073,AREA000167,2026,SRC000068,2026-10-04,公式4支部と学校所在地を照合。2026地区大会で支部運用を確認。
SAM006151,PRG000294,ASM000073,AREA000167,2026,SRC000068,2026-10-04,公式4支部と学校所在地を照合。2026地区大会で支部運用を確認。
SAM006152,PRG000295,ASM000073,AREA000167,2026,SRC000068,2026-10-04,公式4支部と学校所在地を照合。2026地区大会で支部運用を確認。
SAM006153,PRG000358,ASM000074,AREA000171,2026,SRC000071,2026-10-04,公式加盟校一覧の8地域へ学校単位で割当。北・中・南3大会地区は親階層として保持。
SAM006154,PRG000359,ASM000074,AREA000171,2026,SRC000071,2026-10-04,公式加盟校一覧の8地域へ学校単位で割当。北・中・南3大会地区は親階層として保持。
SAM006155,PRG000360,ASM000074,AREA000171,2026,SRC000071,2026-10-04,公式加盟校一覧の8地域へ学校単位で割当。北・中・南3大会地区は親階層として保持。
SAM006156,PRG000361,ASM000074,AREA000171,2026,SRC000071,2026-10-04,公式加盟校一覧の8地域へ学校単位で割当。北・中・南3大会地区は親階層として保持。
SAM006157,PRG000362,ASM000074,AREA000171,2026,SRC000071,2026-10-04,公式加盟校一覧の8地域へ学校単位で割当。北・中・南3大会地区は親階層として保持。
SAM006158,PRG000363,ASM000074,AREA000171,2026,SRC000071,2026-10-04,公式加盟校一覧の8地域へ学校単位で割当。北・中・南3大会地区は親階層として保持。
SAM006159,PRG000364,ASM000074,AREA000172,2026,SRC000071,2026-10-04,公式加盟校一覧の8地域へ学校単位で割当。北・中・南3大会地区は親階層として保持。
SAM006160,PRG000365,ASM000074,AREA000172,2026,SRC000071,2026-10-04,公式加盟校一覧の8地域へ学校単位で割当。北・中・南3大会地区は親階層として保持。
SAM006161,PRG000366,ASM000074,AREA000172,2026,SRC000071,2026-10-04,公式加盟校一覧の8地域へ学校単位で割当。北・中・南3大会地区は親階層として保持。
SAM006162,PRG000367,ASM000074,AREA000172,2026,SRC000071,2026-10-04,公式加盟校一覧の8地域へ学校単位で割当。北・中・南3大会地区は親階層として保持。
SAM006163,PRG000368,ASM000074,AREA000172,2026,SRC000071,2026-10-04,公式加盟校一覧の8地域へ学校単位で割当。北・中・南3大会地区は親階層として保持。
SAM006164,PRG000369,ASM000074,AREA000172,2026,SRC000071,2026-10-04,公式加盟校一覧の8地域へ学校単位で割当。北・中・南3大会地区は親階層として保持。
SAM006165,PRG000370,ASM000074,AREA000172,2026,SRC000071,2026-10-04,公式加盟校一覧の8地域へ学校単位で割当。北・中・南3大会地区は親階層として保持。
SAM006166,PRG000371,ASM000074,AREA000172,2026,SRC000071,2026-10-04,公式加盟校一覧の8地域へ学校単位で割当。北・中・南3大会地区は親階層として保持。
SAM006167,PRG000372,ASM000074,AREA000172,2026,SRC000071,2026-10-04,公式加盟校一覧の8地域へ学校単位で割当。北・中・南3大会地区は親階層として保持。
SAM006168,PRG000373,ASM000074,AREA000172,2026,SRC000071,2026-10-04,公式加盟校一覧の8地域へ学校単位で割当。北・中・南3大会地区は親階層として保持。
SAM006169,PRG000374,ASM000074,AREA000172,2026,SRC000071,2026-10-04,公式加盟校一覧の8地域へ学校単位で割当。北・中・南3大会地区は親階層として保持。
SAM006170,PRG000375,ASM000074,AREA000172,2026,SRC000071,2026-10-04,公式加盟校一覧の8地域へ学校単位で割当。北・中・南3大会地区は親階層として保持。
SAM006171,PRG000376,ASM000074,AREA000172,2026,SRC000071,2026-10-04,公式加盟校一覧の8地域へ学校単位で割当。北・中・南3大会地区は親階層として保持。
SAM006172,PRG000377,ASM000074,AREA000173,2026,SRC000071,2026-10-04,公式加盟校一覧の8地域へ学校単位で割当。北・中・南3大会地区は親階層として保持。
SAM006173,PRG000378,ASM000074,AREA000173,2026,SRC000071,2026-10-04,公式加盟校一覧の8地域へ学校単位で割当。北・中・南3大会地区は親階層として保持。
SAM006174,PRG000379,ASM000074,AREA000173,2026,SRC000071,2026-10-04,公式加盟校一覧の8地域へ学校単位で割当。北・中・南3大会地区は親階層として保持。
SAM006175,PRG000380,ASM000074,AREA000173,2026,SRC000071,2026-10-04,公式加盟校一覧の8地域へ学校単位で割当。北・中・南3大会地区は親階層として保持。
SAM006176,PRG000381,ASM000074,AREA000173,2026,SRC000071,2026-10-04,公式加盟校一覧の8地域へ学校単位で割当。北・中・南3大会地区は親階層として保持。
SAM006177,PRG000382,ASM000074,AREA000173,2026,SRC000071,2026-10-04,公式加盟校一覧の8地域へ学校単位で割当。北・中・南3大会地区は親階層として保持。
SAM006178,PRG000383,ASM000074,AREA000173,2026,SRC000071,2026-10-04,公式加盟校一覧の8地域へ学校単位で割当。北・中・南3大会地区は親階層として保持。
SAM006179,PRG000384,ASM000074,AREA000174,2026,SRC000071,2026-10-04,公式加盟校一覧の8地域へ学校単位で割当。北・中・南3大会地区は親階層として保持。
SAM006180,PRG000385,ASM000074,AREA000174,2026,SRC000071,2026-10-04,公式加盟校一覧の8地域へ学校単位で割当。北・中・南3大会地区は親階層として保持。
SAM006181,PRG000386,ASM000074,AREA000174,2026,SRC000071,2026-10-04,公式加盟校一覧の8地域へ学校単位で割当。北・中・南3大会地区は親階層として保持。
SAM006182,PRG000387,ASM000074,AREA000174,2026,SRC000071,2026-10-04,公式加盟校一覧の8地域へ学校単位で割当。北・中・南3大会地区は親階層として保持。
SAM006183,PRG000388,ASM000074,AREA000174,2026,SRC000071,2026-10-04,公式加盟校一覧の8地域へ学校単位で割当。北・中・南3大会地区は親階層として保持。
SAM006184,PRG000389,ASM000074,AREA000174,2026,SRC000071,2026-10-04,公式加盟校一覧の8地域へ学校単位で割当。北・中・南3大会地区は親階層として保持。
SAM006185,PRG000390,ASM000074,AREA000174,2026,SRC000071,2026-10-04,公式加盟校一覧の8地域へ学校単位で割当。北・中・南3大会地区は親階層として保持。
SAM006186,PRG000391,ASM000074,AREA000174,2026,SRC000071,2026-10-04,公式加盟校一覧の8地域へ学校単位で割当。北・中・南3大会地区は親階層として保持。
SAM006187,PRG000392,ASM000074,AREA000174,2026,SRC000071,2026-10-04,公式加盟校一覧の8地域へ学校単位で割当。北・中・南3大会地区は親階層として保持。
SAM006188,PRG000393,ASM000074,AREA000174,2026,SRC000071,2026-10-04,公式加盟校一覧の8地域へ学校単位で割当。北・中・南3大会地区は親階層として保持。
SAM006189,PRG000394,ASM000074,AREA000176,2026,SRC000071,2026-10-04,公式加盟校一覧の8地域へ学校単位で割当。北・中・南3大会地区は親階層として保持。
SAM006190,PRG000395,ASM000074,AREA000176,2026,SRC000071,2026-10-04,公式加盟校一覧の8地域へ学校単位で割当。北・中・南3大会地区は親階層として保持。
SAM006191,PRG000396,ASM000074,AREA000176,2026,SRC000071,2026-10-04,公式加盟校一覧の8地域へ学校単位で割当。北・中・南3大会地区は親階層として保持。
SAM006192,PRG000397,ASM000074,AREA000176,2026,SRC000071,2026-10-04,公式加盟校一覧の8地域へ学校単位で割当。北・中・南3大会地区は親階層として保持。
SAM006193,PRG000398,ASM000074,AREA000176,2026,SRC000071,2026-10-04,公式加盟校一覧の8地域へ学校単位で割当。北・中・南3大会地区は親階層として保持。
SAM006194,PRG000399,ASM000074,AREA000176,2026,SRC000071,2026-10-04,公式加盟校一覧の8地域へ学校単位で割当。北・中・南3大会地区は親階層として保持。
SAM006195,PRG000400,ASM000074,AREA000176,2026,SRC000071,2026-10-04,公式加盟校一覧の8地域へ学校単位で割当。北・中・南3大会地区は親階層として保持。
SAM006196,PRG000401,ASM000074,AREA000177,2026,SRC000071,2026-10-04,公式加盟校一覧の8地域へ学校単位で割当。北・中・南3大会地区は親階層として保持。
SAM006197,PRG000402,ASM000074,AREA000177,2026,SRC000071,2026-10-04,公式加盟校一覧の8地域へ学校単位で割当。北・中・南3大会地区は親階層として保持。
SAM006198,PRG000403,ASM000074,AREA000177,2026,SRC000071,2026-10-04,公式加盟校一覧の8地域へ学校単位で割当。北・中・南3大会地区は親階層として保持。
SAM006199,PRG000404,ASM000074,AREA000177,2026,SRC000071,2026-10-04,公式加盟校一覧の8地域へ学校単位で割当。北・中・南3大会地区は親階層として保持。
SAM006200,PRG000405,ASM000074,AREA000177,2026,SRC000071,2026-10-04,公式加盟校一覧の8地域へ学校単位で割当。北・中・南3大会地区は親階層として保持。
SAM006201,PRG000406,ASM000074,AREA000177,2026,SRC000071,2026-10-04,公式加盟校一覧の8地域へ学校単位で割当。北・中・南3大会地区は親階層として保持。
SAM006202,PRG000408,ASM000074,AREA000177,2026,SRC000071,2026-10-04,公式加盟校一覧の8地域へ学校単位で割当。北・中・南3大会地区は親階層として保持。
SAM006203,PRG000409,ASM000074,AREA000177,2026,SRC000071,2026-10-04,公式加盟校一覧の8地域へ学校単位で割当。北・中・南3大会地区は親階層として保持。
SAM006204,PRG000410,ASM000074,AREA000177,2026,SRC000071,2026-10-04,公式加盟校一覧の8地域へ学校単位で割当。北・中・南3大会地区は親階層として保持。
SAM006205,PRG000411,ASM000074,AREA000177,2026,SRC000071,2026-10-04,公式加盟校一覧の8地域へ学校単位で割当。北・中・南3大会地区は親階層として保持。
SAM006206,PRG000412,ASM000074,AREA000175,2026,SRC000071,2026-10-04,公式加盟校一覧の8地域へ学校単位で割当。北・中・南3大会地区は親階層として保持。
SAM006207,PRG000413,ASM000074,AREA000175,2026,SRC000071,2026-10-04,公式加盟校一覧の8地域へ学校単位で割当。北・中・南3大会地区は親階層として保持。
SAM006208,PRG000415,ASM000074,AREA000175,2026,SRC000071,2026-10-04,公式加盟校一覧の8地域へ学校単位で割当。北・中・南3大会地区は親階層として保持。
SAM006209,PRG000416,ASM000074,AREA000175,2026,SRC000071,2026-10-04,公式加盟校一覧の8地域へ学校単位で割当。北・中・南3大会地区は親階層として保持。
SAM006210,PRG000418,ASM000074,AREA000175,2026,SRC000071,2026-10-04,公式加盟校一覧の8地域へ学校単位で割当。北・中・南3大会地区は親階層として保持。
SAM006211,PRG000419,ASM000074,AREA000175,2026,SRC000071,2026-10-04,公式加盟校一覧の8地域へ学校単位で割当。北・中・南3大会地区は親階層として保持。
SAM006212,PRG000420,ASM000074,AREA000178,2026,SRC000071,2026-10-04,公式加盟校一覧の8地域へ学校単位で割当。北・中・南3大会地区は親階層として保持。
SAM006213,PRG000421,ASM000074,AREA000178,2026,SRC000071,2026-10-04,公式加盟校一覧の8地域へ学校単位で割当。北・中・南3大会地区は親階層として保持。
SAM006214,PRG000422,ASM000074,AREA000178,2026,SRC000071,2026-10-04,公式加盟校一覧の8地域へ学校単位で割当。北・中・南3大会地区は親階層として保持。
SAM006215,PRG001568,ASM000074,AREA000178,2026,SRC000071,2026-10-04,公式加盟校一覧の8地域へ学校単位で割当。北・中・南3大会地区は親階層として保持。
SAM006216,PRG000320,ASM000075,AREA000179,2026,SRC000297,2026-10-04,島根県高野連の恒常3地区へ学校単位で割当。2026地区大会と公式加盟校一覧を照合。
SAM006217,PRG000321,ASM000075,AREA000179,2026,SRC000297,2026-10-04,島根県高野連の恒常3地区へ学校単位で割当。2026地区大会と公式加盟校一覧を照合。
SAM006218,PRG000322,ASM000075,AREA000179,2026,SRC000297,2026-10-04,島根県高野連の恒常3地区へ学校単位で割当。2026地区大会と公式加盟校一覧を照合。
SAM006219,PRG000323,ASM000075,AREA000179,2026,SRC000297,2026-10-04,島根県高野連の恒常3地区へ学校単位で割当。2026地区大会と公式加盟校一覧を照合。
SAM006220,PRG000324,ASM000075,AREA000179,2026,SRC000297,2026-10-04,島根県高野連の恒常3地区へ学校単位で割当。2026地区大会と公式加盟校一覧を照合。
SAM006221,PRG000325,ASM000075,AREA000179,2026,SRC000297,2026-10-04,島根県高野連の恒常3地区へ学校単位で割当。2026地区大会と公式加盟校一覧を照合。
SAM006222,PRG000326,ASM000075,AREA000179,2026,SRC000297,2026-10-04,島根県高野連の恒常3地区へ学校単位で割当。2026地区大会と公式加盟校一覧を照合。
SAM006223,PRG000327,ASM000075,AREA000179,2026,SRC000297,2026-10-04,島根県高野連の恒常3地区へ学校単位で割当。2026地区大会と公式加盟校一覧を照合。
SAM006224,PRG000328,ASM000075,AREA000179,2026,SRC000297,2026-10-04,島根県高野連の恒常3地区へ学校単位で割当。2026地区大会と公式加盟校一覧を照合。
SAM006225,PRG000329,ASM000075,AREA000179,2026,SRC000297,2026-10-04,島根県高野連の恒常3地区へ学校単位で割当。2026地区大会と公式加盟校一覧を照合。
SAM006226,PRG000330,ASM000075,AREA000179,2026,SRC000297,2026-10-04,島根県高野連の恒常3地区へ学校単位で割当。2026地区大会と公式加盟校一覧を照合。
SAM006227,PRG000331,ASM000075,AREA000179,2026,SRC000297,2026-10-04,島根県高野連の恒常3地区へ学校単位で割当。2026地区大会と公式加盟校一覧を照合。
SAM006228,PRG000332,ASM000075,AREA000180,2026,SRC000298,2026-10-04,島根県高野連の恒常3地区へ学校単位で割当。2026地区大会と公式加盟校一覧を照合。
SAM006229,PRG000333,ASM000075,AREA000180,2026,SRC000298,2026-10-04,島根県高野連の恒常3地区へ学校単位で割当。2026地区大会と公式加盟校一覧を照合。
SAM006230,PRG000334,ASM000075,AREA000180,2026,SRC000298,2026-10-04,島根県高野連の恒常3地区へ学校単位で割当。2026地区大会と公式加盟校一覧を照合。
SAM006231,PRG000335,ASM000075,AREA000180,2026,SRC000298,2026-10-04,島根県高野連の恒常3地区へ学校単位で割当。2026地区大会と公式加盟校一覧を照合。
SAM006232,PRG000336,ASM000075,AREA000180,2026,SRC000298,2026-10-04,島根県高野連の恒常3地区へ学校単位で割当。2026地区大会と公式加盟校一覧を照合。
SAM006233,PRG000337,ASM000075,AREA000180,2026,SRC000298,2026-10-04,島根県高野連の恒常3地区へ学校単位で割当。2026地区大会と公式加盟校一覧を照合。
SAM006234,PRG000338,ASM000075,AREA000180,2026,SRC000298,2026-10-04,島根県高野連の恒常3地区へ学校単位で割当。2026地区大会と公式加盟校一覧を照合。
SAM006235,PRG000339,ASM000075,AREA000180,2026,SRC000298,2026-10-04,島根県高野連の恒常3地区へ学校単位で割当。2026地区大会と公式加盟校一覧を照合。
SAM006236,PRG000340,ASM000075,AREA000180,2026,SRC000298,2026-10-04,島根県高野連の恒常3地区へ学校単位で割当。2026地区大会と公式加盟校一覧を照合。
SAM006237,PRG000341,ASM000075,AREA000180,2026,SRC000298,2026-10-04,島根県高野連の恒常3地区へ学校単位で割当。2026地区大会と公式加盟校一覧を照合。
SAM006238,PRG000342,ASM000075,AREA000180,2026,SRC000298,2026-10-04,島根県高野連の恒常3地区へ学校単位で割当。2026出雲地区大会公式組合せで島根県飯南高等学校を確認。最終統合監査で同名の三重県飯南高等学校への誤紐付けを修正。
SAM006239,PRG000343,ASM000075,AREA000181,2026,SRC000299,2026-10-04,島根県高野連の恒常3地区へ学校単位で割当。2026地区大会と公式加盟校一覧を照合。
SAM006240,PRG000344,ASM000075,AREA000181,2026,SRC000299,2026-10-04,島根県高野連の恒常3地区へ学校単位で割当。2026地区大会と公式加盟校一覧を照合。
SAM006241,PRG000345,ASM000075,AREA000181,2026,SRC000300,2026-10-04,2026石見地区制と公式加盟校一覧を確認し、公式アーカイブの石見地区大会で恒常所属を補強。
SAM006242,PRG000346,ASM000075,AREA000181,2026,SRC000299,2026-10-04,島根県高野連の恒常3地区へ学校単位で割当。2026地区大会と公式加盟校一覧を照合。
SAM006243,PRG000347,ASM000075,AREA000181,2026,SRC000299,2026-10-04,島根県高野連の恒常3地区へ学校単位で割当。2026地区大会と公式加盟校一覧を照合。
SAM006244,PRG000348,ASM000075,AREA000181,2026,SRC000299,2026-10-04,島根県高野連の恒常3地区へ学校単位で割当。2026地区大会と公式加盟校一覧を照合。
SAM006245,PRG000349,ASM000075,AREA000181,2026,SRC000300,2026-10-04,2026石見地区制と公式加盟校一覧を確認し、公式アーカイブの石見地区大会で恒常所属を補強。
SAM006246,PRG000350,ASM000075,AREA000181,2026,SRC000299,2026-10-04,島根県高野連の恒常3地区へ学校単位で割当。2026地区大会と公式加盟校一覧を照合。
SAM006247,PRG000351,ASM000075,AREA000181,2026,SRC000299,2026-10-04,島根県高野連の恒常3地区へ学校単位で割当。2026地区大会と公式加盟校一覧を照合。
SAM006248,PRG000352,ASM000075,AREA000181,2026,SRC000299,2026-10-04,島根県高野連の恒常3地区へ学校単位で割当。2026地区大会と公式加盟校一覧を照合。
SAM006249,PRG000353,ASM000075,AREA000181,2026,SRC000299,2026-10-04,島根県高野連の恒常3地区へ学校単位で割当。2026地区大会と公式加盟校一覧を照合。
SAM006250,PRG000354,ASM000075,AREA000181,2026,SRC000299,2026-10-04,島根県高野連の恒常3地区へ学校単位で割当。2026地区大会と公式加盟校一覧を照合。
SAM006251,PRG000355,ASM000075,AREA000181,2026,SRC000299,2026-10-04,島根県高野連の恒常3地区へ学校単位で割当。2026地区大会と公式加盟校一覧を照合。
SAM006252,PRG000356,ASM000075,AREA000181,2026,SRC000299,2026-10-04,島根県高野連の恒常3地区へ学校単位で割当。2026地区大会と公式加盟校一覧を照合。
SAM006253,PRG000357,ASM000075,AREA000181,2026,SRC000299,2026-10-04,島根県高野連の恒常3地区へ学校単位で割当。2026地区大会と公式加盟校一覧を照合。
SAM006254,PRG001078,ASM000076,AREA000182,2026,SRC000302,2026-10-04,2026春季地区予選結果と公式加盟校一覧を突合して恒常3地区へ割当。地区横断合同チームは各校の恒常所属を変更しない。
SAM006255,PRG001079,ASM000076,AREA000182,2026,SRC000302,2026-10-04,2026春季地区予選結果と公式加盟校一覧を突合して恒常3地区へ割当。地区横断合同チームは各校の恒常所属を変更しない。
SAM006256,PRG001080,ASM000076,AREA000182,2026,SRC000302,2026-10-04,2026春季地区予選結果と公式加盟校一覧を突合して恒常3地区へ割当。地区横断合同チームは各校の恒常所属を変更しない。
SAM006257,PRG001081,ASM000076,AREA000182,2026,SRC000302,2026-10-04,2026春季地区予選結果と公式加盟校一覧を突合して恒常3地区へ割当。地区横断合同チームは各校の恒常所属を変更しない。
SAM006258,PRG001082,ASM000076,AREA000182,2026,SRC000302,2026-10-04,2026春季地区予選結果と公式加盟校一覧を突合して恒常3地区へ割当。地区横断合同チームは各校の恒常所属を変更しない。
SAM006259,PRG001083,ASM000076,AREA000182,2026,SRC000302,2026-10-04,2026春季地区予選結果と公式加盟校一覧を突合して恒常3地区へ割当。地区横断合同チームは各校の恒常所属を変更しない。
SAM006260,PRG001084,ASM000076,AREA000182,2026,SRC000302,2026-10-04,2026春季地区予選結果と公式加盟校一覧を突合して恒常3地区へ割当。地区横断合同チームは各校の恒常所属を変更しない。
SAM006261,PRG001085,ASM000076,AREA000182,2026,SRC000302,2026-10-04,2026春季地区予選結果と公式加盟校一覧を突合して恒常3地区へ割当。地区横断合同チームは各校の恒常所属を変更しない。
SAM006262,PRG001086,ASM000076,AREA000182,2026,SRC000302,2026-10-04,2026春季地区予選結果と公式加盟校一覧を突合して恒常3地区へ割当。地区横断合同チームは各校の恒常所属を変更しない。
SAM006263,PRG001087,ASM000076,AREA000182,2026,SRC000302,2026-10-04,2026春季地区予選結果と公式加盟校一覧を突合して恒常3地区へ割当。地区横断合同チームは各校の恒常所属を変更しない。
SAM006264,PRG001088,ASM000076,AREA000182,2026,SRC000302,2026-10-04,2026春季地区予選結果と公式加盟校一覧を突合して恒常3地区へ割当。地区横断合同チームは各校の恒常所属を変更しない。
SAM006265,PRG001089,ASM000076,AREA000182,2026,SRC000302,2026-10-04,2026春季地区予選結果と公式加盟校一覧を突合して恒常3地区へ割当。地区横断合同チームは各校の恒常所属を変更しない。
SAM006266,PRG001090,ASM000076,AREA000182,2026,SRC000302,2026-10-04,2026春季地区予選結果と公式加盟校一覧を突合して恒常3地区へ割当。地区横断合同チームは各校の恒常所属を変更しない。
SAM006267,PRG001091,ASM000076,AREA000182,2026,SRC000302,2026-10-04,2026春季地区予選結果と公式加盟校一覧を突合して恒常3地区へ割当。地区横断合同チームは各校の恒常所属を変更しない。
SAM006268,PRG001092,ASM000076,AREA000182,2026,SRC000302,2026-10-04,2026春季地区予選結果と公式加盟校一覧を突合して恒常3地区へ割当。地区横断合同チームは各校の恒常所属を変更しない。
SAM006269,PRG001093,ASM000076,AREA000182,2026,SRC000302,2026-10-04,2026春季地区予選結果と公式加盟校一覧を突合して恒常3地区へ割当。地区横断合同チームは各校の恒常所属を変更しない。
SAM006270,PRG001094,ASM000076,AREA000182,2026,SRC000302,2026-10-04,2026春季地区予選結果と公式加盟校一覧を突合して恒常3地区へ割当。地区横断合同チームは各校の恒常所属を変更しない。
SAM006271,PRG001095,ASM000076,AREA000182,2026,SRC000302,2026-10-04,2026春季地区予選結果と公式加盟校一覧を突合して恒常3地区へ割当。地区横断合同チームは各校の恒常所属を変更しない。
SAM006272,PRG001096,ASM000076,AREA000182,2026,SRC000302,2026-10-04,2026春季地区予選結果と公式加盟校一覧を突合して恒常3地区へ割当。地区横断合同チームは各校の恒常所属を変更しない。
SAM006273,PRG001097,ASM000076,AREA000182,2026,SRC000302,2026-10-04,2026春季地区予選結果と公式加盟校一覧を突合して恒常3地区へ割当。地区横断合同チームは各校の恒常所属を変更しない。
SAM006274,PRG001098,ASM000076,AREA000182,2026,SRC000302,2026-10-04,2026春季地区予選結果と公式加盟校一覧を突合して恒常3地区へ割当。地区横断合同チームは各校の恒常所属を変更しない。
SAM006275,PRG001099,ASM000076,AREA000182,2026,SRC000302,2026-10-04,2026春季地区予選結果と公式加盟校一覧を突合して恒常3地区へ割当。地区横断合同チームは各校の恒常所属を変更しない。
SAM006276,PRG001100,ASM000076,AREA000182,2026,SRC000302,2026-10-04,2026春季地区予選結果と公式加盟校一覧を突合して恒常3地区へ割当。地区横断合同チームは各校の恒常所属を変更しない。
SAM006277,PRG001101,ASM000076,AREA000182,2026,SRC000302,2026-10-04,2026春季地区予選結果と公式加盟校一覧を突合して恒常3地区へ割当。地区横断合同チームは各校の恒常所属を変更しない。
SAM006278,PRG001102,ASM000076,AREA000182,2026,SRC000302,2026-10-04,2026春季地区予選結果と公式加盟校一覧を突合して恒常3地区へ割当。地区横断合同チームは各校の恒常所属を変更しない。
SAM006279,PRG001103,ASM000076,AREA000182,2026,SRC000302,2026-10-04,2026春季地区予選結果と公式加盟校一覧を突合して恒常3地区へ割当。地区横断合同チームは各校の恒常所属を変更しない。
SAM006280,PRG001104,ASM000076,AREA000182,2026,SRC000302,2026-10-04,2026春季地区予選結果と公式加盟校一覧を突合して恒常3地区へ割当。地区横断合同チームは各校の恒常所属を変更しない。
SAM006281,PRG001105,ASM000076,AREA000183,2026,SRC000302,2026-10-04,2026春季地区予選結果と公式加盟校一覧を突合して恒常3地区へ割当。地区横断合同チームは各校の恒常所属を変更しない。
SAM006282,PRG001106,ASM000076,AREA000183,2026,SRC000302,2026-10-04,2026春季地区予選結果と公式加盟校一覧を突合して恒常3地区へ割当。地区横断合同チームは各校の恒常所属を変更しない。
SAM006283,PRG001107,ASM000076,AREA000183,2026,SRC000302,2026-10-04,2026春季地区予選結果と公式加盟校一覧を突合して恒常3地区へ割当。地区横断合同チームは各校の恒常所属を変更しない。
SAM006284,PRG001108,ASM000076,AREA000183,2026,SRC000302,2026-10-04,2026春季地区予選結果と公式加盟校一覧を突合して恒常3地区へ割当。地区横断合同チームは各校の恒常所属を変更しない。
SAM006285,PRG001109,ASM000076,AREA000183,2026,SRC000302,2026-10-04,2026春季地区予選結果と公式加盟校一覧を突合して恒常3地区へ割当。地区横断合同チームは各校の恒常所属を変更しない。
SAM006286,PRG001110,ASM000076,AREA000183,2026,SRC000302,2026-10-04,2026春季地区予選結果と公式加盟校一覧を突合して恒常3地区へ割当。地区横断合同チームは各校の恒常所属を変更しない。
SAM006287,PRG001111,ASM000076,AREA000183,2026,SRC000302,2026-10-04,2026春季地区予選結果と公式加盟校一覧を突合して恒常3地区へ割当。地区横断合同チームは各校の恒常所属を変更しない。
SAM006288,PRG001112,ASM000076,AREA000183,2026,SRC000302,2026-10-04,2026春季地区予選結果と公式加盟校一覧を突合して恒常3地区へ割当。地区横断合同チームは各校の恒常所属を変更しない。
SAM006289,PRG001113,ASM000076,AREA000183,2026,SRC000302,2026-10-04,2026春季地区予選結果と公式加盟校一覧を突合して恒常3地区へ割当。地区横断合同チームは各校の恒常所属を変更しない。
SAM006290,PRG001114,ASM000076,AREA000183,2026,SRC000302,2026-10-04,2026春季地区予選結果と公式加盟校一覧を突合して恒常3地区へ割当。地区横断合同チームは各校の恒常所属を変更しない。
SAM006291,PRG001115,ASM000076,AREA000183,2026,SRC000302,2026-10-04,2026春季地区予選結果と公式加盟校一覧を突合して恒常3地区へ割当。地区横断合同チームは各校の恒常所属を変更しない。
SAM006292,PRG001116,ASM000076,AREA000183,2026,SRC000302,2026-10-04,2026春季地区予選結果と公式加盟校一覧を突合して恒常3地区へ割当。地区横断合同チームは各校の恒常所属を変更しない。
SAM006293,PRG001117,ASM000076,AREA000183,2026,SRC000302,2026-10-04,2026春季地区予選結果と公式加盟校一覧を突合して恒常3地区へ割当。地区横断合同チームは各校の恒常所属を変更しない。
SAM006294,PRG001118,ASM000076,AREA000183,2026,SRC000302,2026-10-04,2026春季地区予選結果と公式加盟校一覧を突合して恒常3地区へ割当。地区横断合同チームは各校の恒常所属を変更しない。
SAM006295,PRG001119,ASM000076,AREA000183,2026,SRC000302,2026-10-04,2026春季地区予選結果と公式加盟校一覧を突合して恒常3地区へ割当。地区横断合同チームは各校の恒常所属を変更しない。
SAM006296,PRG001120,ASM000076,AREA000183,2026,SRC000302,2026-10-04,2026春季地区予選結果と公式加盟校一覧を突合して恒常3地区へ割当。地区横断合同チームは各校の恒常所属を変更しない。
SAM006297,PRG001121,ASM000076,AREA000183,2026,SRC000302,2026-10-04,2026春季地区予選結果と公式加盟校一覧を突合して恒常3地区へ割当。地区横断合同チームは各校の恒常所属を変更しない。
SAM006298,PRG001122,ASM000076,AREA000183,2026,SRC000302,2026-10-04,2026春季地区予選結果と公式加盟校一覧を突合して恒常3地区へ割当。地区横断合同チームは各校の恒常所属を変更しない。
SAM006299,PRG001123,ASM000076,AREA000183,2026,SRC000302,2026-10-04,2026春季地区予選結果と公式加盟校一覧を突合して恒常3地区へ割当。地区横断合同チームは各校の恒常所属を変更しない。
SAM006300,PRG001124,ASM000076,AREA000183,2026,SRC000302,2026-10-04,2026春季地区予選結果と公式加盟校一覧を突合して恒常3地区へ割当。地区横断合同チームは各校の恒常所属を変更しない。
SAM006301,PRG001125,ASM000076,AREA000183,2026,SRC000302,2026-10-04,2026春季地区予選結果と公式加盟校一覧を突合して恒常3地区へ割当。地区横断合同チームは各校の恒常所属を変更しない。
SAM006302,PRG001126,ASM000076,AREA000183,2026,SRC000302,2026-10-04,2026春季地区予選結果と公式加盟校一覧を突合して恒常3地区へ割当。地区横断合同チームは各校の恒常所属を変更しない。
SAM006303,PRG001127,ASM000076,AREA000183,2026,SRC000302,2026-10-04,2026春季地区予選結果と公式加盟校一覧を突合して恒常3地区へ割当。地区横断合同チームは各校の恒常所属を変更しない。
SAM006304,PRG001128,ASM000076,AREA000183,2026,SRC000302,2026-10-04,2026春季地区予選結果と公式加盟校一覧を突合して恒常3地区へ割当。地区横断合同チームは各校の恒常所属を変更しない。
SAM006305,PRG001129,ASM000076,AREA000184,2026,SRC000302,2026-10-04,2026春季地区予選結果と公式加盟校一覧を突合して恒常3地区へ割当。地区横断合同チームは各校の恒常所属を変更しない。
SAM006306,PRG001130,ASM000076,AREA000184,2026,SRC000302,2026-10-04,2026春季地区予選結果と公式加盟校一覧を突合して恒常3地区へ割当。地区横断合同チームは各校の恒常所属を変更しない。
SAM006307,PRG001131,ASM000076,AREA000184,2026,SRC000302,2026-10-04,2026春季地区予選結果と公式加盟校一覧を突合して恒常3地区へ割当。地区横断合同チームは各校の恒常所属を変更しない。
SAM006308,PRG001132,ASM000076,AREA000184,2026,SRC000302,2026-10-04,2026春季地区予選結果と公式加盟校一覧を突合して恒常3地区へ割当。地区横断合同チームは各校の恒常所属を変更しない。
SAM006309,PRG001133,ASM000076,AREA000184,2026,SRC000302,2026-10-04,2026春季地区予選結果と公式加盟校一覧を突合して恒常3地区へ割当。地区横断合同チームは各校の恒常所属を変更しない。
SAM006310,PRG001134,ASM000076,AREA000184,2026,SRC000302,2026-10-04,2026春季地区予選結果と公式加盟校一覧を突合して恒常3地区へ割当。地区横断合同チームは各校の恒常所属を変更しない。
SAM006311,PRG001135,ASM000076,AREA000184,2026,SRC000302,2026-10-04,2026春季地区予選結果と公式加盟校一覧を突合して恒常3地区へ割当。地区横断合同チームは各校の恒常所属を変更しない。
SAM006312,PRG001136,ASM000076,AREA000184,2026,SRC000302,2026-10-04,2026春季地区予選結果と公式加盟校一覧を突合して恒常3地区へ割当。地区横断合同チームは各校の恒常所属を変更しない。
SAM006313,PRG001768,ASM000077,AREA000185,2026,SRC000304,2026-10-04,2026春季地区予選の学校配置・合同チーム構成を学校単位へ展開。
SAM006314,PRG001769,ASM000077,AREA000185,2026,SRC000304,2026-10-04,2026春季地区予選の学校配置・合同チーム構成を学校単位へ展開。
SAM006315,PRG001770,ASM000077,AREA000187,2026,SRC000306,2026-10-04,2026春季地区予選の学校配置・合同チーム構成を学校単位へ展開。
SAM006316,PRG001771,ASM000077,AREA000187,2026,SRC000306,2026-10-04,2026春季地区予選の学校配置・合同チーム構成を学校単位へ展開。
SAM006317,PRG001772,ASM000077,AREA000188,2026,SRC000307,2026-10-04,2026春季地区予選の学校配置・合同チーム構成を学校単位へ展開。
SAM006318,PRG001773,ASM000077,AREA000188,2026,SRC000307,2026-10-04,2026春季地区予選の学校配置・合同チーム構成を学校単位へ展開。
SAM006319,PRG001774,ASM000077,AREA000185,2026,SRC000304,2026-10-04,2026春季地区予選の学校配置・合同チーム構成を学校単位へ展開。
SAM006320,PRG001775,ASM000077,AREA000185,2026,SRC000303,2026-10-04,2026春季地区予選不参加・別枠校のため、現行4地区制、所在地および直近地区実績から恒常所属を確定。
SAM006321,PRG001776,ASM000077,AREA000187,2026,SRC000306,2026-10-04,2026春季地区予選の学校配置・合同チーム構成を学校単位へ展開。
SAM006322,PRG001777,ASM000077,AREA000185,2026,SRC000304,2026-10-04,2026春季地区予選の学校配置・合同チーム構成を学校単位へ展開。
SAM006323,PRG001778,ASM000077,AREA000185,2026,SRC000304,2026-10-04,2026春季地区予選の学校配置・合同チーム構成を学校単位へ展開。
SAM006324,PRG001779,ASM000077,AREA000185,2026,SRC000304,2026-10-04,2026春季地区予選の学校配置・合同チーム構成を学校単位へ展開。
SAM006325,PRG001780,ASM000077,AREA000186,2026,SRC000305,2026-10-04,2026春季地区予選の学校配置・合同チーム構成を学校単位へ展開。
SAM006326,PRG001781,ASM000077,AREA000187,2026,SRC000306,2026-10-04,2026春季地区予選の学校配置・合同チーム構成を学校単位へ展開。
SAM006327,PRG001782,ASM000077,AREA000186,2026,SRC000305,2026-10-04,2026春季地区予選の学校配置・合同チーム構成を学校単位へ展開。
SAM006328,PRG001783,ASM000077,AREA000185,2026,SRC000304,2026-10-04,2026春季地区予選の学校配置・合同チーム構成を学校単位へ展開。
SAM006329,PRG001784,ASM000077,AREA000185,2026,SRC000304,2026-10-04,2026春季地区予選の学校配置・合同チーム構成を学校単位へ展開。
SAM006330,PRG001785,ASM000077,AREA000186,2026,SRC000305,2026-10-04,2026春季地区予選の学校配置・合同チーム構成を学校単位へ展開。
SAM006331,PRG001786,ASM000077,AREA000187,2026,SRC000306,2026-10-04,2026春季地区予選の学校配置・合同チーム構成を学校単位へ展開。
SAM006332,PRG001787,ASM000077,AREA000188,2026,SRC000303,2026-10-04,2026春季地区予選不参加・別枠校のため、現行4地区制、所在地および直近地区実績から恒常所属を確定。
SAM006333,PRG001788,ASM000077,AREA000188,2026,SRC000307,2026-10-04,2026春季地区予選の学校配置・合同チーム構成を学校単位へ展開。
SAM006334,PRG001789,ASM000077,AREA000186,2026,SRC000305,2026-10-04,2026春季地区予選の学校配置・合同チーム構成を学校単位へ展開。
SAM006335,PRG001790,ASM000077,AREA000186,2026,SRC000305,2026-10-04,2026春季地区予選の学校配置・合同チーム構成を学校単位へ展開。
SAM006336,PRG001791,ASM000077,AREA000186,2026,SRC000305,2026-10-04,2026春季地区予選の学校配置・合同チーム構成を学校単位へ展開。
SAM006337,PRG001792,ASM000077,AREA000186,2026,SRC000305,2026-10-04,2026春季地区予選の学校配置・合同チーム構成を学校単位へ展開。
SAM006338,PRG001793,ASM000077,AREA000185,2026,SRC000304,2026-10-04,2026春季地区予選の学校配置・合同チーム構成を学校単位へ展開。
SAM006339,PRG001794,ASM000077,AREA000186,2026,SRC000305,2026-10-04,2026春季地区予選の学校配置・合同チーム構成を学校単位へ展開。
SAM006340,PRG001795,ASM000077,AREA000186,2026,SRC000305,2026-10-04,2026春季地区予選の学校配置・合同チーム構成を学校単位へ展開。
SAM006341,PRG001796,ASM000077,AREA000186,2026,SRC000305,2026-10-04,2026春季地区予選の学校配置・合同チーム構成を学校単位へ展開。
SAM006342,PRG001797,ASM000077,AREA000186,2026,SRC000305,2026-10-04,2026春季地区予選の学校配置・合同チーム構成を学校単位へ展開。
SAM006343,PRG001798,ASM000077,AREA000186,2026,SRC000305,2026-10-04,2026春季地区予選の学校配置・合同チーム構成を学校単位へ展開。
SAM006344,PRG001799,ASM000077,AREA000186,2026,SRC000305,2026-10-04,2026春季地区予選の学校配置・合同チーム構成を学校単位へ展開。
SAM006345,PRG001800,ASM000077,AREA000187,2026,SRC000306,2026-10-04,2026春季地区予選の学校配置・合同チーム構成を学校単位へ展開。
SAM006346,PRG001801,ASM000077,AREA000187,2026,SRC000306,2026-10-04,2026春季地区予選の学校配置・合同チーム構成を学校単位へ展開。
SAM006347,PRG001802,ASM000077,AREA000187,2026,SRC000306,2026-10-04,2026春季地区予選の学校配置・合同チーム構成を学校単位へ展開。
SAM006348,PRG001803,ASM000077,AREA000187,2026,SRC000306,2026-10-04,2026春季地区予選の学校配置・合同チーム構成を学校単位へ展開。
SAM006349,PRG001804,ASM000077,AREA000187,2026,SRC000306,2026-10-04,2026春季地区予選の学校配置・合同チーム構成を学校単位へ展開。
SAM006350,PRG001805,ASM000077,AREA000185,2026,SRC000304,2026-10-04,2026春季地区予選の学校配置・合同チーム構成を学校単位へ展開。
SAM006351,PRG001806,ASM000077,AREA000188,2026,SRC000307,2026-10-04,2026春季地区予選の学校配置・合同チーム構成を学校単位へ展開。
SAM006352,PRG001807,ASM000077,AREA000187,2026,SRC000306,2026-10-04,2026春季地区予選の学校配置・合同チーム構成を学校単位へ展開。
SAM006353,PRG001808,ASM000077,AREA000187,2026,SRC000306,2026-10-04,2026春季地区予選の学校配置・合同チーム構成を学校単位へ展開。
SAM006354,PRG001809,ASM000077,AREA000186,2026,SRC000305,2026-10-04,2026春季地区予選の学校配置・合同チーム構成を学校単位へ展開。
SAM006355,PRG001810,ASM000077,AREA000185,2026,SRC000304,2026-10-04,2026春季地区予選の学校配置・合同チーム構成を学校単位へ展開。
SAM006356,PRG001811,ASM000077,AREA000188,2026,SRC000307,2026-10-04,2026春季地区予選の学校配置・合同チーム構成を学校単位へ展開。
SAM006357,PRG001812,ASM000077,AREA000188,2026,SRC000307,2026-10-04,2026春季地区予選の学校配置・合同チーム構成を学校単位へ展開。
SAM006358,PRG001813,ASM000077,AREA000188,2026,SRC000307,2026-10-04,2026春季地区予選の学校配置・合同チーム構成を学校単位へ展開。
SAM006359,PRG001814,ASM000077,AREA000185,2026,SRC000304,2026-10-04,2026春季地区予選の学校配置・合同チーム構成を学校単位へ展開。
SAM006360,PRG001815,ASM000077,AREA000185,2026,SRC000304,2026-10-04,2026春季地区予選の学校配置・合同チーム構成を学校単位へ展開。
SAM006361,PRG001816,ASM000077,AREA000185,2026,SRC000304,2026-10-04,2026春季地区予選の学校配置・合同チーム構成を学校単位へ展開。
SAM006362,PRG001817,ASM000077,AREA000187,2026,SRC000306,2026-10-04,2026春季地区予選の学校配置・合同チーム構成を学校単位へ展開。
SAM006363,PRG001818,ASM000077,AREA000185,2026,SRC000304,2026-10-04,2026春季地区予選の学校配置・合同チーム構成を学校単位へ展開。
SAM006364,PRG001819,ASM000077,AREA000187,2026,SRC000306,2026-10-04,2026春季地区予選の学校配置・合同チーム構成を学校単位へ展開。
SAM006365,PRG001820,ASM000077,AREA000186,2026,SRC000305,2026-10-04,2026春季地区予選の学校配置・合同チーム構成を学校単位へ展開。
SAM006366,PRG001821,ASM000077,AREA000186,2026,SRC000305,2026-10-04,2026春季地区予選の学校配置・合同チーム構成を学校単位へ展開。
SAM006367,PRG001822,ASM000077,AREA000188,2026,SRC000307,2026-10-04,2026春季地区予選の学校配置・合同チーム構成を学校単位へ展開。
SAM006368,PRG001823,ASM000077,AREA000188,2026,SRC000307,2026-10-04,2026春季地区予選の学校配置・合同チーム構成を学校単位へ展開。
SAM006369,PRG001824,ASM000077,AREA000185,2026,SRC000304,2026-10-04,2026春季地区予選の学校配置・合同チーム構成を学校単位へ展開。
SAM006370,PRG001825,ASM000077,AREA000185,2026,SRC000304,2026-10-04,2026春季地区予選の学校配置・合同チーム構成を学校単位へ展開。
SAM006371,PRG001826,ASM000077,AREA000187,2026,SRC000306,2026-10-04,2026春季地区予選の学校配置・合同チーム構成を学校単位へ展開。
SAM006372,PRG001827,ASM000077,AREA000188,2026,SRC000307,2026-10-04,2026春季地区予選の学校配置・合同チーム構成を学校単位へ展開。
SAM006373,PRG001828,ASM000077,AREA000186,2026,SRC000305,2026-10-04,2026春季地区予選の学校配置・合同チーム構成を学校単位へ展開。
SAM006374,PRG001829,ASM000077,AREA000188,2026,SRC000307,2026-10-04,2026春季地区予選の学校配置・合同チーム構成を学校単位へ展開。
SAM006375,PRG001830,ASM000077,AREA000187,2026,SRC000306,2026-10-04,2026春季地区予選の学校配置・合同チーム構成を学校単位へ展開。
SAM006376,PRG001831,ASM000077,AREA000186,2026,SRC000305,2026-10-04,2026春季地区予選の学校配置・合同チーム構成を学校単位へ展開。
SAM006377,PRG001832,ASM000077,AREA000187,2026,SRC000306,2026-10-04,2026春季地区予選の学校配置・合同チーム構成を学校単位へ展開。
SAM006378,PRG001833,ASM000077,AREA000185,2026,SRC000303,2026-10-04,2026春季地区予選不参加・別枠校のため、現行4地区制、所在地および直近地区実績から恒常所属を確定。
SAM006379,PRG001834,ASM000077,AREA000187,2026,SRC000306,2026-10-04,2026春季地区予選の学校配置・合同チーム構成を学校単位へ展開。
SAM006380,PRG001835,ASM000077,AREA000186,2026,SRC000305,2026-10-04,2026春季地区予選の学校配置・合同チーム構成を学校単位へ展開。
SAM006381,PRG001836,ASM000077,AREA000188,2026,SRC000307,2026-10-04,2026春季地区予選の学校配置・合同チーム構成を学校単位へ展開。
SAM006382,PRG001837,ASM000077,AREA000188,2026,SRC000307,2026-10-04,2026春季地区予選の学校配置・合同チーム構成を学校単位へ展開。
SAM006383,PRG001838,ASM000077,AREA000187,2026,SRC000306,2026-10-04,2026春季地区予選の学校配置・合同チーム構成を学校単位へ展開。
SAM006384,PRG001839,ASM000077,AREA000188,2026,SRC000307,2026-10-04,2026春季地区予選の学校配置・合同チーム構成を学校単位へ展開。
SAM006385,PRG001840,ASM000077,AREA000188,2026,SRC000307,2026-10-04,2026春季地区予選の学校配置・合同チーム構成を学校単位へ展開。
SAM006386,PRG001841,ASM000077,AREA000188,2026,SRC000307,2026-10-04,2026春季地区予選の学校配置・合同チーム構成を学校単位へ展開。
SAM006387,PRG001842,ASM000077,AREA000188,2026,SRC000307,2026-10-04,2026春季地区予選の学校配置・合同チーム構成を学校単位へ展開。
SAM006388,PRG001843,ASM000077,AREA000187,2026,SRC000306,2026-10-04,2026春季地区予選の学校配置・合同チーム構成を学校単位へ展開。
SAM006389,PRG001844,ASM000077,AREA000188,2026,SRC000307,2026-10-04,2026春季地区予選の学校配置・合同チーム構成を学校単位へ展開。
SAM006390,PRG001845,ASM000077,AREA000187,2026,SRC000306,2026-10-04,2026春季地区予選の学校配置・合同チーム構成を学校単位へ展開。
SAM006391,PRG001846,ASM000077,AREA000187,2026,SRC000303,2026-10-04,2026春季地区予選不参加・別枠校のため、現行4地区制、所在地および直近地区実績から恒常所属を確定。
SAM006392,PRG001847,ASM000077,AREA000187,2026,SRC000306,2026-10-04,2026春季地区予選の学校配置・合同チーム構成を学校単位へ展開。
SAM006393,PRG001848,ASM000077,AREA000186,2026,SRC000305,2026-10-04,2026春季地区予選の学校配置・合同チーム構成を学校単位へ展開。
SAM006394,PRG001849,ASM000077,AREA000187,2026,SRC000306,2026-10-04,2026春季地区予選の学校配置・合同チーム構成を学校単位へ展開。
SAM006395,PRG001850,ASM000077,AREA000186,2026,SRC000305,2026-10-04,2026春季地区予選の学校配置・合同チーム構成を学校単位へ展開。
SAM006396,PRG001851,ASM000077,AREA000187,2026,SRC000306,2026-10-04,2026春季地区予選の学校配置・合同チーム構成を学校単位へ展開。
SAM006397,PRG001852,ASM000077,AREA000188,2026,SRC000307,2026-10-04,2026春季地区予選の学校配置・合同チーム構成を学校単位へ展開。
SAM006398,PRG001853,ASM000077,AREA000188,2026,SRC000307,2026-10-04,2026春季地区予選の学校配置・合同チーム構成を学校単位へ展開。
SAM006399,PRG001854,ASM000077,AREA000188,2026,SRC000307,2026-10-04,2026春季地区予選の学校配置・合同チーム構成を学校単位へ展開。
SAM006400,PRG001855,ASM000077,AREA000188,2026,SRC000307,2026-10-04,2026春季地区予選の学校配置・合同チーム構成を学校単位へ展開。
SAM006401,PRG001856,ASM000077,AREA000188,2026,SRC000307,2026-10-04,2026春季地区予選の学校配置・合同チーム構成を学校単位へ展開。
SAM006402,PRG001857,ASM000077,AREA000187,2026,SRC000306,2026-10-04,2026春季地区予選の学校配置・合同チーム構成を学校単位へ展開。
SAM006403,PRG001858,ASM000077,AREA000187,2026,SRC000306,2026-10-04,2026春季地区予選の学校配置・合同チーム構成を学校単位へ展開。
SAM006404,PRG001859,ASM000077,AREA000185,2026,SRC000304,2026-10-04,2026春季地区予選の学校配置・合同チーム構成を学校単位へ展開。
SAM006405,PRG001860,ASM000077,AREA000187,2026,SRC000306,2026-10-04,2026春季地区予選の学校配置・合同チーム構成を学校単位へ展開。
SAM006406,PRG001861,ASM000077,AREA000187,2026,SRC000306,2026-10-04,2026春季地区予選の学校配置・合同チーム構成を学校単位へ展開。
SAM006407,PRG002613,ASM000078,AREA000190,2026,SRC000308,2026-10-04,2026山口県高野連の4地区制と地区別加盟校一覧をPhase1確定54校へ適用。廃校・非採用校は既存Phase1監査方針を維持。
SAM006408,PRG002614,ASM000078,AREA000189,2026,SRC000308,2026-10-04,2026山口県高野連の4地区制と地区別加盟校一覧をPhase1確定54校へ適用。廃校・非採用校は既存Phase1監査方針を維持。
SAM006409,PRG002615,ASM000078,AREA000189,2026,SRC000308,2026-10-04,2026山口県高野連の4地区制と地区別加盟校一覧をPhase1確定54校へ適用。廃校・非採用校は既存Phase1監査方針を維持。
SAM006410,PRG002616,ASM000078,AREA000190,2026,SRC000308,2026-10-04,2026山口県高野連の4地区制と地区別加盟校一覧をPhase1確定54校へ適用。廃校・非採用校は既存Phase1監査方針を維持。
SAM006411,PRG002617,ASM000078,AREA000190,2026,SRC000308,2026-10-04,2026山口県高野連の4地区制と地区別加盟校一覧をPhase1確定54校へ適用。廃校・非採用校は既存Phase1監査方針を維持。
SAM006412,PRG002618,ASM000078,AREA000190,2026,SRC000308,2026-10-04,2026山口県高野連の4地区制と地区別加盟校一覧をPhase1確定54校へ適用。廃校・非採用校は既存Phase1監査方針を維持。
SAM006413,PRG002619,ASM000078,AREA000190,2026,SRC000308,2026-10-04,2026山口県高野連の4地区制と地区別加盟校一覧をPhase1確定54校へ適用。廃校・非採用校は既存Phase1監査方針を維持。
SAM006414,PRG002620,ASM000078,AREA000189,2026,SRC000308,2026-10-04,2026山口県高野連の4地区制と地区別加盟校一覧をPhase1確定54校へ適用。廃校・非採用校は既存Phase1監査方針を維持。
SAM006415,PRG002621,ASM000078,AREA000189,2026,SRC000308,2026-10-04,2026山口県高野連の4地区制と地区別加盟校一覧をPhase1確定54校へ適用。廃校・非採用校は既存Phase1監査方針を維持。
SAM006416,PRG002622,ASM000078,AREA000189,2026,SRC000308,2026-10-04,2026山口県高野連の4地区制と地区別加盟校一覧をPhase1確定54校へ適用。廃校・非採用校は既存Phase1監査方針を維持。
SAM006417,PRG002623,ASM000078,AREA000189,2026,SRC000308,2026-10-04,2026山口県高野連の4地区制と地区別加盟校一覧をPhase1確定54校へ適用。廃校・非採用校は既存Phase1監査方針を維持。
SAM006418,PRG002624,ASM000078,AREA000189,2026,SRC000308,2026-10-04,2026山口県高野連の4地区制と地区別加盟校一覧をPhase1確定54校へ適用。廃校・非採用校は既存Phase1監査方針を維持。
SAM006419,PRG002625,ASM000078,AREA000189,2026,SRC000308,2026-10-04,2026山口県高野連の4地区制と地区別加盟校一覧をPhase1確定54校へ適用。廃校・非採用校は既存Phase1監査方針を維持。
SAM006420,PRG002626,ASM000078,AREA000190,2026,SRC000308,2026-10-04,2026山口県高野連の4地区制と地区別加盟校一覧をPhase1確定54校へ適用。廃校・非採用校は既存Phase1監査方針を維持。
SAM006421,PRG002627,ASM000078,AREA000190,2026,SRC000308,2026-10-04,2026山口県高野連の4地区制と地区別加盟校一覧をPhase1確定54校へ適用。廃校・非採用校は既存Phase1監査方針を維持。
SAM006422,PRG002628,ASM000078,AREA000189,2026,SRC000308,2026-10-04,2026山口県高野連の4地区制と地区別加盟校一覧をPhase1確定54校へ適用。廃校・非採用校は既存Phase1監査方針を維持。
SAM006423,PRG002629,ASM000078,AREA000190,2026,SRC000308,2026-10-04,2026山口県高野連の4地区制と地区別加盟校一覧をPhase1確定54校へ適用。廃校・非採用校は既存Phase1監査方針を維持。
SAM006424,PRG002630,ASM000078,AREA000189,2026,SRC000308,2026-10-04,2026山口県高野連の4地区制と地区別加盟校一覧をPhase1確定54校へ適用。廃校・非採用校は既存Phase1監査方針を維持。
SAM006425,PRG002631,ASM000078,AREA000190,2026,SRC000308,2026-10-04,2026山口県高野連の4地区制と地区別加盟校一覧をPhase1確定54校へ適用。廃校・非採用校は既存Phase1監査方針を維持。
SAM006426,PRG002632,ASM000078,AREA000192,2026,SRC000308,2026-10-04,2026山口県高野連の4地区制と地区別加盟校一覧をPhase1確定54校へ適用。廃校・非採用校は既存Phase1監査方針を維持。
SAM006427,PRG002633,ASM000078,AREA000191,2026,SRC000308,2026-10-04,2026山口県高野連の4地区制と地区別加盟校一覧をPhase1確定54校へ適用。廃校・非採用校は既存Phase1監査方針を維持。
SAM006428,PRG002634,ASM000078,AREA000191,2026,SRC000308,2026-10-04,2026山口県高野連の4地区制と地区別加盟校一覧をPhase1確定54校へ適用。廃校・非採用校は既存Phase1監査方針を維持。
SAM006429,PRG002635,ASM000078,AREA000191,2026,SRC000308,2026-10-04,2026山口県高野連の4地区制と地区別加盟校一覧をPhase1確定54校へ適用。廃校・非採用校は既存Phase1監査方針を維持。
SAM006430,PRG002636,ASM000078,AREA000190,2026,SRC000308,2026-10-04,2026山口県高野連の4地区制と地区別加盟校一覧をPhase1確定54校へ適用。廃校・非採用校は既存Phase1監査方針を維持。
SAM006431,PRG002637,ASM000078,AREA000190,2026,SRC000308,2026-10-04,2026山口県高野連の4地区制と地区別加盟校一覧をPhase1確定54校へ適用。廃校・非採用校は既存Phase1監査方針を維持。
SAM006432,PRG002638,ASM000078,AREA000190,2026,SRC000308,2026-10-04,2026山口県高野連の4地区制と地区別加盟校一覧をPhase1確定54校へ適用。廃校・非採用校は既存Phase1監査方針を維持。
SAM006433,PRG002639,ASM000078,AREA000190,2026,SRC000308,2026-10-04,2026山口県高野連の4地区制と地区別加盟校一覧をPhase1確定54校へ適用。廃校・非採用校は既存Phase1監査方針を維持。
SAM006434,PRG002640,ASM000078,AREA000190,2026,SRC000308,2026-10-04,2026山口県高野連の4地区制と地区別加盟校一覧をPhase1確定54校へ適用。廃校・非採用校は既存Phase1監査方針を維持。
SAM006435,PRG002641,ASM000078,AREA000191,2026,SRC000308,2026-10-04,2026山口県高野連の4地区制と地区別加盟校一覧をPhase1確定54校へ適用。廃校・非採用校は既存Phase1監査方針を維持。
SAM006436,PRG002642,ASM000078,AREA000191,2026,SRC000308,2026-10-04,2026山口県高野連の4地区制と地区別加盟校一覧をPhase1確定54校へ適用。廃校・非採用校は既存Phase1監査方針を維持。
SAM006437,PRG002643,ASM000078,AREA000191,2026,SRC000308,2026-10-04,2026山口県高野連の4地区制と地区別加盟校一覧をPhase1確定54校へ適用。廃校・非採用校は既存Phase1監査方針を維持。
SAM006438,PRG002644,ASM000078,AREA000192,2026,SRC000308,2026-10-04,2026山口県高野連の4地区制と地区別加盟校一覧をPhase1確定54校へ適用。廃校・非採用校は既存Phase1監査方針を維持。
SAM006439,PRG002645,ASM000078,AREA000191,2026,SRC000308,2026-10-04,2026山口県高野連の4地区制と地区別加盟校一覧をPhase1確定54校へ適用。廃校・非採用校は既存Phase1監査方針を維持。
SAM006440,PRG002646,ASM000078,AREA000192,2026,SRC000308,2026-10-04,2026山口県高野連の4地区制と地区別加盟校一覧をPhase1確定54校へ適用。廃校・非採用校は既存Phase1監査方針を維持。
SAM006441,PRG002647,ASM000078,AREA000192,2026,SRC000308,2026-10-04,2026山口県高野連の4地区制と地区別加盟校一覧をPhase1確定54校へ適用。廃校・非採用校は既存Phase1監査方針を維持。
SAM006442,PRG002648,ASM000078,AREA000192,2026,SRC000308,2026-10-04,2026山口県高野連の4地区制と地区別加盟校一覧をPhase1確定54校へ適用。廃校・非採用校は既存Phase1監査方針を維持。
SAM006443,PRG002649,ASM000078,AREA000191,2026,SRC000308,2026-10-04,2026山口県高野連の4地区制と地区別加盟校一覧をPhase1確定54校へ適用。廃校・非採用校は既存Phase1監査方針を維持。
SAM006444,PRG002650,ASM000078,AREA000192,2026,SRC000308,2026-10-04,2026山口県高野連の4地区制と地区別加盟校一覧をPhase1確定54校へ適用。廃校・非採用校は既存Phase1監査方針を維持。
SAM006445,PRG002651,ASM000078,AREA000192,2026,SRC000308,2026-10-04,2026山口県高野連の4地区制と地区別加盟校一覧をPhase1確定54校へ適用。廃校・非採用校は既存Phase1監査方針を維持。
SAM006446,PRG002652,ASM000078,AREA000191,2026,SRC000308,2026-10-04,2026山口県高野連の4地区制と地区別加盟校一覧をPhase1確定54校へ適用。廃校・非採用校は既存Phase1監査方針を維持。
SAM006447,PRG002653,ASM000078,AREA000191,2026,SRC000308,2026-10-04,2026山口県高野連の4地区制と地区別加盟校一覧をPhase1確定54校へ適用。廃校・非採用校は既存Phase1監査方針を維持。
SAM006448,PRG002654,ASM000078,AREA000191,2026,SRC000308,2026-10-04,2026山口県高野連の4地区制と地区別加盟校一覧をPhase1確定54校へ適用。廃校・非採用校は既存Phase1監査方針を維持。
SAM006449,PRG002655,ASM000078,AREA000192,2026,SRC000308,2026-10-04,2026山口県高野連の4地区制と地区別加盟校一覧をPhase1確定54校へ適用。廃校・非採用校は既存Phase1監査方針を維持。
SAM006450,PRG002656,ASM000078,AREA000192,2026,SRC000308,2026-10-04,2026山口県高野連の4地区制と地区別加盟校一覧をPhase1確定54校へ適用。廃校・非採用校は既存Phase1監査方針を維持。
SAM006451,PRG002657,ASM000078,AREA000192,2026,SRC000308,2026-10-04,2026山口県高野連の4地区制と地区別加盟校一覧をPhase1確定54校へ適用。廃校・非採用校は既存Phase1監査方針を維持。
SAM006452,PRG002658,ASM000078,AREA000191,2026,SRC000308,2026-10-04,2026山口県高野連の4地区制と地区別加盟校一覧をPhase1確定54校へ適用。廃校・非採用校は既存Phase1監査方針を維持。
SAM006453,PRG002659,ASM000078,AREA000191,2026,SRC000308,2026-10-04,2026山口県高野連の4地区制と地区別加盟校一覧をPhase1確定54校へ適用。廃校・非採用校は既存Phase1監査方針を維持。
SAM006454,PRG002660,ASM000078,AREA000191,2026,SRC000308,2026-10-04,2026山口県高野連の4地区制と地区別加盟校一覧をPhase1確定54校へ適用。廃校・非採用校は既存Phase1監査方針を維持。
SAM006455,PRG002661,ASM000078,AREA000189,2026,SRC000308,2026-10-04,2026山口県高野連の4地区制と地区別加盟校一覧をPhase1確定54校へ適用。廃校・非採用校は既存Phase1監査方針を維持。
SAM006456,PRG002662,ASM000078,AREA000189,2026,SRC000308,2026-10-04,2026山口県高野連の4地区制と地区別加盟校一覧をPhase1確定54校へ適用。廃校・非採用校は既存Phase1監査方針を維持。
SAM006457,PRG002663,ASM000078,AREA000192,2026,SRC000308,2026-10-04,2026山口県高野連の4地区制と地区別加盟校一覧をPhase1確定54校へ適用。廃校・非採用校は既存Phase1監査方針を維持。
SAM006458,PRG002664,ASM000078,AREA000192,2026,SRC000308,2026-10-04,2026山口県高野連の4地区制と地区別加盟校一覧をPhase1確定54校へ適用。廃校・非採用校は既存Phase1監査方針を維持。
SAM006459,PRG002665,ASM000078,AREA000192,2026,SRC000308,2026-10-04,2026山口県高野連の4地区制と地区別加盟校一覧をPhase1確定54校へ適用。廃校・非採用校は既存Phase1監査方針を維持。
SAM006460,PRG002666,ASM000078,AREA000189,2026,SRC000308,2026-10-04,2026山口県高野連の4地区制と地区別加盟校一覧をPhase1確定54校へ適用。廃校・非採用校は既存Phase1監査方針を維持。
SAM006461,PRG001137,ASM000079,AREA000194,2026,SRC000313,2026-10-04,2026徳島県高野連公式の総体協賛ブロック大会結果から学校単位で南部・中央・西部を直接確認。
SAM006462,PRG001138,ASM000079,AREA000194,2026,SRC000313,2026-10-04,2026徳島県高野連公式の総体協賛ブロック大会結果から学校単位で南部・中央・西部を直接確認。
SAM006463,PRG001139,ASM000079,AREA000194,2026,SRC000313,2026-10-04,2026徳島県高野連公式の総体協賛ブロック大会結果から学校単位で南部・中央・西部を直接確認。
SAM006464,PRG001140,ASM000079,AREA000194,2026,SRC000313,2026-10-04,2026徳島県高野連公式の総体協賛ブロック大会結果から学校単位で南部・中央・西部を直接確認。
SAM006465,PRG001141,ASM000079,AREA000194,2026,SRC000313,2026-10-04,2026徳島県高野連公式の総体協賛ブロック大会結果から学校単位で南部・中央・西部を直接確認。
SAM006466,PRG001142,ASM000079,AREA000194,2026,SRC000313,2026-10-04,2026徳島県高野連公式の総体協賛ブロック大会結果から学校単位で南部・中央・西部を直接確認。
SAM006467,PRG001143,ASM000079,AREA000194,2026,SRC000313,2026-10-04,2026徳島県高野連公式の総体協賛ブロック大会結果から学校単位で南部・中央・西部を直接確認。
SAM006468,PRG001144,ASM000079,AREA000194,2026,SRC000313,2026-10-04,2026徳島県高野連公式の総体協賛ブロック大会結果から学校単位で南部・中央・西部を直接確認。
SAM006469,PRG001145,ASM000079,AREA000194,2026,SRC000313,2026-10-04,2026徳島県高野連公式の総体協賛ブロック大会結果から学校単位で南部・中央・西部を直接確認。
SAM006470,PRG001146,ASM000079,AREA000193,2026,SRC000312,2026-10-04,2026徳島県高野連公式の総体協賛ブロック大会結果から学校単位で南部・中央・西部を直接確認。
SAM006471,PRG001147,ASM000079,AREA000193,2026,SRC000312,2026-10-04,2026徳島県高野連公式の総体協賛ブロック大会結果から学校単位で南部・中央・西部を直接確認。
SAM006472,PRG001148,ASM000079,AREA000193,2026,SRC000312,2026-10-04,2026徳島県高野連公式の総体協賛ブロック大会結果から学校単位で南部・中央・西部を直接確認。
SAM006473,PRG001149,ASM000079,AREA000193,2026,SRC000312,2026-10-04,2026徳島県高野連公式の総体協賛ブロック大会結果から学校単位で南部・中央・西部を直接確認。
SAM006474,PRG001150,ASM000079,AREA000193,2026,SRC000312,2026-10-04,2026徳島県高野連公式の総体協賛ブロック大会結果から学校単位で南部・中央・西部を直接確認。
SAM006475,PRG001151,ASM000079,AREA000193,2026,SRC000312,2026-10-04,2026徳島県高野連公式の総体協賛ブロック大会結果から学校単位で南部・中央・西部を直接確認。
SAM006476,PRG001152,ASM000079,AREA000194,2026,SRC000313,2026-10-04,2026徳島県高野連公式の総体協賛ブロック大会結果から学校単位で南部・中央・西部を直接確認。
SAM006477,PRG001153,ASM000079,AREA000194,2026,SRC000313,2026-10-04,2026徳島県高野連公式の総体協賛ブロック大会結果から学校単位で南部・中央・西部を直接確認。
SAM006478,PRG001154,ASM000079,AREA000194,2026,SRC000313,2026-10-04,2026徳島県高野連公式の総体協賛ブロック大会結果から学校単位で南部・中央・西部を直接確認。
SAM006479,PRG001155,ASM000079,AREA000194,2026,SRC000313,2026-10-04,2026徳島県高野連公式の総体協賛ブロック大会結果から学校単位で南部・中央・西部を直接確認。
SAM006480,PRG001156,ASM000079,AREA000195,2026,SRC000314,2026-10-04,2026徳島県高野連公式の総体協賛ブロック大会結果から学校単位で南部・中央・西部を直接確認。
SAM006481,PRG001157,ASM000079,AREA000195,2026,SRC000314,2026-10-04,2026徳島県高野連公式の総体協賛ブロック大会結果から学校単位で南部・中央・西部を直接確認。
SAM006482,PRG001158,ASM000079,AREA000195,2026,SRC000314,2026-10-04,2026徳島県高野連公式の総体協賛ブロック大会結果から学校単位で南部・中央・西部を直接確認。
SAM006483,PRG001159,ASM000079,AREA000195,2026,SRC000314,2026-10-04,2026徳島県高野連公式の総体協賛ブロック大会結果から学校単位で南部・中央・西部を直接確認。
SAM006484,PRG001160,ASM000079,AREA000195,2026,SRC000314,2026-10-04,2026徳島県高野連公式の総体協賛ブロック大会結果から学校単位で南部・中央・西部を直接確認。
SAM006485,PRG001161,ASM000079,AREA000195,2026,SRC000314,2026-10-04,2026徳島県高野連公式の総体協賛ブロック大会結果から学校単位で南部・中央・西部を直接確認。
SAM006486,PRG001162,ASM000079,AREA000195,2026,SRC000314,2026-10-04,2026徳島県高野連公式の総体協賛ブロック大会結果から学校単位で南部・中央・西部を直接確認。
SAM006487,PRG001163,ASM000079,AREA000195,2026,SRC000314,2026-10-04,2026徳島県高野連公式の総体協賛ブロック大会結果から学校単位で南部・中央・西部を直接確認。
SAM006488,PRG001164,ASM000079,AREA000195,2026,SRC000314,2026-10-04,2026徳島県高野連公式の総体協賛ブロック大会結果から学校単位で南部・中央・西部を直接確認。
SAM006489,PRG001165,ASM000079,AREA000194,2026,SRC000313,2026-10-04,2026徳島県高野連公式の総体協賛ブロック大会結果から学校単位で南部・中央・西部を直接確認。
SAM006490,PRG001166,ASM000079,AREA000193,2026,SRC000312,2026-10-04,2026徳島県高野連公式の総体協賛ブロック大会結果から学校単位で南部・中央・西部を直接確認。
SAM006491,PRG000118,ASM000080,AREA000196,2026,SRC000062,2026-10-04,2026新潟県高野連公式加盟校一覧の北支部No.1〜38。
SAM006492,PRG000119,ASM000080,AREA000196,2026,SRC000062,2026-10-04,2026新潟県高野連公式加盟校一覧の北支部No.1〜38。
SAM006493,PRG000120,ASM000080,AREA000196,2026,SRC000062,2026-10-04,2026新潟県高野連公式加盟校一覧の北支部No.1〜38。
SAM006494,PRG000121,ASM000080,AREA000196,2026,SRC000062,2026-10-04,2026新潟県高野連公式加盟校一覧の北支部No.1〜38。
SAM006495,PRG000122,ASM000080,AREA000196,2026,SRC000062,2026-10-04,2026新潟県高野連公式加盟校一覧の北支部No.1〜38。
SAM006496,PRG000123,ASM000080,AREA000196,2026,SRC000062,2026-10-04,2026新潟県高野連公式加盟校一覧の北支部No.1〜38。
SAM006497,PRG000124,ASM000080,AREA000196,2026,SRC000062,2026-10-04,2026新潟県高野連公式加盟校一覧の北支部No.1〜38。
SAM006498,PRG000125,ASM000080,AREA000196,2026,SRC000062,2026-10-04,2026新潟県高野連公式加盟校一覧の北支部No.1〜38。
SAM006499,PRG000126,ASM000080,AREA000196,2026,SRC000062,2026-10-04,2026新潟県高野連公式加盟校一覧の北支部No.1〜38。
SAM006500,PRG000127,ASM000080,AREA000196,2026,SRC000062,2026-10-04,2026新潟県高野連公式加盟校一覧の北支部No.1〜38。
SAM006501,PRG000128,ASM000080,AREA000196,2026,SRC000062,2026-10-04,2026新潟県高野連公式加盟校一覧の北支部No.1〜38。
SAM006502,PRG000129,ASM000080,AREA000196,2026,SRC000062,2026-10-04,2026新潟県高野連公式加盟校一覧の北支部No.1〜38。
SAM006503,PRG000130,ASM000080,AREA000196,2026,SRC000062,2026-10-04,2026新潟県高野連公式加盟校一覧の北支部No.1〜38。
SAM006504,PRG000131,ASM000080,AREA000196,2026,SRC000062,2026-10-04,2026新潟県高野連公式加盟校一覧の北支部No.1〜38。
SAM006505,PRG000132,ASM000080,AREA000196,2026,SRC000062,2026-10-04,2026新潟県高野連公式加盟校一覧の北支部No.1〜38。
SAM006506,PRG000133,ASM000080,AREA000196,2026,SRC000062,2026-10-04,2026新潟県高野連公式加盟校一覧の北支部No.1〜38。
SAM006507,PRG000134,ASM000080,AREA000196,2026,SRC000062,2026-10-04,2026新潟県高野連公式加盟校一覧の北支部No.1〜38。
SAM006508,PRG000135,ASM000080,AREA000196,2026,SRC000062,2026-10-04,2026新潟県高野連公式加盟校一覧の北支部No.1〜38。
SAM006509,PRG000136,ASM000080,AREA000196,2026,SRC000062,2026-10-04,2026新潟県高野連公式加盟校一覧の北支部No.1〜38。
SAM006510,PRG000137,ASM000080,AREA000196,2026,SRC000062,2026-10-04,2026新潟県高野連公式加盟校一覧の北支部No.1〜38。
SAM006511,PRG000138,ASM000080,AREA000196,2026,SRC000062,2026-10-04,2026新潟県高野連公式加盟校一覧の北支部No.1〜38。
SAM006512,PRG000139,ASM000080,AREA000196,2026,SRC000062,2026-10-04,2026新潟県高野連公式加盟校一覧の北支部No.1〜38。
SAM006513,PRG000140,ASM000080,AREA000196,2026,SRC000062,2026-10-04,2026新潟県高野連公式加盟校一覧の北支部No.1〜38。
SAM006514,PRG000141,ASM000080,AREA000196,2026,SRC000062,2026-10-04,2026新潟県高野連公式加盟校一覧の北支部No.1〜38。
SAM006515,PRG000142,ASM000080,AREA000196,2026,SRC000062,2026-10-04,2026新潟県高野連公式加盟校一覧の北支部No.1〜38。
SAM006516,PRG000143,ASM000080,AREA000196,2026,SRC000062,2026-10-04,2026新潟県高野連公式加盟校一覧の北支部No.1〜38。
SAM006517,PRG000144,ASM000080,AREA000196,2026,SRC000062,2026-10-04,2026新潟県高野連公式加盟校一覧の北支部No.1〜38。
SAM006518,PRG000145,ASM000080,AREA000196,2026,SRC000062,2026-10-04,2026新潟県高野連公式加盟校一覧の北支部No.1〜38。
SAM006519,PRG000146,ASM000080,AREA000196,2026,SRC000062,2026-10-04,2026新潟県高野連公式加盟校一覧の北支部No.1〜38。
SAM006520,PRG000147,ASM000080,AREA000196,2026,SRC000062,2026-10-04,2026新潟県高野連公式加盟校一覧の北支部No.1〜38。
SAM006521,PRG000148,ASM000080,AREA000196,2026,SRC000062,2026-10-04,2026新潟県高野連公式加盟校一覧の北支部No.1〜38。
SAM006522,PRG000149,ASM000080,AREA000196,2026,SRC000062,2026-10-04,2026新潟県高野連公式加盟校一覧の北支部No.1〜38。
SAM006523,PRG000150,ASM000080,AREA000196,2026,SRC000062,2026-10-04,2026新潟県高野連公式加盟校一覧の北支部No.1〜38。
SAM006524,PRG000151,ASM000080,AREA000196,2026,SRC000062,2026-10-04,2026新潟県高野連公式加盟校一覧の北支部No.1〜38。
SAM006525,PRG000152,ASM000080,AREA000196,2026,SRC000062,2026-10-04,2026新潟県高野連公式加盟校一覧の北支部No.1〜38。
SAM006526,PRG000153,ASM000080,AREA000196,2026,SRC000062,2026-10-04,2026新潟県高野連公式加盟校一覧の北支部No.1〜38。
SAM006527,PRG000154,ASM000080,AREA000196,2026,SRC000062,2026-10-04,2026新潟県高野連公式加盟校一覧の北支部No.1〜38。
SAM006528,PRG000155,ASM000080,AREA000196,2026,SRC000062,2026-10-04,2026新潟県高野連公式加盟校一覧の北支部No.1〜38。
SAM006529,PRG000156,ASM000080,AREA000197,2026,SRC000062,2026-10-04,2026新潟県高野連公式加盟校一覧の南支部No.39〜78。
SAM006530,PRG000157,ASM000080,AREA000197,2026,SRC000062,2026-10-04,2026新潟県高野連公式加盟校一覧の南支部No.39〜78。
SAM006531,PRG000158,ASM000080,AREA000197,2026,SRC000062,2026-10-04,2026新潟県高野連公式加盟校一覧の南支部No.39〜78。
SAM006532,PRG000159,ASM000080,AREA000197,2026,SRC000062,2026-10-04,2026新潟県高野連公式加盟校一覧の南支部No.39〜78。
SAM006533,PRG000160,ASM000080,AREA000197,2026,SRC000062,2026-10-04,2026新潟県高野連公式加盟校一覧の南支部No.39〜78。
SAM006534,PRG000161,ASM000080,AREA000197,2026,SRC000062,2026-10-04,2026新潟県高野連公式加盟校一覧の南支部No.39〜78。
SAM006535,PRG000162,ASM000080,AREA000197,2026,SRC000062,2026-10-04,2026新潟県高野連公式加盟校一覧の南支部No.39〜78。
SAM006536,PRG000163,ASM000080,AREA000197,2026,SRC000062,2026-10-04,2026新潟県高野連公式加盟校一覧の南支部No.39〜78。
SAM006537,PRG000164,ASM000080,AREA000197,2026,SRC000062,2026-10-04,2026新潟県高野連公式加盟校一覧の南支部No.39〜78。
SAM006538,PRG000165,ASM000080,AREA000197,2026,SRC000062,2026-10-04,2026新潟県高野連公式加盟校一覧の南支部No.39〜78。
SAM006539,PRG000166,ASM000080,AREA000197,2026,SRC000062,2026-10-04,2026新潟県高野連公式加盟校一覧の南支部No.39〜78。
SAM006540,PRG000167,ASM000080,AREA000197,2026,SRC000062,2026-10-04,2026新潟県高野連公式加盟校一覧の南支部No.39〜78。
SAM006541,PRG000168,ASM000080,AREA000197,2026,SRC000062,2026-10-04,2026新潟県高野連公式加盟校一覧の南支部No.39〜78。
SAM006542,PRG000169,ASM000080,AREA000197,2026,SRC000062,2026-10-04,2026新潟県高野連公式加盟校一覧の南支部No.39〜78。
SAM006543,PRG000170,ASM000080,AREA000197,2026,SRC000062,2026-10-04,2026新潟県高野連公式加盟校一覧の南支部No.39〜78。
SAM006544,PRG000171,ASM000080,AREA000197,2026,SRC000062,2026-10-04,2026新潟県高野連公式加盟校一覧の南支部No.39〜78。
SAM006545,PRG000172,ASM000080,AREA000197,2026,SRC000062,2026-10-04,2026新潟県高野連公式加盟校一覧の南支部No.39〜78。
SAM006546,PRG000173,ASM000080,AREA000197,2026,SRC000062,2026-10-04,2026新潟県高野連公式加盟校一覧の南支部No.39〜78。
SAM006547,PRG000174,ASM000080,AREA000197,2026,SRC000062,2026-10-04,2026新潟県高野連公式加盟校一覧の南支部No.39〜78。
SAM006548,PRG000175,ASM000080,AREA000197,2026,SRC000062,2026-10-04,2026新潟県高野連公式加盟校一覧の南支部No.39〜78。
SAM006549,PRG000176,ASM000080,AREA000197,2026,SRC000062,2026-10-04,2026新潟県高野連公式加盟校一覧の南支部No.39〜78。
SAM006550,PRG000177,ASM000080,AREA000197,2026,SRC000062,2026-10-04,2026新潟県高野連公式加盟校一覧の南支部No.39〜78。
SAM006551,PRG000178,ASM000080,AREA000197,2026,SRC000062,2026-10-04,2026新潟県高野連公式加盟校一覧の南支部No.39〜78。
SAM006552,PRG000179,ASM000080,AREA000197,2026,SRC000062,2026-10-04,2026新潟県高野連公式加盟校一覧の南支部No.39〜78。
SAM006553,PRG000180,ASM000080,AREA000197,2026,SRC000062,2026-10-04,2026新潟県高野連公式加盟校一覧の南支部No.39〜78。
SAM006554,PRG000181,ASM000080,AREA000197,2026,SRC000062,2026-10-04,2026新潟県高野連公式加盟校一覧の南支部No.39〜78。
SAM006555,PRG000182,ASM000080,AREA000197,2026,SRC000062,2026-10-04,2026新潟県高野連公式加盟校一覧の南支部No.39〜78。
SAM006556,PRG000183,ASM000080,AREA000197,2026,SRC000062,2026-10-04,2026新潟県高野連公式加盟校一覧の南支部No.39〜78。
SAM006557,PRG000184,ASM000080,AREA000197,2026,SRC000062,2026-10-04,2026新潟県高野連公式加盟校一覧の南支部No.39〜78。
SAM006558,PRG000185,ASM000080,AREA000197,2026,SRC000062,2026-10-04,2026新潟県高野連公式加盟校一覧の南支部No.39〜78。
SAM006559,PRG000186,ASM000080,AREA000197,2026,SRC000062,2026-10-04,2026新潟県高野連公式加盟校一覧の南支部No.39〜78。
SAM006560,PRG000187,ASM000080,AREA000197,2026,SRC000062,2026-10-04,2026新潟県高野連公式加盟校一覧の南支部No.39〜78。
SAM006561,PRG000188,ASM000080,AREA000197,2026,SRC000062,2026-10-04,2026新潟県高野連公式加盟校一覧の南支部No.39〜78。
SAM006562,PRG000189,ASM000080,AREA000197,2026,SRC000062,2026-10-04,2026新潟県高野連公式加盟校一覧の南支部No.39〜78。
SAM006563,PRG000190,ASM000080,AREA000197,2026,SRC000062,2026-10-04,2026新潟県高野連公式加盟校一覧の南支部No.39〜78。
SAM006564,PRG000191,ASM000080,AREA000197,2026,SRC000062,2026-10-04,2026新潟県高野連公式加盟校一覧の南支部No.39〜78。
SAM006565,PRG000192,ASM000080,AREA000197,2026,SRC000062,2026-10-04,2026新潟県高野連公式加盟校一覧の南支部No.39〜78。
SAM006566,PRG000193,ASM000080,AREA000197,2026,SRC000062,2026-10-04,2026新潟県高野連公式加盟校一覧の南支部No.39〜78。
SAM006567,PRG000194,ASM000080,AREA000197,2026,SRC000062,2026-10-04,2026新潟県高野連公式加盟校一覧の南支部No.39〜78。
SAM006568,PRG000195,ASM000080,AREA000197,2026,SRC000062,2026-10-04,2026新潟県高野連公式加盟校一覧の南支部No.39〜78。
SAM006569,PRG002570,ASM000081,AREA000200,2026,SRC000319,2026-10-04,2026地区別高校野球部紹介で高岡・射水・氷見の高岡地区として確認。
SAM006570,PRG002571,ASM000081,AREA000199,2026,SRC000319,2026-10-04,2026地区別高校野球部紹介で富山地区として確認。
SAM006571,PRG002572,ASM000081,AREA000199,2026,SRC000319,2026-10-04,2026地区別高校野球部紹介で富山地区として確認。
SAM006572,PRG002573,ASM000081,AREA000200,2026,SRC000319,2026-10-04,2026地区別高校野球部紹介で高岡・射水・氷見の高岡地区として確認。
SAM006573,PRG002574,ASM000081,AREA000201,2026,SRC000318,2026-10-04,2026公式4地域拠点と砺波地区現行紹介で確認。AOIKEは南砺福光キャンパスを活動拠点とする。
SAM006574,PRG002575,ASM000081,AREA000200,2026,SRC000319,2026-10-04,2026地区別高校野球部紹介で高岡・射水・氷見の高岡地区として確認。
SAM006575,PRG002576,ASM000081,AREA000200,2026,SRC000319,2026-10-04,2026地区別高校野球部紹介で高岡・射水・氷見の高岡地区として確認。
SAM006576,PRG002577,ASM000081,AREA000200,2026,SRC000319,2026-10-04,2026地区別高校野球部紹介で高岡・射水・氷見の高岡地区として確認。
SAM006577,PRG002578,ASM000081,AREA000200,2026,SRC000319,2026-10-04,2026地区別高校野球部紹介で高岡・射水・氷見の高岡地区として確認。
SAM006578,PRG002579,ASM000081,AREA000198,2026,SRC000319,2026-10-04,2026地区別高校野球部紹介で新川地区として確認（魚津工業・上市は合同表記を学校単位展開）。
SAM006579,PRG002580,ASM000081,AREA000199,2026,SRC000319,2026-10-04,2026地区別高校野球部紹介で富山地区として確認。
SAM006580,PRG002581,ASM000081,AREA000200,2026,SRC000319,2026-10-04,2026地区別高校野球部紹介で高岡・射水・氷見の高岡地区として確認。
SAM006581,PRG002582,ASM000081,AREA000199,2026,SRC000319,2026-10-04,2026地区別高校野球部紹介で富山地区として確認。
SAM006582,PRG002583,ASM000081,AREA000199,2026,SRC000319,2026-10-04,2026地区別高校野球部紹介で富山地区として確認。
SAM006583,PRG002584,ASM000081,AREA000201,2026,SRC000318,2026-10-04,2026公式4地域拠点と砺波地区現行紹介で確認。AOIKEは南砺福光キャンパスを活動拠点とする。
SAM006584,PRG002585,ASM000081,AREA000199,2026,SRC000319,2026-10-04,2026地区別高校野球部紹介で富山地区として確認。
SAM006585,PRG002586,ASM000081,AREA000198,2026,SRC000319,2026-10-04,2026地区別高校野球部紹介で新川地区として確認（魚津工業・上市は合同表記を学校単位展開）。
SAM006586,PRG002587,ASM000081,AREA000201,2026,SRC000318,2026-10-04,2026公式4地域拠点と砺波地区現行紹介で確認。AOIKEは南砺福光キャンパスを活動拠点とする。
SAM006587,PRG002588,ASM000081,AREA000198,2026,SRC000319,2026-10-04,2026地区別高校野球部紹介で新川地区として確認（魚津工業・上市は合同表記を学校単位展開）。
SAM006588,PRG002589,ASM000081,AREA000201,2026,SRC000318,2026-10-04,2026公式4地域拠点と砺波地区現行紹介で確認。AOIKEは南砺福光キャンパスを活動拠点とする。
SAM006589,PRG002590,ASM000081,AREA000199,2026,SRC000319,2026-10-04,2026地区別高校野球部紹介で富山地区として確認。
SAM006590,PRG002591,ASM000081,AREA000200,2026,SRC000319,2026-10-04,2026地区別高校野球部紹介で高岡・射水・氷見の高岡地区として確認。
SAM006591,PRG002592,ASM000081,AREA000200,2026,SRC000319,2026-10-04,2026地区別高校野球部紹介で高岡・射水・氷見の高岡地区として確認。
SAM006592,PRG002593,ASM000081,AREA000199,2026,SRC000319,2026-10-04,2026地区別高校野球部紹介で富山地区として確認。
SAM006593,PRG002594,ASM000081,AREA000198,2026,SRC000319,2026-10-04,2026地区別高校野球部紹介で新川地区として確認（魚津工業・上市は合同表記を学校単位展開）。
SAM006594,PRG002595,ASM000081,AREA000199,2026,SRC000319,2026-10-04,2026地区別高校野球部紹介で富山地区として確認。
SAM006595,PRG002596,ASM000081,AREA000198,2026,SRC000319,2026-10-04,2026地区別高校野球部紹介で新川地区として確認（魚津工業・上市は合同表記を学校単位展開）。
SAM006596,PRG002597,ASM000081,AREA000200,2026,SRC000319,2026-10-04,2026地区別高校野球部紹介で高岡・射水・氷見の高岡地区として確認。
SAM006597,PRG002598,ASM000081,AREA000199,2026,SRC000319,2026-10-04,2026地区別高校野球部紹介で富山地区として確認。
SAM006598,PRG002599,ASM000081,AREA000200,2026,SRC000319,2026-10-04,2026地区別高校野球部紹介で高岡・射水・氷見の高岡地区として確認。
SAM006599,PRG002600,ASM000081,AREA000199,2026,SRC000319,2026-10-04,2026地区別高校野球部紹介で富山地区として確認。
SAM006600,PRG002601,ASM000081,AREA000199,2026,SRC000319,2026-10-04,2026地区別高校野球部紹介で富山地区として確認。
SAM006601,PRG002602,ASM000081,AREA000201,2026,SRC000318,2026-10-04,2026公式4地域拠点と砺波地区現行紹介で確認。AOIKEは南砺福光キャンパスを活動拠点とする。
SAM006602,PRG002603,ASM000081,AREA000199,2026,SRC000319,2026-10-04,2026地区別高校野球部紹介で富山地区として確認。
SAM006603,PRG002604,ASM000081,AREA000198,2026,SRC000319,2026-10-04,2026地区別高校野球部紹介で新川地区として確認（魚津工業・上市は合同表記を学校単位展開）。
SAM006604,PRG002605,ASM000081,AREA000200,2026,SRC000319,2026-10-04,2026地区別高校野球部紹介で高岡・射水・氷見の高岡地区として確認。
SAM006605,PRG002606,ASM000081,AREA000199,2026,SRC000319,2026-10-04,2026地区別高校野球部紹介で富山地区として確認。
SAM006606,PRG002607,ASM000081,AREA000198,2026,SRC000319,2026-10-04,2026地区別高校野球部紹介で新川地区として確認（魚津工業・上市は合同表記を学校単位展開）。
SAM006607,PRG002608,ASM000081,AREA000199,2026,SRC000319,2026-10-04,2026地区別高校野球部紹介で富山地区として確認。
SAM006608,PRG002609,ASM000081,AREA000199,2026,SRC000319,2026-10-04,2026地区別高校野球部紹介で富山地区として確認。
SAM006609,PRG002610,ASM000081,AREA000198,2026,SRC000319,2026-10-04,2026地区別高校野球部紹介で新川地区として確認（魚津工業・上市は合同表記を学校単位展開）。
SAM006610,PRG002611,ASM000081,AREA000198,2026,SRC000319,2026-10-04,2026地区別高校野球部紹介で新川地区として確認（魚津工業・上市は合同表記を学校単位展開）。
SAM006611,PRG002612,ASM000081,AREA000199,2026,SRC000318,2026-10-04,中央農業は2026加盟校だが夏不参加。富山市所在と公式4地域運用から富山地区へ補完。
SAM006612,PRG001718,ASM000082,AREA000202,2026,SRC000320,2026-10-04,公式一年生大会地区予選と2026加賀地区事業で加賀地区を確認。
SAM006613,PRG001719,ASM000082,AREA000202,2026,SRC000320,2026-10-04,公式一年生大会地区予選と2026加賀地区事業で加賀地区を確認。
SAM006614,PRG001720,ASM000082,AREA000202,2026,SRC000320,2026-10-04,公式一年生大会地区予選と2026加賀地区事業で加賀地区を確認。
SAM006615,PRG001721,ASM000082,AREA000202,2026,SRC000320,2026-10-04,公式一年生大会地区予選と2026加賀地区事業で加賀地区を確認。
SAM006616,PRG001722,ASM000082,AREA000202,2026,SRC000320,2026-10-04,公式一年生大会地区予選と2026加賀地区事業で加賀地区を確認。
SAM006617,PRG001723,ASM000082,AREA000202,2026,SRC000320,2026-10-04,公式一年生大会地区予選と2026加賀地区事業で加賀地区を確認。
SAM006618,PRG001724,ASM000082,AREA000202,2026,SRC000320,2026-10-04,公式一年生大会地区予選と2026加賀地区事業で加賀地区を確認。
SAM006619,PRG001725,ASM000082,AREA000202,2026,SRC000320,2026-10-04,公式一年生大会地区予選と2026加賀地区事業で加賀地区を確認。
SAM006620,PRG001726,ASM000082,AREA000202,2026,SRC000320,2026-10-04,公式一年生大会地区予選と2026加賀地区事業で加賀地区を確認。
SAM006621,PRG001727,ASM000082,AREA000202,2026,SRC000320,2026-10-04,公式一年生大会地区予選と2026加賀地区事業で加賀地区を確認。
SAM006622,PRG001728,ASM000082,AREA000202,2026,SRC000320,2026-10-04,公式一年生大会地区予選と2026加賀地区事業で加賀地区を確認。
SAM006623,PRG001729,ASM000082,AREA000202,2026,SRC000320,2026-10-04,公式一年生大会地区予選と2026加賀地区事業で加賀地区を確認。
SAM006624,PRG001730,ASM000082,AREA000202,2026,SRC000320,2026-10-04,公式一年生大会地区予選と2026加賀地区事業で加賀地区を確認。
SAM006625,PRG001731,ASM000082,AREA000202,2026,SRC000320,2026-10-04,公式一年生大会地区予選と2026加賀地区事業で加賀地区を確認。
SAM006626,PRG001732,ASM000082,AREA000203,2026,SRC000320,2026-10-04,公式一年生大会地区予選で金沢地区を確認。
SAM006627,PRG001733,ASM000082,AREA000203,2026,SRC000320,2026-10-04,公式一年生大会地区予選で金沢地区を確認。
SAM006628,PRG001734,ASM000082,AREA000203,2026,SRC000320,2026-10-04,公式一年生大会地区予選で金沢地区を確認。
SAM006629,PRG001735,ASM000082,AREA000203,2026,SRC000320,2026-10-04,公式一年生大会地区予選で金沢地区を確認。
SAM006630,PRG001736,ASM000082,AREA000203,2026,SRC000320,2026-10-04,公式一年生大会地区予選で金沢地区を確認。
SAM006631,PRG001737,ASM000082,AREA000203,2026,SRC000320,2026-10-04,公式一年生大会地区予選で金沢地区を確認。
SAM006632,PRG001738,ASM000082,AREA000203,2026,SRC000320,2026-10-04,公式一年生大会地区予選で金沢地区を確認。
SAM006633,PRG001739,ASM000082,AREA000203,2026,SRC000320,2026-10-04,公式一年生大会地区予選で金沢地区を確認。
SAM006634,PRG001740,ASM000082,AREA000203,2026,SRC000320,2026-10-04,公式一年生大会地区予選で金沢地区を確認。
SAM006635,PRG001741,ASM000082,AREA000203,2026,SRC000320,2026-10-04,公式一年生大会地区予選で金沢地区を確認。
SAM006636,PRG001742,ASM000082,AREA000203,2026,SRC000320,2026-10-04,公式一年生大会地区予選で金沢地区を確認。
SAM006637,PRG001743,ASM000082,AREA000203,2026,SRC000320,2026-10-04,公式一年生大会地区予選で金沢地区を確認。
SAM006638,PRG001744,ASM000082,AREA000203,2026,SRC000320,2026-10-04,公式一年生大会地区予選で金沢地区を確認。
SAM006639,PRG001745,ASM000082,AREA000203,2026,SRC000320,2026-10-04,公式一年生大会地区予選で金沢地区を確認。
SAM006640,PRG001746,ASM000082,AREA000203,2026,SRC000320,2026-10-04,公式一年生大会地区予選で金沢地区を確認。
SAM006641,PRG001747,ASM000082,AREA000203,2026,SRC000320,2026-10-04,公式一年生大会地区予選で金沢地区を確認。
SAM006642,PRG001748,ASM000082,AREA000203,2026,SRC000320,2026-10-04,公式一年生大会地区予選で金沢地区を確認。
SAM006643,PRG001749,ASM000082,AREA000203,2026,SRC000320,2026-10-04,公式一年生大会地区予選で金沢地区を確認。
SAM006644,PRG001750,ASM000082,AREA000203,2026,SRC000320,2026-10-04,公式一年生大会地区予選で金沢地区を確認。
SAM006645,PRG001751,ASM000082,AREA000203,2026,SRC000320,2026-10-04,公式一年生大会地区予選で金沢地区を確認。
SAM006646,PRG001752,ASM000082,AREA000203,2026,SRC000320,2026-10-04,公式一年生大会地区予選で金沢地区を確認。
SAM006647,PRG001753,ASM000082,AREA000203,2026,SRC000320,2026-10-04,公式一年生大会地区予選で金沢地区を確認。
SAM006648,PRG001754,ASM000082,AREA000204,2026,SRC000320,2026-10-04,公式一年生大会地区予選と2026能登地区支援交流事業で能登地区を確認。
SAM006649,PRG001755,ASM000082,AREA000204,2026,SRC000320,2026-10-04,公式一年生大会地区予選と2026能登地区支援交流事業で能登地区を確認。
SAM006650,PRG001756,ASM000082,AREA000204,2026,SRC000320,2026-10-04,公式一年生大会地区予選と2026能登地区支援交流事業で能登地区を確認。
SAM006651,PRG001757,ASM000082,AREA000204,2026,SRC000320,2026-10-04,公式一年生大会地区予選と2026能登地区支援交流事業で能登地区を確認。
SAM006652,PRG001758,ASM000082,AREA000204,2026,SRC000320,2026-10-04,公式一年生大会地区予選と2026能登地区支援交流事業で能登地区を確認。
SAM006653,PRG001759,ASM000082,AREA000204,2026,SRC000320,2026-10-04,公式一年生大会地区予選と2026能登地区支援交流事業で能登地区を確認。
SAM006654,PRG001760,ASM000082,AREA000204,2026,SRC000320,2026-10-04,公式一年生大会地区予選と2026能登地区支援交流事業で能登地区を確認。
SAM006655,PRG001761,ASM000082,AREA000204,2026,SRC000320,2026-10-04,公式一年生大会地区予選と2026能登地区支援交流事業で能登地区を確認。
SAM006656,PRG001762,ASM000082,AREA000204,2026,SRC000320,2026-10-04,公式一年生大会地区予選と2026能登地区支援交流事業で能登地区を確認。
SAM006657,PRG001763,ASM000082,AREA000204,2026,SRC000320,2026-10-04,公式一年生大会地区予選と2026能登地区支援交流事業で能登地区を確認。
SAM006658,PRG001764,ASM000082,AREA000204,2026,SRC000320,2026-10-04,公式一年生大会地区予選と2026能登地区支援交流事業で能登地区を確認。
SAM006659,PRG001765,ASM000082,AREA000204,2026,SRC000320,2026-10-04,公式一年生大会地区予選と2026能登地区支援交流事業で能登地区を確認。
SAM006660,PRG001766,ASM000082,AREA000204,2026,SRC000320,2026-10-04,公式一年生大会地区予選と2026能登地区支援交流事業で能登地区を確認。
SAM006661,PRG001767,ASM000082,AREA000204,2026,SRC000320,2026-10-04,公式一年生大会地区予選と2026能登地区支援交流事業で能登地区を確認。
SAM006662,PRG002262,ASM000083,AREA000208,2026,SRC000325,2026-10-04,2026地域高校野球大会圏と学校所在地を照合。合同チームの大会地区移動は恒常所属へ反映しない。
SAM006663,PRG002263,ASM000083,AREA000205,2026,SRC000322,2026-10-04,2026地域高校野球大会圏と学校所在地を照合。合同チームの大会地区移動は恒常所属へ反映しない。
SAM006664,PRG002264,ASM000083,AREA000207,2026,SRC000323,2026-10-04,2026地域高校野球大会圏と学校所在地を照合。合同チームの大会地区移動は恒常所属へ反映しない。
SAM006665,PRG002265,ASM000083,AREA000205,2026,SRC000322,2026-10-04,2026地域高校野球大会圏と学校所在地を照合。合同チームの大会地区移動は恒常所属へ反映しない。
SAM006666,PRG002266,ASM000083,AREA000206,2026,SRC000324,2026-10-04,2026地域高校野球大会圏と学校所在地を照合。合同チームの大会地区移動は恒常所属へ反映しない。
SAM006667,PRG002267,ASM000083,AREA000205,2026,SRC000322,2026-10-04,2026地域高校野球大会圏と学校所在地を照合。合同チームの大会地区移動は恒常所属へ反映しない。
SAM006668,PRG002268,ASM000083,AREA000208,2026,SRC000325,2026-10-04,2026地域高校野球大会圏と学校所在地を照合。合同チームの大会地区移動は恒常所属へ反映しない。
SAM006669,PRG002269,ASM000083,AREA000205,2026,SRC000322,2026-10-04,2026地域高校野球大会圏と学校所在地を照合。合同チームの大会地区移動は恒常所属へ反映しない。
SAM006670,PRG002270,ASM000083,AREA000207,2026,SRC000323,2026-10-04,2026地域高校野球大会圏と学校所在地を照合。合同チームの大会地区移動は恒常所属へ反映しない。
SAM006671,PRG002271,ASM000083,AREA000208,2026,SRC000325,2026-10-04,2026地域高校野球大会圏と学校所在地を照合。合同チームの大会地区移動は恒常所属へ反映しない。
SAM006672,PRG002272,ASM000083,AREA000205,2026,SRC000322,2026-10-04,2026地域高校野球大会圏と学校所在地を照合。合同チームの大会地区移動は恒常所属へ反映しない。
SAM006673,PRG002273,ASM000083,AREA000206,2026,SRC000324,2026-10-04,2026地域高校野球大会圏と学校所在地を照合。合同チームの大会地区移動は恒常所属へ反映しない。
SAM006674,PRG002274,ASM000083,AREA000206,2026,SRC000324,2026-10-04,2026地域高校野球大会圏と学校所在地を照合。合同チームの大会地区移動は恒常所属へ反映しない。
SAM006675,PRG002275,ASM000083,AREA000208,2026,SRC000325,2026-10-04,2026地域高校野球大会圏と学校所在地を照合。合同チームの大会地区移動は恒常所属へ反映しない。
SAM006676,PRG002276,ASM000083,AREA000205,2026,SRC000322,2026-10-04,2026地域高校野球大会圏と学校所在地を照合。合同チームの大会地区移動は恒常所属へ反映しない。
SAM006677,PRG002277,ASM000083,AREA000205,2026,SRC000322,2026-10-04,2026地域高校野球大会圏と学校所在地を照合。合同チームの大会地区移動は恒常所属へ反映しない。
SAM006678,PRG002278,ASM000083,AREA000206,2026,SRC000324,2026-10-04,2026地域高校野球大会圏と学校所在地を照合。合同チームの大会地区移動は恒常所属へ反映しない。
SAM006679,PRG002279,ASM000083,AREA000207,2026,SRC000323,2026-10-04,2026地域高校野球大会圏と学校所在地を照合。合同チームの大会地区移動は恒常所属へ反映しない。
SAM006680,PRG002280,ASM000083,AREA000205,2026,SRC000322,2026-10-04,2026地域高校野球大会圏と学校所在地を照合。合同チームの大会地区移動は恒常所属へ反映しない。
SAM006681,PRG002281,ASM000083,AREA000206,2026,SRC000324,2026-10-04,2026地域高校野球大会圏と学校所在地を照合。合同チームの大会地区移動は恒常所属へ反映しない。
SAM006682,PRG002282,ASM000083,AREA000207,2026,SRC000323,2026-10-04,2026地域高校野球大会圏と学校所在地を照合。合同チームの大会地区移動は恒常所属へ反映しない。
SAM006683,PRG002283,ASM000083,AREA000206,2026,SRC000324,2026-10-04,2026地域高校野球大会圏と学校所在地を照合。合同チームの大会地区移動は恒常所属へ反映しない。
SAM006684,PRG002284,ASM000083,AREA000207,2026,SRC000323,2026-10-04,2026地域高校野球大会圏と学校所在地を照合。合同チームの大会地区移動は恒常所属へ反映しない。
SAM006685,PRG002285,ASM000083,AREA000205,2026,SRC000322,2026-10-04,2026地域高校野球大会圏と学校所在地を照合。合同チームの大会地区移動は恒常所属へ反映しない。
SAM006686,PRG002286,ASM000083,AREA000208,2026,SRC000325,2026-10-04,2026地域高校野球大会圏と学校所在地を照合。合同チームの大会地区移動は恒常所属へ反映しない。
SAM006687,PRG002287,ASM000083,AREA000207,2026,SRC000323,2026-10-04,2026地域高校野球大会圏と学校所在地を照合。合同チームの大会地区移動は恒常所属へ反映しない。
SAM006688,PRG002288,ASM000083,AREA000206,2026,SRC000324,2026-10-04,2026地域高校野球大会圏と学校所在地を照合。合同チームの大会地区移動は恒常所属へ反映しない。
SAM006689,PRG002289,ASM000083,AREA000205,2026,SRC000322,2026-10-04,2026地域高校野球大会圏と学校所在地を照合。合同チームの大会地区移動は恒常所属へ反映しない。
SAM006690,PRG000196,ASM000084,AREA000209,2026,SRC000066,2026-10-04,2026山梨県高野連公式加盟校一覧の地区順序を、公式A〜G担当地区資料（SRC000327）で境界照合してA・北地区所属を確定。
SAM006691,PRG000197,ASM000084,AREA000209,2026,SRC000066,2026-10-04,2026山梨県高野連公式加盟校一覧の地区順序を、公式A〜G担当地区資料（SRC000327）で境界照合してA・北地区所属を確定。
SAM006692,PRG000198,ASM000084,AREA000209,2026,SRC000066,2026-10-04,2026山梨県高野連公式加盟校一覧の地区順序を、公式A〜G担当地区資料（SRC000327）で境界照合してA・北地区所属を確定。
SAM006693,PRG000199,ASM000084,AREA000209,2026,SRC000066,2026-10-04,2026山梨県高野連公式加盟校一覧の地区順序を、公式A〜G担当地区資料（SRC000327）で境界照合してA・北地区所属を確定。
SAM006694,PRG000200,ASM000084,AREA000209,2026,SRC000066,2026-10-04,2026山梨県高野連公式加盟校一覧の地区順序を、公式A〜G担当地区資料（SRC000327）で境界照合してA・北地区所属を確定。
SAM006695,PRG000201,ASM000084,AREA000210,2026,SRC000066,2026-10-04,2026山梨県高野連公式加盟校一覧の地区順序を、公式A〜G担当地区資料（SRC000327）で境界照合してB・西地区所属を確定。学校公式（SRC000331）でも峡西地区大会参加を確認。
SAM006696,PRG000202,ASM000084,AREA000210,2026,SRC000066,2026-10-04,2026山梨県高野連公式加盟校一覧の地区順序を、公式A〜G担当地区資料（SRC000327）で境界照合してB・西地区所属を確定。
SAM006697,PRG000203,ASM000084,AREA000210,2026,SRC000066,2026-10-04,2026山梨県高野連公式加盟校一覧の地区順序を、公式A〜G担当地区資料（SRC000327）で境界照合してB・西地区所属を確定。
SAM006698,PRG000204,ASM000084,AREA000210,2026,SRC000066,2026-10-04,2026山梨県高野連公式加盟校一覧の地区順序を、公式A〜G担当地区資料（SRC000327）で境界照合してB・西地区所属を確定。
SAM006699,PRG000205,ASM000084,AREA000210,2026,SRC000066,2026-10-04,2026山梨県高野連公式加盟校一覧の地区順序を、公式A〜G担当地区資料（SRC000327）で境界照合してB・西地区所属を確定。
SAM006700,PRG000206,ASM000084,AREA000210,2026,SRC000066,2026-10-04,2026山梨県高野連公式加盟校一覧の地区順序を、公式A〜G担当地区資料（SRC000327）で境界照合してB・西地区所属を確定。
SAM006701,PRG000207,ASM000084,AREA000211,2026,SRC000066,2026-10-04,2026山梨県高野連公式加盟校一覧の地区順序を、公式A〜G担当地区資料（SRC000328）で境界照合してC・甲南地区所属を確定。
SAM006702,PRG000208,ASM000084,AREA000211,2026,SRC000066,2026-10-04,2026山梨県高野連公式加盟校一覧の地区順序を、公式A〜G担当地区資料（SRC000328）で境界照合してC・甲南地区所属を確定。
SAM006703,PRG000209,ASM000084,AREA000211,2026,SRC000066,2026-10-04,2026山梨県高野連公式加盟校一覧の地区順序を、公式A〜G担当地区資料（SRC000328）で境界照合してC・甲南地区所属を確定。
SAM006704,PRG000210,ASM000084,AREA000211,2026,SRC000066,2026-10-04,2026山梨県高野連公式加盟校一覧の地区順序を、公式A〜G担当地区資料（SRC000328）で境界照合してC・甲南地区所属を確定。
SAM006705,PRG000211,ASM000084,AREA000212,2026,SRC000066,2026-10-04,2026山梨県高野連公式加盟校一覧の地区順序を、公式A〜G担当地区資料（SRC000328）で境界照合してD・甲北地区所属を確定。
SAM006706,PRG000212,ASM000084,AREA000212,2026,SRC000066,2026-10-04,2026山梨県高野連公式加盟校一覧の地区順序を、公式A〜G担当地区資料（SRC000328）で境界照合してD・甲北地区所属を確定。
SAM006707,PRG000213,ASM000084,AREA000212,2026,SRC000066,2026-10-04,2026山梨県高野連公式加盟校一覧の地区順序を、公式A〜G担当地区資料（SRC000328）で境界照合してD・甲北地区所属を確定。
SAM006708,PRG000214,ASM000084,AREA000212,2026,SRC000066,2026-10-04,2026山梨県高野連公式加盟校一覧の地区順序を、公式A〜G担当地区資料（SRC000328）で境界照合してD・甲北地区所属を確定。
SAM006709,PRG000215,ASM000084,AREA000213,2026,SRC000066,2026-10-04,2026山梨県高野連公式加盟校一覧の地区順序を、公式A〜G担当地区資料（SRC000329）で境界照合してE・甲東地区所属を確定。
SAM006710,PRG000216,ASM000084,AREA000213,2026,SRC000066,2026-10-04,2026山梨県高野連公式加盟校一覧の地区順序を、公式A〜G担当地区資料（SRC000329）で境界照合してE・甲東地区所属を確定。
SAM006711,PRG000217,ASM000084,AREA000213,2026,SRC000066,2026-10-04,2026山梨県高野連公式加盟校一覧の地区順序を、公式A〜G担当地区資料（SRC000329）で境界照合してE・甲東地区所属を確定。
SAM006712,PRG000218,ASM000084,AREA000213,2026,SRC000066,2026-10-04,2026山梨県高野連公式加盟校一覧の地区順序を、公式A〜G担当地区資料（SRC000329）で境界照合してE・甲東地区所属を確定。
SAM006713,PRG000219,ASM000084,AREA000213,2026,SRC000066,2026-10-04,2026山梨県高野連公式加盟校一覧の地区順序を、公式A〜G担当地区資料（SRC000329）で境界照合してE・甲東地区所属を確定。
SAM006714,PRG000220,ASM000084,AREA000213,2026,SRC000066,2026-10-04,2026山梨県高野連公式加盟校一覧の地区順序を、公式A〜G担当地区資料（SRC000329）で境界照合してE・甲東地区所属を確定。
SAM006715,PRG000221,ASM000084,AREA000214,2026,SRC000066,2026-10-04,2026山梨県高野連公式加盟校一覧の地区順序を、公式A〜G担当地区資料（SRC000329）で境界照合してF・東地区所属を確定。
SAM006716,PRG000222,ASM000084,AREA000214,2026,SRC000066,2026-10-04,2026山梨県高野連公式加盟校一覧の地区順序を、公式A〜G担当地区資料（SRC000329）で境界照合してF・東地区所属を確定。
SAM006717,PRG000223,ASM000084,AREA000214,2026,SRC000066,2026-10-04,2026山梨県高野連公式加盟校一覧の地区順序を、公式A〜G担当地区資料（SRC000329）で境界照合してF・東地区所属を確定。
SAM006718,PRG000224,ASM000084,AREA000214,2026,SRC000066,2026-10-04,2026山梨県高野連公式加盟校一覧の地区順序を、公式A〜G担当地区資料（SRC000329）で境界照合してF・東地区所属を確定。
SAM006719,PRG000225,ASM000084,AREA000215,2026,SRC000066,2026-10-04,2026山梨県高野連公式加盟校一覧の地区順序を、公式A〜G担当地区資料（SRC000326）で境界照合してG・南地区所属を確定。
SAM006720,PRG000226,ASM000084,AREA000215,2026,SRC000066,2026-10-04,2026山梨県高野連公式加盟校一覧の地区順序を、公式A〜G担当地区資料（SRC000326）で境界照合してG・南地区所属を確定。
SAM006721,PRG000227,ASM000084,AREA000215,2026,SRC000066,2026-10-04,2026山梨県高野連公式加盟校一覧の地区順序を、公式A〜G担当地区資料（SRC000326）で境界照合してG・南地区所属を確定。
SAM006722,PRG000228,ASM000084,AREA000215,2026,SRC000066,2026-10-04,2026山梨県高野連公式加盟校一覧の地区順序を、公式A〜G担当地区資料（SRC000326）で境界照合してG・南地区所属を確定。
SAM006723,PRG002220,ASM000085,AREA000216,2026,SRC000173,2026-10-04,2026山形県高野連の現行加盟校ページで学校を地区別に直接掲載。
SAM006724,PRG002221,ASM000085,AREA000216,2026,SRC000173,2026-10-04,2026山形県高野連の現行加盟校ページで学校を地区別に直接掲載。
SAM006725,PRG002222,ASM000085,AREA000216,2026,SRC000173,2026-10-04,2026山形県高野連の現行加盟校ページで学校を地区別に直接掲載。
SAM006726,PRG002223,ASM000085,AREA000216,2026,SRC000173,2026-10-04,2026山形県高野連の現行加盟校ページで学校を地区別に直接掲載。
SAM006727,PRG002224,ASM000085,AREA000216,2026,SRC000173,2026-10-04,2026山形県高野連の現行加盟校ページで学校を地区別に直接掲載。
SAM006728,PRG002225,ASM000085,AREA000216,2026,SRC000173,2026-10-04,2026山形県高野連の現行加盟校ページで学校を地区別に直接掲載。
SAM006729,PRG002226,ASM000085,AREA000216,2026,SRC000173,2026-10-04,2026山形県高野連の現行加盟校ページで学校を地区別に直接掲載。
SAM006730,PRG002227,ASM000085,AREA000216,2026,SRC000173,2026-10-04,2026山形県高野連の現行加盟校ページで学校を地区別に直接掲載。
SAM006731,PRG002228,ASM000085,AREA000216,2026,SRC000173,2026-10-04,2026山形県高野連の現行加盟校ページで学校を地区別に直接掲載。
SAM006732,PRG002229,ASM000085,AREA000216,2026,SRC000173,2026-10-04,2026山形県高野連の現行加盟校ページで学校を地区別に直接掲載。
SAM006733,PRG002230,ASM000085,AREA000216,2026,SRC000173,2026-10-04,2026山形県高野連の現行加盟校ページで学校を地区別に直接掲載。
SAM006734,PRG002231,ASM000085,AREA000216,2026,SRC000173,2026-10-04,2026山形県高野連の現行加盟校ページで学校を地区別に直接掲載。
SAM006735,PRG002232,ASM000085,AREA000216,2026,SRC000173,2026-10-04,2026山形県高野連の現行加盟校ページで学校を地区別に直接掲載。
SAM006736,PRG002233,ASM000085,AREA000216,2026,SRC000173,2026-10-04,2026山形県高野連の現行加盟校ページで学校を地区別に直接掲載。
SAM006737,PRG002234,ASM000085,AREA000216,2026,SRC000173,2026-10-04,2026山形県高野連の現行加盟校ページで学校を地区別に直接掲載。
SAM006738,PRG002235,ASM000085,AREA000216,2026,SRC000173,2026-10-04,2026山形県高野連の現行加盟校ページで学校を地区別に直接掲載。
SAM006739,PRG002236,ASM000085,AREA000216,2026,SRC000173,2026-10-04,2026山形県高野連の現行加盟校ページで学校を地区別に直接掲載。
SAM006740,PRG002237,ASM000085,AREA000216,2026,SRC000173,2026-10-04,2026山形県高野連の現行加盟校ページで学校を地区別に直接掲載。
SAM006741,PRG002238,ASM000085,AREA000217,2026,SRC000173,2026-10-04,2026山形県高野連の現行加盟校ページで学校を地区別に直接掲載。
SAM006742,PRG002239,ASM000085,AREA000217,2026,SRC000173,2026-10-04,2026山形県高野連の現行加盟校ページで学校を地区別に直接掲載。
SAM006743,PRG002240,ASM000085,AREA000217,2026,SRC000173,2026-10-04,2026山形県高野連の現行加盟校ページで学校を地区別に直接掲載。
SAM006744,PRG002241,ASM000085,AREA000217,2026,SRC000173,2026-10-04,2026山形県高野連の現行加盟校ページで学校を地区別に直接掲載。
SAM006745,PRG002242,ASM000085,AREA000217,2026,SRC000173,2026-10-04,2026山形県高野連の現行加盟校ページで学校を地区別に直接掲載。
SAM006746,PRG002243,ASM000085,AREA000217,2026,SRC000173,2026-10-04,2026山形県高野連の現行加盟校ページで学校を地区別に直接掲載。
SAM006747,PRG002244,ASM000085,AREA000217,2026,SRC000173,2026-10-04,2026山形県高野連の現行加盟校ページで学校を地区別に直接掲載。
SAM006748,PRG002245,ASM000085,AREA000217,2026,SRC000173,2026-10-04,2026山形県高野連の現行加盟校ページで学校を地区別に直接掲載。
SAM006749,PRG002246,ASM000085,AREA000217,2026,SRC000173,2026-10-04,2026山形県高野連の現行加盟校ページで学校を地区別に直接掲載。
SAM006750,PRG002247,ASM000085,AREA000218,2026,SRC000173,2026-10-04,2026山形県高野連の現行加盟校ページで学校を地区別に直接掲載。
SAM006751,PRG002248,ASM000085,AREA000218,2026,SRC000173,2026-10-04,2026山形県高野連の現行加盟校ページで学校を地区別に直接掲載。
SAM006752,PRG002249,ASM000085,AREA000218,2026,SRC000173,2026-10-04,2026山形県高野連の現行加盟校ページで学校を地区別に直接掲載。
SAM006753,PRG002250,ASM000085,AREA000218,2026,SRC000173,2026-10-04,2026山形県高野連の現行加盟校ページで学校を地区別に直接掲載。
SAM006754,PRG002251,ASM000085,AREA000218,2026,SRC000173,2026-10-04,2026山形県高野連の現行加盟校ページで学校を地区別に直接掲載。
SAM006755,PRG002252,ASM000085,AREA000219,2026,SRC000173,2026-10-04,2026山形県高野連の現行加盟校ページで学校を地区別に直接掲載。
SAM006756,PRG002253,ASM000085,AREA000219,2026,SRC000173,2026-10-04,2026山形県高野連の現行加盟校ページで学校を地区別に直接掲載。
SAM006757,PRG002254,ASM000085,AREA000219,2026,SRC000173,2026-10-04,2026山形県高野連の現行加盟校ページで学校を地区別に直接掲載。
SAM006758,PRG002255,ASM000085,AREA000219,2026,SRC000173,2026-10-04,2026山形県高野連の現行加盟校ページで学校を地区別に直接掲載。 掲載名「国立高専機構鶴岡高専」は学校マスターの正式名「鶴岡工業高等専門学校」へ正規化。
SAM006759,PRG002256,ASM000085,AREA000219,2026,SRC000173,2026-10-04,2026山形県高野連の現行加盟校ページで学校を地区別に直接掲載。
SAM006760,PRG002257,ASM000085,AREA000219,2026,SRC000173,2026-10-04,2026山形県高野連の現行加盟校ページで学校を地区別に直接掲載。
SAM006761,PRG002258,ASM000085,AREA000219,2026,SRC000173,2026-10-04,2026山形県高野連の現行加盟校ページで学校を地区別に直接掲載。
SAM006762,PRG002259,ASM000085,AREA000219,2026,SRC000173,2026-10-04,2026山形県高野連の現行加盟校ページで学校を地区別に直接掲載。
SAM006763,PRG002260,ASM000085,AREA000219,2026,SRC000173,2026-10-04,2026山形県高野連の現行加盟校ページで学校を地区別に直接掲載。
SAM006764,PRG002261,ASM000085,AREA000219,2026,SRC000173,2026-10-04,2026山形県高野連の現行加盟校ページで学校を地区別に直接掲載。
SAM006765,PRG002943,ASM000086,AREA000222,2026,SRC000333,2026-10-04,西毛地区。2025学校別地区表示で各校の東毛・中毛・西毛所属を直接照合し、2026年の3地区リーグ資料で制度継続を確認。
SAM006766,PRG002944,ASM000086,AREA000221,2026,SRC000333,2026-10-04,中毛地区。2025学校別地区表示で各校の東毛・中毛・西毛所属を直接照合し、2026年の3地区リーグ資料で制度継続を確認。
SAM006767,PRG002945,ASM000086,AREA000221,2026,SRC000333,2026-10-04,中毛地区。2025学校別地区表示で各校の東毛・中毛・西毛所属を直接照合し、2026年の3地区リーグ資料で制度継続を確認。
SAM006768,PRG002946,ASM000086,AREA000221,2026,SRC000333,2026-10-04,中毛地区。2025学校別地区表示で各校の東毛・中毛・西毛所属を直接照合し、2026年の3地区リーグ資料で制度継続を確認。 北毛方面の沼田・利根系は野球地区では中毛として確認。
SAM006769,PRG002947,ASM000086,AREA000221,2026,SRC000333,2026-10-04,中毛地区。2025学校別地区表示で各校の東毛・中毛・西毛所属を直接照合し、2026年の3地区リーグ資料で制度継続を確認。
SAM006770,PRG002948,ASM000086,AREA000221,2026,SRC000333,2026-10-04,中毛地区。2025学校別地区表示で各校の東毛・中毛・西毛所属を直接照合し、2026年の3地区リーグ資料で制度継続を確認。
SAM006771,PRG002949,ASM000086,AREA000221,2026,SRC000333,2026-10-04,中毛地区。2025学校別地区表示で各校の東毛・中毛・西毛所属を直接照合し、2026年の3地区リーグ資料で制度継続を確認。
SAM006772,PRG002950,ASM000086,AREA000221,2026,SRC000333,2026-10-04,中毛地区。2025学校別地区表示で各校の東毛・中毛・西毛所属を直接照合し、2026年の3地区リーグ資料で制度継続を確認。
SAM006773,PRG002951,ASM000086,AREA000222,2026,SRC000333,2026-10-04,西毛地区。2025学校別地区表示で各校の東毛・中毛・西毛所属を直接照合し、2026年の3地区リーグ資料で制度継続を確認。
SAM006774,PRG002952,ASM000086,AREA000221,2026,SRC000333,2026-10-04,中毛地区。2025学校別地区表示で各校の東毛・中毛・西毛所属を直接照合し、2026年の3地区リーグ資料で制度継続を確認。
SAM006775,PRG002953,ASM000086,AREA000222,2026,SRC000333,2026-10-04,西毛地区。2025学校別地区表示で各校の東毛・中毛・西毛所属を直接照合し、2026年の3地区リーグ資料で制度継続を確認。 吾妻方面は野球地区では西毛として確認。
SAM006776,PRG002954,ASM000086,AREA000221,2026,SRC000333,2026-10-04,中毛地区。2025学校別地区表示で各校の東毛・中毛・西毛所属を直接照合し、2026年の3地区リーグ資料で制度継続を確認。 北毛方面の沼田・利根系は野球地区では中毛として確認。
SAM006777,PRG002955,ASM000086,AREA000221,2026,SRC000333,2026-10-04,中毛地区。2025学校別地区表示で各校の東毛・中毛・西毛所属を直接照合し、2026年の3地区リーグ資料で制度継続を確認。
SAM006778,PRG002956,ASM000086,AREA000220,2026,SRC000333,2026-10-04,東毛地区。2025学校別地区表示で各校の東毛・中毛・西毛所属を直接照合し、2026年の3地区リーグ資料で制度継続を確認。
SAM006779,PRG002957,ASM000086,AREA000221,2026,SRC000333,2026-10-04,中毛地区。2025学校別地区表示で各校の東毛・中毛・西毛所属を直接照合し、2026年の3地区リーグ資料で制度継続を確認。
SAM006780,PRG002958,ASM000086,AREA000222,2026,SRC000333,2026-10-04,西毛地区。2025学校別地区表示で各校の東毛・中毛・西毛所属を直接照合し、2026年の3地区リーグ資料で制度継続を確認。
SAM006781,PRG002959,ASM000086,AREA000220,2026,SRC000333,2026-10-04,東毛地区。2025学校別地区表示で各校の東毛・中毛・西毛所属を直接照合し、2026年の3地区リーグ資料で制度継続を確認。
SAM006782,PRG002960,ASM000086,AREA000221,2026,SRC000333,2026-10-04,中毛地区。2025学校別地区表示で各校の東毛・中毛・西毛所属を直接照合し、2026年の3地区リーグ資料で制度継続を確認。
SAM006783,PRG002961,ASM000086,AREA000220,2026,SRC000333,2026-10-04,東毛地区。2025学校別地区表示で各校の東毛・中毛・西毛所属を直接照合し、2026年の3地区リーグ資料で制度継続を確認。
SAM006784,PRG002962,ASM000086,AREA000222,2026,SRC000333,2026-10-04,西毛地区。2025学校別地区表示で各校の東毛・中毛・西毛所属を直接照合し、2026年の3地区リーグ資料で制度継続を確認。
SAM006785,PRG002963,ASM000086,AREA000221,2026,SRC000333,2026-10-04,中毛地区。2025学校別地区表示で各校の東毛・中毛・西毛所属を直接照合し、2026年の3地区リーグ資料で制度継続を確認。
SAM006786,PRG002964,ASM000086,AREA000220,2026,SRC000333,2026-10-04,東毛地区。2025学校別地区表示で各校の東毛・中毛・西毛所属を直接照合し、2026年の3地区リーグ資料で制度継続を確認。
SAM006787,PRG002965,ASM000086,AREA000220,2026,SRC000333,2026-10-04,東毛地区。2025学校別地区表示で各校の東毛・中毛・西毛所属を直接照合し、2026年の3地区リーグ資料で制度継続を確認。
SAM006788,PRG002966,ASM000086,AREA000220,2026,SRC000333,2026-10-04,東毛地区。2025学校別地区表示で各校の東毛・中毛・西毛所属を直接照合し、2026年の3地区リーグ資料で制度継続を確認。
SAM006789,PRG002967,ASM000086,AREA000221,2026,SRC000333,2026-10-04,中毛地区。2025学校別地区表示で各校の東毛・中毛・西毛所属を直接照合し、2026年の3地区リーグ資料で制度継続を確認。
SAM006790,PRG002968,ASM000086,AREA000222,2026,SRC000333,2026-10-04,西毛地区。2025学校別地区表示で各校の東毛・中毛・西毛所属を直接照合し、2026年の3地区リーグ資料で制度継続を確認。
SAM006791,PRG002969,ASM000086,AREA000221,2026,SRC000333,2026-10-04,中毛地区。2025学校別地区表示で各校の東毛・中毛・西毛所属を直接照合し、2026年の3地区リーグ資料で制度継続を確認。
SAM006792,PRG002970,ASM000086,AREA000220,2026,SRC000333,2026-10-04,東毛地区。2025学校別地区表示で各校の東毛・中毛・西毛所属を直接照合し、2026年の3地区リーグ資料で制度継続を確認。
SAM006793,PRG002971,ASM000086,AREA000222,2026,SRC000333,2026-10-04,西毛地区。2025学校別地区表示で各校の東毛・中毛・西毛所属を直接照合し、2026年の3地区リーグ資料で制度継続を確認。
SAM006794,PRG002972,ASM000086,AREA000221,2026,SRC000333,2026-10-04,中毛地区。2025学校別地区表示で各校の東毛・中毛・西毛所属を直接照合し、2026年の3地区リーグ資料で制度継続を確認。
SAM006795,PRG002973,ASM000086,AREA000221,2026,SRC000333,2026-10-04,中毛地区。2025学校別地区表示で各校の東毛・中毛・西毛所属を直接照合し、2026年の3地区リーグ資料で制度継続を確認。 北毛方面の沼田・利根系は野球地区では中毛として確認。
SAM006796,PRG002974,ASM000086,AREA000221,2026,SRC000333,2026-10-04,中毛地区。2025学校別地区表示で各校の東毛・中毛・西毛所属を直接照合し、2026年の3地区リーグ資料で制度継続を確認。
SAM006797,PRG002975,ASM000086,AREA000222,2026,SRC000333,2026-10-04,西毛地区。2025学校別地区表示で各校の東毛・中毛・西毛所属を直接照合し、2026年の3地区リーグ資料で制度継続を確認。
SAM006798,PRG002976,ASM000086,AREA000221,2026,SRC000333,2026-10-04,中毛地区。2025学校別地区表示で各校の東毛・中毛・西毛所属を直接照合し、2026年の3地区リーグ資料で制度継続を確認。
SAM006799,PRG002977,ASM000086,AREA000220,2026,SRC000333,2026-10-04,東毛地区。2025学校別地区表示で各校の東毛・中毛・西毛所属を直接照合し、2026年の3地区リーグ資料で制度継続を確認。
SAM006800,PRG002978,ASM000086,AREA000220,2026,SRC000333,2026-10-04,東毛地区。2025学校別地区表示で各校の東毛・中毛・西毛所属を直接照合し、2026年の3地区リーグ資料で制度継続を確認。
SAM006801,PRG002979,ASM000086,AREA000221,2026,SRC000333,2026-10-04,中毛地区。2025学校別地区表示で各校の東毛・中毛・西毛所属を直接照合し、2026年の3地区リーグ資料で制度継続を確認。 北毛方面の沼田・利根系は野球地区では中毛として確認。
SAM006802,PRG002980,ASM000086,AREA000220,2026,SRC000333,2026-10-04,東毛地区。2025学校別地区表示で各校の東毛・中毛・西毛所属を直接照合し、2026年の3地区リーグ資料で制度継続を確認。
SAM006803,PRG002981,ASM000086,AREA000222,2026,SRC000333,2026-10-04,西毛地区。2025学校別地区表示で各校の東毛・中毛・西毛所属を直接照合し、2026年の3地区リーグ資料で制度継続を確認。
SAM006804,PRG002982,ASM000086,AREA000222,2026,SRC000333,2026-10-04,西毛地区。2025学校別地区表示で各校の東毛・中毛・西毛所属を直接照合し、2026年の3地区リーグ資料で制度継続を確認。
SAM006805,PRG002983,ASM000086,AREA000221,2026,SRC000333,2026-10-04,中毛地区。2025学校別地区表示で各校の東毛・中毛・西毛所属を直接照合し、2026年の3地区リーグ資料で制度継続を確認。
SAM006806,PRG002984,ASM000086,AREA000222,2026,SRC000333,2026-10-04,西毛地区。2025学校別地区表示で各校の東毛・中毛・西毛所属を直接照合し、2026年の3地区リーグ資料で制度継続を確認。
SAM006807,PRG002985,ASM000086,AREA000222,2026,SRC000333,2026-10-04,西毛地区。2025学校別地区表示で各校の東毛・中毛・西毛所属を直接照合し、2026年の3地区リーグ資料で制度継続を確認。
SAM006808,PRG002986,ASM000086,AREA000222,2026,SRC000333,2026-10-04,西毛地区。2025学校別地区表示で各校の東毛・中毛・西毛所属を直接照合し、2026年の3地区リーグ資料で制度継続を確認。
SAM006809,PRG002987,ASM000086,AREA000220,2026,SRC000333,2026-10-04,東毛地区。2025学校別地区表示で各校の東毛・中毛・西毛所属を直接照合し、2026年の3地区リーグ資料で制度継続を確認。
SAM006810,PRG002988,ASM000086,AREA000222,2026,SRC000333,2026-10-04,西毛地区。2025学校別地区表示で各校の東毛・中毛・西毛所属を直接照合し、2026年の3地区リーグ資料で制度継続を確認。
SAM006811,PRG002989,ASM000086,AREA000221,2026,SRC000333,2026-10-04,中毛地区。2025学校別地区表示で各校の東毛・中毛・西毛所属を直接照合し、2026年の3地区リーグ資料で制度継続を確認。
SAM006812,PRG002990,ASM000086,AREA000221,2026,SRC000333,2026-10-04,中毛地区。2025学校別地区表示で各校の東毛・中毛・西毛所属を直接照合し、2026年の3地区リーグ資料で制度継続を確認。
SAM006813,PRG002991,ASM000086,AREA000222,2026,SRC000333,2026-10-04,西毛地区。2025学校別地区表示で各校の東毛・中毛・西毛所属を直接照合し、2026年の3地区リーグ資料で制度継続を確認。
SAM006814,PRG002992,ASM000086,AREA000222,2026,SRC000333,2026-10-04,西毛地区。2025学校別地区表示で各校の東毛・中毛・西毛所属を直接照合し、2026年の3地区リーグ資料で制度継続を確認。
SAM006815,PRG002993,ASM000086,AREA000222,2026,SRC000333,2026-10-04,西毛地区。2025学校別地区表示で各校の東毛・中毛・西毛所属を直接照合し、2026年の3地区リーグ資料で制度継続を確認。
SAM006816,PRG002994,ASM000086,AREA000222,2026,SRC000333,2026-10-04,西毛地区。2025学校別地区表示で各校の東毛・中毛・西毛所属を直接照合し、2026年の3地区リーグ資料で制度継続を確認。
SAM006817,PRG002995,ASM000086,AREA000222,2026,SRC000333,2026-10-04,西毛地区。2025学校別地区表示で各校の東毛・中毛・西毛所属を直接照合し、2026年の3地区リーグ資料で制度継続を確認。 吾妻方面は野球地区では西毛として確認。
SAM006818,PRG002996,ASM000086,AREA000222,2026,SRC000333,2026-10-04,西毛地区。2025学校別地区表示で各校の東毛・中毛・西毛所属を直接照合し、2026年の3地区リーグ資料で制度継続を確認。
SAM006819,PRG002997,ASM000086,AREA000222,2026,SRC000333,2026-10-04,西毛地区。2025学校別地区表示で各校の東毛・中毛・西毛所属を直接照合し、2026年の3地区リーグ資料で制度継続を確認。
SAM006820,PRG002998,ASM000086,AREA000221,2026,SRC000333,2026-10-04,中毛地区。2025学校別地区表示で各校の東毛・中毛・西毛所属を直接照合し、2026年の3地区リーグ資料で制度継続を確認。
SAM006821,PRG002999,ASM000086,AREA000220,2026,SRC000333,2026-10-04,東毛地区。2025学校別地区表示で各校の東毛・中毛・西毛所属を直接照合し、2026年の3地区リーグ資料で制度継続を確認。
SAM006822,PRG003000,ASM000086,AREA000220,2026,SRC000333,2026-10-04,東毛地区。2025学校別地区表示で各校の東毛・中毛・西毛所属を直接照合し、2026年の3地区リーグ資料で制度継続を確認。
SAM006823,PRG003001,ASM000086,AREA000220,2026,SRC000333,2026-10-04,東毛地区。2025学校別地区表示で各校の東毛・中毛・西毛所属を直接照合し、2026年の3地区リーグ資料で制度継続を確認。
SAM006824,PRG003002,ASM000086,AREA000222,2026,SRC000333,2026-10-04,西毛地区。2025学校別地区表示で各校の東毛・中毛・西毛所属を直接照合し、2026年の3地区リーグ資料で制度継続を確認。
SAM006825,PRG003003,ASM000086,AREA000220,2026,SRC000333,2026-10-04,東毛地区。2025学校別地区表示で各校の東毛・中毛・西毛所属を直接照合し、2026年の3地区リーグ資料で制度継続を確認。
SAM006826,PRG003004,ASM000086,AREA000220,2026,SRC000333,2026-10-04,東毛地区。2025学校別地区表示で各校の東毛・中毛・西毛所属を直接照合し、2026年の3地区リーグ資料で制度継続を確認。
SAM006827,PRG003005,ASM000086,AREA000220,2026,SRC000333,2026-10-04,東毛地区。2025学校別地区表示で各校の東毛・中毛・西毛所属を直接照合し、2026年の3地区リーグ資料で制度継続を確認。
SAM006828,PRG003006,ASM000086,AREA000222,2026,SRC000333,2026-10-04,西毛地区。2025学校別地区表示で各校の東毛・中毛・西毛所属を直接照合し、2026年の3地区リーグ資料で制度継続を確認。
SAM006829,PRG003007,ASM000086,AREA000220,2026,SRC000333,2026-10-04,東毛地区。2025学校別地区表示で各校の東毛・中毛・西毛所属を直接照合し、2026年の3地区リーグ資料で制度継続を確認。
SAM006830,PRG003008,ASM000086,AREA000222,2026,SRC000333,2026-10-04,西毛地区。2025学校別地区表示で各校の東毛・中毛・西毛所属を直接照合し、2026年の3地区リーグ資料で制度継続を確認。
SAM006831,PRG003009,ASM000086,AREA000222,2026,SRC000333,2026-10-04,西毛地区。2025学校別地区表示で各校の東毛・中毛・西毛所属を直接照合し、2026年の3地区リーグ資料で制度継続を確認。 吾妻方面は野球地区では西毛として確認。
SAM006832,PRG003010,ASM000086,AREA000220,2026,SRC000333,2026-10-04,東毛地区。2025学校別地区表示で各校の東毛・中毛・西毛所属を直接照合し、2026年の3地区リーグ資料で制度継続を確認。
SAM006833,PRG002122,ASM000087,AREA000226,2026,SRC000350,2026-10-04,4区。現行4区制SRC000346と、旧42加盟校順SRC000350＋地区直接資料SRC000347/SRC000348を突合。
SAM006834,PRG002123,ASM000087,AREA000223,2026,SRC000350,2026-10-04,1区。現行4区制SRC000346と、旧42加盟校順SRC000350＋地区直接資料SRC000347/SRC000348を突合。 現行校への継承補助: SRC000351。
SAM006835,PRG002124,ASM000087,AREA000225,2026,SRC000350,2026-10-04,3区。現行4区制SRC000346と、旧42加盟校順SRC000350＋地区直接資料SRC000347/SRC000348を突合。
SAM006836,PRG002125,ASM000087,AREA000223,2026,SRC000350,2026-10-04,1区。現行4区制SRC000346と、旧42加盟校順SRC000350＋地区直接資料SRC000347/SRC000348を突合。
SAM006837,PRG002126,ASM000087,AREA000224,2026,SRC000350,2026-10-04,2区。現行4区制SRC000346と、旧42加盟校順SRC000350＋地区直接資料SRC000347/SRC000348を突合。
SAM006838,PRG002127,ASM000087,AREA000223,2026,SRC000350,2026-10-04,1区。現行4区制SRC000346と、旧42加盟校順SRC000350＋地区直接資料SRC000347/SRC000348を突合。 現行校への継承補助: SRC000351。
SAM006839,PRG002128,ASM000087,AREA000226,2026,SRC000350,2026-10-04,4区。現行4区制SRC000346と、旧42加盟校順SRC000350＋地区直接資料SRC000347/SRC000348を突合。
SAM006840,PRG002129,ASM000087,AREA000225,2026,SRC000350,2026-10-04,3区。現行4区制SRC000346と、旧42加盟校順SRC000350＋地区直接資料SRC000347/SRC000348を突合。
SAM006841,PRG002130,ASM000087,AREA000226,2026,SRC000350,2026-10-04,4区。現行4区制SRC000346と、旧42加盟校順SRC000350＋地区直接資料SRC000347/SRC000348を突合。
SAM006842,PRG002131,ASM000087,AREA000225,2026,SRC000350,2026-10-04,3区。現行4区制SRC000346と、旧42加盟校順SRC000350＋地区直接資料SRC000347/SRC000348を突合。
SAM006843,PRG002132,ASM000087,AREA000223,2026,SRC000350,2026-10-04,1区。現行4区制SRC000346と、旧42加盟校順SRC000350＋地区直接資料SRC000347/SRC000348を突合。
SAM006844,PRG002133,ASM000087,AREA000224,2026,SRC000350,2026-10-04,2区。現行4区制SRC000346と、旧42加盟校順SRC000350＋地区直接資料SRC000347/SRC000348を突合。
SAM006845,PRG002134,ASM000087,AREA000224,2026,SRC000350,2026-10-04,2区。現行4区制SRC000346と、旧42加盟校順SRC000350＋地区直接資料SRC000347/SRC000348を突合。
SAM006846,PRG002135,ASM000087,AREA000224,2026,SRC000350,2026-10-04,2区。現行4区制SRC000346と、旧42加盟校順SRC000350＋地区直接資料SRC000347/SRC000348を突合。
SAM006847,PRG002136,ASM000087,AREA000224,2026,SRC000350,2026-10-04,2区。現行4区制SRC000346と、旧42加盟校順SRC000350＋地区直接資料SRC000347/SRC000348を突合。
SAM006848,PRG002137,ASM000087,AREA000225,2026,SRC000350,2026-10-04,3区。現行4区制SRC000346と、旧42加盟校順SRC000350＋地区直接資料SRC000347/SRC000348を突合。 現行校への継承補助: SRC000352。
SAM006849,PRG002138,ASM000087,AREA000226,2026,SRC000354,2026-10-04,4区。現行4区制SRC000346と、旧42加盟校順SRC000350＋地区直接資料SRC000347/SRC000348を突合。 現行校への継承補助: SRC000354。 旧42校一覧外のため、御所市所在の現行校であることと4区南部校群の連続性を補助根拠として登録。
SAM006850,PRG002139,ASM000087,AREA000224,2026,SRC000350,2026-10-04,2区。現行4区制SRC000346と、旧42加盟校順SRC000350＋地区直接資料SRC000347/SRC000348を突合。
SAM006851,PRG002140,ASM000087,AREA000226,2026,SRC000350,2026-10-04,4区。現行4区制SRC000346と、旧42加盟校順SRC000350＋地区直接資料SRC000347/SRC000348を突合。
SAM006852,PRG002141,ASM000087,AREA000226,2026,SRC000350,2026-10-04,4区。現行4区制SRC000346と、旧42加盟校順SRC000350＋地区直接資料SRC000347/SRC000348を突合。 現行校への継承補助: SRC000353。
SAM006853,PRG002142,ASM000087,AREA000223,2026,SRC000350,2026-10-04,1区。現行4区制SRC000346と、旧42加盟校順SRC000350＋地区直接資料SRC000347/SRC000348を突合。 現行校への継承補助: SRC000351。
SAM006854,PRG002143,ASM000087,AREA000223,2026,SRC000350,2026-10-04,1区。現行4区制SRC000346と、旧42加盟校順SRC000350＋地区直接資料SRC000347/SRC000348を突合。 現行校への継承補助: SRC000351。
SAM006855,PRG002144,ASM000087,AREA000225,2026,SRC000350,2026-10-04,3区。現行4区制SRC000346と、旧42加盟校順SRC000350＋地区直接資料SRC000347/SRC000348を突合。
SAM006856,PRG002145,ASM000087,AREA000224,2026,SRC000350,2026-10-04,2区。現行4区制SRC000346と、旧42加盟校順SRC000350＋地区直接資料SRC000347/SRC000348を突合。
SAM006857,PRG002146,ASM000087,AREA000224,2026,SRC000350,2026-10-04,2区。現行4区制SRC000346と、旧42加盟校順SRC000350＋地区直接資料SRC000347/SRC000348を突合。
SAM006858,PRG002147,ASM000087,AREA000224,2026,SRC000350,2026-10-04,2区。現行4区制SRC000346と、旧42加盟校順SRC000350＋地区直接資料SRC000347/SRC000348を突合。
SAM006859,PRG002148,ASM000087,AREA000223,2026,SRC000350,2026-10-04,1区。現行4区制SRC000346と、旧42加盟校順SRC000350＋地区直接資料SRC000347/SRC000348を突合。
SAM006860,PRG002149,ASM000087,AREA000224,2026,SRC000350,2026-10-04,2区。現行4区制SRC000346と、旧42加盟校順SRC000350＋地区直接資料SRC000347/SRC000348を突合。
SAM006861,PRG002150,ASM000087,AREA000223,2026,SRC000350,2026-10-04,1区。現行4区制SRC000346と、旧42加盟校順SRC000350＋地区直接資料SRC000347/SRC000348を突合。
SAM006862,PRG002151,ASM000087,AREA000224,2026,SRC000350,2026-10-04,2区。現行4区制SRC000346と、旧42加盟校順SRC000350＋地区直接資料SRC000347/SRC000348を突合。
SAM006863,PRG002152,ASM000087,AREA000226,2026,SRC000350,2026-10-04,4区。現行4区制SRC000346と、旧42加盟校順SRC000350＋地区直接資料SRC000347/SRC000348を突合。
SAM006864,PRG002153,ASM000087,AREA000226,2026,SRC000350,2026-10-04,4区。現行4区制SRC000346と、旧42加盟校順SRC000350＋地区直接資料SRC000347/SRC000348を突合。
SAM006865,PRG002154,ASM000087,AREA000223,2026,SRC000350,2026-10-04,1区。現行4区制SRC000346と、旧42加盟校順SRC000350＋地区直接資料SRC000347/SRC000348を突合。
SAM006866,PRG002155,ASM000087,AREA000224,2026,SRC000350,2026-10-04,2区。現行4区制SRC000346と、旧42加盟校順SRC000350＋地区直接資料SRC000347/SRC000348を突合。
SAM006867,PRG002156,ASM000087,AREA000225,2026,SRC000350,2026-10-04,3区。現行4区制SRC000346と、旧42加盟校順SRC000350＋地区直接資料SRC000347/SRC000348を突合。
SAM006868,PRG002157,ASM000087,AREA000225,2026,SRC000350,2026-10-04,3区。現行4区制SRC000346と、旧42加盟校順SRC000350＋地区直接資料SRC000347/SRC000348を突合。 現行校への継承補助: SRC000351。
SAM006869,PRG002158,ASM000087,AREA000224,2026,SRC000350,2026-10-04,2区。現行4区制SRC000346と、旧42加盟校順SRC000350＋地区直接資料SRC000347/SRC000348を突合。
SAM006870,PRG002159,ASM000087,AREA000226,2026,SRC000350,2026-10-04,4区。現行4区制SRC000346と、旧42加盟校順SRC000350＋地区直接資料SRC000347/SRC000348を突合。
SAM006871,PRG002160,ASM000087,AREA000226,2026,SRC000350,2026-10-04,4区。現行4区制SRC000346と、旧42加盟校順SRC000350＋地区直接資料SRC000347/SRC000348を突合。
