transition_id,season,district_code,stage_group_id,school_display_name,from_match_id,from_match_date,from_result,from_phase,from_round_label,to_match_id,to_match_date,to_phase,to_round_label,transition_kind,from_block_hint,to_block_hint,block_hint_changed,target_publisher_event_check_id,target_publisher_route_id,from_result_source_url,to_result_source_url,source_scope,official_pdf_draw_edge_verified,runtime_draw_transition_enabled
HPTR20260001,spring,west,SGR000140,修道,HT20260001,2026-03-21,winner,PRIMARY,予選1回戦,HT20260003,2026-03-22,PRIMARY,予選2回戦,WIN_PRIMARY_TO_PRIMARY,,,no,,,https://www.reiwa-hb-sch-and-res-gatr-fod.com/hiroshima/2026spring/west-area/,https://www.reiwa-hb-sch-and-res-gatr-fod.com/hiroshima/2026spring/west-area/,secondary_result_chronological_team_sequence,no,no
HPTR20260002,spring,west,SGR000140,修道,HT20260003,2026-03-22,loser,PRIMARY,予選2回戦,HT20260006,2026-03-28,REPECHAGE,予選敗者戦3回戦,LOSS_PRIMARY_TO_REPECHAGE,,,no,,,https://www.reiwa-hb-sch-and-res-gatr-fod.com/hiroshima/2026spring/west-area/,https://www.reiwa-hb-sch-and-res-gatr-fod.com/hiroshima/2026spring/west-area/,secondary_result_chronological_team_sequence,no,no
HPTR20260003,spring,west,SGR000140,修道,HT20260006,2026-03-28,winner,REPECHAGE,予選敗者戦3回戦,HT20260007,2026-03-29,REPECHAGE,予選敗者戦代表決定戦,WIN_REPECHAGE_TO_REPECHAGE,,,no,,,https://www.reiwa-hb-sch-and-res-gatr-fod.com/hiroshima/2026spring/west-area/,https://www.reiwa-hb-sch-and-res-gatr-fod.com/hiroshima/2026spring/west-area/,secondary_result_chronological_team_sequence,no,no
HPTR20260004,spring,west,SGR000140,宮島工,HT20260001,2026-03-21,loser,PRIMARY,予選1回戦,HT20260004,2026-03-22,REPECHAGE,予選敗者戦2回戦,LOSS_PRIMARY_TO_REPECHAGE,,,no,,,https://www.reiwa-hb-sch-and-res-gatr-fod.com/hiroshima/2026spring/west-area/,https://www.reiwa-hb-sch-and-res-gatr-fod.com/hiroshima/2026spring/west-area/,secondary_result_chronological_team_sequence,no,no
HPTR20260005,spring,west,SGR000140,宮島工,HT20260004,2026-03-22,winner,REPECHAGE,予選敗者戦2回戦,HT20260006,2026-03-28,REPECHAGE,予選敗者戦3回戦,WIN_REPECHAGE_TO_REPECHAGE,,,no,,,https://www.reiwa-hb-sch-and-res-gatr-fod.com/hiroshima/2026spring/west-area/,https://www.reiwa-hb-sch-and-res-gatr-fod.com/hiroshima/2026spring/west-area/,secondary_result_chronological_team_sequence,no,no
HPTR20260006,spring,west,SGR000140,舟入,HT20260002,2026-03-21,winner,PRIMARY,予選2回戦,HT20260005,2026-03-28,PRIMARY,予選代表決定戦,WIN_PRIMARY_TO_PRIMARY,,,no,,,https://www.reiwa-hb-sch-and-res-gatr-fod.com/hiroshima/2026spring/west-area/,https://www.reiwa-hb-sch-and-res-gatr-fod.com/hiroshima/2026spring/west-area/,secondary_result_chronological_team_sequence,no,no
HPTR20260007,spring,west,SGR000140,広島井口,HT20260002,2026-03-21,loser,PRIMARY,予選2回戦,HT20260004,2026-03-22,REPECHAGE,予選敗者戦2回戦,LOSS_PRIMARY_TO_REPECHAGE,,,no,,,https://www.reiwa-hb-sch-and-res-gatr-fod.com/hiroshima/2026spring/west-area/,https://www.reiwa-hb-sch-and-res-gatr-fod.com/hiroshima/2026spring/west-area/,secondary_result_chronological_team_sequence,no,no
HPTR20260008,spring,west,SGR000140,広島工大,HT20260003,2026-03-22,winner,PRIMARY,予選2回戦,HT20260005,2026-03-28,PRIMARY,予選代表決定戦,WIN_PRIMARY_TO_PRIMARY,,,no,,,https://www.reiwa-hb-sch-and-res-gatr-fod.com/hiroshima/2026spring/west-area/,https://www.reiwa-hb-sch-and-res-gatr-fod.com/hiroshima/2026spring/west-area/,secondary_result_chronological_team_sequence,no,no
HPTR20260009,spring,west,SGR000140,広島工大,HT20260005,2026-03-28,loser,PRIMARY,予選代表決定戦,HT20260007,2026-03-29,REPECHAGE,予選敗者戦代表決定戦,LOSS_PRIMARY_TO_REPECHAGE,,,no,,,https://www.reiwa-hb-sch-and-res-gatr-fod.com/hiroshima/2026spring/west-area/,https://www.reiwa-hb-sch-and-res-gatr-fod.com/hiroshima/2026spring/west-area/,secondary_result_chronological_team_sequence,no,no
HPTR20260010,spring,west,SGR000140,修大協創,HT20260008,2026-03-22,winner,PRIMARY,予選2回戦,HT20260010,2026-03-28,PRIMARY,予選代表決定戦,WIN_PRIMARY_TO_PRIMARY,,,no,,,https://www.reiwa-hb-sch-and-res-gatr-fod.com/hiroshima/2026spring/west-area/,https://www.reiwa-hb-sch-and-res-gatr-fod.com/hiroshima/2026spring/west-area/,secondary_result_chronological_team_sequence,no,no
HPTR20260011,spring,west,SGR000140,広島国泰寺,HT20260008,2026-03-22,loser,PRIMARY,予選2回戦,HT20260011,2026-03-28,REPECHAGE,予選敗者戦1回戦,LOSS_PRIMARY_TO_REPECHAGE,,,no,,,https://www.reiwa-hb-sch-and-res-gatr-fod.com/hiroshima/2026spring/west-area/,https://www.reiwa-hb-sch-and-res-gatr-fod.com/hiroshima/2026spring/west-area/,secondary_result_chronological_team_sequence,no,no
HPTR20260012,spring,west,SGR000140,広島国泰寺,HT20260011,2026-03-28,winner,REPECHAGE,予選敗者戦1回戦,HT20260012,2026-03-29,REPECHAGE,予選敗者戦2回戦,WIN_REPECHAGE_TO_REPECHAGE,,,no,,,https://www.reiwa-hb-sch-and-res-gatr-fod.com/hiroshima/2026spring/west-area/,https://www.reiwa-hb-sch-and-res-gatr-fod.com/hiroshima/2026spring/west-area/,secondary_result_chronological_team_sequence,no,no
HPTR20260013,spring,west,SGR000140,広島城北,HT20260009,2026-03-22,winner,PRIMARY,予選2回戦,HT20260010,2026-03-28,PRIMARY,予選代表決定戦,WIN_PRIMARY_TO_PRIMARY,,,no,,,https://www.reiwa-hb-sch-and-res-gatr-fod.com/hiroshima/2026spring/west-area/,https://www.reiwa-hb-sch-and-res-gatr-fod.com/hiroshima/2026spring/west-area/,secondary_result_chronological_team_sequence,no,no
HPTR20260014,spring,west,SGR000140,広島城北,HT20260010,2026-03-28,loser,PRIMARY,予選代表決定戦,HT20260012,2026-03-29,REPECHAGE,予選敗者戦2回戦,LOSS_PRIMARY_TO_REPECHAGE,,,no,,,https://www.reiwa-hb-sch-and-res-gatr-fod.com/hiroshima/2026spring/west-area/,https://www.reiwa-hb-sch-and-res-gatr-fod.com/hiroshima/2026spring/west-area/,secondary_result_chronological_team_sequence,no,no
HPTR20260015,spring,west,SGR000140,広島城北,HT20260012,2026-03-29,winner,REPECHAGE,予選敗者戦2回戦,HT20260087,2026-04-05,REPECHAGE,予選敗者戦3回戦,WIN_REPECHAGE_TO_REPECHAGE,,B-C,no,,,https://www.reiwa-hb-sch-and-res-gatr-fod.com/hiroshima/2026spring/west-area/,https://www.reiwa-hb-sch-and-res-gatr-fod.com/hiroshima/2026spring/west-area/,secondary_result_chronological_team_sequence,no,no
HPTR20260016,spring,west,SGR000140,広島城北,HT20260087,2026-04-05,winner,REPECHAGE,予選敗者戦3回戦,HT20260013,2026-04-11,REPECHAGE,予選敗者戦代表決定戦,WIN_REPECHAGE_TO_REPECHAGE,B-C,,no,HPE2026001,HR20260009,https://www.reiwa-hb-sch-and-res-gatr-fod.com/hiroshima/2026spring/west-area/,https://www.reiwa-hb-sch-and-res-gatr-fod.com/hiroshima/2026spring/west-area/,secondary_result_chronological_team_sequence,no,no
HPTR20260017,spring,west,SGR000140,基町,HT20260009,2026-03-22,loser,PRIMARY,予選2回戦,HT20260011,2026-03-28,REPECHAGE,予選敗者戦1回戦,LOSS_PRIMARY_TO_REPECHAGE,,,no,,,https://www.reiwa-hb-sch-and-res-gatr-fod.com/hiroshima/2026spring/west-area/,https://www.reiwa-hb-sch-and-res-gatr-fod.com/hiroshima/2026spring/west-area/,secondary_result_chronological_team_sequence,no,no
HPTR20260018,spring,west,SGR000140,山陽,HT20260015,2026-03-21,loser,PRIMARY,予選2回戦,HT20260018,2026-03-22,REPECHAGE,予選敗者戦2回戦,LOSS_PRIMARY_TO_REPECHAGE,,,no,,,https://www.reiwa-hb-sch-and-res-gatr-fod.com/hiroshima/2026spring/west-area/,https://www.reiwa-hb-sch-and-res-gatr-fod.com/hiroshima/2026spring/west-area/,secondary_result_chronological_team_sequence,no,no
HPTR20260019,spring,west,SGR000140,山陽,HT20260018,2026-03-22,winner,REPECHAGE,予選敗者戦2回戦,HT20260019,2026-03-29,REPECHAGE,予選敗者戦3回戦,WIN_REPECHAGE_TO_REPECHAGE,,,no,,,https://www.reiwa-hb-sch-and-res-gatr-fod.com/hiroshima/2026spring/west-area/,https://www.reiwa-hb-sch-and-res-gatr-fod.com/hiroshima/2026spring/west-area/,secondary_result_chronological_team_sequence,no,no
HPTR20260020,spring,west,SGR000140,山陽,HT20260019,2026-03-29,winner,REPECHAGE,予選敗者戦3回戦,HT20260013,2026-04-11,REPECHAGE,予選敗者戦代表決定戦,WIN_REPECHAGE_TO_REPECHAGE,,,no,HPE2026001,HR20260009,https://www.reiwa-hb-sch-and-res-gatr-fod.com/hiroshima/2026spring/west-area/,https://www.reiwa-hb-sch-and-res-gatr-fod.com/hiroshima/2026spring/west-area/,secondary_result_chronological_team_sequence,no,no
HPTR20260021,spring,west,SGR000140,広島商,HT20260014,2026-03-21,winner,PRIMARY,予選2回戦,HT20260083,2026-03-28,PRIMARY,予選代表決定戦,WIN_PRIMARY_TO_PRIMARY,,C,no,,,https://www.reiwa-hb-sch-and-res-gatr-fod.com/hiroshima/2026spring/west-area/,https://www.reiwa-hb-sch-and-res-gatr-fod.com/hiroshima/2026spring/west-area/,secondary_result_chronological_team_sequence,no,no
HPTR20260022,spring,west,SGR000140,廿日市,HT20260014,2026-03-21,loser,PRIMARY,予選2回戦,HT20260085,2026-03-28,REPECHAGE,予選敗者戦1回戦,LOSS_PRIMARY_TO_REPECHAGE,,C,no,,,https://www.reiwa-hb-sch-and-res-gatr-fod.com/hiroshima/2026spring/west-area/,https://www.reiwa-hb-sch-and-res-gatr-fod.com/hiroshima/2026spring/west-area/,secondary_result_chronological_team_sequence,no,no
HPTR20260023,spring,west,SGR000140,廿日市,HT20260085,2026-03-28,winner,REPECHAGE,予選敗者戦1回戦,HT20260086,2026-03-29,REPECHAGE,予選敗者戦2回戦,WIN_REPECHAGE_TO_REPECHAGE,C,C,no,,,https://www.reiwa-hb-sch-and-res-gatr-fod.com/hiroshima/2026spring/west-area/,https://www.reiwa-hb-sch-and-res-gatr-fod.com/hiroshima/2026spring/west-area/,secondary_result_chronological_team_sequence,no,no
HPTR20260024,spring,west,SGR000140,美鈴が丘,HT20260015,2026-03-21,winner,PRIMARY,予選2回戦,HT20260017,2026-03-22,PRIMARY,予選代表決定戦,WIN_PRIMARY_TO_PRIMARY,,,no,,,https://www.reiwa-hb-sch-and-res-gatr-fod.com/hiroshima/2026spring/west-area/,https://www.reiwa-hb-sch-and-res-gatr-fod.com/hiroshima/2026spring/west-area/,secondary_result_chronological_team_sequence,no,no
HPTR20260025,spring,west,SGR000140,美鈴が丘,HT20260017,2026-03-22,loser,PRIMARY,予選代表決定戦,HT20260019,2026-03-29,REPECHAGE,予選敗者戦3回戦,LOSS_PRIMARY_TO_REPECHAGE,,,no,,,https://www.reiwa-hb-sch-and-res-gatr-fod.com/hiroshima/2026spring/west-area/,https://www.reiwa-hb-sch-and-res-gatr-fod.com/hiroshima/2026spring/west-area/,secondary_result_chronological_team_sequence,no,no
HPTR20260026,spring,west,SGR000140,廿日市西,HT20260016,2026-03-21,winner,PRIMARY,予選2回戦,HT20260017,2026-03-22,PRIMARY,予選代表決定戦,WIN_PRIMARY_TO_PRIMARY,,,no,,,https://www.reiwa-hb-sch-and-res-gatr-fod.com/hiroshima/2026spring/west-area/,https://www.reiwa-hb-sch-and-res-gatr-fod.com/hiroshima/2026spring/west-area/,secondary_result_chronological_team_sequence,no,no
HPTR20260027,spring,west,SGR000140,広島観音,HT20260016,2026-03-21,loser,PRIMARY,予選2回戦,HT20260018,2026-03-22,REPECHAGE,予選敗者戦2回戦,LOSS_PRIMARY_TO_REPECHAGE,,,no,,,https://www.reiwa-hb-sch-and-res-gatr-fod.com/hiroshima/2026spring/west-area/,https://www.reiwa-hb-sch-and-res-gatr-fod.com/hiroshima/2026spring/west-area/,secondary_result_chronological_team_sequence,no,no
HPTR20260028,autumn,south,SGR000146,呉三津田,HT20260207,2026-08-22,winner,PRIMARY,予選1回戦,HT20260030,2026-08-23,PRIMARY,予選代表決定戦,WIN_PRIMARY_TO_PRIMARY,B,,no,,,https://www.reiwa-hb-sch-and-res-gatr-fod.com/hiroshima/2026autumn/south-area/,https://www.reiwa-hb-sch-and-res-gatr-fod.com/hiroshima/2026autumn/south-area/,secondary_result_chronological_team_sequence,no,no
HPTR20260029,autumn,south,SGR000146,呉三津田,HT20260030,2026-08-23,loser,PRIMARY,予選代表決定戦,HT20260031,2026-08-30,REPECHAGE,予選敗者戦2回戦,LOSS_PRIMARY_TO_REPECHAGE,,,no,,,https://www.reiwa-hb-sch-and-res-gatr-fod.com/hiroshima/2026autumn/south-area/,https://www.reiwa-hb-sch-and-res-gatr-fod.com/hiroshima/2026autumn/south-area/,secondary_result_chronological_team_sequence,no,no
HPTR20260030,autumn,south,SGR000146,呉三津田,HT20260031,2026-08-30,winner,REPECHAGE,予選敗者戦2回戦,HT20260023,2026-09-05,REPECHAGE,予選敗者戦代表決定戦,WIN_REPECHAGE_TO_REPECHAGE,,,no,HPE2026009,HR20260075,https://www.reiwa-hb-sch-and-res-gatr-fod.com/hiroshima/2026autumn/south-area/,https://www.reiwa-hb-sch-and-res-gatr-fod.com/hiroshima/2026autumn/south-area/,secondary_result_chronological_team_sequence,no,no
HPTR20260031,autumn,south,SGR000146,呉三津田,HT20260023,2026-09-05,loser,REPECHAGE,予選敗者戦代表決定戦,HT20260020,2026-09-06,REPECHAGE,予選敗者戦代表決定戦,LOSS_REPECHAGE_TO_REPECHAGE,,,no,HPE2026012,HR20260078,https://www.reiwa-hb-sch-and-res-gatr-fod.com/hiroshima/2026autumn/south-area/,https://www.reiwa-hb-sch-and-res-gatr-fod.com/hiroshima/2026autumn/south-area/,secondary_result_chronological_team_sequence,no,no
HPTR20260032,autumn,south,SGR000146,賀茂,HT20260214,2026-08-22,winner,PRIMARY,予選1回戦,HT20260080,2026-08-29,PRIMARY,予選代表決定戦,WIN_PRIMARY_TO_PRIMARY,D,D,no,,,https://www.reiwa-hb-sch-and-res-gatr-fod.com/hiroshima/2026autumn/south-area/,https://www.reiwa-hb-sch-and-res-gatr-fod.com/hiroshima/2026autumn/south-area/,secondary_result_chronological_team_sequence,no,no
HPTR20260033,autumn,south,SGR000146,賀茂,HT20260080,2026-08-29,loser,PRIMARY,予選代表決定戦,HT20260212,2026-08-30,REPECHAGE,予選敗者戦2回戦,LOSS_PRIMARY_TO_REPECHAGE,D,D,no,,,https://www.reiwa-hb-sch-and-res-gatr-fod.com/hiroshima/2026autumn/south-area/,https://www.reiwa-hb-sch-and-res-gatr-fod.com/hiroshima/2026autumn/south-area/,secondary_result_chronological_team_sequence,no,no
HPTR20260034,autumn,south,SGR000146,賀茂,HT20260212,2026-08-30,winner,REPECHAGE,予選敗者戦2回戦,HT20260020,2026-09-06,REPECHAGE,予選敗者戦代表決定戦,WIN_REPECHAGE_TO_REPECHAGE,D,,no,HPE2026012,HR20260078,https://www.reiwa-hb-sch-and-res-gatr-fod.com/hiroshima/2026autumn/south-area/,https://www.reiwa-hb-sch-and-res-gatr-fod.com/hiroshima/2026autumn/south-area/,secondary_result_chronological_team_sequence,no,no
HPTR20260035,autumn,south,SGR000146,熊野,HT20260222,2026-08-23,winner,PRIMARY,予選1回戦,HT20260082,2026-08-29,PRIMARY,予選代表決定戦,WIN_PRIMARY_TO_PRIMARY,F,F,no,,,https://www.reiwa-hb-sch-and-res-gatr-fod.com/hiroshima/2026autumn/south-area/,https://www.reiwa-hb-sch-and-res-gatr-fod.com/hiroshima/2026autumn/south-area/,secondary_result_chronological_team_sequence,no,no
HPTR20260036,autumn,south,SGR000146,熊野,HT20260082,2026-08-29,loser,PRIMARY,予選代表決定戦,HT20260220,2026-08-30,REPECHAGE,予選敗者戦2回戦,LOSS_PRIMARY_TO_REPECHAGE,F,F,no,,,https://www.reiwa-hb-sch-and-res-gatr-fod.com/hiroshima/2026autumn/south-area/,https://www.reiwa-hb-sch-and-res-gatr-fod.com/hiroshima/2026autumn/south-area/,secondary_result_chronological_team_sequence,no,no
HPTR20260037,autumn,south,SGR000146,熊野,HT20260220,2026-08-30,winner,REPECHAGE,予選敗者戦2回戦,HT20260022,2026-09-05,REPECHAGE,予選敗者戦代表決定戦,WIN_REPECHAGE_TO_REPECHAGE,F,,no,HPE2026010,HR20260076,https://www.reiwa-hb-sch-and-res-gatr-fod.com/hiroshima/2026autumn/south-area/,https://www.reiwa-hb-sch-and-res-gatr-fod.com/hiroshima/2026autumn/south-area/,secondary_result_chronological_team_sequence,no,no
HPTR20260038,autumn,south,SGR000146,熊野,HT20260022,2026-09-05,loser,REPECHAGE,予選敗者戦代表決定戦,HT20260021,2026-09-06,REPECHAGE,予選敗者戦代表決定戦,LOSS_REPECHAGE_TO_REPECHAGE,,,no,HPE2026011,HR20260077,https://www.reiwa-hb-sch-and-res-gatr-fod.com/hiroshima/2026autumn/south-area/,https://www.reiwa-hb-sch-and-res-gatr-fod.com/hiroshima/2026autumn/south-area/,secondary_result_chronological_team_sequence,no,no
HPTR20260039,autumn,south,SGR000146,安芸府中,HT20260211,2026-08-22,winner,PRIMARY,予選1回戦,HT20260079,2026-08-29,PRIMARY,予選代表決定戦,WIN_PRIMARY_TO_PRIMARY,C,C,no,,,https://www.reiwa-hb-sch-and-res-gatr-fod.com/hiroshima/2026autumn/south-area/,https://www.reiwa-hb-sch-and-res-gatr-fod.com/hiroshima/2026autumn/south-area/,secondary_result_chronological_team_sequence,no,no
HPTR20260040,autumn,south,SGR000146,安芸府中,HT20260079,2026-08-29,loser,PRIMARY,予選代表決定戦,HT20260208,2026-08-30,REPECHAGE,予選敗者戦2回戦,LOSS_PRIMARY_TO_REPECHAGE,C,C,no,,,https://www.reiwa-hb-sch-and-res-gatr-fod.com/hiroshima/2026autumn/south-area/,https://www.reiwa-hb-sch-and-res-gatr-fod.com/hiroshima/2026autumn/south-area/,secondary_result_chronological_team_sequence,no,no
HPTR20260041,autumn,south,SGR000146,安芸府中,HT20260208,2026-08-30,winner,REPECHAGE,予選敗者戦2回戦,HT20260021,2026-09-06,REPECHAGE,予選敗者戦代表決定戦,WIN_REPECHAGE_TO_REPECHAGE,C,,no,HPE2026011,HR20260077,https://www.reiwa-hb-sch-and-res-gatr-fod.com/hiroshima/2026autumn/south-area/,https://www.reiwa-hb-sch-and-res-gatr-fod.com/hiroshima/2026autumn/south-area/,secondary_result_chronological_team_sequence,no,no
HPTR20260042,autumn,south,SGR000146,瀬戸内,HT20260218,2026-08-23,winner,PRIMARY,予選1回戦,HT20260081,2026-08-29,PRIMARY,予選代表決定戦,WIN_PRIMARY_TO_PRIMARY,E,E,no,,,https://www.reiwa-hb-sch-and-res-gatr-fod.com/hiroshima/2026autumn/south-area/,https://www.reiwa-hb-sch-and-res-gatr-fod.com/hiroshima/2026autumn/south-area/,secondary_result_chronological_team_sequence,no,no
HPTR20260043,autumn,south,SGR000146,瀬戸内,HT20260081,2026-08-29,loser,PRIMARY,予選代表決定戦,HT20260216,2026-08-30,REPECHAGE,予選敗者戦2回戦,LOSS_PRIMARY_TO_REPECHAGE,E,E,no,,,https://www.reiwa-hb-sch-and-res-gatr-fod.com/hiroshima/2026autumn/south-area/,https://www.reiwa-hb-sch-and-res-gatr-fod.com/hiroshima/2026autumn/south-area/,secondary_result_chronological_team_sequence,no,no
HPTR20260044,autumn,south,SGR000146,瀬戸内,HT20260216,2026-08-30,winner,REPECHAGE,予選敗者戦2回戦,HT20260022,2026-09-05,REPECHAGE,予選敗者戦代表決定戦,WIN_REPECHAGE_TO_REPECHAGE,E,,no,HPE2026010,HR20260076,https://www.reiwa-hb-sch-and-res-gatr-fod.com/hiroshima/2026autumn/south-area/,https://www.reiwa-hb-sch-and-res-gatr-fod.com/hiroshima/2026autumn/south-area/,secondary_result_chronological_team_sequence,no,no
HPTR20260045,autumn,south,SGR000146,広島桜が丘,HT20260025,2026-08-22,winner,PRIMARY,予選1回戦,HT20260026,2026-08-23,PRIMARY,予選代表決定戦,WIN_PRIMARY_TO_PRIMARY,,,no,,,https://www.reiwa-hb-sch-and-res-gatr-fod.com/hiroshima/2026autumn/south-area/,https://www.reiwa-hb-sch-and-res-gatr-fod.com/hiroshima/2026autumn/south-area/,secondary_result_chronological_team_sequence,no,no
HPTR20260046,autumn,south,SGR000146,広島桜が丘,HT20260026,2026-08-23,loser,PRIMARY,予選代表決定戦,HT20260028,2026-08-30,REPECHAGE,予選敗者戦2回戦,LOSS_PRIMARY_TO_REPECHAGE,,,no,,,https://www.reiwa-hb-sch-and-res-gatr-fod.com/hiroshima/2026autumn/south-area/,https://www.reiwa-hb-sch-and-res-gatr-fod.com/hiroshima/2026autumn/south-area/,secondary_result_chronological_team_sequence,no,no
HPTR20260047,autumn,south,SGR000146,広島桜が丘,HT20260028,2026-08-30,winner,REPECHAGE,予選敗者戦2回戦,HT20260023,2026-09-05,REPECHAGE,予選敗者戦代表決定戦,WIN_REPECHAGE_TO_REPECHAGE,,,no,HPE2026009,HR20260075,https://www.reiwa-hb-sch-and-res-gatr-fod.com/hiroshima/2026autumn/south-area/,https://www.reiwa-hb-sch-and-res-gatr-fod.com/hiroshima/2026autumn/south-area/,secondary_result_chronological_team_sequence,no,no
HPTR20260048,autumn,south,SGR000146,広島国際学院,HT20260024,2026-08-22,winner,PRIMARY,予選1回戦,HT20260026,2026-08-23,PRIMARY,予選代表決定戦,WIN_PRIMARY_TO_PRIMARY,,,no,,,https://www.reiwa-hb-sch-and-res-gatr-fod.com/hiroshima/2026autumn/south-area/,https://www.reiwa-hb-sch-and-res-gatr-fod.com/hiroshima/2026autumn/south-area/,secondary_result_chronological_team_sequence,no,no
HPTR20260049,autumn,south,SGR000146,広島工,HT20260024,2026-08-22,loser,PRIMARY,予選1回戦,HT20260027,2026-08-23,REPECHAGE,予選敗者戦1回戦,LOSS_PRIMARY_TO_REPECHAGE,,,no,,,https://www.reiwa-hb-sch-and-res-gatr-fod.com/hiroshima/2026autumn/south-area/,https://www.reiwa-hb-sch-and-res-gatr-fod.com/hiroshima/2026autumn/south-area/,secondary_result_chronological_team_sequence,no,no
HPTR20260050,autumn,south,SGR000146,広島工,HT20260027,2026-08-23,winner,REPECHAGE,予選敗者戦1回戦,HT20260028,2026-08-30,REPECHAGE,予選敗者戦2回戦,WIN_REPECHAGE_TO_REPECHAGE,,,no,,,https://www.reiwa-hb-sch-and-res-gatr-fod.com/hiroshima/2026autumn/south-area/,https://www.reiwa-hb-sch-and-res-gatr-fod.com/hiroshima/2026autumn/south-area/,secondary_result_chronological_team_sequence,no,no
HPTR20260051,autumn,south,SGR000146,広,HT20260025,2026-08-22,loser,PRIMARY,予選1回戦,HT20260027,2026-08-23,REPECHAGE,予選敗者戦1回戦,LOSS_PRIMARY_TO_REPECHAGE,,,no,,,https://www.reiwa-hb-sch-and-res-gatr-fod.com/hiroshima/2026autumn/south-area/,https://www.reiwa-hb-sch-and-res-gatr-fod.com/hiroshima/2026autumn/south-area/,secondary_result_chronological_team_sequence,no,no
HPTR20260052,autumn,south,SGR000146,市立呉,HT20260029,2026-08-22,winner,PRIMARY,予選1回戦,HT20260030,2026-08-23,PRIMARY,予選代表決定戦,WIN_PRIMARY_TO_PRIMARY,,,no,,,https://www.reiwa-hb-sch-and-res-gatr-fod.com/hiroshima/2026autumn/south-area/,https://www.reiwa-hb-sch-and-res-gatr-fod.com/hiroshima/2026autumn/south-area/,secondary_result_chronological_team_sequence,no,no
HPTR20260053,autumn,south,SGR000146,呉商,HT20260029,2026-08-22,loser,PRIMARY,予選1回戦,HT20260206,2026-08-23,REPECHAGE,予選敗者戦1回戦,LOSS_PRIMARY_TO_REPECHAGE,,B,no,,,https://www.reiwa-hb-sch-and-res-gatr-fod.com/hiroshima/2026autumn/south-area/,https://www.reiwa-hb-sch-and-res-gatr-fod.com/hiroshima/2026autumn/south-area/,secondary_result_chronological_team_sequence,no,no
HPTR20260054,autumn,south,SGR000146,呉商,HT20260206,2026-08-23,winner,REPECHAGE,予選敗者戦1回戦,HT20260031,2026-08-30,REPECHAGE,予選敗者戦2回戦,WIN_REPECHAGE_TO_REPECHAGE,B,,no,,,https://www.reiwa-hb-sch-and-res-gatr-fod.com/hiroshima/2026autumn/south-area/,https://www.reiwa-hb-sch-and-res-gatr-fod.com/hiroshima/2026autumn/south-area/,secondary_result_chronological_team_sequence,no,no
HPTR20260055,spring,north,SGR000141,高陽東,HT20260117,2026-03-21,loser,PRIMARY,予選2回戦,HT20260115,2026-03-22,REPECHAGE,予選敗者戦1回戦,LOSS_PRIMARY_TO_REPECHAGE,B,B,no,,,https://www.reiwa-hb-sch-and-res-gatr-fod.com/hiroshima/2026spring/north-area/,https://www.reiwa-hb-sch-and-res-gatr-fod.com/hiroshima/2026spring/north-area/,secondary_result_chronological_team_sequence,no,no
HPTR20260056,spring,north,SGR000141,高陽東,HT20260115,2026-03-22,winner,REPECHAGE,予選敗者戦1回戦,HT20260114,2026-03-28,REPECHAGE,予選敗者戦2回戦,WIN_REPECHAGE_TO_REPECHAGE,B,B,no,,,https://www.reiwa-hb-sch-and-res-gatr-fod.com/hiroshima/2026spring/north-area/,https://www.reiwa-hb-sch-and-res-gatr-fod.com/hiroshima/2026spring/north-area/,secondary_result_chronological_team_sequence,no,no
HPTR20260057,spring,north,SGR000141,高陽東,HT20260114,2026-03-28,winner,REPECHAGE,予選敗者戦2回戦,HT20260032,2026-03-29,REPECHAGE,anchor_verified_decider,WIN_REPECHAGE_TO_REPECHAGE,B,,no,HPE2026005,HR20260018,https://www.reiwa-hb-sch-and-res-gatr-fod.com/hiroshima/2026spring/north-area/,https://www.reiwa-hb-sch-and-res-gatr-fod.com/hiroshima/2026spring/north-area/,secondary_result_chronological_team_sequence,no,no
HPTR20260058,spring,north,SGR000141,安西,HT20260121,2026-03-21,winner,PRIMARY,予選2回戦,HT20260065,2026-03-22,PRIMARY,予選代表決定戦,WIN_PRIMARY_TO_PRIMARY,C,C,no,,,https://www.reiwa-hb-sch-and-res-gatr-fod.com/hiroshima/2026spring/north-area/,https://www.reiwa-hb-sch-and-res-gatr-fod.com/hiroshima/2026spring/north-area/,secondary_result_chronological_team_sequence,no,no
HPTR20260059,spring,north,SGR000141,安西,HT20260065,2026-03-22,loser,PRIMARY,予選代表決定戦,HT20260118,2026-03-28,REPECHAGE,予選敗者戦2回戦,LOSS_PRIMARY_TO_REPECHAGE,C,C,no,,,https://www.reiwa-hb-sch-and-res-gatr-fod.com/hiroshima/2026spring/north-area/,https://www.reiwa-hb-sch-and-res-gatr-fod.com/hiroshima/2026spring/north-area/,secondary_result_chronological_team_sequence,no,no
HPTR20260060,spring,north,SGR000141,安西,HT20260118,2026-03-28,winner,REPECHAGE,予選敗者戦2回戦,HT20260032,2026-03-29,REPECHAGE,anchor_verified_decider,WIN_REPECHAGE_TO_REPECHAGE,C,,no,HPE2026005,HR20260018,https://www.reiwa-hb-sch-and-res-gatr-fod.com/hiroshima/2026spring/north-area/,https://www.reiwa-hb-sch-and-res-gatr-fod.com/hiroshima/2026spring/north-area/,secondary_result_chronological_team_sequence,no,no
HPTR20260061,spring,north,SGR000141,安西,HT20260032,2026-03-29,loser,REPECHAGE,anchor_verified_decider,HT20260067,2026-04-05,REPECHAGE,予選敗者戦代表決定戦,LOSS_REPECHAGE_TO_REPECHAGE,,D,no,HPE2026006,HR20260019,https://www.reiwa-hb-sch-and-res-gatr-fod.com/hiroshima/2026spring/north-area/,https://www.reiwa-hb-sch-and-res-gatr-fod.com/hiroshima/2026spring/north-area/,secondary_result_chronological_team_sequence,no,no
HPTR20260062,spring,south,SGR000142,広島市工,HT20260133,2026-03-21,winner,PRIMARY,予選1回戦,HT20260047,2026-03-22,PRIMARY,予選代表決定戦,WIN_PRIMARY_TO_PRIMARY,B,B,no,,,https://www.reiwa-hb-sch-and-res-gatr-fod.com/hiroshima/2026spring/south-area/,https://www.reiwa-hb-sch-and-res-gatr-fod.com/hiroshima/2026spring/south-area/,secondary_result_chronological_team_sequence,no,no
HPTR20260063,spring,south,SGR000142,広島市工,HT20260047,2026-03-22,loser,PRIMARY,予選代表決定戦,HT20260130,2026-03-29,REPECHAGE,予選敗者戦2回戦,LOSS_PRIMARY_TO_REPECHAGE,B,B,no,,,https://www.reiwa-hb-sch-and-res-gatr-fod.com/hiroshima/2026spring/south-area/,https://www.reiwa-hb-sch-and-res-gatr-fod.com/hiroshima/2026spring/south-area/,secondary_result_chronological_team_sequence,no,no
HPTR20260064,spring,south,SGR000142,広島市工,HT20260130,2026-03-29,winner,REPECHAGE,予選敗者戦2回戦,HT20260033,2026-04-05,REPECHAGE,anchor_verified_decider,WIN_REPECHAGE_TO_REPECHAGE,B,,no,HPE2026002,HR20260032,https://www.reiwa-hb-sch-and-res-gatr-fod.com/hiroshima/2026spring/south-area/,https://www.reiwa-hb-sch-and-res-gatr-fod.com/hiroshima/2026spring/south-area/,secondary_result_chronological_team_sequence,no,no
HPTR20260065,spring,south,SGR000142,広島桜が丘,HT20260129,2026-03-21,winner,PRIMARY,予選1回戦,HT20260046,2026-03-22,PRIMARY,予選代表決定戦,WIN_PRIMARY_TO_PRIMARY,A,A,no,,,https://www.reiwa-hb-sch-and-res-gatr-fod.com/hiroshima/2026spring/south-area/,https://www.reiwa-hb-sch-and-res-gatr-fod.com/hiroshima/2026spring/south-area/,secondary_result_chronological_team_sequence,no,no
HPTR20260066,spring,south,SGR000142,広島桜が丘,HT20260046,2026-03-22,loser,PRIMARY,予選代表決定戦,HT20260126,2026-03-29,REPECHAGE,予選敗者戦2回戦,LOSS_PRIMARY_TO_REPECHAGE,A,A,no,,,https://www.reiwa-hb-sch-and-res-gatr-fod.com/hiroshima/2026spring/south-area/,https://www.reiwa-hb-sch-and-res-gatr-fod.com/hiroshima/2026spring/south-area/,secondary_result_chronological_team_sequence,no,no
HPTR20260067,spring,south,SGR000142,広島桜が丘,HT20260126,2026-03-29,winner,REPECHAGE,予選敗者戦2回戦,HT20260033,2026-04-05,REPECHAGE,anchor_verified_decider,WIN_REPECHAGE_TO_REPECHAGE,A,,no,HPE2026002,HR20260032,https://www.reiwa-hb-sch-and-res-gatr-fod.com/hiroshima/2026spring/south-area/,https://www.reiwa-hb-sch-and-res-gatr-fod.com/hiroshima/2026spring/south-area/,secondary_result_chronological_team_sequence,no,no
HPTR20260068,spring,east,SGR000143,近大福山,HT20260151,2026-03-22,loser,PRIMARY,予選2回戦,HT20260150,2026-03-28,REPECHAGE,予選敗者戦2回戦,LOSS_PRIMARY_TO_REPECHAGE,A,A,no,,,https://www.reiwa-hb-sch-and-res-gatr-fod.com/hiroshima/2026spring/east-area/,https://www.reiwa-hb-sch-and-res-gatr-fod.com/hiroshima/2026spring/east-area/,secondary_result_chronological_team_sequence,no,no
HPTR20260069,spring,east,SGR000143,近大福山,HT20260150,2026-03-28,winner,REPECHAGE,予選敗者戦2回戦,HT20260034,2026-03-29,REPECHAGE,anchor_verified_decider,WIN_REPECHAGE_TO_REPECHAGE,A,,no,,,https://www.reiwa-hb-sch-and-res-gatr-fod.com/hiroshima/2026spring/east-area/,https://www.reiwa-hb-sch-and-res-gatr-fod.com/hiroshima/2026spring/east-area/,secondary_result_chronological_team_sequence,no,no
HPTR20260070,spring,east,SGR000143,尾道東,HT20260154,2026-03-21,winner,PRIMARY,予選2回戦,HT20260038,2026-03-28,PRIMARY,予選代表決定戦,WIN_PRIMARY_TO_PRIMARY,A,A,no,,,https://www.reiwa-hb-sch-and-res-gatr-fod.com/hiroshima/2026spring/east-area/,https://www.reiwa-hb-sch-and-res-gatr-fod.com/hiroshima/2026spring/east-area/,secondary_result_chronological_team_sequence,no,no
HPTR20260071,spring,east,SGR000143,尾道東,HT20260038,2026-03-28,loser,PRIMARY,予選代表決定戦,HT20260034,2026-03-29,REPECHAGE,anchor_verified_decider,LOSS_PRIMARY_TO_REPECHAGE,A,,no,,,https://www.reiwa-hb-sch-and-res-gatr-fod.com/hiroshima/2026spring/east-area/,https://www.reiwa-hb-sch-and-res-gatr-fod.com/hiroshima/2026spring/east-area/,secondary_result_chronological_team_sequence,no,no
HPTR20260072,autumn,west,SGR000144,広島井口,HT20260175,2026-08-22,winner,PRIMARY,予選1回戦,HT20260173,2026-08-23,PRIMARY,予選2回戦,WIN_PRIMARY_TO_PRIMARY,A,A,no,,,https://www.reiwa-hb-sch-and-res-gatr-fod.com/hiroshima/2026autumn/west-area/,https://www.reiwa-hb-sch-and-res-gatr-fod.com/hiroshima/2026autumn/west-area/,secondary_result_chronological_team_sequence,no,no
HPTR20260073,autumn,west,SGR000144,広島井口,HT20260173,2026-08-23,loser,PRIMARY,予選2回戦,HT20260172,2026-08-29,REPECHAGE,予選敗者戦2回戦,LOSS_PRIMARY_TO_REPECHAGE,A,A,no,,,https://www.reiwa-hb-sch-and-res-gatr-fod.com/hiroshima/2026autumn/west-area/,https://www.reiwa-hb-sch-and-res-gatr-fod.com/hiroshima/2026autumn/west-area/,secondary_result_chronological_team_sequence,no,no
HPTR20260074,autumn,west,SGR000144,広島井口,HT20260172,2026-08-29,winner,REPECHAGE,予選敗者戦2回戦,HT20260035,2026-08-30,REPECHAGE,anchor_verified_decider,WIN_REPECHAGE_TO_REPECHAGE,A,,no,,,https://www.reiwa-hb-sch-and-res-gatr-fod.com/hiroshima/2026autumn/west-area/,https://www.reiwa-hb-sch-and-res-gatr-fod.com/hiroshima/2026autumn/west-area/,secondary_result_chronological_team_sequence,no,no
HPTR20260075,autumn,west,SGR000144,宮島工,HT20260176,2026-08-22,winner,PRIMARY,予選2回戦,HT20260068,2026-08-29,PRIMARY,予選代表決定戦,WIN_PRIMARY_TO_PRIMARY,A,A,no,,,https://www.reiwa-hb-sch-and-res-gatr-fod.com/hiroshima/2026autumn/west-area/,https://www.reiwa-hb-sch-and-res-gatr-fod.com/hiroshima/2026autumn/west-area/,secondary_result_chronological_team_sequence,no,no
HPTR20260076,autumn,west,SGR000144,宮島工,HT20260068,2026-08-29,loser,PRIMARY,予選代表決定戦,HT20260035,2026-08-30,REPECHAGE,anchor_verified_decider,LOSS_PRIMARY_TO_REPECHAGE,A,,no,,,https://www.reiwa-hb-sch-and-res-gatr-fod.com/hiroshima/2026autumn/west-area/,https://www.reiwa-hb-sch-and-res-gatr-fod.com/hiroshima/2026autumn/west-area/,secondary_result_chronological_team_sequence,no,no
HPTR20260077,autumn,north,SGR000145,三次,HT20260194,2026-08-22,winner,PRIMARY,予選1回戦,HT20260074,2026-08-23,PRIMARY,予選代表決定戦,WIN_PRIMARY_TO_PRIMARY,A,A,no,,,https://www.reiwa-hb-sch-and-res-gatr-fod.com/hiroshima/2026autumn/north-area/,https://www.reiwa-hb-sch-and-res-gatr-fod.com/hiroshima/2026autumn/north-area/,secondary_result_chronological_team_sequence,no,no
HPTR20260078,autumn,north,SGR000145,三次,HT20260074,2026-08-23,loser,PRIMARY,予選代表決定戦,HT20260190,2026-08-29,REPECHAGE,予選敗者戦2回戦,LOSS_PRIMARY_TO_REPECHAGE,A,A,no,,,https://www.reiwa-hb-sch-and-res-gatr-fod.com/hiroshima/2026autumn/north-area/,https://www.reiwa-hb-sch-and-res-gatr-fod.com/hiroshima/2026autumn/north-area/,secondary_result_chronological_team_sequence,no,no
HPTR20260079,autumn,north,SGR000145,三次,HT20260190,2026-08-29,winner,REPECHAGE,予選敗者戦2回戦,HT20260036,2026-08-30,REPECHAGE,anchor_verified_decider,WIN_REPECHAGE_TO_REPECHAGE,A,,no,HPE2026014,HR20260061,https://www.reiwa-hb-sch-and-res-gatr-fod.com/hiroshima/2026autumn/north-area/,https://www.reiwa-hb-sch-and-res-gatr-fod.com/hiroshima/2026autumn/north-area/,secondary_result_chronological_team_sequence,no,no
HPTR20260080,autumn,north,SGR000145,上下,HT20260196,2026-08-22,loser,PRIMARY,予選1回戦,HT20260193,2026-08-23,REPECHAGE,予選敗者戦1回戦,LOSS_PRIMARY_TO_REPECHAGE,B,B,no,,,https://www.reiwa-hb-sch-and-res-gatr-fod.com/hiroshima/2026autumn/north-area/,https://www.reiwa-hb-sch-and-res-gatr-fod.com/hiroshima/2026autumn/north-area/,secondary_result_chronological_team_sequence,no,no
HPTR20260081,autumn,north,SGR000145,上下,HT20260193,2026-08-23,winner,REPECHAGE,予選敗者戦1回戦,HT20260191,2026-08-29,REPECHAGE,予選敗者戦2回戦,WIN_REPECHAGE_TO_REPECHAGE,B,B,no,,,https://www.reiwa-hb-sch-and-res-gatr-fod.com/hiroshima/2026autumn/north-area/,https://www.reiwa-hb-sch-and-res-gatr-fod.com/hiroshima/2026autumn/north-area/,secondary_result_chronological_team_sequence,no,no
HPTR20260082,autumn,north,SGR000145,上下,HT20260191,2026-08-29,winner,REPECHAGE,予選敗者戦2回戦,HT20260036,2026-08-30,REPECHAGE,anchor_verified_decider,WIN_REPECHAGE_TO_REPECHAGE,B,,no,HPE2026014,HR20260061,https://www.reiwa-hb-sch-and-res-gatr-fod.com/hiroshima/2026autumn/north-area/,https://www.reiwa-hb-sch-and-res-gatr-fod.com/hiroshima/2026autumn/north-area/,secondary_result_chronological_team_sequence,no,no
HPTR20260083,autumn,east,SGR000147,神辺旭,HT20260104,2026-08-22,winner,PRIMARY,予選2回戦,HT20260059,2026-08-23,PRIMARY,予選代表決定戦,WIN_PRIMARY_TO_PRIMARY,D,D,no,,,https://www.reiwa-hb-sch-and-res-gatr-fod.com/hiroshima/2026autumn/east-area/,https://www.reiwa-hb-sch-and-res-gatr-fod.com/hiroshima/2026autumn/east-area/,secondary_result_chronological_team_sequence,no,no
HPTR20260084,autumn,east,SGR000147,神辺旭,HT20260059,2026-08-23,loser,PRIMARY,予選代表決定戦,HT20260101,2026-08-29,REPECHAGE,予選敗者戦2回戦,LOSS_PRIMARY_TO_REPECHAGE,D,D,no,,,https://www.reiwa-hb-sch-and-res-gatr-fod.com/hiroshima/2026autumn/east-area/,https://www.reiwa-hb-sch-and-res-gatr-fod.com/hiroshima/2026autumn/east-area/,secondary_result_chronological_team_sequence,no,no
HPTR20260085,autumn,east,SGR000147,神辺旭,HT20260101,2026-08-29,winner,REPECHAGE,予選敗者戦2回戦,HT20260061,2026-08-30,REPECHAGE,予選敗者戦代表決定戦,WIN_REPECHAGE_TO_REPECHAGE,D,E,yes,,,https://www.reiwa-hb-sch-and-res-gatr-fod.com/hiroshima/2026autumn/east-area/,https://www.reiwa-hb-sch-and-res-gatr-fod.com/hiroshima/2026autumn/east-area/,secondary_result_chronological_team_sequence,no,no
HPTR20260086,autumn,east,SGR000147,神辺旭,HT20260061,2026-08-30,loser,REPECHAGE,予選敗者戦代表決定戦,HT20260037,2026-09-05,REPECHAGE,anchor_verified_decider,LOSS_REPECHAGE_TO_REPECHAGE,E,,no,HPE2026013,HR20260087,https://www.reiwa-hb-sch-and-res-gatr-fod.com/hiroshima/2026autumn/east-area/,https://www.reiwa-hb-sch-and-res-gatr-fod.com/hiroshima/2026autumn/east-area/,secondary_result_chronological_team_sequence,no,no
HPTR20260087,autumn,east,SGR000147,英数学館,HT20260099,2026-08-22,loser,PRIMARY,予選2回戦,HT20260098,2026-08-23,REPECHAGE,予選敗者戦1回戦,LOSS_PRIMARY_TO_REPECHAGE,C,C,no,,,https://www.reiwa-hb-sch-and-res-gatr-fod.com/hiroshima/2026autumn/east-area/,https://www.reiwa-hb-sch-and-res-gatr-fod.com/hiroshima/2026autumn/east-area/,secondary_result_chronological_team_sequence,no,no
HPTR20260088,autumn,east,SGR000147,英数学館,HT20260098,2026-08-23,winner,REPECHAGE,予選敗者戦1回戦,HT20260097,2026-08-29,REPECHAGE,予選敗者戦2回戦,WIN_REPECHAGE_TO_REPECHAGE,C,C,no,,,https://www.reiwa-hb-sch-and-res-gatr-fod.com/hiroshima/2026autumn/east-area/,https://www.reiwa-hb-sch-and-res-gatr-fod.com/hiroshima/2026autumn/east-area/,secondary_result_chronological_team_sequence,no,no
HPTR20260089,autumn,east,SGR000147,英数学館,HT20260097,2026-08-29,winner,REPECHAGE,予選敗者戦2回戦,HT20260057,2026-08-30,REPECHAGE,予選敗者戦代表決定戦,WIN_REPECHAGE_TO_REPECHAGE,C,B,yes,,,https://www.reiwa-hb-sch-and-res-gatr-fod.com/hiroshima/2026autumn/east-area/,https://www.reiwa-hb-sch-and-res-gatr-fod.com/hiroshima/2026autumn/east-area/,secondary_result_chronological_team_sequence,no,no
HPTR20260090,autumn,east,SGR000147,英数学館,HT20260057,2026-08-30,loser,REPECHAGE,予選敗者戦代表決定戦,HT20260037,2026-09-05,REPECHAGE,anchor_verified_decider,LOSS_REPECHAGE_TO_REPECHAGE,B,,no,HPE2026013,HR20260087,https://www.reiwa-hb-sch-and-res-gatr-fod.com/hiroshima/2026autumn/east-area/,https://www.reiwa-hb-sch-and-res-gatr-fod.com/hiroshima/2026autumn/east-area/,secondary_result_chronological_team_sequence,no,no
HPTR20260091,spring,east,SGR000143,福山工,HT20260153,2026-03-21,winner,PRIMARY,予選1回戦,HT20260151,2026-03-22,PRIMARY,予選2回戦,WIN_PRIMARY_TO_PRIMARY,A,A,no,,,https://www.reiwa-hb-sch-and-res-gatr-fod.com/hiroshima/2026spring/east-area/,https://www.reiwa-hb-sch-and-res-gatr-fod.com/hiroshima/2026spring/east-area/,secondary_result_chronological_team_sequence,no,no
HPTR20260092,spring,east,SGR000143,福山工,HT20260151,2026-03-22,winner,PRIMARY,予選2回戦,HT20260038,2026-03-28,PRIMARY,予選代表決定戦,WIN_PRIMARY_TO_PRIMARY,A,A,no,,,https://www.reiwa-hb-sch-and-res-gatr-fod.com/hiroshima/2026spring/east-area/,https://www.reiwa-hb-sch-and-res-gatr-fod.com/hiroshima/2026spring/east-area/,secondary_result_chronological_team_sequence,no,no
HPTR20260093,spring,east,SGR000143,如水館,HT20260156,2026-03-22,winner,PRIMARY,予選2回戦,HT20260039,2026-03-28,PRIMARY,予選代表決定戦,WIN_PRIMARY_TO_PRIMARY,B,B,no,,,https://www.reiwa-hb-sch-and-res-gatr-fod.com/hiroshima/2026spring/east-area/,https://www.reiwa-hb-sch-and-res-gatr-fod.com/hiroshima/2026spring/east-area/,secondary_result_chronological_team_sequence,no,no
HPTR20260094,spring,east,SGR000143,神辺旭,HT20260159,2026-03-21,winner,PRIMARY,予選2回戦,HT20260039,2026-03-28,PRIMARY,予選代表決定戦,WIN_PRIMARY_TO_PRIMARY,B,B,no,,,https://www.reiwa-hb-sch-and-res-gatr-fod.com/hiroshima/2026spring/east-area/,https://www.reiwa-hb-sch-and-res-gatr-fod.com/hiroshima/2026spring/east-area/,secondary_result_chronological_team_sequence,no,no
HPTR20260095,spring,east,SGR000143,神辺旭,HT20260039,2026-03-28,loser,PRIMARY,予選代表決定戦,HT20260040,2026-03-29,REPECHAGE,予選敗者戦代表決定戦,LOSS_PRIMARY_TO_REPECHAGE,B,B,no,,,https://www.reiwa-hb-sch-and-res-gatr-fod.com/hiroshima/2026spring/east-area/,https://www.reiwa-hb-sch-and-res-gatr-fod.com/hiroshima/2026spring/east-area/,secondary_result_chronological_team_sequence,no,no
HPTR20260096,spring,east,SGR000143,戸手,HT20260158,2026-03-21,winner,PRIMARY,予選1回戦,HT20260156,2026-03-22,PRIMARY,予選2回戦,WIN_PRIMARY_TO_PRIMARY,B,B,no,,,https://www.reiwa-hb-sch-and-res-gatr-fod.com/hiroshima/2026spring/east-area/,https://www.reiwa-hb-sch-and-res-gatr-fod.com/hiroshima/2026spring/east-area/,secondary_result_chronological_team_sequence,no,no
HPTR20260097,spring,east,SGR000143,戸手,HT20260156,2026-03-22,loser,PRIMARY,予選2回戦,HT20260155,2026-03-28,REPECHAGE,予選敗者戦2回戦,LOSS_PRIMARY_TO_REPECHAGE,B,B,no,,,https://www.reiwa-hb-sch-and-res-gatr-fod.com/hiroshima/2026spring/east-area/,https://www.reiwa-hb-sch-and-res-gatr-fod.com/hiroshima/2026spring/east-area/,secondary_result_chronological_team_sequence,no,no
HPTR20260098,spring,east,SGR000143,戸手,HT20260155,2026-03-28,winner,REPECHAGE,予選敗者戦2回戦,HT20260040,2026-03-29,REPECHAGE,予選敗者戦代表決定戦,WIN_REPECHAGE_TO_REPECHAGE,B,B,no,,,https://www.reiwa-hb-sch-and-res-gatr-fod.com/hiroshima/2026spring/east-area/,https://www.reiwa-hb-sch-and-res-gatr-fod.com/hiroshima/2026spring/east-area/,secondary_result_chronological_team_sequence,no,no
HPTR20260099,spring,east,SGR000143,尾道,HT20260162,2026-03-21,winner,PRIMARY,予選2回戦,HT20260041,2026-03-22,PRIMARY,予選代表決定戦,WIN_PRIMARY_TO_PRIMARY,C,C,no,,,https://www.reiwa-hb-sch-and-res-gatr-fod.com/hiroshima/2026spring/east-area/,https://www.reiwa-hb-sch-and-res-gatr-fod.com/hiroshima/2026spring/east-area/,secondary_result_chronological_team_sequence,no,no
HPTR20260100,spring,east,SGR000143,福山誠之館,HT20260163,2026-03-21,winner,PRIMARY,予選2回戦,HT20260041,2026-03-22,PRIMARY,予選代表決定戦,WIN_PRIMARY_TO_PRIMARY,C,C,no,,,https://www.reiwa-hb-sch-and-res-gatr-fod.com/hiroshima/2026spring/east-area/,https://www.reiwa-hb-sch-and-res-gatr-fod.com/hiroshima/2026spring/east-area/,secondary_result_chronological_team_sequence,no,no
HPTR20260101,spring,east,SGR000143,福山誠之館,HT20260041,2026-03-22,loser,PRIMARY,予選代表決定戦,HT20260160,2026-03-28,REPECHAGE,予選敗者戦2回戦,LOSS_PRIMARY_TO_REPECHAGE,C,C,no,,,https://www.reiwa-hb-sch-and-res-gatr-fod.com/hiroshima/2026spring/east-area/,https://www.reiwa-hb-sch-and-res-gatr-fod.com/hiroshima/2026spring/east-area/,secondary_result_chronological_team_sequence,no,no
HPTR20260102,spring,east,SGR000143,福山,HT20260163,2026-03-21,loser,PRIMARY,予選2回戦,HT20260161,2026-03-22,REPECHAGE,予選敗者戦1回戦,LOSS_PRIMARY_TO_REPECHAGE,C,C,no,,,https://www.reiwa-hb-sch-and-res-gatr-fod.com/hiroshima/2026spring/east-area/,https://www.reiwa-hb-sch-and-res-gatr-fod.com/hiroshima/2026spring/east-area/,secondary_result_chronological_team_sequence,no,no
HPTR20260103,spring,east,SGR000143,福山,HT20260161,2026-03-22,winner,REPECHAGE,予選敗者戦1回戦,HT20260160,2026-03-28,REPECHAGE,予選敗者戦2回戦,WIN_REPECHAGE_TO_REPECHAGE,C,C,no,,,https://www.reiwa-hb-sch-and-res-gatr-fod.com/hiroshima/2026spring/east-area/,https://www.reiwa-hb-sch-and-res-gatr-fod.com/hiroshima/2026spring/east-area/,secondary_result_chronological_team_sequence,no,no
HPTR20260104,spring,east,SGR000143,福山,HT20260160,2026-03-28,winner,REPECHAGE,予選敗者戦2回戦,HT20260042,2026-03-29,REPECHAGE,予選敗者戦代表決定戦,WIN_REPECHAGE_TO_REPECHAGE,C,C,no,,,https://www.reiwa-hb-sch-and-res-gatr-fod.com/hiroshima/2026spring/east-area/,https://www.reiwa-hb-sch-and-res-gatr-fod.com/hiroshima/2026spring/east-area/,secondary_result_chronological_team_sequence,no,no
HPTR20260105,spring,east,SGR000143,総合技術,HT20260167,2026-03-21,winner,PRIMARY,予選2回戦,HT20260043,2026-03-22,PRIMARY,予選代表決定戦,WIN_PRIMARY_TO_PRIMARY,D,D,no,,,https://www.reiwa-hb-sch-and-res-gatr-fod.com/hiroshima/2026spring/east-area/,https://www.reiwa-hb-sch-and-res-gatr-fod.com/hiroshima/2026spring/east-area/,secondary_result_chronological_team_sequence,no,no
HPTR20260106,spring,east,SGR000143,総合技術,HT20260043,2026-03-22,loser,PRIMARY,予選代表決定戦,HT20260164,2026-03-28,REPECHAGE,予選敗者戦2回戦,LOSS_PRIMARY_TO_REPECHAGE,D,D,no,,,https://www.reiwa-hb-sch-and-res-gatr-fod.com/hiroshima/2026spring/east-area/,https://www.reiwa-hb-sch-and-res-gatr-fod.com/hiroshima/2026spring/east-area/,secondary_result_chronological_team_sequence,no,no
HPTR20260107,spring,east,SGR000143,総合技術,HT20260164,2026-03-28,winner,REPECHAGE,予選敗者戦2回戦,HT20260042,2026-03-29,REPECHAGE,予選敗者戦代表決定戦,WIN_REPECHAGE_TO_REPECHAGE,D,C,yes,,,https://www.reiwa-hb-sch-and-res-gatr-fod.com/hiroshima/2026spring/east-area/,https://www.reiwa-hb-sch-and-res-gatr-fod.com/hiroshima/2026spring/east-area/,secondary_result_chronological_team_sequence,no,no
HPTR20260108,spring,east,SGR000143,総合技術,HT20260042,2026-03-29,loser,REPECHAGE,予選敗者戦代表決定戦,HT20260044,2026-04-05,REPECHAGE,予選敗者戦代表決定戦,LOSS_REPECHAGE_TO_REPECHAGE,C,D,yes,HPE2026007,HR20260043,https://www.reiwa-hb-sch-and-res-gatr-fod.com/hiroshima/2026spring/east-area/,https://www.reiwa-hb-sch-and-res-gatr-fod.com/hiroshima/2026spring/east-area/,secondary_result_chronological_team_sequence,no,no
HPTR20260109,spring,east,SGR000143,盈進,HT20260166,2026-03-21,winner,PRIMARY,予選2回戦,HT20260043,2026-03-22,PRIMARY,予選代表決定戦,WIN_PRIMARY_TO_PRIMARY,D,D,no,,,https://www.reiwa-hb-sch-and-res-gatr-fod.com/hiroshima/2026spring/east-area/,https://www.reiwa-hb-sch-and-res-gatr-fod.com/hiroshima/2026spring/east-area/,secondary_result_chronological_team_sequence,no,no
HPTR20260110,spring,east,SGR000143,大門,HT20260171,2026-03-21,winner,PRIMARY,予選2回戦,HT20260045,2026-03-22,PRIMARY,予選代表決定戦,WIN_PRIMARY_TO_PRIMARY,E,E,no,,,https://www.reiwa-hb-sch-and-res-gatr-fod.com/hiroshima/2026spring/east-area/,https://www.reiwa-hb-sch-and-res-gatr-fod.com/hiroshima/2026spring/east-area/,secondary_result_chronological_team_sequence,no,no
HPTR20260111,spring,east,SGR000143,大門,HT20260045,2026-03-22,loser,PRIMARY,予選代表決定戦,HT20260168,2026-03-28,REPECHAGE,予選敗者戦2回戦,LOSS_PRIMARY_TO_REPECHAGE,E,E,no,,,https://www.reiwa-hb-sch-and-res-gatr-fod.com/hiroshima/2026spring/east-area/,https://www.reiwa-hb-sch-and-res-gatr-fod.com/hiroshima/2026spring/east-area/,secondary_result_chronological_team_sequence,no,no
HPTR20260112,spring,east,SGR000143,大門,HT20260168,2026-03-28,winner,REPECHAGE,予選敗者戦2回戦,HT20260044,2026-04-05,REPECHAGE,予選敗者戦代表決定戦,WIN_REPECHAGE_TO_REPECHAGE,E,D,yes,HPE2026007,HR20260043,https://www.reiwa-hb-sch-and-res-gatr-fod.com/hiroshima/2026spring/east-area/,https://www.reiwa-hb-sch-and-res-gatr-fod.com/hiroshima/2026spring/east-area/,secondary_result_chronological_team_sequence,no,no
HPTR20260113,spring,east,SGR000143,尾道商,HT20260170,2026-03-21,winner,PRIMARY,予選2回戦,HT20260045,2026-03-22,PRIMARY,予選代表決定戦,WIN_PRIMARY_TO_PRIMARY,E,E,no,,,https://www.reiwa-hb-sch-and-res-gatr-fod.com/hiroshima/2026spring/east-area/,https://www.reiwa-hb-sch-and-res-gatr-fod.com/hiroshima/2026spring/east-area/,secondary_result_chronological_team_sequence,no,no
HPTR20260114,spring,south,SGR000142,瀬戸内,HT20260128,2026-03-21,winner,PRIMARY,予選1回戦,HT20260046,2026-03-22,PRIMARY,予選代表決定戦,WIN_PRIMARY_TO_PRIMARY,A,A,no,,,https://www.reiwa-hb-sch-and-res-gatr-fod.com/hiroshima/2026spring/south-area/,https://www.reiwa-hb-sch-and-res-gatr-fod.com/hiroshima/2026spring/south-area/,secondary_result_chronological_team_sequence,no,no
HPTR20260115,spring,south,SGR000142,呉港,HT20260132,2026-03-21,winner,PRIMARY,予選1回戦,HT20260047,2026-03-22,PRIMARY,予選代表決定戦,WIN_PRIMARY_TO_PRIMARY,B,B,no,,,https://www.reiwa-hb-sch-and-res-gatr-fod.com/hiroshima/2026spring/south-area/,https://www.reiwa-hb-sch-and-res-gatr-fod.com/hiroshima/2026spring/south-area/,secondary_result_chronological_team_sequence,no,no
HPTR20260116,spring,south,SGR000142,海田,HT20260136,2026-03-21,winner,PRIMARY,予選1回戦,HT20260048,2026-03-28,PRIMARY,予選代表決定戦,WIN_PRIMARY_TO_PRIMARY,C,C,no,,,https://www.reiwa-hb-sch-and-res-gatr-fod.com/hiroshima/2026spring/south-area/,https://www.reiwa-hb-sch-and-res-gatr-fod.com/hiroshima/2026spring/south-area/,secondary_result_chronological_team_sequence,no,no
HPTR20260117,spring,south,SGR000142,安芸南,HT20260137,2026-03-21,winner,PRIMARY,予選1回戦,HT20260048,2026-03-28,PRIMARY,予選代表決定戦,WIN_PRIMARY_TO_PRIMARY,C,C,no,,,https://www.reiwa-hb-sch-and-res-gatr-fod.com/hiroshima/2026spring/south-area/,https://www.reiwa-hb-sch-and-res-gatr-fod.com/hiroshima/2026spring/south-area/,secondary_result_chronological_team_sequence,no,no
HPTR20260118,spring,south,SGR000142,安芸南,HT20260048,2026-03-28,loser,PRIMARY,予選代表決定戦,HT20260134,2026-03-29,REPECHAGE,予選敗者戦2回戦,LOSS_PRIMARY_TO_REPECHAGE,C,C,no,,,https://www.reiwa-hb-sch-and-res-gatr-fod.com/hiroshima/2026spring/south-area/,https://www.reiwa-hb-sch-and-res-gatr-fod.com/hiroshima/2026spring/south-area/,secondary_result_chronological_team_sequence,no,no
HPTR20260119,spring,south,SGR000142,安芸南,HT20260134,2026-03-29,winner,REPECHAGE,予選敗者戦2回戦,HT20260050,2026-04-05,REPECHAGE,予選敗者戦代表決定戦,WIN_REPECHAGE_TO_REPECHAGE,C,D,yes,HPE2026003,HR20260033,https://www.reiwa-hb-sch-and-res-gatr-fod.com/hiroshima/2026spring/south-area/,https://www.reiwa-hb-sch-and-res-gatr-fod.com/hiroshima/2026spring/south-area/,secondary_result_chronological_team_sequence,no,no
HPTR20260120,spring,south,SGR000142,広島国際学院,HT20260140,2026-03-21,winner,PRIMARY,予選1回戦,HT20260049,2026-03-28,PRIMARY,予選代表決定戦,WIN_PRIMARY_TO_PRIMARY,D,D,no,,,https://www.reiwa-hb-sch-and-res-gatr-fod.com/hiroshima/2026spring/south-area/,https://www.reiwa-hb-sch-and-res-gatr-fod.com/hiroshima/2026spring/south-area/,secondary_result_chronological_team_sequence,no,no
HPTR20260121,spring,south,SGR000142,安芸府中,HT20260141,2026-03-21,winner,PRIMARY,予選1回戦,HT20260049,2026-03-28,PRIMARY,予選代表決定戦,WIN_PRIMARY_TO_PRIMARY,D,D,no,,,https://www.reiwa-hb-sch-and-res-gatr-fod.com/hiroshima/2026spring/south-area/,https://www.reiwa-hb-sch-and-res-gatr-fod.com/hiroshima/2026spring/south-area/,secondary_result_chronological_team_sequence,no,no
HPTR20260122,spring,south,SGR000142,安芸府中,HT20260049,2026-03-28,loser,PRIMARY,予選代表決定戦,HT20260138,2026-03-29,REPECHAGE,予選敗者戦2回戦,LOSS_PRIMARY_TO_REPECHAGE,D,D,no,,,https://www.reiwa-hb-sch-and-res-gatr-fod.com/hiroshima/2026spring/south-area/,https://www.reiwa-hb-sch-and-res-gatr-fod.com/hiroshima/2026spring/south-area/,secondary_result_chronological_team_sequence,no,no
HPTR20260123,spring,south,SGR000142,安芸府中,HT20260138,2026-03-29,winner,REPECHAGE,予選敗者戦2回戦,HT20260050,2026-04-05,REPECHAGE,予選敗者戦代表決定戦,WIN_REPECHAGE_TO_REPECHAGE,D,D,no,HPE2026003,HR20260033,https://www.reiwa-hb-sch-and-res-gatr-fod.com/hiroshima/2026spring/south-area/,https://www.reiwa-hb-sch-and-res-gatr-fod.com/hiroshima/2026spring/south-area/,secondary_result_chronological_team_sequence,no,no
HPTR20260124,spring,south,SGR000142,広島工,HT20260145,2026-03-22,winner,PRIMARY,予選1回戦,HT20260051,2026-03-28,PRIMARY,予選代表決定戦,WIN_PRIMARY_TO_PRIMARY,E,E,no,,,https://www.reiwa-hb-sch-and-res-gatr-fod.com/hiroshima/2026spring/south-area/,https://www.reiwa-hb-sch-and-res-gatr-fod.com/hiroshima/2026spring/south-area/,secondary_result_chronological_team_sequence,no,no
HPTR20260125,spring,south,SGR000142,西条農,HT20260144,2026-03-22,winner,PRIMARY,予選1回戦,HT20260051,2026-03-28,PRIMARY,予選代表決定戦,WIN_PRIMARY_TO_PRIMARY,E,E,no,,,https://www.reiwa-hb-sch-and-res-gatr-fod.com/hiroshima/2026spring/south-area/,https://www.reiwa-hb-sch-and-res-gatr-fod.com/hiroshima/2026spring/south-area/,secondary_result_chronological_team_sequence,no,no
HPTR20260126,spring,south,SGR000142,西条農,HT20260051,2026-03-28,loser,PRIMARY,予選代表決定戦,HT20260142,2026-03-29,REPECHAGE,予選敗者戦2回戦,LOSS_PRIMARY_TO_REPECHAGE,E,E,no,,,https://www.reiwa-hb-sch-and-res-gatr-fod.com/hiroshima/2026spring/south-area/,https://www.reiwa-hb-sch-and-res-gatr-fod.com/hiroshima/2026spring/south-area/,secondary_result_chronological_team_sequence,no,no
HPTR20260127,spring,south,SGR000142,市立呉,HT20260148,2026-03-22,winner,PRIMARY,予選1回戦,HT20260052,2026-03-28,PRIMARY,予選代表決定戦,WIN_PRIMARY_TO_PRIMARY,F,F,no,,,https://www.reiwa-hb-sch-and-res-gatr-fod.com/hiroshima/2026spring/south-area/,https://www.reiwa-hb-sch-and-res-gatr-fod.com/hiroshima/2026spring/south-area/,secondary_result_chronological_team_sequence,no,no
HPTR20260128,spring,south,SGR000142,武田,HT20260149,2026-03-22,winner,PRIMARY,予選1回戦,HT20260052,2026-03-28,PRIMARY,予選代表決定戦,WIN_PRIMARY_TO_PRIMARY,F,F,no,,,https://www.reiwa-hb-sch-and-res-gatr-fod.com/hiroshima/2026spring/south-area/,https://www.reiwa-hb-sch-and-res-gatr-fod.com/hiroshima/2026spring/south-area/,secondary_result_chronological_team_sequence,no,no
HPTR20260129,spring,south,SGR000142,武田,HT20260052,2026-03-28,loser,PRIMARY,予選代表決定戦,HT20260146,2026-03-29,REPECHAGE,予選敗者戦2回戦,LOSS_PRIMARY_TO_REPECHAGE,F,F,no,,,https://www.reiwa-hb-sch-and-res-gatr-fod.com/hiroshima/2026spring/south-area/,https://www.reiwa-hb-sch-and-res-gatr-fod.com/hiroshima/2026spring/south-area/,secondary_result_chronological_team_sequence,no,no
HPTR20260130,spring,south,SGR000142,武田,HT20260146,2026-03-29,winner,REPECHAGE,予選敗者戦2回戦,HT20260053,2026-04-05,REPECHAGE,予選敗者戦代表決定戦,WIN_REPECHAGE_TO_REPECHAGE,F,F,no,HPE2026004,HR20260034,https://www.reiwa-hb-sch-and-res-gatr-fod.com/hiroshima/2026spring/south-area/,https://www.reiwa-hb-sch-and-res-gatr-fod.com/hiroshima/2026spring/south-area/,secondary_result_chronological_team_sequence,no,no
HPTR20260131,spring,south,SGR000142,賀茂,HT20260144,2026-03-22,loser,PRIMARY,予選1回戦,HT20260143,2026-03-28,REPECHAGE,予選敗者戦1回戦,LOSS_PRIMARY_TO_REPECHAGE,E,E,no,,,https://www.reiwa-hb-sch-and-res-gatr-fod.com/hiroshima/2026spring/south-area/,https://www.reiwa-hb-sch-and-res-gatr-fod.com/hiroshima/2026spring/south-area/,secondary_result_chronological_team_sequence,no,no
HPTR20260132,spring,south,SGR000142,賀茂,HT20260143,2026-03-28,winner,REPECHAGE,予選敗者戦1回戦,HT20260142,2026-03-29,REPECHAGE,予選敗者戦2回戦,WIN_REPECHAGE_TO_REPECHAGE,E,E,no,,,https://www.reiwa-hb-sch-and-res-gatr-fod.com/hiroshima/2026spring/south-area/,https://www.reiwa-hb-sch-and-res-gatr-fod.com/hiroshima/2026spring/south-area/,secondary_result_chronological_team_sequence,no,no
HPTR20260133,spring,south,SGR000142,賀茂,HT20260142,2026-03-29,winner,REPECHAGE,予選敗者戦2回戦,HT20260053,2026-04-05,REPECHAGE,予選敗者戦代表決定戦,WIN_REPECHAGE_TO_REPECHAGE,E,F,yes,HPE2026004,HR20260034,https://www.reiwa-hb-sch-and-res-gatr-fod.com/hiroshima/2026spring/south-area/,https://www.reiwa-hb-sch-and-res-gatr-fod.com/hiroshima/2026spring/south-area/,secondary_result_chronological_team_sequence,no,no
HPTR20260134,autumn,east,SGR000147,福山,HT20260089,2026-08-23,winner,PRIMARY,予選2回戦,HT20260054,2026-08-29,PRIMARY,予選代表決定戦,WIN_PRIMARY_TO_PRIMARY,A,A,no,,,https://www.reiwa-hb-sch-and-res-gatr-fod.com/hiroshima/2026autumn/east-area/,https://www.reiwa-hb-sch-and-res-gatr-fod.com/hiroshima/2026autumn/east-area/,secondary_result_chronological_team_sequence,no,no
HPTR20260135,autumn,east,SGR000147,府中,HT20260092,2026-08-22,winner,PRIMARY,予選2回戦,HT20260054,2026-08-29,PRIMARY,予選代表決定戦,WIN_PRIMARY_TO_PRIMARY,A,A,no,,,https://www.reiwa-hb-sch-and-res-gatr-fod.com/hiroshima/2026autumn/east-area/,https://www.reiwa-hb-sch-and-res-gatr-fod.com/hiroshima/2026autumn/east-area/,secondary_result_chronological_team_sequence,no,no
HPTR20260136,autumn,east,SGR000147,府中,HT20260054,2026-08-29,loser,PRIMARY,予選代表決定戦,HT20260055,2026-08-30,REPECHAGE,予選敗者戦代表決定戦,LOSS_PRIMARY_TO_REPECHAGE,A,A,no,,,https://www.reiwa-hb-sch-and-res-gatr-fod.com/hiroshima/2026autumn/east-area/,https://www.reiwa-hb-sch-and-res-gatr-fod.com/hiroshima/2026autumn/east-area/,secondary_result_chronological_team_sequence,no,no
HPTR20260137,autumn,east,SGR000147,福山誠之館,HT20260091,2026-08-22,winner,PRIMARY,予選1回戦,HT20260089,2026-08-23,PRIMARY,予選2回戦,WIN_PRIMARY_TO_PRIMARY,A,A,no,,,https://www.reiwa-hb-sch-and-res-gatr-fod.com/hiroshima/2026autumn/east-area/,https://www.reiwa-hb-sch-and-res-gatr-fod.com/hiroshima/2026autumn/east-area/,secondary_result_chronological_team_sequence,no,no
HPTR20260138,autumn,east,SGR000147,福山誠之館,HT20260089,2026-08-23,loser,PRIMARY,予選2回戦,HT20260088,2026-08-29,REPECHAGE,予選敗者戦2回戦,LOSS_PRIMARY_TO_REPECHAGE,A,A,no,,,https://www.reiwa-hb-sch-and-res-gatr-fod.com/hiroshima/2026autumn/east-area/,https://www.reiwa-hb-sch-and-res-gatr-fod.com/hiroshima/2026autumn/east-area/,secondary_result_chronological_team_sequence,no,no
HPTR20260139,autumn,east,SGR000147,福山誠之館,HT20260088,2026-08-29,winner,REPECHAGE,予選敗者戦2回戦,HT20260055,2026-08-30,REPECHAGE,予選敗者戦代表決定戦,WIN_REPECHAGE_TO_REPECHAGE,A,A,no,,,https://www.reiwa-hb-sch-and-res-gatr-fod.com/hiroshima/2026autumn/east-area/,https://www.reiwa-hb-sch-and-res-gatr-fod.com/hiroshima/2026autumn/east-area/,secondary_result_chronological_team_sequence,no,no
HPTR20260140,autumn,east,SGR000147,尾道商,HT20260095,2026-08-22,winner,PRIMARY,予選2回戦,HT20260056,2026-08-23,PRIMARY,予選代表決定戦,WIN_PRIMARY_TO_PRIMARY,B,B,no,,,https://www.reiwa-hb-sch-and-res-gatr-fod.com/hiroshima/2026autumn/east-area/,https://www.reiwa-hb-sch-and-res-gatr-fod.com/hiroshima/2026autumn/east-area/,secondary_result_chronological_team_sequence,no,no
HPTR20260141,autumn,east,SGR000147,大門,HT20260096,2026-08-22,winner,PRIMARY,予選2回戦,HT20260056,2026-08-23,PRIMARY,予選代表決定戦,WIN_PRIMARY_TO_PRIMARY,B,B,no,,,https://www.reiwa-hb-sch-and-res-gatr-fod.com/hiroshima/2026autumn/east-area/,https://www.reiwa-hb-sch-and-res-gatr-fod.com/hiroshima/2026autumn/east-area/,secondary_result_chronological_team_sequence,no,no
HPTR20260142,autumn,east,SGR000147,大門,HT20260056,2026-08-23,loser,PRIMARY,予選代表決定戦,HT20260093,2026-08-29,REPECHAGE,予選敗者戦2回戦,LOSS_PRIMARY_TO_REPECHAGE,B,B,no,,,https://www.reiwa-hb-sch-and-res-gatr-fod.com/hiroshima/2026autumn/east-area/,https://www.reiwa-hb-sch-and-res-gatr-fod.com/hiroshima/2026autumn/east-area/,secondary_result_chronological_team_sequence,no,no
HPTR20260143,autumn,east,SGR000147,近大福山,HT20260095,2026-08-22,loser,PRIMARY,予選2回戦,HT20260094,2026-08-23,REPECHAGE,予選敗者戦1回戦,LOSS_PRIMARY_TO_REPECHAGE,B,B,no,,,https://www.reiwa-hb-sch-and-res-gatr-fod.com/hiroshima/2026autumn/east-area/,https://www.reiwa-hb-sch-and-res-gatr-fod.com/hiroshima/2026autumn/east-area/,secondary_result_chronological_team_sequence,no,no
HPTR20260144,autumn,east,SGR000147,近大福山,HT20260094,2026-08-23,winner,REPECHAGE,予選敗者戦1回戦,HT20260093,2026-08-29,REPECHAGE,予選敗者戦2回戦,WIN_REPECHAGE_TO_REPECHAGE,B,B,no,,,https://www.reiwa-hb-sch-and-res-gatr-fod.com/hiroshima/2026autumn/east-area/,https://www.reiwa-hb-sch-and-res-gatr-fod.com/hiroshima/2026autumn/east-area/,secondary_result_chronological_team_sequence,no,no
HPTR20260145,autumn,east,SGR000147,近大福山,HT20260093,2026-08-29,winner,REPECHAGE,予選敗者戦2回戦,HT20260057,2026-08-30,REPECHAGE,予選敗者戦代表決定戦,WIN_REPECHAGE_TO_REPECHAGE,B,B,no,,,https://www.reiwa-hb-sch-and-res-gatr-fod.com/hiroshima/2026autumn/east-area/,https://www.reiwa-hb-sch-and-res-gatr-fod.com/hiroshima/2026autumn/east-area/,secondary_result_chronological_team_sequence,no,no
HPTR20260146,autumn,east,SGR000147,尾道,HT20260099,2026-08-22,winner,PRIMARY,予選2回戦,HT20260058,2026-08-23,PRIMARY,予選代表決定戦,WIN_PRIMARY_TO_PRIMARY,C,C,no,,,https://www.reiwa-hb-sch-and-res-gatr-fod.com/hiroshima/2026autumn/east-area/,https://www.reiwa-hb-sch-and-res-gatr-fod.com/hiroshima/2026autumn/east-area/,secondary_result_chronological_team_sequence,no,no
HPTR20260147,autumn,east,SGR000147,三原,HT20260100,2026-08-22,winner,PRIMARY,予選2回戦,HT20260058,2026-08-23,PRIMARY,予選代表決定戦,WIN_PRIMARY_TO_PRIMARY,C,C,no,,,https://www.reiwa-hb-sch-and-res-gatr-fod.com/hiroshima/2026autumn/east-area/,https://www.reiwa-hb-sch-and-res-gatr-fod.com/hiroshima/2026autumn/east-area/,secondary_result_chronological_team_sequence,no,no
HPTR20260148,autumn,east,SGR000147,三原,HT20260058,2026-08-23,loser,PRIMARY,予選代表決定戦,HT20260097,2026-08-29,REPECHAGE,予選敗者戦2回戦,LOSS_PRIMARY_TO_REPECHAGE,C,C,no,,,https://www.reiwa-hb-sch-and-res-gatr-fod.com/hiroshima/2026autumn/east-area/,https://www.reiwa-hb-sch-and-res-gatr-fod.com/hiroshima/2026autumn/east-area/,secondary_result_chronological_team_sequence,no,no
HPTR20260149,autumn,east,SGR000147,如水館,HT20260103,2026-08-22,winner,PRIMARY,予選2回戦,HT20260059,2026-08-23,PRIMARY,予選代表決定戦,WIN_PRIMARY_TO_PRIMARY,D,D,no,,,https://www.reiwa-hb-sch-and-res-gatr-fod.com/hiroshima/2026autumn/east-area/,https://www.reiwa-hb-sch-and-res-gatr-fod.com/hiroshima/2026autumn/east-area/,secondary_result_chronological_team_sequence,no,no
HPTR20260150,autumn,east,SGR000147,福山工,HT20260107,2026-08-22,winner,PRIMARY,予選2回戦,HT20260060,2026-08-23,PRIMARY,予選代表決定戦,WIN_PRIMARY_TO_PRIMARY,E,E,no,,,https://www.reiwa-hb-sch-and-res-gatr-fod.com/hiroshima/2026autumn/east-area/,https://www.reiwa-hb-sch-and-res-gatr-fod.com/hiroshima/2026autumn/east-area/,secondary_result_chronological_team_sequence,no,no
HPTR20260151,autumn,east,SGR000147,福山葦陽,HT20260108,2026-08-22,winner,PRIMARY,予選2回戦,HT20260060,2026-08-23,PRIMARY,予選代表決定戦,WIN_PRIMARY_TO_PRIMARY,E,E,no,,,https://www.reiwa-hb-sch-and-res-gatr-fod.com/hiroshima/2026autumn/east-area/,https://www.reiwa-hb-sch-and-res-gatr-fod.com/hiroshima/2026autumn/east-area/,secondary_result_chronological_team_sequence,no,no
HPTR20260152,autumn,east,SGR000147,福山葦陽,HT20260060,2026-08-23,loser,PRIMARY,予選代表決定戦,HT20260105,2026-08-29,REPECHAGE,予選敗者戦2回戦,LOSS_PRIMARY_TO_REPECHAGE,E,E,no,,,https://www.reiwa-hb-sch-and-res-gatr-fod.com/hiroshima/2026autumn/east-area/,https://www.reiwa-hb-sch-and-res-gatr-fod.com/hiroshima/2026autumn/east-area/,secondary_result_chronological_team_sequence,no,no
HPTR20260153,autumn,east,SGR000147,盈進,HT20260107,2026-08-22,loser,PRIMARY,予選2回戦,HT20260106,2026-08-23,REPECHAGE,予選敗者戦1回戦,LOSS_PRIMARY_TO_REPECHAGE,E,E,no,,,https://www.reiwa-hb-sch-and-res-gatr-fod.com/hiroshima/2026autumn/east-area/,https://www.reiwa-hb-sch-and-res-gatr-fod.com/hiroshima/2026autumn/east-area/,secondary_result_chronological_team_sequence,no,no
HPTR20260154,autumn,east,SGR000147,盈進,HT20260106,2026-08-23,winner,REPECHAGE,予選敗者戦1回戦,HT20260105,2026-08-29,REPECHAGE,予選敗者戦2回戦,WIN_REPECHAGE_TO_REPECHAGE,E,E,no,,,https://www.reiwa-hb-sch-and-res-gatr-fod.com/hiroshima/2026autumn/east-area/,https://www.reiwa-hb-sch-and-res-gatr-fod.com/hiroshima/2026autumn/east-area/,secondary_result_chronological_team_sequence,no,no
HPTR20260155,autumn,east,SGR000147,盈進,HT20260105,2026-08-29,winner,REPECHAGE,予選敗者戦2回戦,HT20260061,2026-08-30,REPECHAGE,予選敗者戦代表決定戦,WIN_REPECHAGE_TO_REPECHAGE,E,E,no,,,https://www.reiwa-hb-sch-and-res-gatr-fod.com/hiroshima/2026autumn/east-area/,https://www.reiwa-hb-sch-and-res-gatr-fod.com/hiroshima/2026autumn/east-area/,secondary_result_chronological_team_sequence,no,no
HPTR20260156,spring,north,SGR000141,祇園北,HT20260110,2026-03-22,winner,PRIMARY,予選2回戦,HT20260062,2026-03-28,PRIMARY,予選代表決定戦,WIN_PRIMARY_TO_PRIMARY,A,A,no,,,https://www.reiwa-hb-sch-and-res-gatr-fod.com/hiroshima/2026spring/north-area/,https://www.reiwa-hb-sch-and-res-gatr-fod.com/hiroshima/2026spring/north-area/,secondary_result_chronological_team_sequence,no,no
HPTR20260157,spring,north,SGR000141,沼田,HT20260112,2026-03-21,winner,PRIMARY,予選2回戦,HT20260062,2026-03-28,PRIMARY,予選代表決定戦,WIN_PRIMARY_TO_PRIMARY,A,A,no,,,https://www.reiwa-hb-sch-and-res-gatr-fod.com/hiroshima/2026spring/north-area/,https://www.reiwa-hb-sch-and-res-gatr-fod.com/hiroshima/2026spring/north-area/,secondary_result_chronological_team_sequence,no,no
HPTR20260158,spring,north,SGR000141,沼田,HT20260062,2026-03-28,loser,PRIMARY,予選代表決定戦,HT20260063,2026-03-29,REPECHAGE,予選敗者戦代表決定戦,LOSS_PRIMARY_TO_REPECHAGE,A,A,no,,,https://www.reiwa-hb-sch-and-res-gatr-fod.com/hiroshima/2026spring/north-area/,https://www.reiwa-hb-sch-and-res-gatr-fod.com/hiroshima/2026spring/north-area/,secondary_result_chronological_team_sequence,no,no
HPTR20260159,spring,north,SGR000141,広島中等,HT20260112,2026-03-21,loser,PRIMARY,予選2回戦,HT20260111,2026-03-22,REPECHAGE,予選敗者戦1回戦,LOSS_PRIMARY_TO_REPECHAGE,A,A,no,,,https://www.reiwa-hb-sch-and-res-gatr-fod.com/hiroshima/2026spring/north-area/,https://www.reiwa-hb-sch-and-res-gatr-fod.com/hiroshima/2026spring/north-area/,secondary_result_chronological_team_sequence,no,no
HPTR20260160,spring,north,SGR000141,広島中等,HT20260111,2026-03-22,winner,REPECHAGE,予選敗者戦1回戦,HT20260109,2026-03-28,REPECHAGE,予選敗者戦2回戦,WIN_REPECHAGE_TO_REPECHAGE,A,A,no,,,https://www.reiwa-hb-sch-and-res-gatr-fod.com/hiroshima/2026spring/north-area/,https://www.reiwa-hb-sch-and-res-gatr-fod.com/hiroshima/2026spring/north-area/,secondary_result_chronological_team_sequence,no,no
HPTR20260161,spring,north,SGR000141,広島中等,HT20260109,2026-03-28,winner,REPECHAGE,予選敗者戦2回戦,HT20260063,2026-03-29,REPECHAGE,予選敗者戦代表決定戦,WIN_REPECHAGE_TO_REPECHAGE,A,A,no,,,https://www.reiwa-hb-sch-and-res-gatr-fod.com/hiroshima/2026spring/north-area/,https://www.reiwa-hb-sch-and-res-gatr-fod.com/hiroshima/2026spring/north-area/,secondary_result_chronological_team_sequence,no,no
HPTR20260162,spring,north,SGR000141,三次,HT20260117,2026-03-21,winner,PRIMARY,予選2回戦,HT20260064,2026-03-22,PRIMARY,予選代表決定戦,WIN_PRIMARY_TO_PRIMARY,B,B,no,,,https://www.reiwa-hb-sch-and-res-gatr-fod.com/hiroshima/2026spring/north-area/,https://www.reiwa-hb-sch-and-res-gatr-fod.com/hiroshima/2026spring/north-area/,secondary_result_chronological_team_sequence,no,no
HPTR20260163,spring,north,SGR000141,可部,HT20260116,2026-03-21,winner,PRIMARY,予選2回戦,HT20260064,2026-03-22,PRIMARY,予選代表決定戦,WIN_PRIMARY_TO_PRIMARY,B,B,no,,,https://www.reiwa-hb-sch-and-res-gatr-fod.com/hiroshima/2026spring/north-area/,https://www.reiwa-hb-sch-and-res-gatr-fod.com/hiroshima/2026spring/north-area/,secondary_result_chronological_team_sequence,no,no
HPTR20260164,spring,north,SGR000141,可部,HT20260064,2026-03-22,loser,PRIMARY,予選代表決定戦,HT20260114,2026-03-28,REPECHAGE,予選敗者戦2回戦,LOSS_PRIMARY_TO_REPECHAGE,B,B,no,,,https://www.reiwa-hb-sch-and-res-gatr-fod.com/hiroshima/2026spring/north-area/,https://www.reiwa-hb-sch-and-res-gatr-fod.com/hiroshima/2026spring/north-area/,secondary_result_chronological_team_sequence,no,no
HPTR20260165,spring,north,SGR000141,広島新庄,HT20260120,2026-03-21,winner,PRIMARY,予選2回戦,HT20260065,2026-03-22,PRIMARY,予選代表決定戦,WIN_PRIMARY_TO_PRIMARY,C,C,no,,,https://www.reiwa-hb-sch-and-res-gatr-fod.com/hiroshima/2026spring/north-area/,https://www.reiwa-hb-sch-and-res-gatr-fod.com/hiroshima/2026spring/north-area/,secondary_result_chronological_team_sequence,no,no
HPTR20260166,spring,north,SGR000141,広陵,HT20260125,2026-03-21,winner,PRIMARY,予選2回戦,HT20260066,2026-03-22,PRIMARY,予選代表決定戦,WIN_PRIMARY_TO_PRIMARY,D,D,no,,,https://www.reiwa-hb-sch-and-res-gatr-fod.com/hiroshima/2026spring/north-area/,https://www.reiwa-hb-sch-and-res-gatr-fod.com/hiroshima/2026spring/north-area/,secondary_result_chronological_team_sequence,no,no
HPTR20260167,spring,north,SGR000141,庄原格致,HT20260124,2026-03-21,winner,PRIMARY,予選2回戦,HT20260066,2026-03-22,PRIMARY,予選代表決定戦,WIN_PRIMARY_TO_PRIMARY,D,D,no,,,https://www.reiwa-hb-sch-and-res-gatr-fod.com/hiroshima/2026spring/north-area/,https://www.reiwa-hb-sch-and-res-gatr-fod.com/hiroshima/2026spring/north-area/,secondary_result_chronological_team_sequence,no,no
HPTR20260168,spring,north,SGR000141,庄原格致,HT20260066,2026-03-22,loser,PRIMARY,予選代表決定戦,HT20260122,2026-03-28,REPECHAGE,予選敗者戦2回戦,LOSS_PRIMARY_TO_REPECHAGE,D,D,no,,,https://www.reiwa-hb-sch-and-res-gatr-fod.com/hiroshima/2026spring/north-area/,https://www.reiwa-hb-sch-and-res-gatr-fod.com/hiroshima/2026spring/north-area/,secondary_result_chronological_team_sequence,no,no
HPTR20260169,spring,north,SGR000141,庄原格致,HT20260122,2026-03-28,winner,REPECHAGE,予選敗者戦2回戦,HT20260067,2026-04-05,REPECHAGE,予選敗者戦代表決定戦,WIN_REPECHAGE_TO_REPECHAGE,D,D,no,HPE2026006,HR20260019,https://www.reiwa-hb-sch-and-res-gatr-fod.com/hiroshima/2026spring/north-area/,https://www.reiwa-hb-sch-and-res-gatr-fod.com/hiroshima/2026spring/north-area/,secondary_result_chronological_team_sequence,no,no
HPTR20260170,autumn,west,SGR000144,広島商,HT20260173,2026-08-23,winner,PRIMARY,予選2回戦,HT20260068,2026-08-29,PRIMARY,予選代表決定戦,WIN_PRIMARY_TO_PRIMARY,A,A,no,,,https://www.reiwa-hb-sch-and-res-gatr-fod.com/hiroshima/2026autumn/west-area/,https://www.reiwa-hb-sch-and-res-gatr-fod.com/hiroshima/2026autumn/west-area/,secondary_result_chronological_team_sequence,no,no
HPTR20260171,autumn,west,SGR000144,山陽,HT20260178,2026-08-23,winner,PRIMARY,予選2回戦,HT20260069,2026-08-29,PRIMARY,予選代表決定戦,WIN_PRIMARY_TO_PRIMARY,B,B,no,,,https://www.reiwa-hb-sch-and-res-gatr-fod.com/hiroshima/2026autumn/west-area/,https://www.reiwa-hb-sch-and-res-gatr-fod.com/hiroshima/2026autumn/west-area/,secondary_result_chronological_team_sequence,no,no
HPTR20260172,autumn,west,SGR000144,基町,HT20260181,2026-08-22,winner,PRIMARY,予選2回戦,HT20260069,2026-08-29,PRIMARY,予選代表決定戦,WIN_PRIMARY_TO_PRIMARY,B,B,no,,,https://www.reiwa-hb-sch-and-res-gatr-fod.com/hiroshima/2026autumn/west-area/,https://www.reiwa-hb-sch-and-res-gatr-fod.com/hiroshima/2026autumn/west-area/,secondary_result_chronological_team_sequence,no,no
HPTR20260173,autumn,west,SGR000144,基町,HT20260069,2026-08-29,loser,PRIMARY,予選代表決定戦,HT20260070,2026-08-30,REPECHAGE,予選敗者戦代表決定戦,LOSS_PRIMARY_TO_REPECHAGE,B,B,no,,,https://www.reiwa-hb-sch-and-res-gatr-fod.com/hiroshima/2026autumn/west-area/,https://www.reiwa-hb-sch-and-res-gatr-fod.com/hiroshima/2026autumn/west-area/,secondary_result_chronological_team_sequence,no,no
HPTR20260174,autumn,west,SGR000144,舟入,HT20260181,2026-08-22,loser,PRIMARY,予選2回戦,HT20260179,2026-08-23,REPECHAGE,予選敗者戦1回戦,LOSS_PRIMARY_TO_REPECHAGE,B,B,no,,,https://www.reiwa-hb-sch-and-res-gatr-fod.com/hiroshima/2026autumn/west-area/,https://www.reiwa-hb-sch-and-res-gatr-fod.com/hiroshima/2026autumn/west-area/,secondary_result_chronological_team_sequence,no,no
HPTR20260175,autumn,west,SGR000144,舟入,HT20260179,2026-08-23,winner,REPECHAGE,予選敗者戦1回戦,HT20260177,2026-08-29,REPECHAGE,予選敗者戦2回戦,WIN_REPECHAGE_TO_REPECHAGE,B,B,no,,,https://www.reiwa-hb-sch-and-res-gatr-fod.com/hiroshima/2026autumn/west-area/,https://www.reiwa-hb-sch-and-res-gatr-fod.com/hiroshima/2026autumn/west-area/,secondary_result_chronological_team_sequence,no,no
HPTR20260176,autumn,west,SGR000144,舟入,HT20260177,2026-08-29,winner,REPECHAGE,予選敗者戦2回戦,HT20260070,2026-08-30,REPECHAGE,予選敗者戦代表決定戦,WIN_REPECHAGE_TO_REPECHAGE,B,B,no,,,https://www.reiwa-hb-sch-and-res-gatr-fod.com/hiroshima/2026autumn/west-area/,https://www.reiwa-hb-sch-and-res-gatr-fod.com/hiroshima/2026autumn/west-area/,secondary_result_chronological_team_sequence,no,no
HPTR20260177,autumn,west,SGR000144,広島国泰寺,HT20260189,2026-08-22,winner,PRIMARY,予選2回戦,HT20260071,2026-08-23,PRIMARY,予選代表決定戦,WIN_PRIMARY_TO_PRIMARY,C,C,no,,,https://www.reiwa-hb-sch-and-res-gatr-fod.com/hiroshima/2026autumn/west-area/,https://www.reiwa-hb-sch-and-res-gatr-fod.com/hiroshima/2026autumn/west-area/,secondary_result_chronological_team_sequence,no,no
HPTR20260178,autumn,west,SGR000144,修大協創,HT20260187,2026-08-22,winner,PRIMARY,予選2回戦,HT20260071,2026-08-23,PRIMARY,予選代表決定戦,WIN_PRIMARY_TO_PRIMARY,C,C,no,,,https://www.reiwa-hb-sch-and-res-gatr-fod.com/hiroshima/2026autumn/west-area/,https://www.reiwa-hb-sch-and-res-gatr-fod.com/hiroshima/2026autumn/west-area/,secondary_result_chronological_team_sequence,no,no
HPTR20260179,autumn,west,SGR000144,修大協創,HT20260071,2026-08-23,loser,PRIMARY,予選代表決定戦,HT20260182,2026-08-29,REPECHAGE,予選敗者戦2回戦,LOSS_PRIMARY_TO_REPECHAGE,C,C,no,,,https://www.reiwa-hb-sch-and-res-gatr-fod.com/hiroshima/2026autumn/west-area/,https://www.reiwa-hb-sch-and-res-gatr-fod.com/hiroshima/2026autumn/west-area/,secondary_result_chronological_team_sequence,no,no
HPTR20260180,autumn,west,SGR000144,広島工大,HT20260187,2026-08-22,loser,PRIMARY,予選2回戦,HT20260185,2026-08-23,REPECHAGE,予選敗者戦1回戦,LOSS_PRIMARY_TO_REPECHAGE,C,C,no,,,https://www.reiwa-hb-sch-and-res-gatr-fod.com/hiroshima/2026autumn/west-area/,https://www.reiwa-hb-sch-and-res-gatr-fod.com/hiroshima/2026autumn/west-area/,secondary_result_chronological_team_sequence,no,no
HPTR20260181,autumn,west,SGR000144,広島工大,HT20260185,2026-08-23,winner,REPECHAGE,予選敗者戦1回戦,HT20260182,2026-08-29,REPECHAGE,予選敗者戦2回戦,WIN_REPECHAGE_TO_REPECHAGE,C,C,no,,,https://www.reiwa-hb-sch-and-res-gatr-fod.com/hiroshima/2026autumn/west-area/,https://www.reiwa-hb-sch-and-res-gatr-fod.com/hiroshima/2026autumn/west-area/,secondary_result_chronological_team_sequence,no,no
HPTR20260182,autumn,west,SGR000144,広島工大,HT20260182,2026-08-29,winner,REPECHAGE,予選敗者戦2回戦,HT20260072,2026-08-30,REPECHAGE,予選敗者戦代表決定戦,WIN_REPECHAGE_TO_REPECHAGE,C,C,no,HPE2026008,HR20260052,https://www.reiwa-hb-sch-and-res-gatr-fod.com/hiroshima/2026autumn/west-area/,https://www.reiwa-hb-sch-and-res-gatr-fod.com/hiroshima/2026autumn/west-area/,secondary_result_chronological_team_sequence,no,no
HPTR20260183,autumn,west,SGR000144,広島城北,HT20260188,2026-08-22,winner,PRIMARY,予選2回戦,HT20260073,2026-08-23,PRIMARY,予選代表決定戦,WIN_PRIMARY_TO_PRIMARY,D,D,no,,,https://www.reiwa-hb-sch-and-res-gatr-fod.com/hiroshima/2026autumn/west-area/,https://www.reiwa-hb-sch-and-res-gatr-fod.com/hiroshima/2026autumn/west-area/,secondary_result_chronological_team_sequence,no,no
HPTR20260184,autumn,west,SGR000144,広島城北,HT20260073,2026-08-23,loser,PRIMARY,予選代表決定戦,HT20260183,2026-08-29,REPECHAGE,予選敗者戦2回戦,LOSS_PRIMARY_TO_REPECHAGE,D,D,no,,,https://www.reiwa-hb-sch-and-res-gatr-fod.com/hiroshima/2026autumn/west-area/,https://www.reiwa-hb-sch-and-res-gatr-fod.com/hiroshima/2026autumn/west-area/,secondary_result_chronological_team_sequence,no,no
HPTR20260185,autumn,west,SGR000144,広島城北,HT20260183,2026-08-29,winner,REPECHAGE,予選敗者戦2回戦,HT20260072,2026-08-30,REPECHAGE,予選敗者戦代表決定戦,WIN_REPECHAGE_TO_REPECHAGE,D,C,yes,HPE2026008,HR20260052,https://www.reiwa-hb-sch-and-res-gatr-fod.com/hiroshima/2026autumn/west-area/,https://www.reiwa-hb-sch-and-res-gatr-fod.com/hiroshima/2026autumn/west-area/,secondary_result_chronological_team_sequence,no,no
HPTR20260186,autumn,west,SGR000144,崇徳,HT20260186,2026-08-22,winner,PRIMARY,予選2回戦,HT20260073,2026-08-23,PRIMARY,予選代表決定戦,WIN_PRIMARY_TO_PRIMARY,D,D,no,,,https://www.reiwa-hb-sch-and-res-gatr-fod.com/hiroshima/2026autumn/west-area/,https://www.reiwa-hb-sch-and-res-gatr-fod.com/hiroshima/2026autumn/west-area/,secondary_result_chronological_team_sequence,no,no
HPTR20260187,autumn,north,SGR000145,高陽東,HT20260195,2026-08-22,winner,PRIMARY,予選1回戦,HT20260074,2026-08-23,PRIMARY,予選代表決定戦,WIN_PRIMARY_TO_PRIMARY,A,A,no,,,https://www.reiwa-hb-sch-and-res-gatr-fod.com/hiroshima/2026autumn/north-area/,https://www.reiwa-hb-sch-and-res-gatr-fod.com/hiroshima/2026autumn/north-area/,secondary_result_chronological_team_sequence,no,no
HPTR20260188,autumn,north,SGR000145,広陵,HT20260196,2026-08-22,winner,PRIMARY,予選1回戦,HT20260075,2026-08-23,PRIMARY,予選代表決定戦,WIN_PRIMARY_TO_PRIMARY,B,B,no,,,https://www.reiwa-hb-sch-and-res-gatr-fod.com/hiroshima/2026autumn/north-area/,https://www.reiwa-hb-sch-and-res-gatr-fod.com/hiroshima/2026autumn/north-area/,secondary_result_chronological_team_sequence,no,no
HPTR20260189,autumn,north,SGR000145,加計芸北・千代田・三次青陵,HT20260197,2026-08-22,winner,PRIMARY,予選1回戦,HT20260075,2026-08-23,PRIMARY,予選代表決定戦,WIN_PRIMARY_TO_PRIMARY,B,B,no,,,https://www.reiwa-hb-sch-and-res-gatr-fod.com/hiroshima/2026autumn/north-area/,https://www.reiwa-hb-sch-and-res-gatr-fod.com/hiroshima/2026autumn/north-area/,secondary_result_chronological_team_sequence,no,no
HPTR20260190,autumn,north,SGR000145,加計芸北・千代田・三次青陵,HT20260075,2026-08-23,loser,PRIMARY,予選代表決定戦,HT20260191,2026-08-29,REPECHAGE,予選敗者戦2回戦,LOSS_PRIMARY_TO_REPECHAGE,B,B,no,,,https://www.reiwa-hb-sch-and-res-gatr-fod.com/hiroshima/2026autumn/north-area/,https://www.reiwa-hb-sch-and-res-gatr-fod.com/hiroshima/2026autumn/north-area/,secondary_result_chronological_team_sequence,no,no
HPTR20260191,autumn,north,SGR000145,広島新庄,HT20260202,2026-08-22,winner,PRIMARY,予選1回戦,HT20260076,2026-08-23,PRIMARY,予選代表決定戦,WIN_PRIMARY_TO_PRIMARY,C,C,no,,,https://www.reiwa-hb-sch-and-res-gatr-fod.com/hiroshima/2026autumn/north-area/,https://www.reiwa-hb-sch-and-res-gatr-fod.com/hiroshima/2026autumn/north-area/,secondary_result_chronological_team_sequence,no,no
HPTR20260192,autumn,north,SGR000145,可部,HT20260203,2026-08-22,winner,PRIMARY,予選1回戦,HT20260076,2026-08-23,PRIMARY,予選代表決定戦,WIN_PRIMARY_TO_PRIMARY,C,C,no,,,https://www.reiwa-hb-sch-and-res-gatr-fod.com/hiroshima/2026autumn/north-area/,https://www.reiwa-hb-sch-and-res-gatr-fod.com/hiroshima/2026autumn/north-area/,secondary_result_chronological_team_sequence,no,no
HPTR20260193,autumn,north,SGR000145,可部,HT20260076,2026-08-23,loser,PRIMARY,予選代表決定戦,HT20260199,2026-08-29,REPECHAGE,予選敗者戦2回戦,LOSS_PRIMARY_TO_REPECHAGE,C,C,no,,,https://www.reiwa-hb-sch-and-res-gatr-fod.com/hiroshima/2026autumn/north-area/,https://www.reiwa-hb-sch-and-res-gatr-fod.com/hiroshima/2026autumn/north-area/,secondary_result_chronological_team_sequence,no,no
HPTR20260194,autumn,north,SGR000145,可部,HT20260199,2026-08-29,winner,REPECHAGE,予選敗者戦2回戦,HT20260078,2026-08-30,REPECHAGE,予選敗者戦代表決定戦,WIN_REPECHAGE_TO_REPECHAGE,C,D,yes,HPE2026015,HR20260062,https://www.reiwa-hb-sch-and-res-gatr-fod.com/hiroshima/2026autumn/north-area/,https://www.reiwa-hb-sch-and-res-gatr-fod.com/hiroshima/2026autumn/north-area/,secondary_result_chronological_team_sequence,no,no
HPTR20260195,autumn,north,SGR000145,沼田,HT20260205,2026-08-22,winner,PRIMARY,予選1回戦,HT20260077,2026-08-23,PRIMARY,予選代表決定戦,WIN_PRIMARY_TO_PRIMARY,D,D,no,,,https://www.reiwa-hb-sch-and-res-gatr-fod.com/hiroshima/2026autumn/north-area/,https://www.reiwa-hb-sch-and-res-gatr-fod.com/hiroshima/2026autumn/north-area/,secondary_result_chronological_team_sequence,no,no
HPTR20260196,autumn,north,SGR000145,祇園北,HT20260204,2026-08-22,winner,PRIMARY,予選1回戦,HT20260077,2026-08-23,PRIMARY,予選代表決定戦,WIN_PRIMARY_TO_PRIMARY,D,D,no,,,https://www.reiwa-hb-sch-and-res-gatr-fod.com/hiroshima/2026autumn/north-area/,https://www.reiwa-hb-sch-and-res-gatr-fod.com/hiroshima/2026autumn/north-area/,secondary_result_chronological_team_sequence,no,no
HPTR20260197,autumn,north,SGR000145,祇園北,HT20260077,2026-08-23,loser,PRIMARY,予選代表決定戦,HT20260198,2026-08-29,REPECHAGE,予選敗者戦2回戦,LOSS_PRIMARY_TO_REPECHAGE,D,D,no,,,https://www.reiwa-hb-sch-and-res-gatr-fod.com/hiroshima/2026autumn/north-area/,https://www.reiwa-hb-sch-and-res-gatr-fod.com/hiroshima/2026autumn/north-area/,secondary_result_chronological_team_sequence,no,no
HPTR20260198,autumn,north,SGR000145,祇園北,HT20260198,2026-08-29,winner,REPECHAGE,予選敗者戦2回戦,HT20260078,2026-08-30,REPECHAGE,予選敗者戦代表決定戦,WIN_REPECHAGE_TO_REPECHAGE,D,D,no,HPE2026015,HR20260062,https://www.reiwa-hb-sch-and-res-gatr-fod.com/hiroshima/2026autumn/north-area/,https://www.reiwa-hb-sch-and-res-gatr-fod.com/hiroshima/2026autumn/north-area/,secondary_result_chronological_team_sequence,no,no
HPTR20260199,autumn,south,SGR000146,西条農,HT20260210,2026-08-22,winner,PRIMARY,予選1回戦,HT20260079,2026-08-29,PRIMARY,予選代表決定戦,WIN_PRIMARY_TO_PRIMARY,C,C,no,,,https://www.reiwa-hb-sch-and-res-gatr-fod.com/hiroshima/2026autumn/south-area/,https://www.reiwa-hb-sch-and-res-gatr-fod.com/hiroshima/2026autumn/south-area/,secondary_result_chronological_team_sequence,no,no
HPTR20260200,autumn,south,SGR000146,呉港,HT20260215,2026-08-22,winner,PRIMARY,予選1回戦,HT20260080,2026-08-29,PRIMARY,予選代表決定戦,WIN_PRIMARY_TO_PRIMARY,D,D,no,,,https://www.reiwa-hb-sch-and-res-gatr-fod.com/hiroshima/2026autumn/south-area/,https://www.reiwa-hb-sch-and-res-gatr-fod.com/hiroshima/2026autumn/south-area/,secondary_result_chronological_team_sequence,no,no
HPTR20260201,autumn,south,SGR000146,武田,HT20260219,2026-08-23,winner,PRIMARY,予選1回戦,HT20260081,2026-08-29,PRIMARY,予選代表決定戦,WIN_PRIMARY_TO_PRIMARY,E,E,no,,,https://www.reiwa-hb-sch-and-res-gatr-fod.com/hiroshima/2026autumn/south-area/,https://www.reiwa-hb-sch-and-res-gatr-fod.com/hiroshima/2026autumn/south-area/,secondary_result_chronological_team_sequence,no,no
HPTR20260202,autumn,south,SGR000146,海田,HT20260223,2026-08-23,winner,PRIMARY,予選1回戦,HT20260082,2026-08-29,PRIMARY,予選代表決定戦,WIN_PRIMARY_TO_PRIMARY,F,F,no,,,https://www.reiwa-hb-sch-and-res-gatr-fod.com/hiroshima/2026autumn/south-area/,https://www.reiwa-hb-sch-and-res-gatr-fod.com/hiroshima/2026autumn/south-area/,secondary_result_chronological_team_sequence,no,no
HPTR20260203,spring,west,SGR000140,並木学院・五日市,HT20260084,2026-03-21,winner,PRIMARY,予選2回戦,HT20260083,2026-03-28,PRIMARY,予選代表決定戦,WIN_PRIMARY_TO_PRIMARY,C,C,no,,,https://www.reiwa-hb-sch-and-res-gatr-fod.com/hiroshima/2026spring/west-area/,https://www.reiwa-hb-sch-and-res-gatr-fod.com/hiroshima/2026spring/west-area/,secondary_result_chronological_team_sequence,no,no
HPTR20260204,spring,west,SGR000140,並木学院・五日市,HT20260083,2026-03-28,loser,PRIMARY,予選代表決定戦,HT20260086,2026-03-29,REPECHAGE,予選敗者戦2回戦,LOSS_PRIMARY_TO_REPECHAGE,C,C,no,,,https://www.reiwa-hb-sch-and-res-gatr-fod.com/hiroshima/2026spring/west-area/,https://www.reiwa-hb-sch-and-res-gatr-fod.com/hiroshima/2026spring/west-area/,secondary_result_chronological_team_sequence,no,no
HPTR20260205,spring,west,SGR000140,並木学院・五日市,HT20260086,2026-03-29,winner,REPECHAGE,予選敗者戦2回戦,HT20260087,2026-04-05,REPECHAGE,予選敗者戦3回戦,WIN_REPECHAGE_TO_REPECHAGE,C,B-C,yes,,,https://www.reiwa-hb-sch-and-res-gatr-fod.com/hiroshima/2026spring/west-area/,https://www.reiwa-hb-sch-and-res-gatr-fod.com/hiroshima/2026spring/west-area/,secondary_result_chronological_team_sequence,no,no
HPTR20260206,spring,west,SGR000140,大竹,HT20260084,2026-03-21,loser,PRIMARY,予選2回戦,HT20260085,2026-03-28,REPECHAGE,予選敗者戦1回戦,LOSS_PRIMARY_TO_REPECHAGE,C,C,no,,,https://www.reiwa-hb-sch-and-res-gatr-fod.com/hiroshima/2026spring/west-area/,https://www.reiwa-hb-sch-and-res-gatr-fod.com/hiroshima/2026spring/west-area/,secondary_result_chronological_team_sequence,no,no
HPTR20260207,autumn,east,SGR000147,府中東,HT20260091,2026-08-22,loser,PRIMARY,予選1回戦,HT20260090,2026-08-23,REPECHAGE,予選敗者戦1回戦,LOSS_PRIMARY_TO_REPECHAGE,A,A,no,,,https://www.reiwa-hb-sch-and-res-gatr-fod.com/hiroshima/2026autumn/east-area/,https://www.reiwa-hb-sch-and-res-gatr-fod.com/hiroshima/2026autumn/east-area/,secondary_result_chronological_team_sequence,no,no
HPTR20260208,autumn,east,SGR000147,府中東,HT20260090,2026-08-23,winner,REPECHAGE,予選敗者戦1回戦,HT20260088,2026-08-29,REPECHAGE,予選敗者戦2回戦,WIN_REPECHAGE_TO_REPECHAGE,A,A,no,,,https://www.reiwa-hb-sch-and-res-gatr-fod.com/hiroshima/2026autumn/east-area/,https://www.reiwa-hb-sch-and-res-gatr-fod.com/hiroshima/2026autumn/east-area/,secondary_result_chronological_team_sequence,no,no
HPTR20260209,autumn,east,SGR000147,尾道東,HT20260092,2026-08-22,loser,PRIMARY,予選2回戦,HT20260090,2026-08-23,REPECHAGE,予選敗者戦1回戦,LOSS_PRIMARY_TO_REPECHAGE,A,A,no,,,https://www.reiwa-hb-sch-and-res-gatr-fod.com/hiroshima/2026autumn/east-area/,https://www.reiwa-hb-sch-and-res-gatr-fod.com/hiroshima/2026autumn/east-area/,secondary_result_chronological_team_sequence,no,no
HPTR20260210,autumn,east,SGR000147,戸手,HT20260096,2026-08-22,loser,PRIMARY,予選2回戦,HT20260094,2026-08-23,REPECHAGE,予選敗者戦1回戦,LOSS_PRIMARY_TO_REPECHAGE,B,B,no,,,https://www.reiwa-hb-sch-and-res-gatr-fod.com/hiroshima/2026autumn/east-area/,https://www.reiwa-hb-sch-and-res-gatr-fod.com/hiroshima/2026autumn/east-area/,secondary_result_chronological_team_sequence,no,no
HPTR20260211,autumn,east,SGR000147,福山明王台,HT20260100,2026-08-22,loser,PRIMARY,予選2回戦,HT20260098,2026-08-23,REPECHAGE,予選敗者戦1回戦,LOSS_PRIMARY_TO_REPECHAGE,C,C,no,,,https://www.reiwa-hb-sch-and-res-gatr-fod.com/hiroshima/2026autumn/east-area/,https://www.reiwa-hb-sch-and-res-gatr-fod.com/hiroshima/2026autumn/east-area/,secondary_result_chronological_team_sequence,no,no
HPTR20260212,autumn,east,SGR000147,総合技術,HT20260104,2026-08-22,loser,PRIMARY,予選2回戦,HT20260102,2026-08-23,REPECHAGE,予選敗者戦1回戦,LOSS_PRIMARY_TO_REPECHAGE,D,D,no,,,https://www.reiwa-hb-sch-and-res-gatr-fod.com/hiroshima/2026autumn/east-area/,https://www.reiwa-hb-sch-and-res-gatr-fod.com/hiroshima/2026autumn/east-area/,secondary_result_chronological_team_sequence,no,no
HPTR20260213,autumn,east,SGR000147,総合技術,HT20260102,2026-08-23,winner,REPECHAGE,予選敗者戦1回戦,HT20260101,2026-08-29,REPECHAGE,予選敗者戦2回戦,WIN_REPECHAGE_TO_REPECHAGE,D,D,no,,,https://www.reiwa-hb-sch-and-res-gatr-fod.com/hiroshima/2026autumn/east-area/,https://www.reiwa-hb-sch-and-res-gatr-fod.com/hiroshima/2026autumn/east-area/,secondary_result_chronological_team_sequence,no,no
HPTR20260214,autumn,east,SGR000147,尾道北,HT20260103,2026-08-22,loser,PRIMARY,予選2回戦,HT20260102,2026-08-23,REPECHAGE,予選敗者戦1回戦,LOSS_PRIMARY_TO_REPECHAGE,D,D,no,,,https://www.reiwa-hb-sch-and-res-gatr-fod.com/hiroshima/2026autumn/east-area/,https://www.reiwa-hb-sch-and-res-gatr-fod.com/hiroshima/2026autumn/east-area/,secondary_result_chronological_team_sequence,no,no
HPTR20260215,autumn,east,SGR000147,神辺,HT20260108,2026-08-22,loser,PRIMARY,予選2回戦,HT20260106,2026-08-23,REPECHAGE,予選敗者戦1回戦,LOSS_PRIMARY_TO_REPECHAGE,E,E,no,,,https://www.reiwa-hb-sch-and-res-gatr-fod.com/hiroshima/2026autumn/east-area/,https://www.reiwa-hb-sch-and-res-gatr-fod.com/hiroshima/2026autumn/east-area/,secondary_result_chronological_team_sequence,no,no
HPTR20260216,spring,north,SGR000141,加計芸北,HT20260113,2026-03-21,winner,PRIMARY,予選1回戦,HT20260110,2026-03-22,PRIMARY,予選2回戦,WIN_PRIMARY_TO_PRIMARY,A,A,no,,,https://www.reiwa-hb-sch-and-res-gatr-fod.com/hiroshima/2026spring/north-area/,https://www.reiwa-hb-sch-and-res-gatr-fod.com/hiroshima/2026spring/north-area/,secondary_result_chronological_team_sequence,no,no
HPTR20260217,spring,north,SGR000141,加計芸北,HT20260110,2026-03-22,loser,PRIMARY,予選2回戦,HT20260109,2026-03-28,REPECHAGE,予選敗者戦2回戦,LOSS_PRIMARY_TO_REPECHAGE,A,A,no,,,https://www.reiwa-hb-sch-and-res-gatr-fod.com/hiroshima/2026spring/north-area/,https://www.reiwa-hb-sch-and-res-gatr-fod.com/hiroshima/2026spring/north-area/,secondary_result_chronological_team_sequence,no,no
HPTR20260218,spring,north,SGR000141,世羅,HT20260113,2026-03-21,loser,PRIMARY,予選1回戦,HT20260111,2026-03-22,REPECHAGE,予選敗者戦1回戦,LOSS_PRIMARY_TO_REPECHAGE,A,A,no,,,https://www.reiwa-hb-sch-and-res-gatr-fod.com/hiroshima/2026spring/north-area/,https://www.reiwa-hb-sch-and-res-gatr-fod.com/hiroshima/2026spring/north-area/,secondary_result_chronological_team_sequence,no,no
HPTR20260219,spring,north,SGR000141,油木,HT20260116,2026-03-21,loser,PRIMARY,予選2回戦,HT20260115,2026-03-22,REPECHAGE,予選敗者戦1回戦,LOSS_PRIMARY_TO_REPECHAGE,B,B,no,,,https://www.reiwa-hb-sch-and-res-gatr-fod.com/hiroshima/2026spring/north-area/,https://www.reiwa-hb-sch-and-res-gatr-fod.com/hiroshima/2026spring/north-area/,secondary_result_chronological_team_sequence,no,no
HPTR20260220,spring,north,SGR000141,上下,HT20260120,2026-03-21,loser,PRIMARY,予選2回戦,HT20260119,2026-03-22,REPECHAGE,予選敗者戦1回戦,LOSS_PRIMARY_TO_REPECHAGE,C,C,no,,,https://www.reiwa-hb-sch-and-res-gatr-fod.com/hiroshima/2026spring/north-area/,https://www.reiwa-hb-sch-and-res-gatr-fod.com/hiroshima/2026spring/north-area/,secondary_result_chronological_team_sequence,no,no
HPTR20260221,spring,north,SGR000141,上下,HT20260119,2026-03-22,winner,REPECHAGE,予選敗者戦1回戦,HT20260118,2026-03-28,REPECHAGE,予選敗者戦2回戦,WIN_REPECHAGE_TO_REPECHAGE,C,C,no,,,https://www.reiwa-hb-sch-and-res-gatr-fod.com/hiroshima/2026spring/north-area/,https://www.reiwa-hb-sch-and-res-gatr-fod.com/hiroshima/2026spring/north-area/,secondary_result_chronological_team_sequence,no,no
HPTR20260222,spring,north,SGR000141,庄原実・向原・三次青陵・千代田・加計,HT20260121,2026-03-21,loser,PRIMARY,予選2回戦,HT20260119,2026-03-22,REPECHAGE,予選敗者戦1回戦,LOSS_PRIMARY_TO_REPECHAGE,C,C,no,,,https://www.reiwa-hb-sch-and-res-gatr-fod.com/hiroshima/2026spring/north-area/,https://www.reiwa-hb-sch-and-res-gatr-fod.com/hiroshima/2026spring/north-area/,secondary_result_chronological_team_sequence,no,no
HPTR20260223,spring,north,SGR000141,吉田,HT20260125,2026-03-21,loser,PRIMARY,予選2回戦,HT20260123,2026-03-22,REPECHAGE,予選敗者戦1回戦,LOSS_PRIMARY_TO_REPECHAGE,D,D,no,,,https://www.reiwa-hb-sch-and-res-gatr-fod.com/hiroshima/2026spring/north-area/,https://www.reiwa-hb-sch-and-res-gatr-fod.com/hiroshima/2026spring/north-area/,secondary_result_chronological_team_sequence,no,no
HPTR20260224,spring,north,SGR000141,吉田,HT20260123,2026-03-22,winner,REPECHAGE,予選敗者戦1回戦,HT20260122,2026-03-28,REPECHAGE,予選敗者戦2回戦,WIN_REPECHAGE_TO_REPECHAGE,D,D,no,,,https://www.reiwa-hb-sch-and-res-gatr-fod.com/hiroshima/2026spring/north-area/,https://www.reiwa-hb-sch-and-res-gatr-fod.com/hiroshima/2026spring/north-area/,secondary_result_chronological_team_sequence,no,no
HPTR20260225,spring,north,SGR000141,日彰館,HT20260124,2026-03-21,loser,PRIMARY,予選2回戦,HT20260123,2026-03-22,REPECHAGE,予選敗者戦1回戦,LOSS_PRIMARY_TO_REPECHAGE,D,D,no,,,https://www.reiwa-hb-sch-and-res-gatr-fod.com/hiroshima/2026spring/north-area/,https://www.reiwa-hb-sch-and-res-gatr-fod.com/hiroshima/2026spring/north-area/,secondary_result_chronological_team_sequence,no,no
HPTR20260226,spring,south,SGR000142,河内,HT20260128,2026-03-21,loser,PRIMARY,予選1回戦,HT20260127,2026-03-22,REPECHAGE,予選敗者戦1回戦,LOSS_PRIMARY_TO_REPECHAGE,A,A,no,,,https://www.reiwa-hb-sch-and-res-gatr-fod.com/hiroshima/2026spring/south-area/,https://www.reiwa-hb-sch-and-res-gatr-fod.com/hiroshima/2026spring/south-area/,secondary_result_chronological_team_sequence,no,no
HPTR20260227,spring,south,SGR000142,河内,HT20260127,2026-03-22,winner,REPECHAGE,予選敗者戦1回戦,HT20260126,2026-03-29,REPECHAGE,予選敗者戦2回戦,WIN_REPECHAGE_TO_REPECHAGE,A,A,no,,,https://www.reiwa-hb-sch-and-res-gatr-fod.com/hiroshima/2026spring/south-area/,https://www.reiwa-hb-sch-and-res-gatr-fod.com/hiroshima/2026spring/south-area/,secondary_result_chronological_team_sequence,no,no
HPTR20260228,spring,south,SGR000142,竹原・忠海・福山商,HT20260129,2026-03-21,loser,PRIMARY,予選1回戦,HT20260127,2026-03-22,REPECHAGE,予選敗者戦1回戦,LOSS_PRIMARY_TO_REPECHAGE,A,A,no,,,https://www.reiwa-hb-sch-and-res-gatr-fod.com/hiroshima/2026spring/south-area/,https://www.reiwa-hb-sch-and-res-gatr-fod.com/hiroshima/2026spring/south-area/,secondary_result_chronological_team_sequence,no,no
HPTR20260229,spring,south,SGR000142,呉高専,HT20260132,2026-03-21,loser,PRIMARY,予選1回戦,HT20260131,2026-03-22,REPECHAGE,予選敗者戦1回戦,LOSS_PRIMARY_TO_REPECHAGE,B,B,no,,,https://www.reiwa-hb-sch-and-res-gatr-fod.com/hiroshima/2026spring/south-area/,https://www.reiwa-hb-sch-and-res-gatr-fod.com/hiroshima/2026spring/south-area/,secondary_result_chronological_team_sequence,no,no
HPTR20260230,spring,south,SGR000142,呉高専,HT20260131,2026-03-22,winner,REPECHAGE,予選敗者戦1回戦,HT20260130,2026-03-29,REPECHAGE,予選敗者戦2回戦,WIN_REPECHAGE_TO_REPECHAGE,B,B,no,,,https://www.reiwa-hb-sch-and-res-gatr-fod.com/hiroshima/2026spring/south-area/,https://www.reiwa-hb-sch-and-res-gatr-fod.com/hiroshima/2026spring/south-area/,secondary_result_chronological_team_sequence,no,no
HPTR20260231,spring,south,SGR000142,広,HT20260133,2026-03-21,loser,PRIMARY,予選1回戦,HT20260131,2026-03-22,REPECHAGE,予選敗者戦1回戦,LOSS_PRIMARY_TO_REPECHAGE,B,B,no,,,https://www.reiwa-hb-sch-and-res-gatr-fod.com/hiroshima/2026spring/south-area/,https://www.reiwa-hb-sch-and-res-gatr-fod.com/hiroshima/2026spring/south-area/,secondary_result_chronological_team_sequence,no,no
HPTR20260232,spring,south,SGR000142,広島商船,HT20260137,2026-03-21,loser,PRIMARY,予選1回戦,HT20260135,2026-03-28,REPECHAGE,予選敗者戦1回戦,LOSS_PRIMARY_TO_REPECHAGE,C,C,no,,,https://www.reiwa-hb-sch-and-res-gatr-fod.com/hiroshima/2026spring/south-area/,https://www.reiwa-hb-sch-and-res-gatr-fod.com/hiroshima/2026spring/south-area/,secondary_result_chronological_team_sequence,no,no
HPTR20260233,spring,south,SGR000142,広島商船,HT20260135,2026-03-28,winner,REPECHAGE,予選敗者戦1回戦,HT20260134,2026-03-29,REPECHAGE,予選敗者戦2回戦,WIN_REPECHAGE_TO_REPECHAGE,C,C,no,,,https://www.reiwa-hb-sch-and-res-gatr-fod.com/hiroshima/2026spring/south-area/,https://www.reiwa-hb-sch-and-res-gatr-fod.com/hiroshima/2026spring/south-area/,secondary_result_chronological_team_sequence,no,no
HPTR20260234,spring,south,SGR000142,黒瀬・大柿・黒瀬特別支援のみのお,HT20260136,2026-03-21,loser,PRIMARY,予選1回戦,HT20260135,2026-03-28,REPECHAGE,予選敗者戦1回戦,LOSS_PRIMARY_TO_REPECHAGE,C,C,no,,,https://www.reiwa-hb-sch-and-res-gatr-fod.com/hiroshima/2026spring/south-area/,https://www.reiwa-hb-sch-and-res-gatr-fod.com/hiroshima/2026spring/south-area/,secondary_result_chronological_team_sequence,no,no
HPTR20260235,spring,south,SGR000142,呉三津田,HT20260140,2026-03-21,loser,PRIMARY,予選1回戦,HT20260139,2026-03-28,REPECHAGE,予選敗者戦1回戦,LOSS_PRIMARY_TO_REPECHAGE,D,D,no,,,https://www.reiwa-hb-sch-and-res-gatr-fod.com/hiroshima/2026spring/south-area/,https://www.reiwa-hb-sch-and-res-gatr-fod.com/hiroshima/2026spring/south-area/,secondary_result_chronological_team_sequence,no,no
HPTR20260236,spring,south,SGR000142,呉三津田,HT20260139,2026-03-28,winner,REPECHAGE,予選敗者戦1回戦,HT20260138,2026-03-29,REPECHAGE,予選敗者戦2回戦,WIN_REPECHAGE_TO_REPECHAGE,D,D,no,,,https://www.reiwa-hb-sch-and-res-gatr-fod.com/hiroshima/2026spring/south-area/,https://www.reiwa-hb-sch-and-res-gatr-fod.com/hiroshima/2026spring/south-area/,secondary_result_chronological_team_sequence,no,no
HPTR20260237,spring,south,SGR000142,呉工,HT20260141,2026-03-21,loser,PRIMARY,予選1回戦,HT20260139,2026-03-28,REPECHAGE,予選敗者戦1回戦,LOSS_PRIMARY_TO_REPECHAGE,D,D,no,,,https://www.reiwa-hb-sch-and-res-gatr-fod.com/hiroshima/2026spring/south-area/,https://www.reiwa-hb-sch-and-res-gatr-fod.com/hiroshima/2026spring/south-area/,secondary_result_chronological_team_sequence,no,no
HPTR20260238,spring,south,SGR000142,熊野,HT20260145,2026-03-22,loser,PRIMARY,予選1回戦,HT20260143,2026-03-28,REPECHAGE,予選敗者戦1回戦,LOSS_PRIMARY_TO_REPECHAGE,E,E,no,,,https://www.reiwa-hb-sch-and-res-gatr-fod.com/hiroshima/2026spring/south-area/,https://www.reiwa-hb-sch-and-res-gatr-fod.com/hiroshima/2026spring/south-area/,secondary_result_chronological_team_sequence,no,no
HPTR20260239,spring,south,SGR000142,呉商,HT20260148,2026-03-22,loser,PRIMARY,予選1回戦,HT20260147,2026-03-28,REPECHAGE,予選敗者戦1回戦,LOSS_PRIMARY_TO_REPECHAGE,F,F,no,,,https://www.reiwa-hb-sch-and-res-gatr-fod.com/hiroshima/2026spring/south-area/,https://www.reiwa-hb-sch-and-res-gatr-fod.com/hiroshima/2026spring/south-area/,secondary_result_chronological_team_sequence,no,no
HPTR20260240,spring,south,SGR000142,呉商,HT20260147,2026-03-28,winner,REPECHAGE,予選敗者戦1回戦,HT20260146,2026-03-29,REPECHAGE,予選敗者戦2回戦,WIN_REPECHAGE_TO_REPECHAGE,F,F,no,,,https://www.reiwa-hb-sch-and-res-gatr-fod.com/hiroshima/2026spring/south-area/,https://www.reiwa-hb-sch-and-res-gatr-fod.com/hiroshima/2026spring/south-area/,secondary_result_chronological_team_sequence,no,no
HPTR20260241,spring,south,SGR000142,呉宮原,HT20260149,2026-03-22,loser,PRIMARY,予選1回戦,HT20260147,2026-03-28,REPECHAGE,予選敗者戦1回戦,LOSS_PRIMARY_TO_REPECHAGE,F,F,no,,,https://www.reiwa-hb-sch-and-res-gatr-fod.com/hiroshima/2026spring/south-area/,https://www.reiwa-hb-sch-and-res-gatr-fod.com/hiroshima/2026spring/south-area/,secondary_result_chronological_team_sequence,no,no
HPTR20260242,spring,east,SGR000143,因島・松永,HT20260154,2026-03-21,loser,PRIMARY,予選2回戦,HT20260152,2026-03-22,REPECHAGE,予選敗者戦1回戦,LOSS_PRIMARY_TO_REPECHAGE,A,A,no,,,https://www.reiwa-hb-sch-and-res-gatr-fod.com/hiroshima/2026spring/east-area/,https://www.reiwa-hb-sch-and-res-gatr-fod.com/hiroshima/2026spring/east-area/,secondary_result_chronological_team_sequence,no,no
HPTR20260243,spring,east,SGR000143,因島・松永,HT20260152,2026-03-22,winner,REPECHAGE,予選敗者戦1回戦,HT20260150,2026-03-28,REPECHAGE,予選敗者戦2回戦,WIN_REPECHAGE_TO_REPECHAGE,A,A,no,,,https://www.reiwa-hb-sch-and-res-gatr-fod.com/hiroshima/2026spring/east-area/,https://www.reiwa-hb-sch-and-res-gatr-fod.com/hiroshima/2026spring/east-area/,secondary_result_chronological_team_sequence,no,no
HPTR20260244,spring,east,SGR000143,神辺,HT20260153,2026-03-21,loser,PRIMARY,予選1回戦,HT20260152,2026-03-22,REPECHAGE,予選敗者戦1回戦,LOSS_PRIMARY_TO_REPECHAGE,A,A,no,,,https://www.reiwa-hb-sch-and-res-gatr-fod.com/hiroshima/2026spring/east-area/,https://www.reiwa-hb-sch-and-res-gatr-fod.com/hiroshima/2026spring/east-area/,secondary_result_chronological_team_sequence,no,no
HPTR20260245,spring,east,SGR000143,尾道北,HT20260159,2026-03-21,loser,PRIMARY,予選2回戦,HT20260157,2026-03-22,REPECHAGE,予選敗者戦1回戦,LOSS_PRIMARY_TO_REPECHAGE,B,B,no,,,https://www.reiwa-hb-sch-and-res-gatr-fod.com/hiroshima/2026spring/east-area/,https://www.reiwa-hb-sch-and-res-gatr-fod.com/hiroshima/2026spring/east-area/,secondary_result_chronological_team_sequence,no,no
HPTR20260246,spring,east,SGR000143,尾道北,HT20260157,2026-03-22,winner,REPECHAGE,予選敗者戦1回戦,HT20260155,2026-03-28,REPECHAGE,予選敗者戦2回戦,WIN_REPECHAGE_TO_REPECHAGE,B,B,no,,,https://www.reiwa-hb-sch-and-res-gatr-fod.com/hiroshima/2026spring/east-area/,https://www.reiwa-hb-sch-and-res-gatr-fod.com/hiroshima/2026spring/east-area/,secondary_result_chronological_team_sequence,no,no
HPTR20260247,spring,east,SGR000143,福山葦陽,HT20260158,2026-03-21,loser,PRIMARY,予選1回戦,HT20260157,2026-03-22,REPECHAGE,予選敗者戦1回戦,LOSS_PRIMARY_TO_REPECHAGE,B,B,no,,,https://www.reiwa-hb-sch-and-res-gatr-fod.com/hiroshima/2026spring/east-area/,https://www.reiwa-hb-sch-and-res-gatr-fod.com/hiroshima/2026spring/east-area/,secondary_result_chronological_team_sequence,no,no
HPTR20260248,spring,east,SGR000143,英数学館,HT20260162,2026-03-21,loser,PRIMARY,予選2回戦,HT20260161,2026-03-22,REPECHAGE,予選敗者戦1回戦,LOSS_PRIMARY_TO_REPECHAGE,C,C,no,,,https://www.reiwa-hb-sch-and-res-gatr-fod.com/hiroshima/2026spring/east-area/,https://www.reiwa-hb-sch-and-res-gatr-fod.com/hiroshima/2026spring/east-area/,secondary_result_chronological_team_sequence,no,no
HPTR20260249,spring,east,SGR000143,府中,HT20260166,2026-03-21,loser,PRIMARY,予選2回戦,HT20260165,2026-03-22,REPECHAGE,予選敗者戦1回戦,LOSS_PRIMARY_TO_REPECHAGE,D,D,no,,,https://www.reiwa-hb-sch-and-res-gatr-fod.com/hiroshima/2026spring/east-area/,https://www.reiwa-hb-sch-and-res-gatr-fod.com/hiroshima/2026spring/east-area/,secondary_result_chronological_team_sequence,no,no
HPTR20260250,spring,east,SGR000143,府中,HT20260165,2026-03-22,winner,REPECHAGE,予選敗者戦1回戦,HT20260164,2026-03-28,REPECHAGE,予選敗者戦2回戦,WIN_REPECHAGE_TO_REPECHAGE,D,D,no,,,https://www.reiwa-hb-sch-and-res-gatr-fod.com/hiroshima/2026spring/east-area/,https://www.reiwa-hb-sch-and-res-gatr-fod.com/hiroshima/2026spring/east-area/,secondary_result_chronological_team_sequence,no,no
HPTR20260251,spring,east,SGR000143,府中東,HT20260167,2026-03-21,loser,PRIMARY,予選2回戦,HT20260165,2026-03-22,REPECHAGE,予選敗者戦1回戦,LOSS_PRIMARY_TO_REPECHAGE,D,D,no,,,https://www.reiwa-hb-sch-and-res-gatr-fod.com/hiroshima/2026spring/east-area/,https://www.reiwa-hb-sch-and-res-gatr-fod.com/hiroshima/2026spring/east-area/,secondary_result_chronological_team_sequence,no,no
HPTR20260252,spring,east,SGR000143,三原,HT20260170,2026-03-21,loser,PRIMARY,予選2回戦,HT20260169,2026-03-22,REPECHAGE,予選敗者戦1回戦,LOSS_PRIMARY_TO_REPECHAGE,E,E,no,,,https://www.reiwa-hb-sch-and-res-gatr-fod.com/hiroshima/2026spring/east-area/,https://www.reiwa-hb-sch-and-res-gatr-fod.com/hiroshima/2026spring/east-area/,secondary_result_chronological_team_sequence,no,no
HPTR20260253,spring,east,SGR000143,三原,HT20260169,2026-03-22,winner,REPECHAGE,予選敗者戦1回戦,HT20260168,2026-03-28,REPECHAGE,予選敗者戦2回戦,WIN_REPECHAGE_TO_REPECHAGE,E,E,no,,,https://www.reiwa-hb-sch-and-res-gatr-fod.com/hiroshima/2026spring/east-area/,https://www.reiwa-hb-sch-and-res-gatr-fod.com/hiroshima/2026spring/east-area/,secondary_result_chronological_team_sequence,no,no
HPTR20260254,spring,east,SGR000143,福山明王台,HT20260171,2026-03-21,loser,PRIMARY,予選2回戦,HT20260169,2026-03-22,REPECHAGE,予選敗者戦1回戦,LOSS_PRIMARY_TO_REPECHAGE,E,E,no,,,https://www.reiwa-hb-sch-and-res-gatr-fod.com/hiroshima/2026spring/east-area/,https://www.reiwa-hb-sch-and-res-gatr-fod.com/hiroshima/2026spring/east-area/,secondary_result_chronological_team_sequence,no,no
HPTR20260255,autumn,west,SGR000144,大竹,HT20260175,2026-08-22,loser,PRIMARY,予選1回戦,HT20260174,2026-08-23,REPECHAGE,予選敗者戦1回戦,LOSS_PRIMARY_TO_REPECHAGE,A,A,no,,,https://www.reiwa-hb-sch-and-res-gatr-fod.com/hiroshima/2026autumn/west-area/,https://www.reiwa-hb-sch-and-res-gatr-fod.com/hiroshima/2026autumn/west-area/,secondary_result_chronological_team_sequence,no,no
HPTR20260256,autumn,west,SGR000144,大竹,HT20260174,2026-08-23,winner,REPECHAGE,予選敗者戦1回戦,HT20260172,2026-08-29,REPECHAGE,予選敗者戦2回戦,WIN_REPECHAGE_TO_REPECHAGE,A,A,no,,,https://www.reiwa-hb-sch-and-res-gatr-fod.com/hiroshima/2026autumn/west-area/,https://www.reiwa-hb-sch-and-res-gatr-fod.com/hiroshima/2026autumn/west-area/,secondary_result_chronological_team_sequence,no,no
HPTR20260257,autumn,west,SGR000144,廿日市西,HT20260176,2026-08-22,loser,PRIMARY,予選2回戦,HT20260174,2026-08-23,REPECHAGE,予選敗者戦1回戦,LOSS_PRIMARY_TO_REPECHAGE,A,A,no,,,https://www.reiwa-hb-sch-and-res-gatr-fod.com/hiroshima/2026autumn/west-area/,https://www.reiwa-hb-sch-and-res-gatr-fod.com/hiroshima/2026autumn/west-area/,secondary_result_chronological_team_sequence,no,no
HPTR20260258,autumn,west,SGR000144,修道,HT20260180,2026-08-22,winner,PRIMARY,予選1回戦,HT20260178,2026-08-23,PRIMARY,予選2回戦,WIN_PRIMARY_TO_PRIMARY,B,B,no,,,https://www.reiwa-hb-sch-and-res-gatr-fod.com/hiroshima/2026autumn/west-area/,https://www.reiwa-hb-sch-and-res-gatr-fod.com/hiroshima/2026autumn/west-area/,secondary_result_chronological_team_sequence,no,no
HPTR20260259,autumn,west,SGR000144,修道,HT20260178,2026-08-23,loser,PRIMARY,予選2回戦,HT20260177,2026-08-29,REPECHAGE,予選敗者戦2回戦,LOSS_PRIMARY_TO_REPECHAGE,B,B,no,,,https://www.reiwa-hb-sch-and-res-gatr-fod.com/hiroshima/2026autumn/west-area/,https://www.reiwa-hb-sch-and-res-gatr-fod.com/hiroshima/2026autumn/west-area/,secondary_result_chronological_team_sequence,no,no
HPTR20260260,autumn,west,SGR000144,広島観音,HT20260180,2026-08-22,loser,PRIMARY,予選1回戦,HT20260179,2026-08-23,REPECHAGE,予選敗者戦1回戦,LOSS_PRIMARY_TO_REPECHAGE,B,B,no,,,https://www.reiwa-hb-sch-and-res-gatr-fod.com/hiroshima/2026autumn/west-area/,https://www.reiwa-hb-sch-and-res-gatr-fod.com/hiroshima/2026autumn/west-area/,secondary_result_chronological_team_sequence,no,no
HPTR20260261,autumn,west,SGR000144,美鈴が丘,HT20260186,2026-08-22,loser,PRIMARY,予選2回戦,HT20260184,2026-08-23,REPECHAGE,予選敗者戦1回戦,LOSS_PRIMARY_TO_REPECHAGE,D,D,no,,,https://www.reiwa-hb-sch-and-res-gatr-fod.com/hiroshima/2026autumn/west-area/,https://www.reiwa-hb-sch-and-res-gatr-fod.com/hiroshima/2026autumn/west-area/,secondary_result_chronological_team_sequence,no,no
HPTR20260262,autumn,west,SGR000144,美鈴が丘,HT20260184,2026-08-23,winner,REPECHAGE,予選敗者戦1回戦,HT20260183,2026-08-29,REPECHAGE,予選敗者戦2回戦,WIN_REPECHAGE_TO_REPECHAGE,D,D,no,,,https://www.reiwa-hb-sch-and-res-gatr-fod.com/hiroshima/2026autumn/west-area/,https://www.reiwa-hb-sch-and-res-gatr-fod.com/hiroshima/2026autumn/west-area/,secondary_result_chronological_team_sequence,no,no
HPTR20260263,autumn,west,SGR000144,廿日市,HT20260188,2026-08-22,loser,PRIMARY,予選2回戦,HT20260184,2026-08-23,REPECHAGE,予選敗者戦1回戦,LOSS_PRIMARY_TO_REPECHAGE,D,D,no,,,https://www.reiwa-hb-sch-and-res-gatr-fod.com/hiroshima/2026autumn/west-area/,https://www.reiwa-hb-sch-and-res-gatr-fod.com/hiroshima/2026autumn/west-area/,secondary_result_chronological_team_sequence,no,no
HPTR20260264,autumn,west,SGR000144,五日市,HT20260189,2026-08-22,loser,PRIMARY,予選2回戦,HT20260185,2026-08-23,REPECHAGE,予選敗者戦1回戦,LOSS_PRIMARY_TO_REPECHAGE,C,C,no,,,https://www.reiwa-hb-sch-and-res-gatr-fod.com/hiroshima/2026autumn/west-area/,https://www.reiwa-hb-sch-and-res-gatr-fod.com/hiroshima/2026autumn/west-area/,secondary_result_chronological_team_sequence,no,no
HPTR20260265,autumn,north,SGR000145,安西,HT20260195,2026-08-22,loser,PRIMARY,予選1回戦,HT20260192,2026-08-23,REPECHAGE,予選敗者戦1回戦,LOSS_PRIMARY_TO_REPECHAGE,A,A,no,,,https://www.reiwa-hb-sch-and-res-gatr-fod.com/hiroshima/2026autumn/north-area/,https://www.reiwa-hb-sch-and-res-gatr-fod.com/hiroshima/2026autumn/north-area/,secondary_result_chronological_team_sequence,no,no
HPTR20260266,autumn,north,SGR000145,安西,HT20260192,2026-08-23,winner,REPECHAGE,予選敗者戦1回戦,HT20260190,2026-08-29,REPECHAGE,予選敗者戦2回戦,WIN_REPECHAGE_TO_REPECHAGE,A,A,no,,,https://www.reiwa-hb-sch-and-res-gatr-fod.com/hiroshima/2026autumn/north-area/,https://www.reiwa-hb-sch-and-res-gatr-fod.com/hiroshima/2026autumn/north-area/,secondary_result_chronological_team_sequence,no,no
HPTR20260267,autumn,north,SGR000145,庄原実,HT20260194,2026-08-22,loser,PRIMARY,予選1回戦,HT20260192,2026-08-23,REPECHAGE,予選敗者戦1回戦,LOSS_PRIMARY_TO_REPECHAGE,A,A,no,,,https://www.reiwa-hb-sch-and-res-gatr-fod.com/hiroshima/2026autumn/north-area/,https://www.reiwa-hb-sch-and-res-gatr-fod.com/hiroshima/2026autumn/north-area/,secondary_result_chronological_team_sequence,no,no
HPTR20260268,autumn,north,SGR000145,加計,HT20260197,2026-08-22,loser,PRIMARY,予選1回戦,HT20260193,2026-08-23,REPECHAGE,予選敗者戦1回戦,LOSS_PRIMARY_TO_REPECHAGE,B,B,no,,,https://www.reiwa-hb-sch-and-res-gatr-fod.com/hiroshima/2026autumn/north-area/,https://www.reiwa-hb-sch-and-res-gatr-fod.com/hiroshima/2026autumn/north-area/,secondary_result_chronological_team_sequence,no,no
HPTR20260269,autumn,north,SGR000145,世羅,HT20260205,2026-08-22,loser,PRIMARY,予選1回戦,HT20260200,2026-08-23,REPECHAGE,予選敗者戦1回戦,LOSS_PRIMARY_TO_REPECHAGE,D,D,no,,,https://www.reiwa-hb-sch-and-res-gatr-fod.com/hiroshima/2026autumn/north-area/,https://www.reiwa-hb-sch-and-res-gatr-fod.com/hiroshima/2026autumn/north-area/,secondary_result_chronological_team_sequence,no,no
HPTR20260270,autumn,north,SGR000145,世羅,HT20260200,2026-08-23,winner,REPECHAGE,予選敗者戦1回戦,HT20260198,2026-08-29,REPECHAGE,予選敗者戦2回戦,WIN_REPECHAGE_TO_REPECHAGE,D,D,no,,,https://www.reiwa-hb-sch-and-res-gatr-fod.com/hiroshima/2026autumn/north-area/,https://www.reiwa-hb-sch-and-res-gatr-fod.com/hiroshima/2026autumn/north-area/,secondary_result_chronological_team_sequence,no,no
HPTR20260271,autumn,north,SGR000145,油木・庄原格致・日彰館,HT20260203,2026-08-22,loser,PRIMARY,予選1回戦,HT20260201,2026-08-23,REPECHAGE,予選敗者戦1回戦,LOSS_PRIMARY_TO_REPECHAGE,C,C,no,,,https://www.reiwa-hb-sch-and-res-gatr-fod.com/hiroshima/2026autumn/north-area/,https://www.reiwa-hb-sch-and-res-gatr-fod.com/hiroshima/2026autumn/north-area/,secondary_result_chronological_team_sequence,no,no
HPTR20260272,autumn,north,SGR000145,油木・庄原格致・日彰館,HT20260201,2026-08-23,winner,REPECHAGE,予選敗者戦1回戦,HT20260199,2026-08-29,REPECHAGE,予選敗者戦2回戦,WIN_REPECHAGE_TO_REPECHAGE,C,C,no,,,https://www.reiwa-hb-sch-and-res-gatr-fod.com/hiroshima/2026autumn/north-area/,https://www.reiwa-hb-sch-and-res-gatr-fod.com/hiroshima/2026autumn/north-area/,secondary_result_chronological_team_sequence,no,no
HPTR20260273,autumn,north,SGR000145,吉田,HT20260204,2026-08-22,loser,PRIMARY,予選1回戦,HT20260200,2026-08-23,REPECHAGE,予選敗者戦1回戦,LOSS_PRIMARY_TO_REPECHAGE,D,D,no,,,https://www.reiwa-hb-sch-and-res-gatr-fod.com/hiroshima/2026autumn/north-area/,https://www.reiwa-hb-sch-and-res-gatr-fod.com/hiroshima/2026autumn/north-area/,secondary_result_chronological_team_sequence,no,no
HPTR20260274,autumn,north,SGR000145,広島中等,HT20260202,2026-08-22,loser,PRIMARY,予選1回戦,HT20260201,2026-08-23,REPECHAGE,予選敗者戦1回戦,LOSS_PRIMARY_TO_REPECHAGE,C,C,no,,,https://www.reiwa-hb-sch-and-res-gatr-fod.com/hiroshima/2026autumn/north-area/,https://www.reiwa-hb-sch-and-res-gatr-fod.com/hiroshima/2026autumn/north-area/,secondary_result_chronological_team_sequence,no,no
HPTR20260275,autumn,south,SGR000146,竹原・福山商,HT20260207,2026-08-22,loser,PRIMARY,予選1回戦,HT20260206,2026-08-23,REPECHAGE,予選敗者戦1回戦,LOSS_PRIMARY_TO_REPECHAGE,B,B,no,,,https://www.reiwa-hb-sch-and-res-gatr-fod.com/hiroshima/2026autumn/south-area/,https://www.reiwa-hb-sch-and-res-gatr-fod.com/hiroshima/2026autumn/south-area/,secondary_result_chronological_team_sequence,no,no
HPTR20260276,autumn,south,SGR000146,呉高専,HT20260210,2026-08-22,loser,PRIMARY,予選1回戦,HT20260209,2026-08-29,REPECHAGE,予選敗者戦1回戦,LOSS_PRIMARY_TO_REPECHAGE,C,C,no,,,https://www.reiwa-hb-sch-and-res-gatr-fod.com/hiroshima/2026autumn/south-area/,https://www.reiwa-hb-sch-and-res-gatr-fod.com/hiroshima/2026autumn/south-area/,secondary_result_chronological_team_sequence,no,no
HPTR20260277,autumn,south,SGR000146,呉高専,HT20260209,2026-08-29,winner,REPECHAGE,予選敗者戦1回戦,HT20260208,2026-08-30,REPECHAGE,予選敗者戦2回戦,WIN_REPECHAGE_TO_REPECHAGE,C,C,no,,,https://www.reiwa-hb-sch-and-res-gatr-fod.com/hiroshima/2026autumn/south-area/,https://www.reiwa-hb-sch-and-res-gatr-fod.com/hiroshima/2026autumn/south-area/,secondary_result_chronological_team_sequence,no,no
HPTR20260278,autumn,south,SGR000146,黒瀬・大柿・黒瀬特別支援のみのお・並木学院,HT20260211,2026-08-22,loser,PRIMARY,予選1回戦,HT20260209,2026-08-29,REPECHAGE,予選敗者戦1回戦,LOSS_PRIMARY_TO_REPECHAGE,C,C,no,,,https://www.reiwa-hb-sch-and-res-gatr-fod.com/hiroshima/2026autumn/south-area/,https://www.reiwa-hb-sch-and-res-gatr-fod.com/hiroshima/2026autumn/south-area/,secondary_result_chronological_team_sequence,no,no
HPTR20260279,autumn,south,SGR000146,安芸南,HT20260215,2026-08-22,loser,PRIMARY,予選1回戦,HT20260213,2026-08-29,REPECHAGE,予選敗者戦1回戦,LOSS_PRIMARY_TO_REPECHAGE,D,D,no,,,https://www.reiwa-hb-sch-and-res-gatr-fod.com/hiroshima/2026autumn/south-area/,https://www.reiwa-hb-sch-and-res-gatr-fod.com/hiroshima/2026autumn/south-area/,secondary_result_chronological_team_sequence,no,no
HPTR20260280,autumn,south,SGR000146,安芸南,HT20260213,2026-08-29,winner,REPECHAGE,予選敗者戦1回戦,HT20260212,2026-08-30,REPECHAGE,予選敗者戦2回戦,WIN_REPECHAGE_TO_REPECHAGE,D,D,no,,,https://www.reiwa-hb-sch-and-res-gatr-fod.com/hiroshima/2026autumn/south-area/,https://www.reiwa-hb-sch-and-res-gatr-fod.com/hiroshima/2026autumn/south-area/,secondary_result_chronological_team_sequence,no,no
HPTR20260281,autumn,south,SGR000146,呉工,HT20260214,2026-08-22,loser,PRIMARY,予選1回戦,HT20260213,2026-08-29,REPECHAGE,予選敗者戦1回戦,LOSS_PRIMARY_TO_REPECHAGE,D,D,no,,,https://www.reiwa-hb-sch-and-res-gatr-fod.com/hiroshima/2026autumn/south-area/,https://www.reiwa-hb-sch-and-res-gatr-fod.com/hiroshima/2026autumn/south-area/,secondary_result_chronological_team_sequence,no,no
HPTR20260282,autumn,south,SGR000146,広島市工,HT20260219,2026-08-23,loser,PRIMARY,予選1回戦,HT20260217,2026-08-29,REPECHAGE,予選敗者戦1回戦,LOSS_PRIMARY_TO_REPECHAGE,E,E,no,,,https://www.reiwa-hb-sch-and-res-gatr-fod.com/hiroshima/2026autumn/south-area/,https://www.reiwa-hb-sch-and-res-gatr-fod.com/hiroshima/2026autumn/south-area/,secondary_result_chronological_team_sequence,no,no
HPTR20260283,autumn,south,SGR000146,広島市工,HT20260217,2026-08-29,winner,REPECHAGE,予選敗者戦1回戦,HT20260216,2026-08-30,REPECHAGE,予選敗者戦2回戦,WIN_REPECHAGE_TO_REPECHAGE,E,E,no,,,https://www.reiwa-hb-sch-and-res-gatr-fod.com/hiroshima/2026autumn/south-area/,https://www.reiwa-hb-sch-and-res-gatr-fod.com/hiroshima/2026autumn/south-area/,secondary_result_chronological_team_sequence,no,no
HPTR20260284,autumn,south,SGR000146,呉宮原,HT20260218,2026-08-23,loser,PRIMARY,予選1回戦,HT20260217,2026-08-29,REPECHAGE,予選敗者戦1回戦,LOSS_PRIMARY_TO_REPECHAGE,E,E,no,,,https://www.reiwa-hb-sch-and-res-gatr-fod.com/hiroshima/2026autumn/south-area/,https://www.reiwa-hb-sch-and-res-gatr-fod.com/hiroshima/2026autumn/south-area/,secondary_result_chronological_team_sequence,no,no
HPTR20260285,autumn,south,SGR000146,河内,HT20260223,2026-08-23,loser,PRIMARY,予選1回戦,HT20260221,2026-08-29,REPECHAGE,予選敗者戦1回戦,LOSS_PRIMARY_TO_REPECHAGE,F,F,no,,,https://www.reiwa-hb-sch-and-res-gatr-fod.com/hiroshima/2026autumn/south-area/,https://www.reiwa-hb-sch-and-res-gatr-fod.com/hiroshima/2026autumn/south-area/,secondary_result_chronological_team_sequence,no,no
HPTR20260286,autumn,south,SGR000146,河内,HT20260221,2026-08-29,winner,REPECHAGE,予選敗者戦1回戦,HT20260220,2026-08-30,REPECHAGE,予選敗者戦2回戦,WIN_REPECHAGE_TO_REPECHAGE,F,F,no,,,https://www.reiwa-hb-sch-and-res-gatr-fod.com/hiroshima/2026autumn/south-area/,https://www.reiwa-hb-sch-and-res-gatr-fod.com/hiroshima/2026autumn/south-area/,secondary_result_chronological_team_sequence,no,no
HPTR20260287,autumn,south,SGR000146,広島商船,HT20260222,2026-08-23,loser,PRIMARY,予選1回戦,HT20260221,2026-08-29,REPECHAGE,予選敗者戦1回戦,LOSS_PRIMARY_TO_REPECHAGE,F,F,no,,,https://www.reiwa-hb-sch-and-res-gatr-fod.com/hiroshima/2026autumn/south-area/,https://www.reiwa-hb-sch-and-res-gatr-fod.com/hiroshima/2026autumn/south-area/,secondary_result_chronological_team_sequence,no,no
